# motor-2500 -- generated by tools/build_model.py
# 13490 vertices, 25932 triangles
# units: millimetres, +X aft, +Y starboard, +Z up
v 512.4501 0.0000 33.2019
v 512.3772 0.0000 33.2197
v 512.1585 0.0000 33.2730
v 511.7943 0.0000 33.3618
v 511.2849 0.0000 33.4856
v 510.6310 0.0000 33.6439
v 509.8332 0.0000 33.8363
v 508.8925 0.0000 34.0621
v 507.8098 0.0000 34.3204
v 506.5864 0.0000 34.6103
v 505.2237 0.0000 34.9308
v 503.7231 0.0000 35.2808
v 502.0864 0.0000 35.6590
v 500.3153 0.0000 36.0643
v 498.4118 0.0000 36.4952
v 496.3782 0.0000 36.9502
v 494.2167 0.0000 37.4279
v 491.9298 0.0000 37.9267
v 489.5201 0.0000 38.4449
v 486.9890 0.0000 38.9335
v 484.3409 0.0000 39.4435
v 481.5788 0.0000 39.9727
v 478.7059 0.0000 40.5188
v 475.7255 0.0000 41.0797
v 472.6411 0.0000 41.6528
v 469.4562 0.0000 42.2360
v 466.1746 0.0000 42.8269
v 462.8001 0.0000 43.4233
v 459.3367 0.0000 44.0231
v 455.7884 0.0000 44.6240
v 452.1595 0.0000 45.2242
v 448.4543 0.0000 45.8216
v 444.6771 0.0000 46.4143
v 440.8325 0.0000 47.0005
v 436.9252 0.0000 47.5784
v 432.9597 0.0000 48.1461
v 428.9409 0.0000 48.7020
v 424.8736 0.0000 49.2444
v 420.7628 0.0000 49.7715
v 416.6135 0.0000 50.2818
v 412.4306 0.0000 50.7735
v 408.2194 0.0000 51.2449
v 403.9849 0.0000 51.6945
v 399.7324 0.0000 52.1206
v 395.4671 0.0000 52.5215
v 391.1942 0.0000 52.8956
v 386.9191 0.0000 53.2413
v 382.6470 0.0000 53.5572
v 378.3832 0.0000 53.8418
v 374.1332 0.0000 54.0938
v 369.8898 0.0000 54.3128
v 365.6519 0.0000 54.4981
v 361.4431 0.0000 54.6483
v 357.2691 0.0000 54.7632
v 353.1352 0.0000 54.8431
v 349.0470 0.0000 54.8888
v 345.0097 0.0000 54.9017
v 341.0288 0.0000 54.8837
v 337.1096 0.0000 54.8375
v 333.2572 0.0000 54.7663
v 329.4770 0.0000 54.6740
v 325.7739 0.0000 54.5649
v 322.1530 0.0000 54.4439
v 318.6191 0.0000 54.3160
v 315.1770 0.0000 54.1864
v 311.8251 0.0000 53.8267
v 308.5730 0.0000 53.4336
v 305.4248 0.0000 53.0086
v 302.3847 0.0000 52.5537
v 299.4565 0.0000 52.0709
v 296.6440 0.0000 51.5621
v 293.9507 0.0000 51.0294
v 291.3800 0.0000 50.4751
v 288.9351 0.0000 49.9012
v 286.6190 0.0000 49.3099
v 284.4345 0.0000 48.7035
v 282.3843 0.0000 48.0841
v 280.4706 0.0000 47.4539
v 278.6959 0.0000 46.8150
v 277.0620 0.0000 46.1694
v 275.5709 0.0000 45.5190
v 274.2241 0.0000 44.8657
v 273.0231 0.0000 44.2113
v 271.9691 0.0000 43.5573
v 271.0631 0.0000 42.9052
v 270.3061 0.0000 42.2564
v 269.6987 0.0000 41.6120
v 269.2412 0.0000 40.9729
v 268.9341 0.0000 40.3400
v 268.7774 0.0000 39.7140
v 268.7709 0.0000 39.0952
v 268.9134 0.0000 38.4929
v 269.2034 0.0000 37.9166
v 269.6402 0.0000 37.3662
v 270.2230 0.0000 36.8418
v 270.9508 0.0000 36.3436
v 271.8223 0.0000 35.8714
v 272.8363 0.0000 35.4253
v 273.9913 0.0000 35.0052
v 275.2854 0.0000 34.6111
v 276.7170 0.0000 34.2428
v 278.2840 0.0000 33.9001
v 279.9842 0.0000 33.5828
v 281.8154 0.0000 33.2906
v 283.7752 0.0000 33.0232
v 285.8610 0.0000 32.7801
v 288.0701 0.0000 32.5609
v 290.3997 0.0000 32.3650
v 292.8470 0.0000 32.1918
v 295.4089 0.0000 32.0406
v 298.0823 0.0000 31.9106
v 300.8639 0.0000 31.8011
v 303.7505 0.0000 31.7110
v 306.7385 0.0000 31.6394
v 309.8246 0.0000 31.5852
v 313.0051 0.0000 31.5472
v 316.2763 0.0000 31.5243
v 319.6345 0.0000 31.5152
v 323.0758 0.0000 31.5185
v 326.5963 0.0000 31.5329
v 330.1921 0.0000 31.5569
v 333.8590 0.0000 31.5891
v 337.5929 0.0000 31.6280
v 341.3895 0.0000 31.6721
v 345.2448 0.0000 31.7199
v 349.1541 0.0000 31.7699
v 353.1133 0.0000 31.8206
v 357.1177 0.0000 31.8705
v 361.1628 0.0000 31.9183
v 365.2442 0.0000 31.9625
v 369.3570 0.0000 32.0019
v 373.5150 0.0000 32.0367
v 377.7068 0.0000 32.0742
v 381.9153 0.0000 32.1146
v 386.1353 0.0000 32.1571
v 390.3619 0.0000 32.2009
v 394.5901 0.0000 32.2450
v 398.8147 0.0000 32.2889
v 403.0308 0.0000 32.3319
v 407.2332 0.0000 32.3733
v 411.4168 0.0000 32.4126
v 415.5766 0.0000 32.4494
v 419.7076 0.0000 32.4833
v 423.8048 0.0000 32.5139
v 427.8631 0.0000 32.5411
v 431.8776 0.0000 32.5646
v 435.8435 0.0000 32.5843
v 439.7558 0.0000 32.6002
v 443.6097 0.0000 32.6123
v 447.4006 0.0000 32.6206
v 451.1237 0.0000 32.6252
v 454.7744 0.0000 32.6263
v 458.3482 0.0000 32.6241
v 461.8407 0.0000 32.6187
v 465.2475 0.0000 32.6105
v 468.5644 0.0000 32.5997
v 471.7872 0.0000 32.5865
v 474.9119 0.0000 32.5712
v 477.9346 0.0000 32.5543
v 480.8514 0.0000 32.5359
v 483.6586 0.0000 32.5163
v 486.3528 0.0000 32.4958
v 488.9304 0.0000 32.4748
v 491.3882 0.0000 32.4535
v 493.7230 0.0000 32.4321
v 495.9319 0.0000 32.4109
v 498.0121 0.0000 32.3901
v 499.9607 0.0000 32.3700
v 501.7754 0.0000 32.3506
v 503.4538 0.0000 32.3322
v 504.9936 0.0000 32.3150
v 506.3930 0.0000 32.2990
v 507.6500 0.0000 32.2845
v 508.7630 0.0000 32.2714
v 509.7306 0.0000 32.2599
v 510.5515 0.0000 32.2500
v 511.2246 0.0000 32.2418
v 511.7491 0.0000 32.2355
v 512.1242 0.0000 32.2309
v 512.3495 0.0000 32.2281
v 512.4246 0.0000 32.2272
v 512.4501 112.5000 33.2019
v 512.3772 112.5000 33.2197
v 512.1585 112.5000 33.2730
v 511.7943 112.5000 33.3618
v 511.2849 112.5000 33.4856
v 510.6310 112.5000 33.6439
v 509.8332 112.5000 33.8363
v 508.8925 112.5000 34.0621
v 507.8098 112.5000 34.3204
v 506.5864 112.5000 34.6103
v 505.2237 112.5000 34.9308
v 503.7231 112.5000 35.2808
v 502.0864 112.5000 35.6590
v 500.3153 112.5000 36.0643
v 498.4118 112.5000 36.4952
v 496.3782 112.5000 36.9502
v 494.2167 112.5000 37.4279
v 491.9298 112.5000 37.9267
v 489.5201 112.5000 38.4449
v 486.9890 112.5000 38.9335
v 484.3409 112.5000 39.4435
v 481.5788 112.5000 39.9727
v 478.7059 112.5000 40.5188
v 475.7255 112.5000 41.0797
v 472.6411 112.5000 41.6528
v 469.4562 112.5000 42.2360
v 466.1746 112.5000 42.8269
v 462.8001 112.5000 43.4233
v 459.3367 112.5000 44.0231
v 455.7884 112.5000 44.6240
v 452.1595 112.5000 45.2242
v 448.4543 112.5000 45.8216
v 444.6771 112.5000 46.4143
v 440.8325 112.5000 47.0005
v 436.9252 112.5000 47.5784
v 432.9597 112.5000 48.1461
v 428.9409 112.5000 48.7020
v 424.8736 112.5000 49.2444
v 420.7628 112.5000 49.7715
v 416.6135 112.5000 50.2818
v 412.4306 112.5000 50.7735
v 408.2194 112.5000 51.2449
v 403.9849 112.5000 51.6945
v 399.7324 112.5000 52.1206
v 395.4671 112.5000 52.5215
v 391.1942 112.5000 52.8956
v 386.9191 112.5000 53.2413
v 382.6470 112.5000 53.5572
v 378.3832 112.5000 53.8418
v 374.1332 112.5000 54.0938
v 369.8898 112.5000 54.3128
v 365.6519 112.5000 54.4981
v 361.4431 112.5000 54.6483
v 357.2691 112.5000 54.7632
v 353.1352 112.5000 54.8431
v 349.0470 112.5000 54.8888
v 345.0097 112.5000 54.9017
v 341.0288 112.5000 54.8837
v 337.1096 112.5000 54.8375
v 333.2572 112.5000 54.7663
v 329.4770 112.5000 54.6740
v 325.7739 112.5000 54.5649
v 322.1530 112.5000 54.4439
v 318.6191 112.5000 54.3160
v 315.1770 112.5000 54.1864
v 311.8251 112.5000 53.8267
v 308.5730 112.5000 53.4336
v 305.4248 112.5000 53.0086
v 302.3847 112.5000 52.5537
v 299.4565 112.5000 52.0709
v 296.6440 112.5000 51.5621
v 293.9507 112.5000 51.0294
v 291.3800 112.5000 50.4751
v 288.9351 112.5000 49.9012
v 286.6190 112.5000 49.3099
v 284.4345 112.5000 48.7035
v 282.3843 112.5000 48.0841
v 280.4706 112.5000 47.4539
v 278.6959 112.5000 46.8150
v 277.0620 112.5000 46.1694
v 275.5709 112.5000 45.5190
v 274.2241 112.5000 44.8657
v 273.0231 112.5000 44.2113
v 271.9691 112.5000 43.5573
v 271.0631 112.5000 42.9052
v 270.3061 112.5000 42.2564
v 269.6987 112.5000 41.6120
v 269.2412 112.5000 40.9729
v 268.9341 112.5000 40.3400
v 268.7774 112.5000 39.7140
v 268.7709 112.5000 39.0952
v 268.9134 112.5000 38.4929
v 269.2034 112.5000 37.9166
v 269.6402 112.5000 37.3662
v 270.2230 112.5000 36.8418
v 270.9508 112.5000 36.3436
v 271.8223 112.5000 35.8714
v 272.8363 112.5000 35.4253
v 273.9913 112.5000 35.0052
v 275.2854 112.5000 34.6111
v 276.7170 112.5000 34.2428
v 278.2840 112.5000 33.9001
v 279.9842 112.5000 33.5828
v 281.8154 112.5000 33.2906
v 283.7752 112.5000 33.0232
v 285.8610 112.5000 32.7801
v 288.0701 112.5000 32.5609
v 290.3997 112.5000 32.3650
v 292.8470 112.5000 32.1918
v 295.4089 112.5000 32.0406
v 298.0823 112.5000 31.9106
v 300.8639 112.5000 31.8011
v 303.7505 112.5000 31.7110
v 306.7385 112.5000 31.6394
v 309.8246 112.5000 31.5852
v 313.0051 112.5000 31.5472
v 316.2763 112.5000 31.5243
v 319.6345 112.5000 31.5152
v 323.0758 112.5000 31.5185
v 326.5963 112.5000 31.5329
v 330.1921 112.5000 31.5569
v 333.8590 112.5000 31.5891
v 337.5929 112.5000 31.6280
v 341.3895 112.5000 31.6721
v 345.2448 112.5000 31.7199
v 349.1541 112.5000 31.7699
v 353.1133 112.5000 31.8206
v 357.1177 112.5000 31.8705
v 361.1628 112.5000 31.9183
v 365.2442 112.5000 31.9625
v 369.3570 112.5000 32.0019
v 373.5150 112.5000 32.0367
v 377.7068 112.5000 32.0742
v 381.9153 112.5000 32.1146
v 386.1353 112.5000 32.1571
v 390.3619 112.5000 32.2009
v 394.5901 112.5000 32.2450
v 398.8147 112.5000 32.2889
v 403.0308 112.5000 32.3319
v 407.2332 112.5000 32.3733
v 411.4168 112.5000 32.4126
v 415.5766 112.5000 32.4494
v 419.7076 112.5000 32.4833
v 423.8048 112.5000 32.5139
v 427.8631 112.5000 32.5411
v 431.8776 112.5000 32.5646
v 435.8435 112.5000 32.5843
v 439.7558 112.5000 32.6002
v 443.6097 112.5000 32.6123
v 447.4006 112.5000 32.6206
v 451.1237 112.5000 32.6252
v 454.7744 112.5000 32.6263
v 458.3482 112.5000 32.6241
v 461.8407 112.5000 32.6187
v 465.2475 112.5000 32.6105
v 468.5644 112.5000 32.5997
v 471.7872 112.5000 32.5865
v 474.9119 112.5000 32.5712
v 477.9346 112.5000 32.5543
v 480.8514 112.5000 32.5359
v 483.6586 112.5000 32.5163
v 486.3528 112.5000 32.4958
v 488.9304 112.5000 32.4748
v 491.3882 112.5000 32.4535
v 493.7230 112.5000 32.4321
v 495.9319 112.5000 32.4109
v 498.0121 112.5000 32.3901
v 499.9607 112.5000 32.3700
v 501.7754 112.5000 32.3506
v 503.4538 112.5000 32.3322
v 504.9936 112.5000 32.3150
v 506.3930 112.5000 32.2990
v 507.6500 112.5000 32.2845
v 508.7630 112.5000 32.2714
v 509.7306 112.5000 32.2599
v 510.5515 112.5000 32.2500
v 511.2246 112.5000 32.2418
v 511.7491 112.5000 32.2355
v 512.1242 112.5000 32.2309
v 512.3495 112.5000 32.2281
v 512.4246 112.5000 32.2272
v 512.4501 225.0000 33.2019
v 512.3772 225.0000 33.2197
v 512.1585 225.0000 33.2730
v 511.7943 225.0000 33.3618
v 511.2849 225.0000 33.4856
v 510.6310 225.0000 33.6439
v 509.8332 225.0000 33.8363
v 508.8925 225.0000 34.0621
v 507.8098 225.0000 34.3204
v 506.5864 225.0000 34.6103
v 505.2237 225.0000 34.9308
v 503.7231 225.0000 35.2808
v 502.0864 225.0000 35.6590
v 500.3153 225.0000 36.0643
v 498.4118 225.0000 36.4952
v 496.3782 225.0000 36.9502
v 494.2167 225.0000 37.4279
v 491.9298 225.0000 37.9267
v 489.5201 225.0000 38.4449
v 486.9890 225.0000 38.9335
v 484.3409 225.0000 39.4435
v 481.5788 225.0000 39.9727
v 478.7059 225.0000 40.5188
v 475.7255 225.0000 41.0797
v 472.6411 225.0000 41.6528
v 469.4562 225.0000 42.2360
v 466.1746 225.0000 42.8269
v 462.8001 225.0000 43.4233
v 459.3367 225.0000 44.0231
v 455.7884 225.0000 44.6240
v 452.1595 225.0000 45.2242
v 448.4543 225.0000 45.8216
v 444.6771 225.0000 46.4143
v 440.8325 225.0000 47.0005
v 436.9252 225.0000 47.5784
v 432.9597 225.0000 48.1461
v 428.9409 225.0000 48.7020
v 424.8736 225.0000 49.2444
v 420.7628 225.0000 49.7715
v 416.6135 225.0000 50.2818
v 412.4306 225.0000 50.7735
v 408.2194 225.0000 51.2449
v 403.9849 225.0000 51.6945
v 399.7324 225.0000 52.1206
v 395.4671 225.0000 52.5215
v 391.1942 225.0000 52.8956
v 386.9191 225.0000 53.2413
v 382.6470 225.0000 53.5572
v 378.3832 225.0000 53.8418
v 374.1332 225.0000 54.0938
v 369.8898 225.0000 54.3128
v 365.6519 225.0000 54.4981
v 361.4431 225.0000 54.6483
v 357.2691 225.0000 54.7632
v 353.1352 225.0000 54.8431
v 349.0470 225.0000 54.8888
v 345.0097 225.0000 54.9017
v 341.0288 225.0000 54.8837
v 337.1096 225.0000 54.8375
v 333.2572 225.0000 54.7663
v 329.4770 225.0000 54.6740
v 325.7739 225.0000 54.5649
v 322.1530 225.0000 54.4439
v 318.6191 225.0000 54.3160
v 315.1770 225.0000 54.1864
v 311.8251 225.0000 53.8267
v 308.5730 225.0000 53.4336
v 305.4248 225.0000 53.0086
v 302.3847 225.0000 52.5537
v 299.4565 225.0000 52.0709
v 296.6440 225.0000 51.5621
v 293.9507 225.0000 51.0294
v 291.3800 225.0000 50.4751
v 288.9351 225.0000 49.9012
v 286.6190 225.0000 49.3099
v 284.4345 225.0000 48.7035
v 282.3843 225.0000 48.0841
v 280.4706 225.0000 47.4539
v 278.6959 225.0000 46.8150
v 277.0620 225.0000 46.1694
v 275.5709 225.0000 45.5190
v 274.2241 225.0000 44.8657
v 273.0231 225.0000 44.2113
v 271.9691 225.0000 43.5573
v 271.0631 225.0000 42.9052
v 270.3061 225.0000 42.2564
v 269.6987 225.0000 41.6120
v 269.2412 225.0000 40.9729
v 268.9341 225.0000 40.3400
v 268.7774 225.0000 39.7140
v 268.7709 225.0000 39.0952
v 268.9134 225.0000 38.4929
v 269.2034 225.0000 37.9166
v 269.6402 225.0000 37.3662
v 270.2230 225.0000 36.8418
v 270.9508 225.0000 36.3436
v 271.8223 225.0000 35.8714
v 272.8363 225.0000 35.4253
v 273.9913 225.0000 35.0052
v 275.2854 225.0000 34.6111
v 276.7170 225.0000 34.2428
v 278.2840 225.0000 33.9001
v 279.9842 225.0000 33.5828
v 281.8154 225.0000 33.2906
v 283.7752 225.0000 33.0232
v 285.8610 225.0000 32.7801
v 288.0701 225.0000 32.5609
v 290.3997 225.0000 32.3650
v 292.8470 225.0000 32.1918
v 295.4089 225.0000 32.0406
v 298.0823 225.0000 31.9106
v 300.8639 225.0000 31.8011
v 303.7505 225.0000 31.7110
v 306.7385 225.0000 31.6394
v 309.8246 225.0000 31.5852
v 313.0051 225.0000 31.5472
v 316.2763 225.0000 31.5243
v 319.6345 225.0000 31.5152
v 323.0758 225.0000 31.5185
v 326.5963 225.0000 31.5329
v 330.1921 225.0000 31.5569
v 333.8590 225.0000 31.5891
v 337.5929 225.0000 31.6280
v 341.3895 225.0000 31.6721
v 345.2448 225.0000 31.7199
v 349.1541 225.0000 31.7699
v 353.1133 225.0000 31.8206
v 357.1177 225.0000 31.8705
v 361.1628 225.0000 31.9183
v 365.2442 225.0000 31.9625
v 369.3570 225.0000 32.0019
v 373.5150 225.0000 32.0367
v 377.7068 225.0000 32.0742
v 381.9153 225.0000 32.1146
v 386.1353 225.0000 32.1571
v 390.3619 225.0000 32.2009
v 394.5901 225.0000 32.2450
v 398.8147 225.0000 32.2889
v 403.0308 225.0000 32.3319
v 407.2332 225.0000 32.3733
v 411.4168 225.0000 32.4126
v 415.5766 225.0000 32.4494
v 419.7076 225.0000 32.4833
v 423.8048 225.0000 32.5139
v 427.8631 225.0000 32.5411
v 431.8776 225.0000 32.5646
v 435.8435 225.0000 32.5843
v 439.7558 225.0000 32.6002
v 443.6097 225.0000 32.6123
v 447.4006 225.0000 32.6206
v 451.1237 225.0000 32.6252
v 454.7744 225.0000 32.6263
v 458.3482 225.0000 32.6241
v 461.8407 225.0000 32.6187
v 465.2475 225.0000 32.6105
v 468.5644 225.0000 32.5997
v 471.7872 225.0000 32.5865
v 474.9119 225.0000 32.5712
v 477.9346 225.0000 32.5543
v 480.8514 225.0000 32.5359
v 483.6586 225.0000 32.5163
v 486.3528 225.0000 32.4958
v 488.9304 225.0000 32.4748
v 491.3882 225.0000 32.4535
v 493.7230 225.0000 32.4321
v 495.9319 225.0000 32.4109
v 498.0121 225.0000 32.3901
v 499.9607 225.0000 32.3700
v 501.7754 225.0000 32.3506
v 503.4538 225.0000 32.3322
v 504.9936 225.0000 32.3150
v 506.3930 225.0000 32.2990
v 507.6500 225.0000 32.2845
v 508.7630 225.0000 32.2714
v 509.7306 225.0000 32.2599
v 510.5515 225.0000 32.2500
v 511.2246 225.0000 32.2418
v 511.7491 225.0000 32.2355
v 512.1242 225.0000 32.2309
v 512.3495 225.0000 32.2281
v 512.4246 225.0000 32.2272
v 512.4501 337.5000 33.2019
v 512.3772 337.5000 33.2197
v 512.1585 337.5000 33.2730
v 511.7943 337.5000 33.3618
v 511.2849 337.5000 33.4856
v 510.6310 337.5000 33.6439
v 509.8332 337.5000 33.8363
v 508.8925 337.5000 34.0621
v 507.8098 337.5000 34.3204
v 506.5864 337.5000 34.6103
v 505.2237 337.5000 34.9308
v 503.7231 337.5000 35.2808
v 502.0864 337.5000 35.6590
v 500.3153 337.5000 36.0643
v 498.4118 337.5000 36.4952
v 496.3782 337.5000 36.9502
v 494.2167 337.5000 37.4279
v 491.9298 337.5000 37.9267
v 489.5201 337.5000 38.4449
v 486.9890 337.5000 38.9335
v 484.3409 337.5000 39.4435
v 481.5788 337.5000 39.9727
v 478.7059 337.5000 40.5188
v 475.7255 337.5000 41.0797
v 472.6411 337.5000 41.6528
v 469.4562 337.5000 42.2360
v 466.1746 337.5000 42.8269
v 462.8001 337.5000 43.4233
v 459.3367 337.5000 44.0231
v 455.7884 337.5000 44.6240
v 452.1595 337.5000 45.2242
v 448.4543 337.5000 45.8216
v 444.6771 337.5000 46.4143
v 440.8325 337.5000 47.0005
v 436.9252 337.5000 47.5784
v 432.9597 337.5000 48.1461
v 428.9409 337.5000 48.7020
v 424.8736 337.5000 49.2444
v 420.7628 337.5000 49.7715
v 416.6135 337.5000 50.2818
v 412.4306 337.5000 50.7735
v 408.2194 337.5000 51.2449
v 403.9849 337.5000 51.6945
v 399.7324 337.5000 52.1206
v 395.4671 337.5000 52.5215
v 391.1942 337.5000 52.8956
v 386.9191 337.5000 53.2413
v 382.6470 337.5000 53.5572
v 378.3832 337.5000 53.8418
v 374.1332 337.5000 54.0938
v 369.8898 337.5000 54.3128
v 365.6519 337.5000 54.4981
v 361.4431 337.5000 54.6483
v 357.2691 337.5000 54.7632
v 353.1352 337.5000 54.8431
v 349.0470 337.5000 54.8888
v 345.0097 337.5000 54.9017
v 341.0288 337.5000 54.8837
v 337.1096 337.5000 54.8375
v 333.2572 337.5000 54.7663
v 329.4770 337.5000 54.6740
v 325.7739 337.5000 54.5649
v 322.1530 337.5000 54.4439
v 318.6191 337.5000 54.3160
v 315.1770 337.5000 54.1864
v 311.8251 337.5000 53.8267
v 308.5730 337.5000 53.4336
v 305.4248 337.5000 53.0086
v 302.3847 337.5000 52.5537
v 299.4565 337.5000 52.0709
v 296.6440 337.5000 51.5621
v 293.9507 337.5000 51.0294
v 291.3800 337.5000 50.4751
v 288.9351 337.5000 49.9012
v 286.6190 337.5000 49.3099
v 284.4345 337.5000 48.7035
v 282.3843 337.5000 48.0841
v 280.4706 337.5000 47.4539
v 278.6959 337.5000 46.8150
v 277.0620 337.5000 46.1694
v 275.5709 337.5000 45.5190
v 274.2241 337.5000 44.8657
v 273.0231 337.5000 44.2113
v 271.9691 337.5000 43.5573
v 271.0631 337.5000 42.9052
v 270.3061 337.5000 42.2564
v 269.6987 337.5000 41.6120
v 269.2412 337.5000 40.9729
v 268.9341 337.5000 40.3400
v 268.7774 337.5000 39.7140
v 268.7709 337.5000 39.0952
v 268.9134 337.5000 38.4929
v 269.2034 337.5000 37.9166
v 269.6402 337.5000 37.3662
v 270.2230 337.5000 36.8418
v 270.9508 337.5000 36.3436
v 271.8223 337.5000 35.8714
v 272.8363 337.5000 35.4253
v 273.9913 337.5000 35.0052
v 275.2854 337.5000 34.6111
v 276.7170 337.5000 34.2428
v 278.2840 337.5000 33.9001
v 279.9842 337.5000 33.5828
v 281.8154 337.5000 33.2906
v 283.7752 337.5000 33.0232
v 285.8610 337.5000 32.7801
v 288.0701 337.5000 32.5609
v 290.3997 337.5000 32.3650
v 292.8470 337.5000 32.1918
v 295.4089 337.5000 32.0406
v 298.0823 337.5000 31.9106
v 300.8639 337.5000 31.8011
v 303.7505 337.5000 31.7110
v 306.7385 337.5000 31.6394
v 309.8246 337.5000 31.5852
v 313.0051 337.5000 31.5472
v 316.2763 337.5000 31.5243
v 319.6345 337.5000 31.5152
v 323.0758 337.5000 31.5185
v 326.5963 337.5000 31.5329
v 330.1921 337.5000 31.5569
v 333.8590 337.5000 31.5891
v 337.5929 337.5000 31.6280
v 341.3895 337.5000 31.6721
v 345.2448 337.5000 31.7199
v 349.1541 337.5000 31.7699
v 353.1133 337.5000 31.8206
v 357.1177 337.5000 31.8705
v 361.1628 337.5000 31.9183
v 365.2442 337.5000 31.9625
v 369.3570 337.5000 32.0019
v 373.5150 337.5000 32.0367
v 377.7068 337.5000 32.0742
v 381.9153 337.5000 32.1146
v 386.1353 337.5000 32.1571
v 390.3619 337.5000 32.2009
v 394.5901 337.5000 32.2450
v 398.8147 337.5000 32.2889
v 403.0308 337.5000 32.3319
v 407.2332 337.5000 32.3733
v 411.4168 337.5000 32.4126
v 415.5766 337.5000 32.4494
v 419.7076 337.5000 32.4833
v 423.8048 337.5000 32.5139
v 427.8631 337.5000 32.5411
v 431.8776 337.5000 32.5646
v 435.8435 337.5000 32.5843
v 439.7558 337.5000 32.6002
v 443.6097 337.5000 32.6123
v 447.4006 337.5000 32.6206
v 451.1237 337.5000 32.6252
v 454.7744 337.5000 32.6263
v 458.3482 337.5000 32.6241
v 461.8407 337.5000 32.6187
v 465.2475 337.5000 32.6105
v 468.5644 337.5000 32.5997
v 471.7872 337.5000 32.5865
v 474.9119 337.5000 32.5712
v 477.9346 337.5000 32.5543
v 480.8514 337.5000 32.5359
v 483.6586 337.5000 32.5163
v 486.3528 337.5000 32.4958
v 488.9304 337.5000 32.4748
v 491.3882 337.5000 32.4535
v 493.7230 337.5000 32.4321
v 495.9319 337.5000 32.4109
v 498.0121 337.5000 32.3901
v 499.9607 337.5000 32.3700
v 501.7754 337.5000 32.3506
v 503.4538 337.5000 32.3322
v 504.9936 337.5000 32.3150
v 506.3930 337.5000 32.2990
v 507.6500 337.5000 32.2845
v 508.7630 337.5000 32.2714
v 509.7306 337.5000 32.2599
v 510.5515 337.5000 32.2500
v 511.2246 337.5000 32.2418
v 511.7491 337.5000 32.2355
v 512.1242 337.5000 32.2309
v 512.3495 337.5000 32.2281
v 512.4246 337.5000 32.2272
v 512.4501 450.0000 33.2019
v 512.3772 450.0000 33.2197
v 512.1585 450.0000 33.2730
v 511.7943 450.0000 33.3618
v 511.2849 450.0000 33.4856
v 510.6310 450.0000 33.6439
v 509.8332 450.0000 33.8363
v 508.8925 450.0000 34.0621
v 507.8098 450.0000 34.3204
v 506.5864 450.0000 34.6103
v 505.2237 450.0000 34.9308
v 503.7231 450.0000 35.2808
v 502.0864 450.0000 35.6590
v 500.3153 450.0000 36.0643
v 498.4118 450.0000 36.4952
v 496.3782 450.0000 36.9502
v 494.2167 450.0000 37.4279
v 491.9298 450.0000 37.9267
v 489.5201 450.0000 38.4449
v 486.9890 450.0000 38.9335
v 484.3409 450.0000 39.4435
v 481.5788 450.0000 39.9727
v 478.7059 450.0000 40.5188
v 475.7255 450.0000 41.0797
v 472.6411 450.0000 41.6528
v 469.4562 450.0000 42.2360
v 466.1746 450.0000 42.8269
v 462.8001 450.0000 43.4233
v 459.3367 450.0000 44.0231
v 455.7884 450.0000 44.6240
v 452.1595 450.0000 45.2242
v 448.4543 450.0000 45.8216
v 444.6771 450.0000 46.4143
v 440.8325 450.0000 47.0005
v 436.9252 450.0000 47.5784
v 432.9597 450.0000 48.1461
v 428.9409 450.0000 48.7020
v 424.8736 450.0000 49.2444
v 420.7628 450.0000 49.7715
v 416.6135 450.0000 50.2818
v 412.4306 450.0000 50.7735
v 408.2194 450.0000 51.2449
v 403.9849 450.0000 51.6945
v 399.7324 450.0000 52.1206
v 395.4671 450.0000 52.5215
v 391.1942 450.0000 52.8956
v 386.9191 450.0000 53.2413
v 382.6470 450.0000 53.5572
v 378.3832 450.0000 53.8418
v 374.1332 450.0000 54.0938
v 369.8898 450.0000 54.3128
v 365.6519 450.0000 54.4981
v 361.4431 450.0000 54.6483
v 357.2691 450.0000 54.7632
v 353.1352 450.0000 54.8431
v 349.0470 450.0000 54.8888
v 345.0097 450.0000 54.9017
v 341.0288 450.0000 54.8837
v 337.1096 450.0000 54.8375
v 333.2572 450.0000 54.7663
v 329.4770 450.0000 54.6740
v 325.7739 450.0000 54.5649
v 322.1530 450.0000 54.4439
v 318.6191 450.0000 54.3160
v 315.1770 450.0000 54.1864
v 311.8251 450.0000 53.8267
v 308.5730 450.0000 53.4336
v 305.4248 450.0000 53.0086
v 302.3847 450.0000 52.5537
v 299.4565 450.0000 52.0709
v 296.6440 450.0000 51.5621
v 293.9507 450.0000 51.0294
v 291.3800 450.0000 50.4751
v 288.9351 450.0000 49.9012
v 286.6190 450.0000 49.3099
v 284.4345 450.0000 48.7035
v 282.3843 450.0000 48.0841
v 280.4706 450.0000 47.4539
v 278.6959 450.0000 46.8150
v 277.0620 450.0000 46.1694
v 275.5709 450.0000 45.5190
v 274.2241 450.0000 44.8657
v 273.0231 450.0000 44.2113
v 271.9691 450.0000 43.5573
v 271.0631 450.0000 42.9052
v 270.3061 450.0000 42.2564
v 269.6987 450.0000 41.6120
v 269.2412 450.0000 40.9729
v 268.9341 450.0000 40.3400
v 268.7774 450.0000 39.7140
v 268.7709 450.0000 39.0952
v 268.9134 450.0000 38.4929
v 269.2034 450.0000 37.9166
v 269.6402 450.0000 37.3662
v 270.2230 450.0000 36.8418
v 270.9508 450.0000 36.3436
v 271.8223 450.0000 35.8714
v 272.8363 450.0000 35.4253
v 273.9913 450.0000 35.0052
v 275.2854 450.0000 34.6111
v 276.7170 450.0000 34.2428
v 278.2840 450.0000 33.9001
v 279.9842 450.0000 33.5828
v 281.8154 450.0000 33.2906
v 283.7752 450.0000 33.0232
v 285.8610 450.0000 32.7801
v 288.0701 450.0000 32.5609
v 290.3997 450.0000 32.3650
v 292.8470 450.0000 32.1918
v 295.4089 450.0000 32.0406
v 298.0823 450.0000 31.9106
v 300.8639 450.0000 31.8011
v 303.7505 450.0000 31.7110
v 306.7385 450.0000 31.6394
v 309.8246 450.0000 31.5852
v 313.0051 450.0000 31.5472
v 316.2763 450.0000 31.5243
v 319.6345 450.0000 31.5152
v 323.0758 450.0000 31.5185
v 326.5963 450.0000 31.5329
v 330.1921 450.0000 31.5569
v 333.8590 450.0000 31.5891
v 337.5929 450.0000 31.6280
v 341.3895 450.0000 31.6721
v 345.2448 450.0000 31.7199
v 349.1541 450.0000 31.7699
v 353.1133 450.0000 31.8206
v 357.1177 450.0000 31.8705
v 361.1628 450.0000 31.9183
v 365.2442 450.0000 31.9625
v 369.3570 450.0000 32.0019
v 373.5150 450.0000 32.0367
v 377.7068 450.0000 32.0742
v 381.9153 450.0000 32.1146
v 386.1353 450.0000 32.1571
v 390.3619 450.0000 32.2009
v 394.5901 450.0000 32.2450
v 398.8147 450.0000 32.2889
v 403.0308 450.0000 32.3319
v 407.2332 450.0000 32.3733
v 411.4168 450.0000 32.4126
v 415.5766 450.0000 32.4494
v 419.7076 450.0000 32.4833
v 423.8048 450.0000 32.5139
v 427.8631 450.0000 32.5411
v 431.8776 450.0000 32.5646
v 435.8435 450.0000 32.5843
v 439.7558 450.0000 32.6002
v 443.6097 450.0000 32.6123
v 447.4006 450.0000 32.6206
v 451.1237 450.0000 32.6252
v 454.7744 450.0000 32.6263
v 458.3482 450.0000 32.6241
v 461.8407 450.0000 32.6187
v 465.2475 450.0000 32.6105
v 468.5644 450.0000 32.5997
v 471.7872 450.0000 32.5865
v 474.9119 450.0000 32.5712
v 477.9346 450.0000 32.5543
v 480.8514 450.0000 32.5359
v 483.6586 450.0000 32.5163
v 486.3528 450.0000 32.4958
v 488.9304 450.0000 32.4748
v 491.3882 450.0000 32.4535
v 493.7230 450.0000 32.4321
v 495.9319 450.0000 32.4109
v 498.0121 450.0000 32.3901
v 499.9607 450.0000 32.3700
v 501.7754 450.0000 32.3506
v 503.4538 450.0000 32.3322
v 504.9936 450.0000 32.3150
v 506.3930 450.0000 32.2990
v 507.6500 450.0000 32.2845
v 508.7630 450.0000 32.2714
v 509.7306 450.0000 32.2599
v 510.5515 450.0000 32.2500
v 511.2246 450.0000 32.2418
v 511.7491 450.0000 32.2355
v 512.1242 450.0000 32.2309
v 512.3495 450.0000 32.2281
v 512.4246 450.0000 32.2272
v 512.4501 562.5000 33.2019
v 512.3772 562.5000 33.2197
v 512.1585 562.5000 33.2730
v 511.7943 562.5000 33.3618
v 511.2849 562.5000 33.4856
v 510.6310 562.5000 33.6439
v 509.8332 562.5000 33.8363
v 508.8925 562.5000 34.0621
v 507.8098 562.5000 34.3204
v 506.5864 562.5000 34.6103
v 505.2237 562.5000 34.9308
v 503.7231 562.5000 35.2808
v 502.0864 562.5000 35.6590
v 500.3153 562.5000 36.0643
v 498.4118 562.5000 36.4952
v 496.3782 562.5000 36.9502
v 494.2167 562.5000 37.4279
v 491.9298 562.5000 37.9267
v 489.5201 562.5000 38.4449
v 486.9890 562.5000 38.9335
v 484.3409 562.5000 39.4435
v 481.5788 562.5000 39.9727
v 478.7059 562.5000 40.5188
v 475.7255 562.5000 41.0797
v 472.6411 562.5000 41.6528
v 469.4562 562.5000 42.2360
v 466.1746 562.5000 42.8269
v 462.8001 562.5000 43.4233
v 459.3367 562.5000 44.0231
v 455.7884 562.5000 44.6240
v 452.1595 562.5000 45.2242
v 448.4543 562.5000 45.8216
v 444.6771 562.5000 46.4143
v 440.8325 562.5000 47.0005
v 436.9252 562.5000 47.5784
v 432.9597 562.5000 48.1461
v 428.9409 562.5000 48.7020
v 424.8736 562.5000 49.2444
v 420.7628 562.5000 49.7715
v 416.6135 562.5000 50.2818
v 412.4306 562.5000 50.7735
v 408.2194 562.5000 51.2449
v 403.9849 562.5000 51.6945
v 399.7324 562.5000 52.1206
v 395.4671 562.5000 52.5215
v 391.1942 562.5000 52.8956
v 386.9191 562.5000 53.2413
v 382.6470 562.5000 53.5572
v 378.3832 562.5000 53.8418
v 374.1332 562.5000 54.0938
v 369.8898 562.5000 54.3128
v 365.6519 562.5000 54.4981
v 361.4431 562.5000 54.6483
v 357.2691 562.5000 54.7632
v 353.1352 562.5000 54.8431
v 349.0470 562.5000 54.8888
v 345.0097 562.5000 54.9017
v 341.0288 562.5000 54.8837
v 337.1096 562.5000 54.8375
v 333.2572 562.5000 54.7663
v 329.4770 562.5000 54.6740
v 325.7739 562.5000 54.5649
v 322.1530 562.5000 54.4439
v 318.6191 562.5000 54.3160
v 315.1770 562.5000 54.1864
v 311.8251 562.5000 53.8267
v 308.5730 562.5000 53.4336
v 305.4248 562.5000 53.0086
v 302.3847 562.5000 52.5537
v 299.4565 562.5000 52.0709
v 296.6440 562.5000 51.5621
v 293.9507 562.5000 51.0294
v 291.3800 562.5000 50.4751
v 288.9351 562.5000 49.9012
v 286.6190 562.5000 49.3099
v 284.4345 562.5000 48.7035
v 282.3843 562.5000 48.0841
v 280.4706 562.5000 47.4539
v 278.6959 562.5000 46.8150
v 277.0620 562.5000 46.1694
v 275.5709 562.5000 45.5190
v 274.2241 562.5000 44.8657
v 273.0231 562.5000 44.2113
v 271.9691 562.5000 43.5573
v 271.0631 562.5000 42.9052
v 270.3061 562.5000 42.2564
v 269.6987 562.5000 41.6120
v 269.2412 562.5000 40.9729
v 268.9341 562.5000 40.3400
v 268.7774 562.5000 39.7140
v 268.7709 562.5000 39.0952
v 268.9134 562.5000 38.4929
v 269.2034 562.5000 37.9166
v 269.6402 562.5000 37.3662
v 270.2230 562.5000 36.8418
v 270.9508 562.5000 36.3436
v 271.8223 562.5000 35.8714
v 272.8363 562.5000 35.4253
v 273.9913 562.5000 35.0052
v 275.2854 562.5000 34.6111
v 276.7170 562.5000 34.2428
v 278.2840 562.5000 33.9001
v 279.9842 562.5000 33.5828
v 281.8154 562.5000 33.2906
v 283.7752 562.5000 33.0232
v 285.8610 562.5000 32.7801
v 288.0701 562.5000 32.5609
v 290.3997 562.5000 32.3650
v 292.8470 562.5000 32.1918
v 295.4089 562.5000 32.0406
v 298.0823 562.5000 31.9106
v 300.8639 562.5000 31.8011
v 303.7505 562.5000 31.7110
v 306.7385 562.5000 31.6394
v 309.8246 562.5000 31.5852
v 313.0051 562.5000 31.5472
v 316.2763 562.5000 31.5243
v 319.6345 562.5000 31.5152
v 323.0758 562.5000 31.5185
v 326.5963 562.5000 31.5329
v 330.1921 562.5000 31.5569
v 333.8590 562.5000 31.5891
v 337.5929 562.5000 31.6280
v 341.3895 562.5000 31.6721
v 345.2448 562.5000 31.7199
v 349.1541 562.5000 31.7699
v 353.1133 562.5000 31.8206
v 357.1177 562.5000 31.8705
v 361.1628 562.5000 31.9183
v 365.2442 562.5000 31.9625
v 369.3570 562.5000 32.0019
v 373.5150 562.5000 32.0367
v 377.7068 562.5000 32.0742
v 381.9153 562.5000 32.1146
v 386.1353 562.5000 32.1571
v 390.3619 562.5000 32.2009
v 394.5901 562.5000 32.2450
v 398.8147 562.5000 32.2889
v 403.0308 562.5000 32.3319
v 407.2332 562.5000 32.3733
v 411.4168 562.5000 32.4126
v 415.5766 562.5000 32.4494
v 419.7076 562.5000 32.4833
v 423.8048 562.5000 32.5139
v 427.8631 562.5000 32.5411
v 431.8776 562.5000 32.5646
v 435.8435 562.5000 32.5843
v 439.7558 562.5000 32.6002
v 443.6097 562.5000 32.6123
v 447.4006 562.5000 32.6206
v 451.1237 562.5000 32.6252
v 454.7744 562.5000 32.6263
v 458.3482 562.5000 32.6241
v 461.8407 562.5000 32.6187
v 465.2475 562.5000 32.6105
v 468.5644 562.5000 32.5997
v 471.7872 562.5000 32.5865
v 474.9119 562.5000 32.5712
v 477.9346 562.5000 32.5543
v 480.8514 562.5000 32.5359
v 483.6586 562.5000 32.5163
v 486.3528 562.5000 32.4958
v 488.9304 562.5000 32.4748
v 491.3882 562.5000 32.4535
v 493.7230 562.5000 32.4321
v 495.9319 562.5000 32.4109
v 498.0121 562.5000 32.3901
v 499.9607 562.5000 32.3700
v 501.7754 562.5000 32.3506
v 503.4538 562.5000 32.3322
v 504.9936 562.5000 32.3150
v 506.3930 562.5000 32.2990
v 507.6500 562.5000 32.2845
v 508.7630 562.5000 32.2714
v 509.7306 562.5000 32.2599
v 510.5515 562.5000 32.2500
v 511.2246 562.5000 32.2418
v 511.7491 562.5000 32.2355
v 512.1242 562.5000 32.2309
v 512.3495 562.5000 32.2281
v 512.4246 562.5000 32.2272
v 503.7201 662.5000 42.0875
v 503.6497 662.5000 42.1043
v 503.4386 662.5000 42.1547
v 503.0870 662.5000 42.2385
v 502.5954 662.5000 42.3555
v 501.9642 662.5000 42.5051
v 501.1941 662.5000 42.6868
v 500.2861 662.5000 42.9000
v 499.2411 662.5000 43.1439
v 498.0603 662.5000 43.4176
v 496.7450 662.5000 43.7202
v 495.2966 662.5000 44.0506
v 493.7169 662.5000 44.4076
v 492.0075 662.5000 44.7899
v 490.1704 662.5000 45.1964
v 488.2076 662.5000 45.6255
v 486.1215 662.5000 46.0758
v 483.9143 662.5000 46.5459
v 481.5887 662.5000 47.0342
v 479.1462 662.5000 47.4933
v 476.5908 662.5000 47.9725
v 473.9254 662.5000 48.4697
v 471.1531 662.5000 48.9827
v 468.2771 662.5000 49.5093
v 465.3007 662.5000 50.0474
v 462.2275 662.5000 50.5946
v 459.0609 662.5000 51.1488
v 455.8048 662.5000 51.7079
v 452.4629 662.5000 52.2698
v 449.0392 662.5000 52.8325
v 445.5378 662.5000 53.3940
v 441.9628 662.5000 53.9525
v 438.3184 662.5000 54.5062
v 434.6092 662.5000 55.0532
v 430.8394 662.5000 55.5919
v 427.0136 662.5000 56.1206
v 423.1365 662.5000 56.6376
v 419.2128 662.5000 57.1413
v 415.2471 662.5000 57.6302
v 411.2443 662.5000 58.1025
v 407.2094 662.5000 58.5568
v 403.1471 662.5000 58.9915
v 399.0626 662.5000 59.4050
v 394.9608 662.5000 59.7957
v 390.8467 662.5000 60.1621
v 386.7255 662.5000 60.5027
v 382.6023 662.5000 60.8159
v 378.4821 662.5000 61.1003
v 374.3701 662.5000 61.3546
v 370.2715 662.5000 61.5775
v 366.1795 662.5000 61.7686
v 362.0929 662.5000 61.9273
v 358.0345 662.5000 62.0523
v 354.0098 662.5000 62.1434
v 350.0240 662.5000 62.2010
v 346.0824 662.5000 62.2258
v 342.1900 662.5000 62.2192
v 338.3521 662.5000 62.1831
v 334.5739 662.5000 62.1200
v 330.8602 662.5000 62.0332
v 327.2162 662.5000 61.9265
v 323.6466 662.5000 61.8039
v 320.1562 662.5000 61.6702
v 316.7498 662.5000 61.5302
v 313.4319 662.5000 61.3890
v 310.2021 662.5000 61.0265
v 307.0686 662.5000 60.6321
v 304.0355 662.5000 60.2076
v 301.1067 662.5000 59.7547
v 298.2860 662.5000 59.2754
v 295.5768 662.5000 58.7716
v 292.9828 662.5000 58.2454
v 290.5070 662.5000 57.6988
v 288.1526 662.5000 57.1340
v 285.9224 662.5000 56.5531
v 283.8192 662.5000 55.9582
v 281.8455 662.5000 55.3514
v 280.0036 662.5000 54.7348
v 278.2955 662.5000 54.1104
v 276.7234 662.5000 53.4803
v 275.2889 662.5000 52.8462
v 273.9935 662.5000 52.2101
v 272.8387 662.5000 51.5735
v 271.8256 662.5000 50.9380
v 270.9553 662.5000 50.3051
v 270.2285 662.5000 49.6760
v 269.6459 662.5000 49.0518
v 269.2079 662.5000 48.4336
v 268.9148 662.5000 47.8220
v 268.7666 662.5000 47.2177
v 268.7633 662.5000 46.6210
v 268.9035 662.5000 46.0411
v 269.1858 662.5000 45.4868
v 269.6095 662.5000 44.9583
v 270.1739 662.5000 44.4555
v 270.8779 662.5000 43.9785
v 271.7204 662.5000 43.5274
v 272.7001 662.5000 43.1021
v 273.8155 662.5000 42.7026
v 275.0651 662.5000 42.3287
v 276.4470 662.5000 41.9804
v 277.9593 662.5000 41.6574
v 279.6000 662.5000 41.3595
v 281.3668 662.5000 41.0864
v 283.2574 662.5000 40.8378
v 285.2695 662.5000 40.6133
v 287.4003 662.5000 40.4123
v 289.6472 662.5000 40.2344
v 292.0074 662.5000 40.0790
v 294.4780 662.5000 39.9453
v 297.0560 662.5000 39.8326
v 299.7383 662.5000 39.7401
v 302.5216 662.5000 39.6669
v 305.4027 662.5000 39.6119
v 308.3783 662.5000 39.5742
v 311.4447 662.5000 39.5526
v 314.5986 662.5000 39.5459
v 317.8362 662.5000 39.5529
v 321.1539 662.5000 39.5723
v 324.5480 662.5000 39.6028
v 328.0145 662.5000 39.6429
v 331.5495 662.5000 39.6912
v 335.1492 662.5000 39.7463
v 338.8093 662.5000 39.8067
v 342.5258 662.5000 39.8709
v 346.2946 662.5000 39.9375
v 350.1113 662.5000 40.0051
v 353.9717 662.5000 40.0721
v 357.8714 662.5000 40.1372
v 361.8059 662.5000 40.1991
v 365.7709 662.5000 40.2564
v 369.7795 662.5000 40.3095
v 373.8206 662.5000 40.3654
v 377.8777 662.5000 40.4242
v 381.9460 662.5000 40.4851
v 386.0207 662.5000 40.5472
v 390.0968 662.5000 40.6097
v 394.1695 662.5000 40.6719
v 398.2340 662.5000 40.7332
v 402.2852 662.5000 40.7929
v 406.3184 662.5000 40.8505
v 410.3287 662.5000 40.9056
v 414.3112 662.5000 40.9577
v 418.2611 662.5000 41.0065
v 422.1736 662.5000 41.0519
v 426.0438 662.5000 41.0934
v 429.8672 662.5000 41.1311
v 433.6389 662.5000 41.1649
v 437.3544 662.5000 41.1947
v 441.0091 662.5000 41.2205
v 444.5985 662.5000 41.2426
v 448.1181 662.5000 41.2608
v 451.5636 662.5000 41.2755
v 454.9307 662.5000 41.2868
v 458.2152 662.5000 41.2949
v 461.4131 662.5000 41.3001
v 464.5202 662.5000 41.3026
v 467.5328 662.5000 41.3026
v 470.4470 662.5000 41.3005
v 473.2591 662.5000 41.2965
v 475.9657 662.5000 41.2908
v 478.5631 662.5000 41.2838
v 481.0483 662.5000 41.2757
v 483.4179 662.5000 41.2667
v 485.6691 662.5000 41.2571
v 487.7987 662.5000 41.2471
v 489.8043 662.5000 41.2369
v 491.6831 662.5000 41.2266
v 493.4327 662.5000 41.2165
v 495.0509 662.5000 41.2067
v 496.5355 662.5000 41.1973
v 497.8847 662.5000 41.1885
v 499.0966 662.5000 41.1804
v 500.1697 662.5000 41.1730
v 501.1026 662.5000 41.1665
v 501.8941 662.5000 41.1608
v 502.5431 662.5000 41.1561
v 503.0488 662.5000 41.1525
v 503.4104 662.5000 41.1498
v 503.6276 662.5000 41.1482
v 503.7000 662.5000 41.1477
v 494.9846 762.5000 50.9090
v 494.9167 762.5000 50.9249
v 494.7133 762.5000 50.9724
v 494.3744 762.5000 51.0515
v 493.9005 762.5000 51.1617
v 493.2921 762.5000 51.3028
v 492.5499 762.5000 51.4741
v 491.6747 762.5000 51.6751
v 490.6675 762.5000 51.9050
v 489.5294 762.5000 52.1630
v 488.2616 762.5000 52.4481
v 486.8657 762.5000 52.7594
v 485.3431 762.5000 53.0956
v 483.6955 762.5000 53.4557
v 481.9249 762.5000 53.8384
v 480.0333 762.5000 54.2423
v 478.0227 762.5000 54.6660
v 475.8956 762.5000 55.1082
v 473.6542 762.5000 55.5674
v 471.3006 762.5000 55.9979
v 468.8381 762.5000 56.4472
v 466.2696 762.5000 56.9133
v 463.5982 762.5000 57.3942
v 460.8268 762.5000 57.8877
v 457.9588 762.5000 58.3917
v 454.9974 762.5000 58.9041
v 451.9462 762.5000 59.4228
v 448.8087 762.5000 59.9457
v 445.5886 762.5000 60.4710
v 442.2898 762.5000 60.9966
v 438.9161 762.5000 61.5207
v 435.4717 762.5000 62.0416
v 431.9605 762.5000 62.5575
v 428.3868 762.5000 63.0667
v 424.7549 762.5000 63.5675
v 421.0691 762.5000 64.0585
v 417.3340 762.5000 64.5381
v 413.5540 762.5000 65.0046
v 409.7337 762.5000 65.4565
v 405.8778 762.5000 65.8925
v 401.9910 762.5000 66.3109
v 398.0780 762.5000 66.7103
v 394.1437 762.5000 67.0891
v 390.1928 762.5000 67.4460
v 386.2302 762.5000 67.7794
v 382.2610 762.5000 68.0879
v 378.2898 762.5000 68.3700
v 374.3218 762.5000 68.6245
v 370.3617 762.5000 68.8499
v 366.4147 762.5000 69.0453
v 362.4742 762.5000 69.2100
v 358.5390 762.5000 69.3435
v 354.6313 762.5000 69.4448
v 350.7560 762.5000 69.5136
v 346.9184 762.5000 69.5503
v 343.1234 762.5000 69.5556
v 339.3761 762.5000 69.5309
v 335.6813 762.5000 69.4781
v 332.0441 762.5000 69.3996
v 328.4692 762.5000 69.2986
v 324.9613 762.5000 69.1786
v 321.5253 762.5000 69.0438
v 318.1656 762.5000 68.8987
v 314.8867 762.5000 68.7479
v 311.6930 762.5000 68.5964
v 308.5852 762.5000 68.2321
v 305.5703 762.5000 67.8377
v 302.6522 762.5000 67.4147
v 299.8346 762.5000 66.9649
v 297.1211 762.5000 66.4902
v 294.5153 762.5000 65.9924
v 292.0203 762.5000 65.4736
v 289.6393 762.5000 64.9358
v 287.3753 762.5000 64.3809
v 285.2309 762.5000 63.8111
v 283.2088 762.5000 63.2285
v 281.3115 762.5000 62.6350
v 279.5410 762.5000 62.0327
v 277.8996 762.5000 61.4235
v 276.3889 762.5000 60.8095
v 275.0108 762.5000 60.1923
v 273.7667 762.5000 59.5737
v 272.6579 762.5000 58.9554
v 271.6856 762.5000 58.3388
v 270.8506 762.5000 57.7254
v 270.1539 762.5000 57.1163
v 269.5959 762.5000 56.5127
v 269.1771 762.5000 55.9154
v 268.8978 762.5000 55.3252
v 268.7580 762.5000 54.7427
v 268.7576 762.5000 54.1683
v 268.8953 762.5000 53.6106
v 269.1697 762.5000 53.0783
v 269.5801 762.5000 52.5714
v 270.1258 762.5000 52.0900
v 270.8058 762.5000 51.6341
v 271.6191 762.5000 51.2038
v 272.5643 762.5000 50.7989
v 273.6401 762.5000 50.4195
v 274.8449 762.5000 50.0655
v 276.1769 762.5000 49.7366
v 277.6344 762.5000 49.4327
v 279.2154 762.5000 49.1537
v 280.9177 762.5000 48.8991
v 282.7391 762.5000 48.6686
v 284.6772 762.5000 48.4619
v 286.7296 762.5000 48.2785
v 288.8937 762.5000 48.1178
v 291.1668 762.5000 47.9792
v 293.5460 762.5000 47.8622
v 296.0285 762.5000 47.7658
v 298.6113 762.5000 47.6893
v 301.2913 762.5000 47.6319
v 304.0654 762.5000 47.5926
v 306.9302 762.5000 47.5703
v 309.8826 762.5000 47.5639
v 312.9190 762.5000 47.5723
v 316.0360 762.5000 47.5943
v 319.2301 762.5000 47.6286
v 322.4975 762.5000 47.6739
v 325.8347 762.5000 47.7288
v 329.2379 762.5000 47.7919
v 332.7032 762.5000 47.8619
v 336.2268 762.5000 47.9373
v 339.8046 762.5000 48.0166
v 343.4326 762.5000 48.0985
v 347.1069 762.5000 48.1814
v 350.8232 762.5000 48.2641
v 354.5773 762.5000 48.3452
v 358.3650 762.5000 48.4233
v 362.1820 762.5000 48.4971
v 366.0410 762.5000 48.5671
v 369.9314 762.5000 48.6399
v 373.8371 762.5000 48.7156
v 377.7536 762.5000 48.7934
v 381.6762 762.5000 48.8723
v 385.6002 762.5000 48.9517
v 389.5210 762.5000 49.0307
v 393.4337 762.5000 49.1089
v 397.3338 762.5000 49.1854
v 401.2166 762.5000 49.2599
v 405.0772 762.5000 49.3317
v 408.9111 762.5000 49.4007
v 412.7137 762.5000 49.4663
v 416.4802 762.5000 49.5283
v 420.2061 762.5000 49.5865
v 423.8869 762.5000 49.6408
v 427.5180 762.5000 49.6911
v 431.0950 762.5000 49.7372
v 434.6134 762.5000 49.7793
v 438.0690 762.5000 49.8174
v 441.4574 762.5000 49.8515
v 444.7746 762.5000 49.8819
v 448.0162 762.5000 49.9086
v 451.1784 762.5000 49.9319
v 454.2571 762.5000 49.9519
v 457.2485 762.5000 49.9689
v 460.1488 762.5000 49.9831
v 462.9545 762.5000 49.9948
v 465.6619 762.5000 50.0042
v 468.2677 762.5000 50.0115
v 470.7684 762.5000 50.0169
v 473.1611 762.5000 50.0208
v 475.4425 762.5000 50.0233
v 477.6098 762.5000 50.0247
v 479.6602 762.5000 50.0250
v 481.5911 762.5000 50.0246
v 483.4000 762.5000 50.0236
v 485.0845 762.5000 50.0221
v 486.6424 762.5000 50.0202
v 488.0718 762.5000 50.0182
v 489.3708 762.5000 50.0161
v 490.5376 762.5000 50.0139
v 491.5708 762.5000 50.0119
v 492.4690 762.5000 50.0100
v 493.2310 762.5000 50.0083
v 493.8559 762.5000 50.0068
v 494.3427 762.5000 50.0057
v 494.6909 762.5000 50.0048
v 494.9000 762.5000 50.0043
v 494.9697 762.5000 50.0041
v 486.2442 862.5000 59.6665
v 486.1789 862.5000 59.6814
v 485.9831 862.5000 59.7262
v 485.6569 862.5000 59.8006
v 485.2009 862.5000 59.9043
v 484.6154 862.5000 60.0371
v 483.9011 862.5000 60.1983
v 483.0588 862.5000 60.3874
v 482.0894 862.5000 60.6037
v 480.9941 862.5000 60.8463
v 479.7741 862.5000 61.1145
v 478.4307 862.5000 61.4071
v 476.9654 862.5000 61.7232
v 475.3799 862.5000 62.0616
v 473.6760 862.5000 62.4211
v 471.8556 862.5000 62.8005
v 469.9209 862.5000 63.1985
v 467.8739 862.5000 63.6136
v 465.7171 862.5000 64.0444
v 463.4525 862.5000 64.4473
v 461.0832 862.5000 64.8676
v 458.6119 862.5000 65.3036
v 456.0415 862.5000 65.7533
v 453.3750 862.5000 66.2147
v 450.6156 862.5000 66.6857
v 447.7664 862.5000 67.1644
v 444.8307 862.5000 67.6487
v 441.8122 862.5000 68.1367
v 438.7142 862.5000 68.6265
v 435.5405 862.5000 69.1162
v 432.2949 862.5000 69.6043
v 428.9813 862.5000 70.0888
v 425.6035 862.5000 70.5682
v 422.1656 862.5000 71.0409
v 418.6719 862.5000 71.5054
v 415.1264 862.5000 71.9601
v 411.5335 862.5000 72.4035
v 407.8976 862.5000 72.8342
v 404.2229 862.5000 73.2507
v 400.5142 862.5000 73.6517
v 396.7757 862.5000 74.0356
v 393.0123 862.5000 74.4012
v 389.2283 862.5000 74.7469
v 385.4286 862.5000 75.0714
v 381.6178 862.5000 75.3733
v 377.8006 862.5000 75.6512
v 373.9818 862.5000 75.9038
v 370.1660 862.5000 76.1298
v 366.3581 862.5000 76.3279
v 362.5629 862.5000 76.4971
v 358.7741 862.5000 76.6370
v 354.9905 862.5000 76.7469
v 351.2334 862.5000 76.8258
v 347.5078 862.5000 76.8737
v 343.8185 862.5000 76.8910
v 340.1703 862.5000 76.8783
v 336.5680 862.5000 76.8369
v 333.0164 862.5000 76.7688
v 329.5202 862.5000 76.6763
v 326.0841 862.5000 76.5624
v 322.7125 862.5000 76.4306
v 319.4100 862.5000 76.2849
v 316.1810 862.5000 76.1295
v 313.0297 862.5000 75.9692
v 309.9603 862.5000 75.8085
v 306.9744 862.5000 75.4437
v 304.0780 862.5000 75.0504
v 301.2747 862.5000 74.6301
v 298.5682 862.5000 74.1845
v 295.9620 862.5000 73.7154
v 293.4593 862.5000 73.2246
v 291.0632 862.5000 72.7141
v 288.7769 862.5000 72.1859
v 286.6030 862.5000 71.6419
v 284.5443 862.5000 71.0841
v 282.6032 862.5000 70.5144
v 280.7820 862.5000 69.9350
v 279.0829 862.5000 69.3477
v 277.5078 862.5000 68.7544
v 276.0585 862.5000 68.1570
v 274.7366 862.5000 67.5572
v 273.5435 862.5000 66.9567
v 272.4805 862.5000 66.3571
v 271.5487 862.5000 65.7598
v 270.7489 862.5000 65.1662
v 270.0820 862.5000 64.5774
v 269.5485 862.5000 63.9945
v 269.1487 862.5000 63.4184
v 268.8829 862.5000 62.8497
v 268.7513 862.5000 62.2891
v 268.7536 862.5000 61.7369
v 268.8886 862.5000 61.2014
v 269.1549 862.5000 60.6910
v 269.5518 862.5000 60.2056
v 270.0787 862.5000 59.7454
v 270.7345 862.5000 59.3104
v 271.5183 862.5000 58.9005
v 272.4289 862.5000 58.5157
v 273.4648 862.5000 58.1561
v 274.6246 862.5000 57.8214
v 275.9067 862.5000 57.5115
v 277.3093 862.5000 57.2262
v 278.8304 862.5000 56.9654
v 280.4680 862.5000 56.7286
v 282.2200 862.5000 56.5157
v 284.0842 862.5000 56.3261
v 286.0581 862.5000 56.1594
v 288.1392 862.5000 56.0150
v 290.3249 862.5000 55.8925
v 292.6127 862.5000 55.7911
v 294.9996 862.5000 55.7102
v 297.4828 862.5000 55.6488
v 300.0594 862.5000 55.6062
v 302.7263 862.5000 55.5814
v 305.4805 862.5000 55.5734
v 308.3186 862.5000 55.5812
v 311.2376 862.5000 55.6035
v 314.2339 862.5000 55.6393
v 317.3042 862.5000 55.6873
v 320.4451 862.5000 55.7462
v 323.6529 862.5000 55.8146
v 326.9242 862.5000 55.8913
v 330.2551 862.5000 55.9749
v 333.6419 862.5000 56.0639
v 337.0810 862.5000 56.1569
v 340.5683 862.5000 56.2527
v 344.1000 862.5000 56.3497
v 347.6722 862.5000 56.4467
v 351.2807 862.5000 56.5422
v 354.9215 862.5000 56.6351
v 358.5905 862.5000 56.7240
v 362.2999 862.5000 56.8094
v 366.0394 862.5000 56.8977
v 369.7937 862.5000 56.9888
v 373.5583 862.5000 57.0819
v 377.3288 862.5000 57.1763
v 381.1006 862.5000 57.2710
v 384.8693 862.5000 57.3654
v 388.6304 862.5000 57.4589
v 392.3792 862.5000 57.5508
v 396.1114 862.5000 57.6406
v 399.8223 862.5000 57.7278
v 403.5076 862.5000 57.8121
v 407.1628 862.5000 57.8930
v 410.7833 862.5000 57.9704
v 414.3648 862.5000 58.0439
v 417.9029 862.5000 58.1133
v 421.3933 862.5000 58.1787
v 424.8317 862.5000 58.2399
v 428.2138 862.5000 58.2969
v 431.5355 862.5000 58.3497
v 434.7927 862.5000 58.3985
v 437.9814 862.5000 58.4432
v 441.0975 862.5000 58.4841
v 444.1372 862.5000 58.5214
v 447.0967 862.5000 58.5551
v 449.9723 862.5000 58.5855
v 452.7604 862.5000 58.6128
v 455.4575 862.5000 58.6372
v 458.0601 862.5000 58.6589
v 460.5650 862.5000 58.6781
v 462.9691 862.5000 58.6951
v 465.2691 862.5000 58.7101
v 467.4623 862.5000 58.7232
v 469.5457 862.5000 58.7347
v 471.5168 862.5000 58.7447
v 473.3730 862.5000 58.7534
v 475.1119 862.5000 58.7609
v 476.7312 862.5000 58.7673
v 478.2289 862.5000 58.7729
v 479.6030 862.5000 58.7777
v 480.8517 862.5000 58.7817
v 481.9734 862.5000 58.7851
v 482.9667 862.5000 58.7880
v 483.8301 862.5000 58.7904
v 484.5627 862.5000 58.7924
v 485.1634 862.5000 58.7939
v 485.6314 862.5000 58.7951
v 485.9661 862.5000 58.7959
v 486.1671 862.5000 58.7964
v 486.2342 862.5000 58.7965
v 477.4993 962.5000 68.3598
v 477.4366 962.5000 68.3738
v 477.2484 962.5000 68.4159
v 476.9351 962.5000 68.4858
v 476.4969 962.5000 68.5832
v 475.9343 962.5000 68.7079
v 475.2480 962.5000 68.8593
v 474.4387 962.5000 69.0368
v 473.5074 962.5000 69.2398
v 472.4550 962.5000 69.4676
v 471.2828 962.5000 69.7192
v 469.9921 962.5000 69.9938
v 468.5843 962.5000 70.2903
v 467.0610 962.5000 70.6076
v 465.4240 962.5000 70.9447
v 463.6751 962.5000 71.3003
v 461.8163 962.5000 71.6731
v 459.8498 962.5000 72.0619
v 457.7778 962.5000 72.4653
v 455.6024 962.5000 72.8413
v 453.3264 962.5000 73.2337
v 450.9525 962.5000 73.6405
v 448.4835 962.5000 74.0601
v 445.9222 962.5000 74.4904
v 443.2715 962.5000 74.9295
v 440.5347 962.5000 75.3756
v 437.7150 962.5000 75.8266
v 434.8156 962.5000 76.2808
v 431.8400 962.5000 76.7363
v 428.7917 962.5000 77.1915
v 425.6744 962.5000 77.6447
v 422.4918 962.5000 78.0942
v 419.2477 962.5000 78.5384
v 415.9460 962.5000 78.9760
v 412.5907 962.5000 79.4054
v 409.1858 962.5000 79.8251
v 405.7354 962.5000 80.2339
v 402.2437 962.5000 80.6302
v 398.7150 962.5000 81.0127
v 395.1536 962.5000 81.3802
v 391.5638 962.5000 81.7311
v 387.9501 962.5000 82.0643
v 384.3168 962.5000 82.3784
v 380.6685 962.5000 82.6720
v 377.0096 962.5000 82.9439
v 373.3447 962.5000 83.1927
v 369.6783 962.5000 83.4172
v 366.0151 962.5000 83.6162
v 362.3595 962.5000 83.7885
v 358.7162 962.5000 83.9331
v 355.0792 962.5000 84.0495
v 351.4473 962.5000 84.1373
v 347.8411 962.5000 84.1954
v 344.2652 962.5000 84.2239
v 340.7242 962.5000 84.2232
v 337.2229 962.5000 84.1939
v 333.7658 962.5000 84.1373
v 330.3574 962.5000 84.0553
v 327.0024 962.5000 83.9501
v 323.7050 962.5000 83.8246
v 320.4698 962.5000 83.6823
v 317.3009 962.5000 83.5270
v 314.2025 962.5000 83.3627
v 311.1787 962.5000 83.1941
v 308.2336 962.5000 83.0254
v 305.3696 962.5000 82.6614
v 302.5916 962.5000 82.2703
v 299.9031 962.5000 81.8537
v 297.3076 962.5000 81.4133
v 294.8084 962.5000 80.9509
v 292.4087 962.5000 80.4682
v 290.1115 962.5000 79.9670
v 287.9197 962.5000 79.4493
v 285.8358 962.5000 78.9169
v 283.8626 962.5000 78.3719
v 282.0023 962.5000 77.8161
v 280.2571 962.5000 77.2515
v 278.6291 962.5000 76.6798
v 277.1202 962.5000 76.1030
v 275.7320 962.5000 75.5229
v 274.4661 962.5000 74.9410
v 273.3238 962.5000 74.3591
v 272.3064 962.5000 73.7786
v 271.4149 962.5000 73.2010
v 270.6501 962.5000 72.6275
v 270.0128 962.5000 72.0593
v 269.5034 962.5000 71.4973
v 269.1225 962.5000 70.9425
v 268.8701 962.5000 70.3955
v 268.7463 962.5000 69.8568
v 268.7511 962.5000 69.3268
v 268.8832 962.5000 68.8135
v 269.1412 962.5000 68.3249
v 269.5244 962.5000 67.8609
v 270.0322 962.5000 67.4217
v 270.6637 962.5000 67.0072
v 271.4179 962.5000 66.6175
v 272.2936 962.5000 66.2525
v 273.2896 962.5000 65.9122
v 274.4043 962.5000 65.5964
v 275.6362 962.5000 65.3050
v 276.9837 962.5000 65.0378
v 278.4448 962.5000 64.7946
v 280.0177 962.5000 64.5751
v 281.7002 962.5000 64.3789
v 283.4902 962.5000 64.2056
v 285.3854 962.5000 64.0549
v 287.3834 962.5000 63.9262
v 289.4818 962.5000 63.8188
v 291.6780 962.5000 63.7323
v 293.9692 962.5000 63.6657
v 296.3528 962.5000 63.6185
v 298.8259 962.5000 63.5897
v 301.3856 962.5000 63.5784
v 304.0290 962.5000 63.5836
v 306.7529 962.5000 63.6044
v 309.5543 962.5000 63.6395
v 312.4298 962.5000 63.6879
v 315.3764 962.5000 63.7484
v 318.3906 962.5000 63.8196
v 321.4690 962.5000 63.9004
v 324.6083 962.5000 63.9893
v 327.8047 962.5000 64.0851
v 331.0549 962.5000 64.1865
v 334.3551 962.5000 64.2919
v 337.7017 962.5000 64.4001
v 341.0908 962.5000 64.5098
v 344.5187 962.5000 64.6196
v 347.9816 962.5000 64.7283
v 351.4755 962.5000 64.8345
v 354.9964 962.5000 64.9370
v 358.5561 962.5000 65.0364
v 362.1447 962.5000 65.1387
v 365.7475 962.5000 65.2437
v 369.3602 962.5000 65.3508
v 372.9785 962.5000 65.4590
v 376.5981 962.5000 65.5676
v 380.2147 962.5000 65.6759
v 383.8240 962.5000 65.7832
v 387.4215 962.5000 65.8890
v 391.0031 962.5000 65.9927
v 394.5643 962.5000 66.0939
v 398.1009 962.5000 66.1920
v 401.6086 962.5000 66.2869
v 405.0830 962.5000 66.3780
v 408.5201 962.5000 66.4654
v 411.9155 962.5000 66.5486
v 415.2651 962.5000 66.6278
v 418.5648 962.5000 66.7026
v 421.8106 962.5000 66.7732
v 424.9984 962.5000 66.8395
v 428.1243 962.5000 66.9015
v 431.1844 962.5000 66.9594
v 434.1749 962.5000 67.0133
v 437.0922 962.5000 67.0633
v 439.9324 962.5000 67.1095
v 442.6922 962.5000 67.1522
v 445.3679 962.5000 67.1915
v 447.9564 962.5000 67.2275
v 450.4542 962.5000 67.2606
v 452.8582 962.5000 67.2908
v 455.1654 962.5000 67.3184
v 457.3728 962.5000 67.3436
v 459.4776 962.5000 67.3665
v 461.4772 962.5000 67.3872
v 463.3689 962.5000 67.4061
v 465.1504 962.5000 67.4231
v 466.8193 962.5000 67.4384
v 468.3734 962.5000 67.4523
v 469.8108 962.5000 67.4646
v 471.1296 962.5000 67.4756
v 472.3280 962.5000 67.4854
v 473.4046 962.5000 67.4939
v 474.3578 962.5000 67.5014
v 475.1865 962.5000 67.5077
v 475.8896 962.5000 67.5130
v 476.4661 962.5000 67.5173
v 476.9153 962.5000 67.5206
v 477.2365 962.5000 67.5230
v 477.4295 962.5000 67.5244
v 477.4938 962.5000 67.5248
v 468.7505 1062.5000 76.9891
v 468.6903 1062.5000 77.0022
v 468.5098 1062.5000 77.0416
v 468.2093 1062.5000 77.1071
v 467.7890 1062.5000 77.1984
v 467.2494 1062.5000 77.3152
v 466.5912 1062.5000 77.4570
v 465.8150 1062.5000 77.6233
v 464.9218 1062.5000 77.8135
v 463.9125 1062.5000 78.0268
v 462.7882 1062.5000 78.2624
v 461.5503 1062.5000 78.5194
v 460.2001 1062.5000 78.7968
v 458.7393 1062.5000 79.0937
v 457.1693 1062.5000 79.4090
v 455.4921 1062.5000 79.7415
v 453.7095 1062.5000 80.0900
v 451.8236 1062.5000 80.4533
v 449.8366 1062.5000 80.8301
v 447.7506 1062.5000 81.1801
v 445.5683 1062.5000 81.5454
v 443.2920 1062.5000 81.9241
v 440.9245 1062.5000 82.3145
v 438.4686 1062.5000 82.7147
v 435.9270 1062.5000 83.1231
v 433.3029 1062.5000 83.5376
v 430.5992 1062.5000 83.9565
v 427.8193 1062.5000 84.3781
v 424.9663 1062.5000 84.8006
v 422.0437 1062.5000 85.2224
v 419.0550 1062.5000 85.6420
v 416.0037 1062.5000 86.0577
v 412.8936 1062.5000 86.4682
v 409.7282 1062.5000 86.8719
v 406.5116 1062.5000 87.2676
v 403.2474 1062.5000 87.6538
v 399.9398 1062.5000 88.0292
v 396.5927 1062.5000 88.3926
v 393.2102 1062.5000 88.7426
v 389.7963 1062.5000 89.0779
v 386.3554 1062.5000 89.3974
v 382.8916 1062.5000 89.6997
v 379.4092 1062.5000 89.9836
v 375.9125 1062.5000 90.2478
v 372.4057 1062.5000 90.4911
v 368.8933 1062.5000 90.7124
v 365.3797 1062.5000 90.9103
v 361.8691 1062.5000 91.0838
v 358.3660 1062.5000 91.2317
v 354.8747 1062.5000 91.3532
v 351.3896 1062.5000 91.4478
v 347.9097 1062.5000 91.5148
v 344.4544 1062.5000 91.5536
v 341.0282 1062.5000 91.5642
v 337.6357 1062.5000 91.5469
v 334.2813 1062.5000 91.5024
v 330.9694 1062.5000 91.4321
v 327.7044 1062.5000 91.3375
v 324.4905 1062.5000 91.2210
v 321.3320 1062.5000 91.0854
v 318.2331 1062.5000 90.9339
v 315.1977 1062.5000 90.7702
v 312.2300 1062.5000 90.5984
v 309.3339 1062.5000 90.4226
v 306.5130 1062.5000 90.2473
v 303.7708 1062.5000 89.8851
v 301.1110 1062.5000 89.4974
v 298.5372 1062.5000 89.0857
v 296.0526 1062.5000 88.6516
v 293.6604 1062.5000 88.1968
v 291.3636 1062.5000 87.7231
v 289.1651 1062.5000 87.2322
v 287.0675 1062.5000 86.7259
v 285.0735 1062.5000 86.2062
v 283.1856 1062.5000 85.6747
v 281.4059 1062.5000 85.1335
v 279.7365 1062.5000 84.5844
v 278.1794 1062.5000 84.0291
v 276.7365 1062.5000 83.4694
v 275.4092 1062.5000 82.9071
v 274.1991 1062.5000 82.3437
v 273.1075 1062.5000 81.7808
v 272.1354 1062.5000 81.2199
v 271.2840 1062.5000 80.6624
v 270.5540 1062.5000 80.1093
v 269.9460 1062.5000 79.5620
v 269.4606 1062.5000 79.0212
v 269.0982 1062.5000 78.4878
v 268.8590 1062.5000 77.9625
v 268.7430 1062.5000 77.4458
v 268.7501 1062.5000 76.9381
v 268.8790 1062.5000 76.4470
v 269.1285 1062.5000 75.9800
v 269.4978 1062.5000 75.5373
v 269.9864 1062.5000 75.1189
v 270.5933 1062.5000 74.7248
v 271.3177 1062.5000 74.3549
v 272.1584 1062.5000 74.0093
v 273.1142 1062.5000 73.6879
v 274.1837 1062.5000 73.3906
v 275.3653 1062.5000 73.1172
v 276.6575 1062.5000 72.8675
v 278.0585 1062.5000 72.6413
v 279.5664 1062.5000 72.4384
v 281.1793 1062.5000 72.2583
v 282.8951 1062.5000 72.1007
v 284.7116 1062.5000 71.9652
v 286.6264 1062.5000 71.8512
v 288.6373 1062.5000 71.7582
v 290.7418 1062.5000 71.6855
v 292.9373 1062.5000 71.6325
v 295.2212 1062.5000 71.5984
v 297.5907 1062.5000 71.5824
v 300.0432 1062.5000 71.5835
v 302.5757 1062.5000 71.6009
v 305.1853 1062.5000 71.6336
v 307.8690 1062.5000 71.6804
v 310.6238 1062.5000 71.7402
v 313.4466 1062.5000 71.8119
v 316.3340 1062.5000 71.8943
v 319.2830 1062.5000 71.9860
v 322.2902 1062.5000 72.0860
v 325.3522 1062.5000 72.1927
v 328.4656 1062.5000 72.3050
v 331.6270 1062.5000 72.4215
v 334.8327 1062.5000 72.5409
v 338.0793 1062.5000 72.6618
v 341.3630 1062.5000 72.7831
v 344.6801 1062.5000 72.9033
v 348.0270 1062.5000 73.0215
v 351.3998 1062.5000 73.1362
v 354.8098 1062.5000 73.2481
v 358.2475 1062.5000 73.3629
v 361.6987 1062.5000 73.4804
v 365.1594 1062.5000 73.5999
v 368.6255 1062.5000 73.7205
v 372.0929 1062.5000 73.8415
v 375.5573 1062.5000 73.9622
v 379.0147 1062.5000 74.0819
v 382.4610 1062.5000 74.2001
v 385.8919 1062.5000 74.3162
v 389.3033 1062.5000 74.4298
v 392.6912 1062.5000 74.5404
v 396.0513 1062.5000 74.6477
v 399.3797 1062.5000 74.7513
v 402.6722 1062.5000 74.8511
v 405.9249 1062.5000 74.9468
v 409.1337 1062.5000 75.0382
v 412.2947 1062.5000 75.1254
v 415.4041 1062.5000 75.2082
v 418.4579 1062.5000 75.2866
v 421.4525 1062.5000 75.3607
v 424.3840 1062.5000 75.4305
v 427.2489 1062.5000 75.4962
v 430.0436 1062.5000 75.5577
v 432.7645 1062.5000 75.6153
v 435.4083 1062.5000 75.6691
v 437.9717 1062.5000 75.7193
v 440.4515 1062.5000 75.7659
v 442.8444 1062.5000 75.8093
v 445.1475 1062.5000 75.8495
v 447.3578 1062.5000 75.8868
v 449.4726 1062.5000 75.9212
v 451.4890 1062.5000 75.9530
v 453.4047 1062.5000 75.9822
v 455.2170 1062.5000 76.0091
v 456.9237 1062.5000 76.0338
v 458.5225 1062.5000 76.0563
v 460.0114 1062.5000 76.0768
v 461.3885 1062.5000 76.0954
v 462.6519 1062.5000 76.1121
v 463.8001 1062.5000 76.1271
v 464.8315 1062.5000 76.1403
v 465.7447 1062.5000 76.1519
v 466.5386 1062.5000 76.1618
v 467.2122 1062.5000 76.1702
v 467.7645 1062.5000 76.1770
v 468.1948 1062.5000 76.1823
v 468.5026 1062.5000 76.1861
v 468.6874 1062.5000 76.1883
v 468.7491 1062.5000 76.1891
v 460.7501 1090.0000 79.3489
v 460.6923 1090.0000 79.3614
v 460.5190 1090.0000 79.3990
v 460.2304 1090.0000 79.4615
v 459.8268 1090.0000 79.5486
v 459.3087 1090.0000 79.6600
v 458.6766 1090.0000 79.7952
v 457.9312 1090.0000 79.9539
v 457.0735 1090.0000 80.1352
v 456.1042 1090.0000 80.3386
v 455.0247 1090.0000 80.5633
v 453.8359 1090.0000 80.8083
v 452.5394 1090.0000 81.0729
v 451.1366 1090.0000 81.3560
v 449.6290 1090.0000 81.6565
v 448.0184 1090.0000 81.9735
v 446.3066 1090.0000 82.3056
v 444.4957 1090.0000 82.6519
v 442.5876 1090.0000 83.0109
v 440.5847 1090.0000 83.3442
v 438.4891 1090.0000 83.6919
v 436.3034 1090.0000 84.0524
v 434.0301 1090.0000 84.4240
v 431.6718 1090.0000 84.8050
v 429.2314 1090.0000 85.1935
v 426.7117 1090.0000 85.5879
v 424.1156 1090.0000 85.9865
v 421.4463 1090.0000 86.3875
v 418.7069 1090.0000 86.7893
v 415.9007 1090.0000 87.1903
v 413.0309 1090.0000 87.5891
v 410.1012 1090.0000 87.9841
v 407.1149 1090.0000 88.3740
v 404.0756 1090.0000 88.7573
v 400.9871 1090.0000 89.1329
v 397.8530 1090.0000 89.4992
v 394.6772 1090.0000 89.8552
v 391.4634 1090.0000 90.1996
v 388.2157 1090.0000 90.5310
v 384.9380 1090.0000 90.8484
v 381.6343 1090.0000 91.1504
v 378.3087 1090.0000 91.4360
v 374.9652 1090.0000 91.7039
v 371.6080 1090.0000 91.9528
v 368.2412 1090.0000 92.1817
v 364.8690 1090.0000 92.3894
v 361.4956 1090.0000 92.5747
v 358.1252 1090.0000 92.7365
v 354.7620 1090.0000 92.8739
v 351.4102 1090.0000 92.9858
v 348.0645 1090.0000 93.0719
v 344.7236 1090.0000 93.1316
v 341.4065 1090.0000 93.1643
v 338.1174 1090.0000 93.1698
v 334.8606 1090.0000 93.1487
v 331.6404 1090.0000 93.1015
v 328.4611 1090.0000 93.0295
v 325.3268 1090.0000 92.9343
v 322.2416 1090.0000 92.8182
v 319.2096 1090.0000 92.6837
v 316.2349 1090.0000 92.5342
v 313.3212 1090.0000 92.3730
v 310.4724 1090.0000 92.2040
v 307.6923 1090.0000 92.0314
v 304.9845 1090.0000 91.8593
v 302.3525 1090.0000 91.5079
v 299.7997 1090.0000 91.1321
v 297.3294 1090.0000 90.7335
v 294.9447 1090.0000 90.3134
v 292.6488 1090.0000 89.8737
v 290.4445 1090.0000 89.4158
v 288.3346 1090.0000 88.9416
v 286.3216 1090.0000 88.4528
v 284.4081 1090.0000 87.9511
v 282.5964 1090.0000 87.4384
v 280.8886 1090.0000 86.9165
v 279.2867 1090.0000 86.3870
v 277.7927 1090.0000 85.8519
v 276.4082 1090.0000 85.3126
v 275.1348 1090.0000 84.7710
v 273.9738 1090.0000 84.2286
v 272.9266 1090.0000 83.6867
v 271.9942 1090.0000 83.1470
v 271.1776 1090.0000 82.6106
v 270.4775 1090.0000 82.0787
v 269.8946 1090.0000 81.5524
v 269.4294 1090.0000 81.0326
v 269.0822 1090.0000 80.5201
v 268.8532 1090.0000 80.0155
v 268.7425 1090.0000 79.5193
v 268.7500 1090.0000 79.0319
v 268.8745 1090.0000 78.5606
v 269.1145 1090.0000 78.1127
v 269.4697 1090.0000 77.6881
v 269.9393 1090.0000 77.2871
v 270.5225 1090.0000 76.9096
v 271.2184 1090.0000 76.5555
v 272.0259 1090.0000 76.2249
v 272.9439 1090.0000 75.9176
v 273.9710 1090.0000 75.6336
v 275.1057 1090.0000 75.3727
v 276.3466 1090.0000 75.1347
v 277.6919 1090.0000 74.9195
v 279.1397 1090.0000 74.7266
v 280.6884 1090.0000 74.5559
v 282.3357 1090.0000 74.4069
v 284.0797 1090.0000 74.2793
v 285.9181 1090.0000 74.1724
v 287.8487 1090.0000 74.0858
v 289.8691 1090.0000 74.0189
v 291.9768 1090.0000 73.9709
v 294.1694 1090.0000 73.9413
v 296.4442 1090.0000 73.9290
v 298.7986 1090.0000 73.9335
v 301.2297 1090.0000 73.9536
v 303.7349 1090.0000 73.9884
v 306.3112 1090.0000 74.0369
v 308.9557 1090.0000 74.0980
v 311.6655 1090.0000 74.1706
v 314.4373 1090.0000 74.2536
v 317.2682 1090.0000 74.3457
v 320.1550 1090.0000 74.4456
v 323.0944 1090.0000 74.5522
v 326.0831 1090.0000 74.6642
v 329.1178 1090.0000 74.7802
v 332.1952 1090.0000 74.8991
v 335.3117 1090.0000 75.0196
v 338.4639 1090.0000 75.1404
v 341.6482 1090.0000 75.2603
v 344.8610 1090.0000 75.3782
v 348.0988 1090.0000 75.4929
v 351.3722 1090.0000 75.6048
v 354.6722 1090.0000 75.7196
v 357.9853 1090.0000 75.8371
v 361.3074 1090.0000 75.9564
v 364.6347 1090.0000 76.0768
v 367.9631 1090.0000 76.1976
v 371.2889 1090.0000 76.3182
v 374.6078 1090.0000 76.4377
v 377.9160 1090.0000 76.5558
v 381.2095 1090.0000 76.6719
v 384.4844 1090.0000 76.7855
v 387.7366 1090.0000 76.8962
v 390.9622 1090.0000 77.0037
v 394.1572 1090.0000 77.1077
v 397.3179 1090.0000 77.2079
v 400.4403 1090.0000 77.3041
v 403.5207 1090.0000 77.3962
v 406.5552 1090.0000 77.4841
v 409.5400 1090.0000 77.5677
v 412.4716 1090.0000 77.6471
v 415.3463 1090.0000 77.7223
v 418.1604 1090.0000 77.7932
v 420.9106 1090.0000 77.8601
v 423.5934 1090.0000 77.9229
v 426.2055 1090.0000 77.9819
v 428.7435 1090.0000 78.0370
v 431.2043 1090.0000 78.0886
v 433.5847 1090.0000 78.1368
v 435.8819 1090.0000 78.1816
v 438.0928 1090.0000 78.2233
v 440.2147 1090.0000 78.2620
v 442.2448 1090.0000 78.2979
v 444.1806 1090.0000 78.3311
v 446.0195 1090.0000 78.3618
v 447.7593 1090.0000 78.3900
v 449.3977 1090.0000 78.4160
v 450.9325 1090.0000 78.4397
v 452.3619 1090.0000 78.4614
v 453.6838 1090.0000 78.4811
v 454.8967 1090.0000 78.4989
v 455.9989 1090.0000 78.5147
v 456.9890 1090.0000 78.5288
v 457.8657 1090.0000 78.5412
v 458.6279 1090.0000 78.5518
v 459.2745 1090.0000 78.5607
v 459.8047 1090.0000 78.5680
v 460.2178 1090.0000 78.5737
v 460.5133 1090.0000 78.5777
v 460.6907 1090.0000 78.5801
v 460.7499 1090.0000 78.5809
v 452.7495 1117.5000 81.6920
v 452.6941 1117.5000 81.7039
v 452.5280 1117.5000 81.7397
v 452.2514 1117.5000 81.7992
v 451.8645 1117.5000 81.8821
v 451.3678 1117.5000 81.9882
v 450.7618 1117.5000 82.1169
v 450.0473 1117.5000 82.2680
v 449.2250 1117.5000 82.4406
v 448.2959 1117.5000 82.6342
v 447.2610 1117.5000 82.8481
v 446.1215 1117.5000 83.0813
v 444.8786 1117.5000 83.3331
v 443.5339 1117.5000 83.6026
v 442.0887 1117.5000 83.8886
v 440.5448 1117.5000 84.1901
v 438.9039 1117.5000 84.5062
v 437.1680 1117.5000 84.8356
v 435.3389 1117.5000 85.1771
v 433.4190 1117.5000 85.4938
v 431.4103 1117.5000 85.8242
v 429.3152 1117.5000 86.1668
v 427.1361 1117.5000 86.5198
v 424.8756 1117.5000 86.8818
v 422.5363 1117.5000 87.2509
v 420.1211 1117.5000 87.6255
v 417.6326 1117.5000 88.0040
v 415.0740 1117.5000 88.3847
v 412.4482 1117.5000 88.7660
v 409.7584 1117.5000 89.1466
v 407.0077 1117.5000 89.5249
v 404.1994 1117.5000 89.8996
v 401.3370 1117.5000 90.2692
v 398.4239 1117.5000 90.6325
v 395.4636 1117.5000 90.9883
v 392.4596 1117.5000 91.3352
v 389.4156 1117.5000 91.6721
v 386.3353 1117.5000 91.9978
v 383.2225 1117.5000 92.3111
v 380.0810 1117.5000 92.6108
v 376.9145 1117.5000 92.8959
v 373.7271 1117.5000 93.1651
v 370.5225 1117.5000 93.4173
v 367.3049 1117.5000 93.6515
v 364.0780 1117.5000 93.8663
v 360.8461 1117.5000 94.0608
v 357.6130 1117.5000 94.2339
v 354.3828 1117.5000 94.3844
v 351.1596 1117.5000 94.5116
v 347.9473 1117.5000 94.6144
v 344.7409 1117.5000 94.6924
v 341.5391 1117.5000 94.7451
v 338.3601 1117.5000 94.7720
v 335.2081 1117.5000 94.7729
v 332.0871 1117.5000 94.7483
v 329.0011 1117.5000 94.6988
v 325.9544 1117.5000 94.6255
v 322.9508 1117.5000 94.5301
v 319.9943 1117.5000 94.4147
v 317.0889 1117.5000 94.2818
v 314.2382 1117.5000 94.1345
v 311.4462 1117.5000 93.9761
v 308.7163 1117.5000 93.8104
v 306.0523 1117.5000 93.6412
v 303.4576 1117.5000 93.4727
v 300.9357 1117.5000 93.1324
v 298.4897 1117.5000 92.7689
v 296.1229 1117.5000 92.3835
v 293.8382 1117.5000 91.9778
v 291.6385 1117.5000 91.5533
v 289.5267 1117.5000 91.1115
v 287.5053 1117.5000 90.6542
v 285.5769 1117.5000 90.1831
v 283.7437 1117.5000 89.6998
v 282.0082 1117.5000 89.2060
v 280.3722 1117.5000 88.7035
v 278.8379 1117.5000 88.1940
v 277.4068 1117.5000 87.6792
v 276.0807 1117.5000 87.1606
v 274.8611 1117.5000 86.6398
v 273.7492 1117.5000 86.1184
v 272.7464 1117.5000 85.5977
v 271.8535 1117.5000 85.0792
v 271.0716 1117.5000 84.5641
v 270.4014 1117.5000 84.0534
v 269.8435 1117.5000 83.5483
v 269.3984 1117.5000 83.0495
v 269.0664 1117.5000 82.5579
v 268.8476 1117.5000 82.0740
v 268.7422 1117.5000 81.5984
v 268.7500 1117.5000 81.1313
v 268.8699 1117.5000 80.6798
v 269.1006 1117.5000 80.2508
v 269.4415 1117.5000 79.8445
v 269.8921 1117.5000 79.4608
v 270.4515 1117.5000 79.0997
v 271.1189 1117.5000 78.7613
v 271.8932 1117.5000 78.4456
v 272.7733 1117.5000 78.1523
v 273.7580 1117.5000 77.8815
v 274.8458 1117.5000 77.6330
v 276.0353 1117.5000 77.4066
v 277.3248 1117.5000 77.2022
v 278.7126 1117.5000 77.0193
v 280.1969 1117.5000 76.8578
v 281.7758 1117.5000 76.7172
v 283.4473 1117.5000 76.5972
v 285.2093 1117.5000 76.4972
v 287.0595 1117.5000 76.4168
v 288.9958 1117.5000 76.3554
v 291.0158 1117.5000 76.3123
v 293.1171 1117.5000 76.2868
v 295.2971 1117.5000 76.2781
v 297.5533 1117.5000 76.2855
v 299.8832 1117.5000 76.3080
v 302.2839 1117.5000 76.3447
v 304.7528 1117.5000 76.3947
v 307.2871 1117.5000 76.4568
v 309.8838 1117.5000 76.5300
v 312.5401 1117.5000 76.6132
v 315.2529 1117.5000 76.7052
v 318.0192 1117.5000 76.8049
v 320.8360 1117.5000 76.9109
v 323.7000 1117.5000 77.0222
v 326.6082 1117.5000 77.1375
v 329.5571 1117.5000 77.2556
v 332.5436 1117.5000 77.3752
v 335.5643 1117.5000 77.4952
v 338.6157 1117.5000 77.6144
v 341.6946 1117.5000 77.7316
v 344.7973 1117.5000 77.8459
v 347.9342 1117.5000 77.9576
v 351.0965 1117.5000 78.0720
v 354.2713 1117.5000 78.1890
v 357.4549 1117.5000 78.3078
v 360.6434 1117.5000 78.4276
v 363.8330 1117.5000 78.5479
v 367.0200 1117.5000 78.6678
v 370.2005 1117.5000 78.7869
v 373.3707 1117.5000 78.9045
v 376.5268 1117.5000 79.0201
v 379.6650 1117.5000 79.1334
v 382.7816 1117.5000 79.2438
v 385.8726 1117.5000 79.3511
v 388.9344 1117.5000 79.4550
v 391.9633 1117.5000 79.5553
v 394.9555 1117.5000 79.6516
v 397.9073 1117.5000 79.7440
v 400.8152 1117.5000 79.8323
v 403.6756 1117.5000 79.9165
v 406.4849 1117.5000 79.9965
v 409.2397 1117.5000 80.0724
v 411.9365 1117.5000 80.1441
v 414.5721 1117.5000 80.2119
v 417.1430 1117.5000 80.2757
v 419.6461 1117.5000 80.3357
v 422.0783 1117.5000 80.3920
v 424.4365 1117.5000 80.4447
v 426.7177 1117.5000 80.4940
v 428.9191 1117.5000 80.5400
v 431.0378 1117.5000 80.5829
v 433.0712 1117.5000 80.6229
v 435.0167 1117.5000 80.6600
v 436.8717 1117.5000 80.6944
v 438.6340 1117.5000 80.7263
v 440.3013 1117.5000 80.7557
v 441.8714 1117.5000 80.7827
v 443.3422 1117.5000 80.8076
v 444.7120 1117.5000 80.8302
v 445.9788 1117.5000 80.8509
v 447.1412 1117.5000 80.8695
v 448.1974 1117.5000 80.8862
v 449.1462 1117.5000 80.9010
v 449.9864 1117.5000 80.9140
v 450.7168 1117.5000 80.9252
v 451.3364 1117.5000 80.9347
v 451.8445 1117.5000 80.9424
v 452.2404 1117.5000 80.9483
v 452.5236 1117.5000 80.9526
v 452.6936 1117.5000 80.9551
v 452.7503 1117.5000 80.9560
v 444.7487 1145.0000 84.0183
v 444.6957 1145.0000 84.0296
v 444.5368 1145.0000 84.0636
v 444.2721 1145.0000 84.1201
v 443.9019 1145.0000 84.1990
v 443.4266 1145.0000 84.2998
v 442.8469 1145.0000 84.4221
v 442.1632 1145.0000 84.5656
v 441.3765 1145.0000 84.7297
v 440.4875 1145.0000 84.9136
v 439.4973 1145.0000 85.1168
v 438.4070 1145.0000 85.3384
v 437.2179 1145.0000 85.5776
v 435.9312 1145.0000 85.8335
v 434.5485 1145.0000 86.1051
v 433.0713 1145.0000 86.3915
v 431.5014 1145.0000 86.6917
v 429.8405 1145.0000 87.0044
v 428.0905 1145.0000 87.3286
v 426.2536 1145.0000 87.6290
v 424.3318 1145.0000 87.9423
v 422.3273 1145.0000 88.2672
v 420.2425 1145.0000 88.6020
v 418.0798 1145.0000 88.9452
v 415.8417 1145.0000 89.2952
v 413.5310 1145.0000 89.6503
v 411.1503 1145.0000 90.0089
v 408.7024 1145.0000 90.3697
v 406.1902 1145.0000 90.7310
v 403.6168 1145.0000 91.0914
v 400.9852 1145.0000 91.4496
v 398.2986 1145.0000 91.8042
v 395.5602 1145.0000 92.1539
v 392.7732 1145.0000 92.4976
v 389.9411 1145.0000 92.8339
v 387.0673 1145.0000 93.1617
v 384.1552 1145.0000 93.4799
v 381.2084 1145.0000 93.7873
v 378.2305 1145.0000 94.0828
v 375.2252 1145.0000 94.3654
v 372.1960 1145.0000 94.6338
v 369.1468 1145.0000 94.8871
v 366.0812 1145.0000 95.1240
v 363.0032 1145.0000 95.3437
v 359.9164 1145.0000 95.5449
v 356.8247 1145.0000 95.7266
v 353.7319 1145.0000 95.8878
v 350.6420 1145.0000 96.0275
v 347.5587 1145.0000 96.1448
v 344.4860 1145.0000 96.2389
v 341.4188 1145.0000 96.3092
v 338.3562 1145.0000 96.3554
v 335.3154 1145.0000 96.3768
v 332.3004 1145.0000 96.3735
v 329.3151 1145.0000 96.3458
v 326.3635 1145.0000 96.2943
v 323.4493 1145.0000 96.2201
v 320.5764 1145.0000 96.1249
v 317.7486 1145.0000 96.0105
v 314.9697 1145.0000 95.8795
v 312.2432 1145.0000 95.7348
v 309.5727 1145.0000 95.5796
v 306.9618 1145.0000 95.4174
v 304.4138 1145.0000 95.2521
v 301.9321 1145.0000 95.0874
v 299.5203 1145.0000 94.7585
v 297.1812 1145.0000 94.4075
v 294.9178 1145.0000 94.0358
v 292.7330 1145.0000 93.6446
v 290.6295 1145.0000 93.2356
v 288.6101 1145.0000 92.8103
v 286.6772 1145.0000 92.3702
v 284.8333 1145.0000 91.9170
v 283.0805 1145.0000 91.4522
v 281.4211 1145.0000 90.9776
v 279.8569 1145.0000 90.4948
v 278.3899 1145.0000 90.0054
v 277.0218 1145.0000 89.5110
v 275.7540 1145.0000 89.0132
v 274.5881 1145.0000 88.5134
v 273.5253 1145.0000 88.0132
v 272.5668 1145.0000 87.5138
v 271.7134 1145.0000 87.0167
v 270.9662 1145.0000 86.5229
v 270.3258 1145.0000 86.0335
v 269.7929 1145.0000 85.5496
v 269.3678 1145.0000 85.0719
v 269.0508 1145.0000 84.6012
v 268.8422 1145.0000 84.1381
v 268.7420 1145.0000 83.6830
v 268.7501 1145.0000 83.2362
v 268.8654 1145.0000 82.8045
v 269.0866 1145.0000 82.3945
v 269.4133 1145.0000 82.0063
v 269.8448 1145.0000 81.6399
v 270.3803 1145.0000 81.2953
v 271.0191 1145.0000 80.9725
v 271.7602 1145.0000 80.6715
v 272.6025 1145.0000 80.3922
v 273.5447 1145.0000 80.1345
v 274.5856 1145.0000 79.8982
v 275.7236 1145.0000 79.6833
v 276.9573 1145.0000 79.4894
v 278.2850 1145.0000 79.3163
v 279.7050 1145.0000 79.1638
v 281.2155 1145.0000 79.0315
v 282.8145 1145.0000 78.9189
v 284.4999 1145.0000 78.8256
v 286.2699 1145.0000 78.7512
v 288.1221 1145.0000 78.6950
v 290.0543 1145.0000 78.6565
v 292.0642 1145.0000 78.6349
v 294.1494 1145.0000 78.6295
v 296.3076 1145.0000 78.6396
v 298.5361 1145.0000 78.6642
v 300.8324 1145.0000 78.7026
v 303.1939 1145.0000 78.7536
v 305.6179 1145.0000 78.8164
v 308.1016 1145.0000 78.8899
v 310.6423 1145.0000 78.9731
v 313.2370 1145.0000 79.0647
v 315.8829 1145.0000 79.1637
v 318.5771 1145.0000 79.2690
v 321.3164 1145.0000 79.3792
v 324.0980 1145.0000 79.4934
v 326.9186 1145.0000 79.6103
v 329.7750 1145.0000 79.7287
v 332.6642 1145.0000 79.8475
v 335.5828 1145.0000 79.9656
v 338.5276 1145.0000 80.0818
v 341.4953 1145.0000 80.1952
v 344.4956 1145.0000 80.3063
v 347.5203 1145.0000 80.4199
v 350.5570 1145.0000 80.5361
v 353.6019 1145.0000 80.6540
v 356.6516 1145.0000 80.7729
v 359.7024 1145.0000 80.8921
v 362.7507 1145.0000 81.0111
v 365.7927 1145.0000 81.1292
v 368.8249 1145.0000 81.2460
v 371.8437 1145.0000 81.3608
v 374.8453 1145.0000 81.4733
v 377.8262 1145.0000 81.5831
v 380.7827 1145.0000 81.6899
v 383.7112 1145.0000 81.7934
v 386.6083 1145.0000 81.8933
v 389.4702 1145.0000 81.9895
v 392.2936 1145.0000 82.0818
v 395.0750 1145.0000 82.1702
v 397.8109 1145.0000 82.2545
v 400.4980 1145.0000 82.3348
v 403.1329 1145.0000 82.4110
v 405.7123 1145.0000 82.4833
v 408.2332 1145.0000 82.5516
v 410.6922 1145.0000 82.6160
v 413.0864 1145.0000 82.6767
v 415.4128 1145.0000 82.7338
v 417.6684 1145.0000 82.7874
v 419.8503 1145.0000 82.8376
v 421.9559 1145.0000 82.8846
v 423.9825 1145.0000 82.9285
v 425.9274 1145.0000 82.9694
v 427.7883 1145.0000 83.0075
v 429.5626 1145.0000 83.0429
v 431.2483 1145.0000 83.0757
v 432.8430 1145.0000 83.1061
v 434.3448 1145.0000 83.1341
v 435.7517 1145.0000 83.1598
v 437.0618 1145.0000 83.1833
v 438.2736 1145.0000 83.2047
v 439.3853 1145.0000 83.2241
v 440.3956 1145.0000 83.2415
v 441.3032 1145.0000 83.2569
v 442.1068 1145.0000 83.2705
v 442.8054 1145.0000 83.2822
v 443.3981 1145.0000 83.2920
v 443.8841 1145.0000 83.3001
v 444.2628 1145.0000 83.3063
v 444.5336 1145.0000 83.3107
v 444.6962 1145.0000 83.3134
v 444.7505 1145.0000 83.3143
v 436.7478 1172.5000 86.3278
v 436.6972 1172.5000 86.3386
v 436.5454 1172.5000 86.3708
v 436.2926 1172.5000 86.4244
v 435.9392 1172.5000 86.4992
v 435.4854 1172.5000 86.5948
v 434.9318 1172.5000 86.7108
v 434.2791 1172.5000 86.8469
v 433.5279 1172.5000 87.0024
v 432.6790 1172.5000 87.1768
v 431.7336 1172.5000 87.3694
v 430.6926 1172.5000 87.5795
v 429.5571 1172.5000 87.8062
v 428.3286 1172.5000 88.0488
v 427.0084 1172.5000 88.3062
v 425.5980 1172.5000 88.5777
v 424.0990 1172.5000 88.8620
v 422.5132 1172.5000 89.1583
v 420.8423 1172.5000 89.4655
v 419.0885 1172.5000 89.7498
v 417.2536 1172.5000 90.0463
v 415.3398 1172.5000 90.3538
v 413.3494 1172.5000 90.6706
v 411.2845 1172.5000 90.9953
v 409.1477 1172.5000 91.3263
v 406.9415 1172.5000 91.6622
v 404.6685 1172.5000 92.0014
v 402.3314 1172.5000 92.3425
v 399.9330 1172.5000 92.6840
v 397.4761 1172.5000 93.0246
v 394.9637 1172.5000 93.3630
v 392.3987 1172.5000 93.6979
v 389.7843 1172.5000 94.0281
v 387.1235 1172.5000 94.3524
v 384.4197 1172.5000 94.6697
v 381.6761 1172.5000 94.9788
v 378.8959 1172.5000 95.2786
v 376.0827 1172.5000 95.5681
v 373.2398 1172.5000 95.8463
v 370.3706 1172.5000 96.1119
v 367.4788 1172.5000 96.3641
v 364.5679 1172.5000 96.6018
v 361.6413 1172.5000 96.8239
v 358.7029 1172.5000 97.0295
v 355.7561 1172.5000 97.2174
v 352.8047 1172.5000 97.3868
v 349.8524 1172.5000 97.5365
v 346.9027 1172.5000 97.6658
v 343.9594 1172.5000 97.7736
v 341.0262 1172.5000 97.8593
v 338.0984 1172.5000 97.9224
v 335.1749 1172.5000 97.9624
v 332.2724 1172.5000 97.9788
v 329.3944 1172.5000 97.9716
v 326.5448 1172.5000 97.9411
v 323.7274 1172.5000 97.8880
v 320.9458 1172.5000 97.8134
v 318.2036 1172.5000 97.7186
v 315.5045 1172.5000 97.6057
v 312.8521 1172.5000 97.4770
v 310.2497 1172.5000 97.3352
v 307.7008 1172.5000 97.1835
v 305.2088 1172.5000 97.0252
v 302.7769 1172.5000 96.8640
v 300.4082 1172.5000 96.7034
v 298.1065 1172.5000 96.3863
v 295.8742 1172.5000 96.0482
v 293.7141 1172.5000 95.6903
v 291.6291 1172.5000 95.3140
v 289.6218 1172.5000 94.9208
v 287.6948 1172.5000 94.5121
v 285.8503 1172.5000 94.0894
v 284.0908 1172.5000 93.6543
v 282.4183 1172.5000 93.2084
v 280.8350 1172.5000 92.7532
v 279.3426 1172.5000 92.2902
v 277.9429 1172.5000 91.8211
v 276.6376 1172.5000 91.3473
v 275.4281 1172.5000 90.8704
v 274.3159 1172.5000 90.3919
v 273.3021 1172.5000 89.9129
v 272.3877 1172.5000 89.4350
v 271.5739 1172.5000 88.9593
v 270.8613 1172.5000 88.4870
v 270.2507 1172.5000 88.0190
v 269.7426 1172.5000 87.5564
v 269.3374 1172.5000 87.0998
v 269.0355 1172.5000 86.6501
v 268.8370 1172.5000 86.2078
v 268.7420 1172.5000 85.7732
v 268.7503 1172.5000 85.3468
v 268.8609 1172.5000 84.9348
v 269.0726 1172.5000 84.5438
v 269.3850 1172.5000 84.1736
v 269.7973 1172.5000 83.8244
v 270.3090 1172.5000 83.4962
v 270.9192 1172.5000 83.1890
v 271.6270 1172.5000 82.9026
v 272.4314 1172.5000 82.6371
v 273.3311 1172.5000 82.3924
v 274.3249 1172.5000 82.1683
v 275.4115 1172.5000 81.9646
v 276.5894 1172.5000 81.7812
v 277.8570 1172.5000 81.6178
v 279.2127 1172.5000 81.4741
v 280.6547 1172.5000 81.3498
v 282.1811 1172.5000 81.2444
v 283.7901 1172.5000 81.1577
v 285.4797 1172.5000 81.0890
v 287.2477 1172.5000 81.0378
v 289.0922 1172.5000 81.0036
v 291.0107 1172.5000 80.9857
v 293.0012 1172.5000 80.9833
v 295.0612 1172.5000 80.9958
v 297.1884 1172.5000 81.0223
v 299.3803 1172.5000 81.0620
v 301.6344 1172.5000 81.1138
v 303.9481 1172.5000 81.1770
v 306.3188 1172.5000 81.2505
v 308.7439 1172.5000 81.3332
v 311.2206 1172.5000 81.4242
v 313.7461 1172.5000 81.5222
v 316.3176 1172.5000 81.6262
v 318.9323 1172.5000 81.7352
v 321.5873 1172.5000 81.8478
v 324.2795 1172.5000 81.9632
v 327.0060 1172.5000 82.0800
v 329.7637 1172.5000 82.1972
v 332.5495 1172.5000 82.3138
v 335.3603 1172.5000 82.4287
v 338.1928 1172.5000 82.5410
v 341.0567 1172.5000 82.6509
v 343.9437 1172.5000 82.7635
v 346.8422 1172.5000 82.8784
v 349.7486 1172.5000 82.9950
v 352.6595 1172.5000 83.1125
v 355.5714 1172.5000 83.2305
v 358.4810 1172.5000 83.3481
v 361.3846 1172.5000 83.4649
v 364.2788 1172.5000 83.5803
v 367.1602 1172.5000 83.6940
v 370.0252 1172.5000 83.8054
v 372.8705 1172.5000 83.9142
v 375.6924 1172.5000 84.0201
v 378.4877 1172.5000 84.1227
v 381.2529 1172.5000 84.2220
v 383.9847 1172.5000 84.3176
v 386.6796 1172.5000 84.4095
v 389.3344 1172.5000 84.4975
v 391.9459 1172.5000 84.5817
v 394.5107 1172.5000 84.6619
v 397.0257 1172.5000 84.7382
v 399.4878 1172.5000 84.8106
v 401.8940 1172.5000 84.8791
v 404.2412 1172.5000 84.9439
v 406.5265 1172.5000 85.0051
v 408.7470 1172.5000 85.0627
v 410.9000 1172.5000 85.1168
v 412.9827 1172.5000 85.1677
v 414.9925 1172.5000 85.2153
v 416.9269 1172.5000 85.2599
v 418.7834 1172.5000 85.3016
v 420.5596 1172.5000 85.3404
v 422.2533 1172.5000 85.3766
v 423.8622 1172.5000 85.4101
v 425.3844 1172.5000 85.4412
v 426.8179 1172.5000 85.4699
v 428.1608 1172.5000 85.4964
v 429.4114 1172.5000 85.5206
v 430.5680 1172.5000 85.5426
v 431.6292 1172.5000 85.5626
v 432.5936 1172.5000 85.5806
v 433.4598 1172.5000 85.5965
v 434.2269 1172.5000 85.6105
v 434.8937 1172.5000 85.6226
v 435.4595 1172.5000 85.6328
v 435.9234 1172.5000 85.6411
v 436.2848 1172.5000 85.6476
v 436.5433 1172.5000 85.6522
v 436.6986 1172.5000 85.6549
v 436.7504 1172.5000 85.6558
v 428.7467 1200.0000 88.6206
v 428.6985 1200.0000 88.6308
v 428.5539 1200.0000 88.6613
v 428.3131 1200.0000 88.7120
v 427.9764 1200.0000 88.7828
v 427.5441 1200.0000 88.8732
v 427.0167 1200.0000 88.9830
v 426.3948 1200.0000 89.1117
v 425.6792 1200.0000 89.2588
v 424.8706 1200.0000 89.4238
v 423.9699 1200.0000 89.6060
v 422.9781 1200.0000 89.8047
v 421.8965 1200.0000 90.0191
v 420.7262 1200.0000 90.2485
v 419.4685 1200.0000 90.4919
v 418.1249 1200.0000 90.7485
v 416.6969 1200.0000 91.0173
v 415.1862 1200.0000 91.2974
v 413.5945 1200.0000 91.5878
v 411.9238 1200.0000 91.8562
v 410.1759 1200.0000 92.1361
v 408.3528 1200.0000 92.4264
v 406.4567 1200.0000 92.7255
v 404.4898 1200.0000 93.0320
v 402.4543 1200.0000 93.3444
v 400.3527 1200.0000 93.6614
v 398.1875 1200.0000 93.9814
v 395.9613 1200.0000 94.3031
v 393.6766 1200.0000 94.6252
v 391.3362 1200.0000 94.9463
v 388.9430 1200.0000 95.2653
v 386.4997 1200.0000 95.5808
v 384.0093 1200.0000 95.8918
v 381.4749 1200.0000 96.1971
v 378.8994 1200.0000 96.4957
v 376.2860 1200.0000 96.7864
v 373.6378 1200.0000 97.0683
v 370.9582 1200.0000 97.3403
v 368.2503 1200.0000 97.6014
v 365.5174 1200.0000 97.8506
v 362.7630 1200.0000 98.0869
v 359.9903 1200.0000 98.3094
v 357.2028 1200.0000 98.5170
v 354.4040 1200.0000 98.7089
v 351.5974 1200.0000 98.8840
v 348.7863 1200.0000 99.0413
v 345.9743 1200.0000 99.1800
v 343.1649 1200.0000 99.2992
v 340.3617 1200.0000 99.3980
v 337.5681 1200.0000 99.4757
v 334.7796 1200.0000 99.5319
v 331.9953 1200.0000 99.5661
v 329.2309 1200.0000 99.5778
v 326.4900 1200.0000 99.5672
v 323.7761 1200.0000 99.5344
v 321.0929 1200.0000 99.4801
v 318.4439 1200.0000 99.4053
v 315.8324 1200.0000 99.3114
v 313.2620 1200.0000 99.2002
v 310.7361 1200.0000 99.0741
v 308.2578 1200.0000 98.9356
v 305.8305 1200.0000 98.7877
v 303.4574 1200.0000 98.6337
v 301.1415 1200.0000 98.4769
v 298.8858 1200.0000 98.3209
v 296.6941 1200.0000 98.0158
v 294.5685 1200.0000 97.6908
v 292.5118 1200.0000 97.3471
v 290.5266 1200.0000 96.9859
v 288.6155 1200.0000 96.6088
v 286.7807 1200.0000 96.2170
v 285.0246 1200.0000 95.8120
v 283.3495 1200.0000 95.3953
v 281.7572 1200.0000 94.9683
v 280.2499 1200.0000 94.5327
v 278.8292 1200.0000 94.0898
v 277.4968 1200.0000 93.6411
v 276.2543 1200.0000 93.1882
v 275.1030 1200.0000 92.7324
v 274.0444 1200.0000 92.2751
v 273.0795 1200.0000 91.8177
v 272.2093 1200.0000 91.3613
v 271.4349 1200.0000 90.9072
v 270.7568 1200.0000 90.4564
v 270.1759 1200.0000 90.0099
v 269.6926 1200.0000 89.5686
v 269.3074 1200.0000 89.1333
v 269.0204 1200.0000 88.7046
v 268.8320 1200.0000 88.2830
v 268.7420 1200.0000 87.8690
v 268.7505 1200.0000 87.4629
v 268.8565 1200.0000 87.0707
v 269.0586 1200.0000 86.6986
v 269.3565 1200.0000 86.3465
v 269.7497 1200.0000 86.0145
v 270.2375 1200.0000 85.7026
v 270.8190 1200.0000 85.4107
v 271.4935 1200.0000 85.1390
v 272.2599 1200.0000 84.8872
v 273.1171 1200.0000 84.6553
v 274.0639 1200.0000 84.4432
v 275.0991 1200.0000 84.2507
v 276.2211 1200.0000 84.0775
v 277.4286 1200.0000 83.9236
v 278.7199 1200.0000 83.7885
v 280.0933 1200.0000 83.6720
v 281.5472 1200.0000 83.5738
v 283.0797 1200.0000 83.4933
v 284.6889 1200.0000 83.4301
v 286.3728 1200.0000 83.3837
v 288.1295 1200.0000 83.3536
v 289.9567 1200.0000 83.3391
v 291.8524 1200.0000 83.3395
v 293.8143 1200.0000 83.3541
v 295.8402 1200.0000 83.3822
v 297.9277 1200.0000 83.4229
v 300.0743 1200.0000 83.4753
v 302.2778 1200.0000 83.5385
v 304.5355 1200.0000 83.6116
v 306.8450 1200.0000 83.6937
v 309.2036 1200.0000 83.7836
v 311.6087 1200.0000 83.8803
v 314.0577 1200.0000 83.9828
v 316.5477 1200.0000 84.0900
v 319.0761 1200.0000 84.2009
v 321.6399 1200.0000 84.3143
v 324.2364 1200.0000 84.4291
v 326.8626 1200.0000 84.5445
v 329.5156 1200.0000 84.6592
v 332.1924 1200.0000 84.7724
v 334.8900 1200.0000 84.8830
v 337.6173 1200.0000 84.9916
v 340.3667 1200.0000 85.1026
v 343.1270 1200.0000 85.2159
v 345.8948 1200.0000 85.3308
v 348.6669 1200.0000 85.4466
v 351.4401 1200.0000 85.5628
v 354.2109 1200.0000 85.6787
v 356.9761 1200.0000 85.7938
v 359.7323 1200.0000 85.9076
v 362.4764 1200.0000 86.0197
v 365.2048 1200.0000 86.1296
v 367.9144 1200.0000 86.2370
v 370.6019 1200.0000 86.3416
v 373.2639 1200.0000 86.4431
v 375.8973 1200.0000 86.5413
v 378.4988 1200.0000 86.6360
v 381.0653 1200.0000 86.7271
v 383.5936 1200.0000 86.8144
v 386.0805 1200.0000 86.8981
v 388.5231 1200.0000 86.9779
v 390.9183 1200.0000 87.0539
v 393.2631 1200.0000 87.1261
v 395.5546 1200.0000 87.1946
v 397.7899 1200.0000 87.2594
v 399.9663 1200.0000 87.3207
v 402.0810 1200.0000 87.3785
v 404.1314 1200.0000 87.4329
v 406.1149 1200.0000 87.4841
v 408.0289 1200.0000 87.5322
v 409.8711 1200.0000 87.5772
v 411.6391 1200.0000 87.6194
v 413.3307 1200.0000 87.6587
v 414.9437 1200.0000 87.6954
v 416.4760 1200.0000 87.7295
v 417.9256 1200.0000 87.7611
v 419.2908 1200.0000 87.7904
v 420.5697 1200.0000 87.8173
v 421.7607 1200.0000 87.8421
v 422.8622 1200.0000 87.8646
v 423.8729 1200.0000 87.8851
v 424.7913 1200.0000 87.9034
v 425.6163 1200.0000 87.9198
v 426.3468 1200.0000 87.9341
v 426.9819 1200.0000 87.9465
v 427.5207 1200.0000 87.9570
v 427.9625 1200.0000 87.9655
v 428.3067 1200.0000 87.9722
v 428.5529 1200.0000 87.9769
v 428.7007 1200.0000 87.9797
v 428.7500 1200.0000 87.9807
v 422.3178 1207.1429 89.2021
v 422.2715 1207.1429 89.2119
v 422.1327 1207.1429 89.2411
v 421.9016 1207.1429 89.2897
v 421.5783 1207.1429 89.3574
v 421.1634 1207.1429 89.4439
v 420.6571 1207.1429 89.5491
v 420.0602 1207.1429 89.6723
v 419.3732 1207.1429 89.8132
v 418.5970 1207.1429 89.9711
v 417.7324 1207.1429 90.1456
v 416.7804 1207.1429 90.3358
v 415.7421 1207.1429 90.5411
v 414.6187 1207.1429 90.7607
v 413.4114 1207.1429 90.9938
v 412.1217 1207.1429 91.2394
v 410.7510 1207.1429 91.4968
v 409.3008 1207.1429 91.7649
v 407.7729 1207.1429 92.0428
v 406.1693 1207.1429 92.2996
v 404.4915 1207.1429 92.5675
v 402.7415 1207.1429 92.8452
v 400.9214 1207.1429 93.1314
v 399.0334 1207.1429 93.4246
v 397.0795 1207.1429 93.7235
v 395.0622 1207.1429 94.0267
v 392.9839 1207.1429 94.3329
v 390.8469 1207.1429 94.6406
v 388.6539 1207.1429 94.9486
v 386.4074 1207.1429 95.2557
v 384.1101 1207.1429 95.5607
v 381.7649 1207.1429 95.8624
v 379.3744 1207.1429 96.1597
v 376.9416 1207.1429 96.4516
v 374.4695 1207.1429 96.7369
v 371.9610 1207.1429 97.0147
v 369.4191 1207.1429 97.2840
v 366.8470 1207.1429 97.5437
v 364.2477 1207.1429 97.7931
v 361.6245 1207.1429 98.0309
v 358.9807 1207.1429 98.2565
v 356.3193 1207.1429 98.4687
v 353.6437 1207.1429 98.6667
v 350.9573 1207.1429 98.8495
v 348.2633 1207.1429 99.0162
v 345.5651 1207.1429 99.1659
v 342.8660 1207.1429 99.2976
v 340.1695 1207.1429 99.4107
v 337.4788 1207.1429 99.5042
v 334.7974 1207.1429 99.5774
v 332.1209 1207.1429 99.6300
v 329.4485 1207.1429 99.6615
v 326.7951 1207.1429 99.6714
v 324.1644 1207.1429 99.6599
v 321.5596 1207.1429 99.6271
v 318.9842 1207.1429 99.5737
v 316.4416 1207.1429 99.5006
v 313.9352 1207.1429 99.4093
v 311.4681 1207.1429 99.3014
v 309.0437 1207.1429 99.1791
v 306.6650 1207.1429 99.0450
v 304.3354 1207.1429 98.9019
v 302.0576 1207.1429 98.7529
v 299.8349 1207.1429 98.6013
v 297.6699 1207.1429 98.4505
v 295.5664 1207.1429 98.1566
v 293.5264 1207.1429 97.8436
v 291.5525 1207.1429 97.5127
v 289.6472 1207.1429 97.1652
v 287.8130 1207.1429 96.8022
v 286.0522 1207.1429 96.4253
v 284.3669 1207.1429 96.0357
v 282.7592 1207.1429 95.6350
v 281.2311 1207.1429 95.2244
v 279.7845 1207.1429 94.8055
v 278.4211 1207.1429 94.3798
v 277.1425 1207.1429 93.9485
v 275.9501 1207.1429 93.5132
v 274.8454 1207.1429 93.0752
v 273.8295 1207.1429 92.6357
v 272.9035 1207.1429 92.1962
v 272.0686 1207.1429 91.7578
v 271.3254 1207.1429 91.3215
v 270.6749 1207.1429 90.8885
v 270.1175 1207.1429 90.4597
v 269.6538 1207.1429 90.0359
v 269.2843 1207.1429 89.6178
v 269.0091 1207.1429 89.2062
v 268.8284 1207.1429 88.8015
v 268.7423 1207.1429 88.4041
v 268.7506 1207.1429 88.0143
v 268.8525 1207.1429 87.6380
v 269.0467 1207.1429 87.2809
v 269.3328 1207.1429 86.9430
v 269.7103 1207.1429 86.6246
v 270.1786 1207.1429 86.3254
v 270.7370 1207.1429 86.0456
v 271.3845 1207.1429 85.7851
v 272.1202 1207.1429 85.5438
v 272.9431 1207.1429 85.3216
v 273.8520 1207.1429 85.1185
v 274.8456 1207.1429 84.9342
v 275.9227 1207.1429 84.7686
v 277.0817 1207.1429 84.6214
v 278.3211 1207.1429 84.4924
v 279.6395 1207.1429 84.3812
v 281.0350 1207.1429 84.2876
v 282.5060 1207.1429 84.2110
v 284.0505 1207.1429 84.1512
v 285.6668 1207.1429 84.1075
v 287.3529 1207.1429 84.0794
v 289.1068 1207.1429 84.0663
v 290.9263 1207.1429 84.0676
v 292.8094 1207.1429 84.0826
v 294.7538 1207.1429 84.1105
v 296.7574 1207.1429 84.1506
v 298.8178 1207.1429 84.2019
v 300.9327 1207.1429 84.2637
v 303.0996 1207.1429 84.3349
v 305.3163 1207.1429 84.4148
v 307.5801 1207.1429 84.5022
v 309.8885 1207.1429 84.5962
v 312.2390 1207.1429 84.6957
v 314.6290 1207.1429 84.7998
v 317.0557 1207.1429 84.9074
v 319.5165 1207.1429 85.0175
v 322.0086 1207.1429 85.1290
v 324.5292 1207.1429 85.2410
v 327.0756 1207.1429 85.3524
v 329.6448 1207.1429 85.4623
v 332.2339 1207.1429 85.5698
v 334.8516 1207.1429 85.6753
v 337.4905 1207.1429 85.7831
v 340.1398 1207.1429 85.8932
v 342.7964 1207.1429 86.0048
v 345.4570 1207.1429 86.1173
v 348.1187 1207.1429 86.2302
v 350.7781 1207.1429 86.3427
v 353.4322 1207.1429 86.4545
v 356.0776 1207.1429 86.5651
v 358.7114 1207.1429 86.6740
v 361.3301 1207.1429 86.7807
v 363.9308 1207.1429 86.8851
v 366.5102 1207.1429 86.9868
v 369.0653 1207.1429 87.0855
v 371.5928 1207.1429 87.1810
v 374.0898 1207.1429 87.2731
v 376.5531 1207.1429 87.3618
v 378.9797 1207.1429 87.4469
v 381.3667 1207.1429 87.5283
v 383.7111 1207.1429 87.6061
v 386.0100 1207.1429 87.6802
v 388.2606 1207.1429 87.7506
v 390.4599 1207.1429 87.8175
v 392.6054 1207.1429 87.8808
v 394.6944 1207.1429 87.9406
v 396.7241 1207.1429 87.9971
v 398.6921 1207.1429 88.0504
v 400.5958 1207.1429 88.1004
v 402.4329 1207.1429 88.1475
v 404.2011 1207.1429 88.1916
v 405.8980 1207.1429 88.2329
v 407.5216 1207.1429 88.2715
v 409.0698 1207.1429 88.3074
v 410.5405 1207.1429 88.3409
v 411.9319 1207.1429 88.3720
v 413.2422 1207.1429 88.4007
v 414.4697 1207.1429 88.4272
v 415.6129 1207.1429 88.4515
v 416.6701 1207.1429 88.4737
v 417.6401 1207.1429 88.4938
v 418.5216 1207.1429 88.5118
v 419.3135 1207.1429 88.5279
v 420.0147 1207.1429 88.5421
v 420.6242 1207.1429 88.5543
v 421.1413 1207.1429 88.5646
v 421.5654 1207.1429 88.5730
v 421.8958 1207.1429 88.5795
v 422.1321 1207.1429 88.5841
v 422.2740 1207.1429 88.5869
v 422.3213 1207.1429 88.5879
v 415.8889 1214.2857 89.7788
v 415.8445 1214.2857 89.7881
v 415.7115 1214.2857 89.8161
v 415.4900 1214.2857 89.8625
v 415.1803 1214.2857 89.9272
v 414.7827 1214.2857 90.0099
v 414.2976 1214.2857 90.1104
v 413.7256 1214.2857 90.2282
v 413.0673 1214.2857 90.3629
v 412.3235 1214.2857 90.5139
v 411.4950 1214.2857 90.6806
v 410.5828 1214.2857 90.8624
v 409.5879 1214.2857 91.0586
v 408.5114 1214.2857 91.2685
v 407.3545 1214.2857 91.4912
v 406.1186 1214.2857 91.7259
v 404.8052 1214.2857 91.9719
v 403.4156 1214.2857 92.2281
v 401.9515 1214.2857 92.4936
v 400.4149 1214.2857 92.7389
v 398.8072 1214.2857 92.9948
v 397.1303 1214.2857 93.2600
v 395.3863 1214.2857 93.5333
v 393.5771 1214.2857 93.8134
v 391.7050 1214.2857 94.0989
v 389.7720 1214.2857 94.3884
v 387.7805 1214.2857 94.6807
v 385.7328 1214.2857 94.9746
v 383.6314 1214.2857 95.2687
v 381.4788 1214.2857 95.5619
v 379.2776 1214.2857 95.8530
v 377.0304 1214.2857 96.1409
v 374.7398 1214.2857 96.4246
v 372.4088 1214.2857 96.7031
v 370.0400 1214.2857 96.9753
v 367.6363 1214.2857 97.2403
v 365.2007 1214.2857 97.4971
v 362.7361 1214.2857 97.7447
v 360.2456 1214.2857 97.9824
v 357.7321 1214.2857 98.2090
v 355.1988 1214.2857 98.4239
v 352.6487 1214.2857 98.6259
v 350.0851 1214.2857 98.8143
v 347.5110 1214.2857 98.9882
v 344.9297 1214.2857 99.1466
v 342.3444 1214.2857 99.2888
v 339.7582 1214.2857 99.4138
v 337.1745 1214.2857 99.5208
v 334.5964 1214.2857 99.6091
v 332.0272 1214.2857 99.6780
v 329.4627 1214.2857 99.7271
v 326.9021 1214.2857 99.7559
v 324.3599 1214.2857 99.7642
v 321.8392 1214.2857 99.7519
v 319.3435 1214.2857 99.7193
v 316.8760 1214.2857 99.6669
v 314.4399 1214.2857 99.5956
v 312.0384 1214.2857 99.5069
v 309.6746 1214.2857 99.4023
v 307.3517 1214.2857 99.2840
v 305.0727 1214.2857 99.1544
v 302.8406 1214.2857 99.0161
v 300.6583 1214.2857 98.8723
v 298.5287 1214.2857 98.7260
v 296.4544 1214.2857 98.5804
v 294.4391 1214.2857 98.2979
v 292.4847 1214.2857 97.9970
v 290.5935 1214.2857 97.6790
v 288.7682 1214.2857 97.3451
v 287.0109 1214.2857 96.9965
v 285.3240 1214.2857 96.6345
v 283.7094 1214.2857 96.2604
v 282.1692 1214.2857 95.8757
v 280.7053 1214.2857 95.4816
v 279.3195 1214.2857 95.0795
v 278.0134 1214.2857 94.6709
v 276.7884 1214.2857 94.2571
v 275.6462 1214.2857 93.8395
v 274.5879 1214.2857 93.4192
v 273.6147 1214.2857 92.9977
v 272.7278 1214.2857 92.5762
v 271.9280 1214.2857 92.1557
v 271.2162 1214.2857 91.7373
v 270.5930 1214.2857 91.3221
v 270.0592 1214.2857 90.9110
v 269.6151 1214.2857 90.5047
v 269.2612 1214.2857 90.1040
v 268.9978 1214.2857 89.7095
v 268.8248 1214.2857 89.3216
v 268.7425 1214.2857 88.9408
v 268.7507 1214.2857 88.5674
v 268.8485 1214.2857 88.2068
v 269.0347 1214.2857 87.8647
v 269.3090 1214.2857 87.5412
v 269.6709 1214.2857 87.2362
v 270.1198 1214.2857 86.9498
v 270.6549 1214.2857 86.6820
v 271.2754 1214.2857 86.4327
v 271.9804 1214.2857 86.2018
v 272.7690 1214.2857 85.9894
v 273.6399 1214.2857 85.7952
v 274.5920 1214.2857 85.6191
v 275.6241 1214.2857 85.4609
v 276.7346 1214.2857 85.3204
v 277.9223 1214.2857 85.1974
v 279.1855 1214.2857 85.0915
v 280.5226 1214.2857 85.0025
v 281.9321 1214.2857 84.9299
v 283.4120 1214.2857 84.8732
v 284.9607 1214.2857 84.8321
v 286.5762 1214.2857 84.8060
v 288.2566 1214.2857 84.7943
v 290.0000 1214.2857 84.7965
v 291.8042 1214.2857 84.8117
v 293.6672 1214.2857 84.8394
v 295.5869 1214.2857 84.8787
v 297.5610 1214.2857 84.9289
v 299.5874 1214.2857 84.9891
v 301.6636 1214.2857 85.0584
v 303.7874 1214.2857 85.1359
v 305.9564 1214.2857 85.2208
v 308.1682 1214.2857 85.3119
v 310.4203 1214.2857 85.4085
v 312.7101 1214.2857 85.5093
v 315.0352 1214.2857 85.6136
v 317.3929 1214.2857 85.7202
v 319.7807 1214.2857 85.8283
v 322.1957 1214.2857 85.9367
v 324.6354 1214.2857 86.0447
v 327.0970 1214.2857 86.1512
v 329.5777 1214.2857 86.2555
v 332.0857 1214.2857 86.3578
v 334.6141 1214.2857 86.4624
v 337.1525 1214.2857 86.5691
v 339.6978 1214.2857 86.6773
v 342.2471 1214.2857 86.7864
v 344.7972 1214.2857 86.8958
v 347.3453 1214.2857 87.0049
v 349.8882 1214.2857 87.1133
v 352.4229 1214.2857 87.2205
v 354.9463 1214.2857 87.3261
v 357.4554 1214.2857 87.4296
v 359.9471 1214.2857 87.5309
v 362.4185 1214.2857 87.6295
v 364.8666 1214.2857 87.7253
v 367.2883 1214.2857 87.8180
v 369.6806 1214.2857 87.9075
v 372.0408 1214.2857 87.9937
v 374.3658 1214.2857 88.0763
v 376.6529 1214.2857 88.1555
v 378.8991 1214.2857 88.2311
v 381.1017 1214.2857 88.3032
v 383.2580 1214.2857 88.3718
v 385.3653 1214.2857 88.4369
v 387.4210 1214.2857 88.4986
v 389.4224 1214.2857 88.5569
v 391.3671 1214.2857 88.6120
v 393.2527 1214.2857 88.6640
v 395.0767 1214.2857 88.7129
v 396.8369 1214.2857 88.7588
v 398.5311 1214.2857 88.8019
v 400.1570 1214.2857 88.8423
v 401.7126 1214.2857 88.8800
v 403.1959 1214.2857 88.9152
v 404.6050 1214.2857 88.9480
v 405.9382 1214.2857 88.9785
v 407.1936 1214.2857 89.0066
v 408.3697 1214.2857 89.0326
v 409.4650 1214.2857 89.0564
v 410.4780 1214.2857 89.0781
v 411.4074 1214.2857 89.0979
v 412.2520 1214.2857 89.1156
v 413.0107 1214.2857 89.1314
v 413.6825 1214.2857 89.1453
v 414.2665 1214.2857 89.1573
v 414.7620 1214.2857 89.1674
v 415.1683 1214.2857 89.1756
v 415.4848 1214.2857 89.1820
v 415.7112 1214.2857 89.1866
v 415.8472 1214.2857 89.1893
v 415.8925 1214.2857 89.1903
v 409.4600 1221.4286 90.3507
v 409.4176 1221.4286 90.3596
v 409.2904 1221.4286 90.3862
v 409.0786 1221.4286 90.4305
v 408.7823 1221.4286 90.4922
v 408.4020 1221.4286 90.5712
v 407.9381 1221.4286 90.6670
v 407.3910 1221.4286 90.7794
v 406.7614 1221.4286 90.9079
v 406.0500 1221.4286 91.0519
v 405.2577 1221.4286 91.2109
v 404.3852 1221.4286 91.3844
v 403.4337 1221.4286 91.5715
v 402.4041 1221.4286 91.7717
v 401.2977 1221.4286 91.9842
v 400.1157 1221.4286 92.2081
v 398.8595 1221.4286 92.4426
v 397.5305 1221.4286 92.6870
v 396.1303 1221.4286 92.9402
v 394.6606 1221.4286 93.1741
v 393.1231 1221.4286 93.4180
v 391.5194 1221.4286 93.6709
v 389.8514 1221.4286 93.9314
v 388.1211 1221.4286 94.1984
v 386.3306 1221.4286 94.4705
v 384.4819 1221.4286 94.7464
v 382.5773 1221.4286 95.0250
v 380.6189 1221.4286 95.3051
v 378.6092 1221.4286 95.5853
v 376.5505 1221.4286 95.8647
v 374.4453 1221.4286 96.1420
v 372.2962 1221.4286 96.4163
v 370.1056 1221.4286 96.6865
v 367.8762 1221.4286 96.9517
v 365.6108 1221.4286 97.2109
v 363.3120 1221.4286 97.4632
v 360.9827 1221.4286 97.7076
v 358.6257 1221.4286 97.9432
v 356.2438 1221.4286 98.1693
v 353.8400 1221.4286 98.3849
v 351.4173 1221.4286 98.5891
v 348.9785 1221.4286 98.7811
v 346.5268 1221.4286 98.9601
v 344.0651 1221.4286 99.1251
v 341.5965 1221.4286 99.2754
v 339.1241 1221.4286 99.4101
v 336.6508 1221.4286 99.5284
v 334.1799 1221.4286 99.6295
v 331.7145 1221.4286 99.7127
v 329.2575 1221.4286 99.7773
v 326.8050 1221.4286 99.8231
v 324.3563 1221.4286 99.8495
v 321.9251 1221.4286 99.8562
v 319.5146 1221.4286 99.8432
v 317.1279 1221.4286 99.8108
v 314.7682 1221.4286 99.7595
v 312.4386 1221.4286 99.6902
v 310.1420 1221.4286 99.6042
v 307.8816 1221.4286 99.5031
v 305.6602 1221.4286 99.3889
v 303.4809 1221.4286 99.2638
v 301.3464 1221.4286 99.1305
v 299.2595 1221.4286 98.9919
v 297.2229 1221.4286 98.8510
v 295.2394 1221.4286 98.7108
v 293.3123 1221.4286 98.4396
v 291.4433 1221.4286 98.1510
v 289.6350 1221.4286 97.8460
v 287.8895 1221.4286 97.5258
v 286.2092 1221.4286 97.1916
v 284.5961 1221.4286 96.8446
v 283.0523 1221.4286 96.4861
v 281.5796 1221.4286 96.1174
v 280.1798 1221.4286 95.7398
v 278.8547 1221.4286 95.3547
v 277.6058 1221.4286 94.9633
v 276.4347 1221.4286 94.5670
v 275.3425 1221.4286 94.1670
v 274.3306 1221.4286 93.7647
v 273.4002 1221.4286 93.3611
v 272.5522 1221.4286 92.9576
v 271.7875 1221.4286 92.5550
v 271.1070 1221.4286 92.1546
v 270.5113 1221.4286 91.7573
v 270.0010 1221.4286 91.3638
v 269.5765 1221.4286 90.9751
v 269.2383 1221.4286 90.5917
v 268.9865 1221.4286 90.2143
v 268.8213 1221.4286 89.8433
v 268.7428 1221.4286 89.4791
v 268.7508 1221.4286 89.1220
v 268.8445 1221.4286 88.7772
v 269.0227 1221.4286 88.4502
v 269.2852 1221.4286 88.1409
v 269.6314 1221.4286 87.8494
v 270.0608 1221.4286 87.5758
v 270.5727 1221.4286 87.3199
v 271.1662 1221.4286 87.0818
v 271.8405 1221.4286 86.8614
v 272.5947 1221.4286 86.6586
v 273.4277 1221.4286 86.4732
v 274.3383 1221.4286 86.3053
v 275.3253 1221.4286 86.1545
v 276.3875 1221.4286 86.0207
v 277.5233 1221.4286 85.9036
v 278.7313 1221.4286 85.8030
v 280.0101 1221.4286 85.7185
v 281.3580 1221.4286 85.6497
v 282.7733 1221.4286 85.5963
v 284.2543 1221.4286 85.5577
v 285.7993 1221.4286 85.5335
v 287.4063 1221.4286 85.5231
v 289.0735 1221.4286 85.5260
v 290.7989 1221.4286 85.5414
v 292.5805 1221.4286 85.5688
v 294.4163 1221.4286 85.6073
v 296.3042 1221.4286 85.6562
v 298.2419 1221.4286 85.7147
v 300.2274 1221.4286 85.7820
v 302.2584 1221.4286 85.8572
v 304.3326 1221.4286 85.9394
v 306.4477 1221.4286 86.0276
v 308.6013 1221.4286 86.1210
v 310.7911 1221.4286 86.2185
v 313.0145 1221.4286 86.3193
v 315.2692 1221.4286 86.4224
v 317.5526 1221.4286 86.5269
v 319.8621 1221.4286 86.6318
v 322.1951 1221.4286 86.7362
v 324.5491 1221.4286 86.8393
v 326.9214 1221.4286 86.9401
v 329.3198 1221.4286 87.0392
v 331.7377 1221.4286 87.1404
v 334.1651 1221.4286 87.2437
v 336.5991 1221.4286 87.3484
v 339.0370 1221.4286 87.4539
v 341.4757 1221.4286 87.5597
v 343.9124 1221.4286 87.6653
v 346.3441 1221.4286 87.7702
v 348.7680 1221.4286 87.8739
v 351.1811 1221.4286 87.9760
v 353.5805 1221.4286 88.0763
v 355.9634 1221.4286 88.1743
v 358.3268 1221.4286 88.2698
v 360.6678 1221.4286 88.3626
v 362.9836 1221.4286 88.4524
v 365.2715 1221.4286 88.5391
v 367.5285 1221.4286 88.6226
v 369.7519 1221.4286 88.7028
v 371.9390 1221.4286 88.7796
v 374.0870 1221.4286 88.8530
v 376.1934 1221.4286 88.9230
v 378.2554 1221.4286 88.9896
v 380.2706 1221.4286 89.0528
v 382.2364 1221.4286 89.1128
v 384.1504 1221.4286 89.1696
v 386.0102 1221.4286 89.2232
v 387.8133 1221.4286 89.2738
v 389.5576 1221.4286 89.3214
v 391.2409 1221.4286 89.3662
v 392.8610 1221.4286 89.4082
v 394.4158 1221.4286 89.4476
v 395.9035 1221.4286 89.4844
v 397.3220 1221.4286 89.5188
v 398.6695 1221.4286 89.5508
v 399.9444 1221.4286 89.5805
v 401.1450 1221.4286 89.6081
v 402.2697 1221.4286 89.6335
v 403.3171 1221.4286 89.6568
v 404.2858 1221.4286 89.6780
v 405.1746 1221.4286 89.6973
v 405.9823 1221.4286 89.7147
v 406.7079 1221.4286 89.7302
v 407.3503 1221.4286 89.7438
v 407.9088 1221.4286 89.7555
v 408.3826 1221.4286 89.7654
v 408.7712 1221.4286 89.7735
v 409.0739 1221.4286 89.7798
v 409.2904 1221.4286 89.7843
v 409.4204 1221.4286 89.7869
v 409.4638 1221.4286 89.7878
v 403.0311 1228.5714 90.9177
v 402.9907 1228.5714 90.9262
v 402.8693 1228.5714 90.9516
v 402.6671 1228.5714 90.9937
v 402.3843 1228.5714 91.0525
v 402.0214 1228.5714 91.1277
v 401.5786 1228.5714 91.2189
v 401.0564 1228.5714 91.3259
v 400.4556 1228.5714 91.4482
v 399.7766 1228.5714 91.5853
v 399.0204 1228.5714 91.7367
v 398.1877 1228.5714 91.9018
v 397.2795 1228.5714 92.0800
v 396.2969 1228.5714 92.2705
v 395.2409 1228.5714 92.4727
v 394.1128 1228.5714 92.6858
v 392.9139 1228.5714 92.9091
v 391.6455 1228.5714 93.1416
v 390.3092 1228.5714 93.3826
v 388.9066 1228.5714 93.6051
v 387.4391 1228.5714 93.8372
v 385.9085 1228.5714 94.0777
v 384.3167 1228.5714 94.3255
v 382.6653 1228.5714 94.5795
v 380.9565 1228.5714 94.8383
v 379.1921 1228.5714 95.1008
v 377.3743 1228.5714 95.3658
v 375.5053 1228.5714 95.6321
v 373.5873 1228.5714 95.8985
v 371.6225 1228.5714 96.1641
v 369.6134 1228.5714 96.4278
v 367.5623 1228.5714 96.6886
v 365.4716 1228.5714 96.9454
v 363.3440 1228.5714 97.1974
v 361.1819 1228.5714 97.4437
v 358.9880 1228.5714 97.6833
v 356.7650 1228.5714 97.9154
v 354.5156 1228.5714 98.1392
v 352.2424 1228.5714 98.3538
v 349.9484 1228.5714 98.5584
v 347.6362 1228.5714 98.7522
v 345.3088 1228.5714 98.9342
v 342.9690 1228.5714 99.1039
v 340.6197 1228.5714 99.2602
v 338.2638 1228.5714 99.4024
v 335.9042 1228.5714 99.5298
v 333.5439 1228.5714 99.6415
v 331.1859 1228.5714 99.7368
v 328.8330 1228.5714 99.8150
v 326.4882 1228.5714 99.8756
v 324.1478 1228.5714 99.9181
v 321.8109 1228.5714 99.9421
v 319.4908 1228.5714 99.9473
v 317.1904 1228.5714 99.9338
v 314.9128 1228.5714 99.9017
v 312.6609 1228.5714 99.8517
v 310.4377 1228.5714 99.7844
v 308.2461 1228.5714 99.7013
v 306.0890 1228.5714 99.6037
v 303.9692 1228.5714 99.4936
v 301.8895 1228.5714 99.3732
v 299.8525 1228.5714 99.2450
v 297.8611 1228.5714 99.1118
v 295.9176 1228.5714 98.9763
v 294.0247 1228.5714 98.8416
v 292.1858 1228.5714 98.5819
v 290.4024 1228.5714 98.3055
v 288.6768 1228.5714 98.0136
v 287.0113 1228.5714 97.7072
v 285.4079 1228.5714 97.3875
v 283.8686 1228.5714 97.0556
v 282.3955 1228.5714 96.7127
v 280.9902 1228.5714 96.3602
v 279.6546 1228.5714 95.9992
v 278.3902 1228.5714 95.6310
v 277.1986 1228.5714 95.2569
v 276.0811 1228.5714 94.8781
v 275.0390 1228.5714 94.4959
v 274.0736 1228.5714 94.1115
v 273.1859 1228.5714 93.7259
v 272.3768 1228.5714 93.3404
v 271.6473 1228.5714 92.9559
v 270.9980 1228.5714 92.5734
v 270.4297 1228.5714 92.1940
v 269.9429 1228.5714 91.8182
v 269.5380 1228.5714 91.4471
v 269.2154 1228.5714 91.0811
v 268.9753 1228.5714 90.7208
v 268.8178 1228.5714 90.3667
v 268.7431 1228.5714 90.0191
v 268.7509 1228.5714 89.6782
v 268.8404 1228.5714 89.3493
v 269.0107 1228.5714 89.0372
v 269.2613 1228.5714 88.7422
v 269.5919 1228.5714 88.4642
v 270.0018 1228.5714 88.2033
v 270.4904 1228.5714 87.9593
v 271.0569 1228.5714 87.7324
v 271.7005 1228.5714 87.5223
v 272.4204 1228.5714 87.3292
v 273.2154 1228.5714 87.1527
v 274.0845 1228.5714 86.9929
v 275.0265 1228.5714 86.8494
v 276.0401 1228.5714 86.7223
v 277.1241 1228.5714 86.6111
v 278.2770 1228.5714 86.5156
v 279.4974 1228.5714 86.4356
v 280.7838 1228.5714 86.3706
v 282.1344 1228.5714 86.3202
v 283.5478 1228.5714 86.2841
v 285.0222 1228.5714 86.2618
v 286.5558 1228.5714 86.2526
v 288.1468 1228.5714 86.2562
v 289.7934 1228.5714 86.2717
v 291.4936 1228.5714 86.2987
v 293.2455 1228.5714 86.3363
v 295.0471 1228.5714 86.3839
v 296.8963 1228.5714 86.4407
v 298.7911 1228.5714 86.5058
v 300.7292 1228.5714 86.5785
v 302.7086 1228.5714 86.6579
v 304.7271 1228.5714 86.7431
v 306.7822 1228.5714 86.8333
v 308.8719 1228.5714 86.9274
v 310.9938 1228.5714 87.0247
v 313.1454 1228.5714 87.1241
v 315.3244 1228.5714 87.2249
v 317.5283 1228.5714 87.3261
v 319.7547 1228.5714 87.4269
v 322.0011 1228.5714 87.5263
v 324.2649 1228.5714 87.6237
v 326.5538 1228.5714 87.7194
v 328.8611 1228.5714 87.8172
v 331.1776 1228.5714 87.9169
v 333.5004 1228.5714 88.0179
v 335.8268 1228.5714 88.1198
v 338.1541 1228.5714 88.2219
v 340.4794 1228.5714 88.3238
v 342.8000 1228.5714 88.4251
v 345.1131 1228.5714 88.5252
v 347.4159 1228.5714 88.6239
v 349.7056 1228.5714 88.7207
v 351.9796 1228.5714 88.8153
v 354.2349 1228.5714 88.9076
v 356.4690 1228.5714 88.9973
v 358.6790 1228.5714 89.0841
v 360.8622 1228.5714 89.1679
v 363.0161 1228.5714 89.2487
v 365.1379 1228.5714 89.3262
v 367.2250 1228.5714 89.4006
v 369.2749 1228.5714 89.4716
v 371.2850 1228.5714 89.5394
v 373.2528 1228.5714 89.6040
v 375.1759 1228.5714 89.6653
v 377.0519 1228.5714 89.7235
v 378.8784 1228.5714 89.7785
v 380.6531 1228.5714 89.8306
v 382.3739 1228.5714 89.8797
v 384.0385 1228.5714 89.9260
v 385.6449 1228.5714 89.9695
v 387.1909 1228.5714 90.0104
v 388.6747 1228.5714 90.0487
v 390.0944 1228.5714 90.0846
v 391.4480 1228.5714 90.1181
v 392.7340 1228.5714 90.1493
v 393.9506 1228.5714 90.1783
v 395.0964 1228.5714 90.2051
v 396.1697 1228.5714 90.2299
v 397.1692 1228.5714 90.2526
v 398.0937 1228.5714 90.2734
v 398.9419 1228.5714 90.2922
v 399.7126 1228.5714 90.3092
v 400.4050 1228.5714 90.3243
v 401.0181 1228.5714 90.3376
v 401.5511 1228.5714 90.3490
v 402.0033 1228.5714 90.3587
v 402.3740 1228.5714 90.3666
v 402.6629 1228.5714 90.3727
v 402.8696 1228.5714 90.3771
v 402.9936 1228.5714 90.3797
v 403.0350 1228.5714 90.3806
v 396.6023 1235.7143 91.4800
v 396.5638 1235.7143 91.4880
v 396.4482 1235.7143 91.5121
v 396.2556 1235.7143 91.5522
v 395.9864 1235.7143 91.6080
v 395.6408 1235.7143 91.6794
v 395.2191 1235.7143 91.7661
v 394.7219 1235.7143 91.8677
v 394.1498 1235.7143 91.9838
v 393.5033 1235.7143 92.1141
v 392.7832 1235.7143 92.2578
v 391.9903 1235.7143 92.4146
v 391.1255 1235.7143 92.5838
v 390.1898 1235.7143 92.7648
v 389.1843 1235.7143 92.9568
v 388.1101 1235.7143 93.1592
v 386.9685 1235.7143 93.3712
v 385.7607 1235.7143 93.5920
v 384.4882 1235.7143 93.8208
v 383.1526 1235.7143 94.0320
v 381.7553 1235.7143 94.2522
v 380.2979 1235.7143 94.4805
v 378.7821 1235.7143 94.7158
v 377.2097 1235.7143 94.9568
v 375.5825 1235.7143 95.2024
v 373.9025 1235.7143 95.4515
v 372.1717 1235.7143 95.7029
v 370.3920 1235.7143 95.9556
v 368.5657 1235.7143 96.2084
v 366.6948 1235.7143 96.4603
v 364.7817 1235.7143 96.7104
v 362.8287 1235.7143 96.9577
v 360.8380 1235.7143 97.2013
v 358.8121 1235.7143 97.4402
v 356.7534 1235.7143 97.6737
v 354.6644 1235.7143 97.9008
v 352.5477 1235.7143 98.1207
v 350.4059 1235.7143 98.3327
v 348.2414 1235.7143 98.5360
v 346.0571 1235.7143 98.7297
v 343.8555 1235.7143 98.9131
v 341.6394 1235.7143 99.0853
v 339.4116 1235.7143 99.2457
v 337.1747 1235.7143 99.3934
v 334.9315 1235.7143 99.5278
v 332.6848 1235.7143 99.6479
v 330.4375 1235.7143 99.7531
v 328.1922 1235.7143 99.8428
v 325.9520 1235.7143 99.9161
v 323.7194 1235.7143 99.9727
v 321.4910 1235.7143 100.0120
v 319.2660 1235.7143 100.0338
v 317.0569 1235.7143 100.0377
v 314.8667 1235.7143 100.0237
v 312.6981 1235.7143 99.9921
v 310.5541 1235.7143 99.9433
v 308.4373 1235.7143 99.8783
v 306.3507 1235.7143 99.7980
v 304.2969 1235.7143 99.7041
v 302.2786 1235.7143 99.5983
v 300.2985 1235.7143 99.4827
v 298.3592 1235.7143 99.3596
v 296.4631 1235.7143 99.2318
v 294.6127 1235.7143 99.1019
v 292.8105 1235.7143 98.9727
v 291.0598 1235.7143 98.7246
v 289.3619 1235.7143 98.4606
v 287.7190 1235.7143 98.1819
v 286.1334 1235.7143 97.8894
v 284.6069 1235.7143 97.5841
v 283.1415 1235.7143 97.2674
v 281.7390 1235.7143 96.9403
v 280.4012 1235.7143 96.6039
v 279.1297 1235.7143 96.2596
v 277.9260 1235.7143 95.9084
v 276.7916 1235.7143 95.5517
v 275.7278 1235.7143 95.1905
v 274.7358 1235.7143 94.8261
v 273.8168 1235.7143 94.4596
v 272.9717 1235.7143 94.0921
v 272.2015 1235.7143 93.7246
v 271.5071 1235.7143 93.3582
v 270.8891 1235.7143 92.9937
v 270.3482 1235.7143 92.6322
v 269.8849 1235.7143 92.2742
v 269.4996 1235.7143 91.9206
v 269.1926 1235.7143 91.5720
v 268.9641 1235.7143 91.2288
v 268.8144 1235.7143 90.8916
v 268.7433 1235.7143 90.5606
v 268.7510 1235.7143 90.2361
v 268.8364 1235.7143 89.9229
v 268.9986 1235.7143 89.6259
v 269.2374 1235.7143 89.3451
v 269.5523 1235.7143 89.0806
v 269.9427 1235.7143 88.8323
v 270.4080 1235.7143 88.6003
v 270.9475 1235.7143 88.3845
v 271.5604 1235.7143 88.1848
v 272.2459 1235.7143 88.0012
v 273.0029 1235.7143 87.8336
v 273.8305 1235.7143 87.6818
v 274.7275 1235.7143 87.5457
v 275.6927 1235.7143 87.4251
v 276.7248 1235.7143 87.3197
v 277.8226 1235.7143 87.2294
v 278.9846 1235.7143 87.1537
v 280.2094 1235.7143 87.0925
v 281.4954 1235.7143 87.0452
v 282.8411 1235.7143 87.0115
v 284.2449 1235.7143 86.9909
v 285.7051 1235.7143 86.9829
v 287.2200 1235.7143 86.9870
v 288.7877 1235.7143 87.0026
v 290.4065 1235.7143 87.0291
v 292.0746 1235.7143 87.0658
v 293.7899 1235.7143 87.1119
v 295.5505 1235.7143 87.1669
v 297.3545 1235.7143 87.2298
v 299.1999 1235.7143 87.2999
v 301.0845 1235.7143 87.3765
v 303.0063 1235.7143 87.4586
v 304.9630 1235.7143 87.5454
v 306.9526 1235.7143 87.6360
v 308.9728 1235.7143 87.7296
v 311.0214 1235.7143 87.8253
v 313.0960 1235.7143 87.9223
v 315.1944 1235.7143 88.0197
v 317.3142 1235.7143 88.1167
v 319.4530 1235.7143 88.2125
v 321.6084 1235.7143 88.3063
v 323.7876 1235.7143 88.3984
v 325.9845 1235.7143 88.4926
v 328.1900 1235.7143 88.5887
v 330.4015 1235.7143 88.6860
v 332.6165 1235.7143 88.7841
v 334.8323 1235.7143 88.8824
v 337.0463 1235.7143 88.9806
v 339.2557 1235.7143 89.0781
v 341.4580 1235.7143 89.1745
v 343.6506 1235.7143 89.2695
v 345.8307 1235.7143 89.3628
v 347.9957 1235.7143 89.4540
v 350.1430 1235.7143 89.5429
v 352.2701 1235.7143 89.6293
v 354.3743 1235.7143 89.7130
v 356.4530 1235.7143 89.7939
v 358.5037 1235.7143 89.8718
v 360.5239 1235.7143 89.9467
v 362.5110 1235.7143 90.0185
v 364.4627 1235.7143 90.0871
v 366.3766 1235.7143 90.1526
v 368.2502 1235.7143 90.2150
v 370.0812 1235.7143 90.2743
v 371.8673 1235.7143 90.3306
v 373.6063 1235.7143 90.3839
v 375.2961 1235.7143 90.4343
v 376.9345 1235.7143 90.4818
v 378.5194 1235.7143 90.5267
v 380.0488 1235.7143 90.5689
v 381.5208 1235.7143 90.6086
v 382.9336 1235.7143 90.6458
v 384.2852 1235.7143 90.6806
v 385.5741 1235.7143 90.7131
v 386.7985 1235.7143 90.7434
v 387.9569 1235.7143 90.7716
v 389.0477 1235.7143 90.7977
v 390.0697 1235.7143 90.8218
v 391.0213 1235.7143 90.8439
v 391.9015 1235.7143 90.8641
v 392.7091 1235.7143 90.8825
v 393.4430 1235.7143 90.8990
v 394.1022 1235.7143 90.9137
v 394.6859 1235.7143 90.9266
v 395.1934 1235.7143 90.9378
v 395.6239 1235.7143 90.9472
v 395.9769 1235.7143 90.9549
v 396.2520 1235.7143 90.9609
v 396.4487 1235.7143 90.9652
v 396.5669 1235.7143 90.9677
v 396.6063 1235.7143 90.9686
v 390.1735 1242.8571 92.0374
v 390.1369 1242.8571 92.0451
v 390.0271 1242.8571 92.0679
v 389.8442 1242.8571 92.1058
v 389.5885 1242.8571 92.1587
v 389.2602 1242.8571 92.2264
v 388.8597 1242.8571 92.3085
v 388.3875 1242.8571 92.4048
v 387.8440 1242.8571 92.5148
v 387.2300 1242.8571 92.6382
v 386.5460 1242.8571 92.7744
v 385.7929 1242.8571 92.9229
v 384.9715 1242.8571 93.0832
v 384.0828 1242.8571 93.2546
v 383.1278 1242.8571 93.4365
v 382.1075 1242.8571 93.6282
v 381.0231 1242.8571 93.8290
v 379.8760 1242.8571 94.0381
v 378.6674 1242.8571 94.2549
v 377.3988 1242.8571 94.4547
v 376.0717 1242.8571 94.6633
v 374.6874 1242.8571 94.8794
v 373.2478 1242.8571 95.1021
v 371.7543 1242.8571 95.3302
v 370.2088 1242.8571 95.5627
v 368.6132 1242.8571 95.7985
v 366.9692 1242.8571 96.0364
v 365.2789 1242.8571 96.2756
v 363.5443 1242.8571 96.5148
v 361.7674 1242.8571 96.7532
v 359.9504 1242.8571 96.9898
v 358.0954 1242.8571 97.2238
v 356.2047 1242.8571 97.4541
v 354.2805 1242.8571 97.6801
v 352.3252 1242.8571 97.9008
v 350.3412 1242.8571 98.1155
v 348.3308 1242.8571 98.3234
v 346.2965 1242.8571 98.5238
v 344.2408 1242.8571 98.7158
v 342.1662 1242.8571 98.8987
v 340.0753 1242.8571 99.0718
v 337.9705 1242.8571 99.2343
v 335.8546 1242.8571 99.3856
v 333.7301 1242.8571 99.5249
v 331.5996 1242.8571 99.6514
v 329.4659 1242.8571 99.7644
v 327.3315 1242.8571 99.8633
v 325.1991 1242.8571 99.9473
v 323.0714 1242.8571 100.0160
v 320.9511 1242.8571 100.0686
v 318.8347 1242.8571 100.1049
v 316.7216 1242.8571 100.1245
v 314.6236 1242.8571 100.1272
v 312.5434 1242.8571 100.1128
v 310.4839 1242.8571 100.0818
v 308.4477 1242.8571 100.0345
v 306.4374 1242.8571 99.9717
v 304.4558 1242.8571 99.8945
v 302.5053 1242.8571 99.8043
v 300.5885 1242.8571 99.7029
v 298.7080 1242.8571 99.5921
v 296.8662 1242.8571 99.4744
v 295.0655 1242.8571 99.3521
v 293.3083 1242.8571 99.2278
v 291.5968 1242.8571 99.1043
v 289.9341 1242.8571 98.8678
v 288.3217 1242.8571 98.6163
v 286.7616 1242.8571 98.3508
v 285.2558 1242.8571 98.0722
v 283.8062 1242.8571 97.7816
v 282.4147 1242.8571 97.4801
v 281.0829 1242.8571 97.1688
v 279.8125 1242.8571 96.8487
v 278.6051 1242.8571 96.5211
v 277.4621 1242.8571 96.1870
v 276.3849 1242.8571 95.8477
v 275.3747 1242.8571 95.5042
v 274.4328 1242.8571 95.1576
v 273.5601 1242.8571 94.8091
v 272.7577 1242.8571 94.4596
v 272.0265 1242.8571 94.1103
v 271.3671 1242.8571 93.7619
v 270.7804 1242.8571 93.4155
v 270.2668 1242.8571 93.0719
v 269.8270 1242.8571 92.7317
v 269.4612 1242.8571 92.3957
v 269.1698 1242.8571 92.0644
v 268.9530 1242.8571 91.7384
v 268.8110 1242.8571 91.4181
v 268.7436 1242.8571 91.1037
v 268.7510 1242.8571 90.7955
v 268.8323 1242.8571 90.4981
v 268.9865 1242.8571 90.2161
v 269.2135 1242.8571 89.9496
v 269.5126 1242.8571 89.6985
v 269.8835 1242.8571 89.4629
v 270.3255 1242.8571 89.2428
v 270.8380 1242.8571 89.0380
v 271.4202 1242.8571 88.8487
v 272.0713 1242.8571 88.6747
v 272.7904 1242.8571 88.5158
v 273.5764 1242.8571 88.3721
v 274.4283 1242.8571 88.2432
v 275.3450 1242.8571 88.1291
v 276.3253 1242.8571 88.0296
v 277.3680 1242.8571 87.9443
v 278.4716 1242.8571 87.8730
v 279.6348 1242.8571 87.8154
v 280.8562 1242.8571 87.7711
v 282.1343 1242.8571 87.7397
v 283.4675 1242.8571 87.7208
v 284.8543 1242.8571 87.7140
v 286.2930 1242.8571 87.7186
v 287.7819 1242.8571 87.7341
v 289.3193 1242.8571 87.7600
v 290.9034 1242.8571 87.7957
v 292.5325 1242.8571 87.8403
v 294.2046 1242.8571 87.8933
v 295.9179 1242.8571 87.9539
v 297.6704 1242.8571 88.0214
v 299.4602 1242.8571 88.0950
v 301.2853 1242.8571 88.1739
v 303.1436 1242.8571 88.2572
v 305.0332 1242.8571 88.3443
v 306.9517 1242.8571 88.4341
v 308.8973 1242.8571 88.5260
v 310.8675 1242.8571 88.6191
v 312.8604 1242.8571 88.7126
v 314.8735 1242.8571 88.8057
v 316.9048 1242.8571 88.8977
v 318.9518 1242.8571 88.9878
v 321.0213 1242.8571 89.0763
v 323.1077 1242.8571 89.1668
v 325.2023 1242.8571 89.2591
v 327.3026 1242.8571 89.3526
v 329.4062 1242.8571 89.4468
v 331.5105 1242.8571 89.5412
v 333.6131 1242.8571 89.6355
v 335.7114 1242.8571 89.7291
v 337.8029 1242.8571 89.8217
v 339.8852 1242.8571 89.9130
v 341.9556 1242.8571 90.0026
v 344.0118 1242.8571 90.0903
v 346.0511 1242.8571 90.1758
v 348.0712 1242.8571 90.2588
v 350.0695 1242.8571 90.3393
v 352.0436 1242.8571 90.4171
v 353.9912 1242.8571 90.4921
v 355.9098 1242.8571 90.5641
v 357.7970 1242.8571 90.6332
v 359.6505 1242.8571 90.6993
v 361.4681 1242.8571 90.7625
v 363.2475 1242.8571 90.8226
v 364.9864 1242.8571 90.8798
v 366.6827 1242.8571 90.9341
v 368.3343 1242.8571 90.9855
v 369.9391 1242.8571 91.0342
v 371.4950 1242.8571 91.0802
v 373.0002 1242.8571 91.1235
v 374.4527 1242.8571 91.1643
v 375.8507 1242.8571 91.2027
v 377.1924 1242.8571 91.2387
v 378.4761 1242.8571 91.2724
v 379.7001 1242.8571 91.3039
v 380.8630 1242.8571 91.3333
v 381.9631 1242.8571 91.3606
v 382.9991 1242.8571 91.3859
v 383.9696 1242.8571 91.4092
v 384.8734 1242.8571 91.4307
v 385.7094 1242.8571 91.4503
v 386.4763 1242.8571 91.4681
v 387.1733 1242.8571 91.4841
v 387.7993 1242.8571 91.4984
v 388.3537 1242.8571 91.5110
v 388.8357 1242.8571 91.5218
v 389.2445 1242.8571 91.5310
v 389.5798 1242.8571 91.5385
v 389.8410 1242.8571 91.5443
v 390.0279 1242.8571 91.5484
v 390.1401 1242.8571 91.5509
v 390.1775 1242.8571 91.5517
v 383.7447 1250.0000 92.5901
v 383.7100 1250.0000 92.5973
v 383.6060 1250.0000 92.6188
v 383.4328 1250.0000 92.6547
v 383.1906 1250.0000 92.7047
v 382.8797 1250.0000 92.7686
v 382.5004 1250.0000 92.8461
v 382.0531 1250.0000 92.9371
v 381.5384 1250.0000 93.0411
v 380.9568 1250.0000 93.1576
v 380.3089 1250.0000 93.2863
v 379.5956 1250.0000 93.4266
v 378.8177 1250.0000 93.5780
v 377.9759 1250.0000 93.7399
v 377.0713 1250.0000 93.9117
v 376.1050 1250.0000 94.0928
v 375.0780 1250.0000 94.2825
v 373.9914 1250.0000 94.4800
v 372.8467 1250.0000 94.6847
v 371.6452 1250.0000 94.8734
v 370.3882 1250.0000 95.0702
v 369.0772 1250.0000 95.2743
v 367.7136 1250.0000 95.4845
v 366.2991 1250.0000 95.6998
v 364.8353 1250.0000 95.9193
v 363.3240 1250.0000 96.1418
v 361.7670 1250.0000 96.3664
v 360.1661 1250.0000 96.5921
v 358.5232 1250.0000 96.8178
v 356.8402 1250.0000 97.0428
v 355.1193 1250.0000 97.2660
v 353.3624 1250.0000 97.4867
v 351.5717 1250.0000 97.7039
v 349.7493 1250.0000 97.9170
v 347.8974 1250.0000 98.1252
v 346.0183 1250.0000 98.3276
v 344.1143 1250.0000 98.5235
v 342.1876 1250.0000 98.7123
v 340.2406 1250.0000 98.8931
v 338.2758 1250.0000 99.0654
v 336.2954 1250.0000 99.2284
v 334.3020 1250.0000 99.3813
v 332.2981 1250.0000 99.5236
v 330.2860 1250.0000 99.6544
v 328.2682 1250.0000 99.7732
v 326.2474 1250.0000 99.8793
v 324.2259 1250.0000 99.9719
v 322.2064 1250.0000 100.0505
v 320.1913 1250.0000 100.1145
v 318.1832 1250.0000 100.1633
v 316.1789 1250.0000 100.1967
v 314.1776 1250.0000 100.2143
v 312.1907 1250.0000 100.2158
v 310.2207 1250.0000 100.2013
v 308.2702 1250.0000 100.1709
v 306.3418 1250.0000 100.1251
v 304.4380 1250.0000 100.0647
v 302.5613 1250.0000 99.9907
v 300.7141 1250.0000 99.9044
v 298.8989 1250.0000 99.8074
v 297.1180 1250.0000 99.7016
v 295.3737 1250.0000 99.5892
v 293.6684 1250.0000 99.4726
v 292.0043 1250.0000 99.3541
v 290.3834 1250.0000 99.2363
v 288.8089 1250.0000 99.0115
v 287.2820 1250.0000 98.7726
v 285.8046 1250.0000 98.5203
v 284.3787 1250.0000 98.2558
v 283.0060 1250.0000 97.9799
v 281.6882 1250.0000 97.6937
v 280.4271 1250.0000 97.3982
v 279.2241 1250.0000 97.0945
v 278.0808 1250.0000 96.7837
v 276.9984 1250.0000 96.4667
v 275.9784 1250.0000 96.1448
v 275.0219 1250.0000 95.8190
v 274.1300 1250.0000 95.4904
v 273.3037 1250.0000 95.1599
v 272.5439 1250.0000 94.8286
v 271.8516 1250.0000 94.4974
v 271.2273 1250.0000 94.1672
v 270.6718 1250.0000 93.8388
v 270.1856 1250.0000 93.5131
v 269.7692 1250.0000 93.1907
v 269.4229 1250.0000 92.8724
v 269.1471 1250.0000 92.5585
v 268.9420 1250.0000 92.2496
v 268.8076 1250.0000 91.9462
v 268.7440 1250.0000 91.6484
v 268.7511 1250.0000 91.3565
v 268.8282 1250.0000 91.0749
v 268.9744 1250.0000 90.8080
v 269.1894 1250.0000 90.5556
v 269.4729 1250.0000 90.3180
v 269.8242 1250.0000 90.0950
v 270.2430 1250.0000 89.8867
v 270.7284 1250.0000 89.6931
v 271.2799 1250.0000 89.5141
v 271.8966 1250.0000 89.3495
v 272.5777 1250.0000 89.1995
v 273.3221 1250.0000 89.0637
v 274.1290 1250.0000 88.9421
v 274.9973 1250.0000 88.8344
v 275.9257 1250.0000 88.7406
v 276.9132 1250.0000 88.6603
v 277.9584 1250.0000 88.5933
v 279.0601 1250.0000 88.5393
v 280.2168 1250.0000 88.4980
v 281.4273 1250.0000 88.4689
v 282.6899 1250.0000 88.4516
v 284.0033 1250.0000 88.4458
v 285.3658 1250.0000 88.4508
v 286.7759 1250.0000 88.4662
v 288.2319 1250.0000 88.4915
v 289.7321 1250.0000 88.5260
v 291.2749 1250.0000 88.5690
v 292.8585 1250.0000 88.6200
v 294.4810 1250.0000 88.6782
v 296.1407 1250.0000 88.7430
v 297.8358 1250.0000 88.8135
v 299.5642 1250.0000 88.8891
v 301.3241 1250.0000 88.9689
v 303.1136 1250.0000 89.0522
v 304.9305 1250.0000 89.1382
v 306.7730 1250.0000 89.2262
v 308.6389 1250.0000 89.3152
v 310.5262 1250.0000 89.4047
v 312.4328 1250.0000 89.4939
v 314.3564 1250.0000 89.5819
v 316.2950 1250.0000 89.6682
v 318.2550 1250.0000 89.7531
v 320.2308 1250.0000 89.8398
v 322.2145 1250.0000 89.9281
v 324.2035 1250.0000 90.0177
v 326.1957 1250.0000 90.1079
v 328.1886 1250.0000 90.1983
v 330.1798 1250.0000 90.2886
v 332.1670 1250.0000 90.3782
v 334.1478 1250.0000 90.4669
v 336.1197 1250.0000 90.5544
v 338.0805 1250.0000 90.6402
v 340.0278 1250.0000 90.7242
v 341.9591 1250.0000 90.8061
v 343.8722 1250.0000 90.8857
v 345.7647 1250.0000 90.9629
v 347.6343 1250.0000 91.0375
v 349.4787 1250.0000 91.1094
v 351.2957 1250.0000 91.1786
v 353.0829 1250.0000 91.2449
v 354.8383 1250.0000 91.3084
v 356.5596 1250.0000 91.3690
v 358.2448 1250.0000 91.4268
v 359.8916 1250.0000 91.4818
v 361.4981 1250.0000 91.5340
v 363.0622 1250.0000 91.5835
v 364.5820 1250.0000 91.6304
v 366.0556 1250.0000 91.6747
v 367.4810 1250.0000 91.7164
v 368.8566 1250.0000 91.7558
v 370.1806 1250.0000 91.7928
v 371.4512 1250.0000 91.8275
v 372.6669 1250.0000 91.8600
v 373.8262 1250.0000 91.8904
v 374.9274 1250.0000 91.9188
v 375.9693 1250.0000 91.9452
v 376.9504 1250.0000 91.9696
v 377.8696 1250.0000 91.9922
v 378.7255 1250.0000 92.0129
v 379.5172 1250.0000 92.0319
v 380.2435 1250.0000 92.0491
v 380.9036 1250.0000 92.0647
v 381.4965 1250.0000 92.0785
v 382.0215 1250.0000 92.0906
v 382.4780 1250.0000 92.1011
v 382.8652 1250.0000 92.1100
v 383.1827 1250.0000 92.1172
v 383.4301 1250.0000 92.1229
v 383.6070 1250.0000 92.1269
v 383.7133 1250.0000 92.1293
v 383.7487 1250.0000 92.1301
v 340.8506 1267.5000 93.2487
v 340.8419 1267.5000 93.2505
v 340.8159 1267.5000 93.2558
v 340.7726 1267.5000 93.2648
v 340.7121 1267.5000 93.2773
v 340.6343 1267.5000 93.2933
v 340.5395 1267.5000 93.3127
v 340.4277 1267.5000 93.3354
v 340.2990 1267.5000 93.3614
v 340.1536 1267.5000 93.3905
v 339.9916 1267.5000 93.4227
v 339.8133 1267.5000 93.4578
v 339.6188 1267.5000 93.4956
v 339.4084 1267.5000 93.5361
v 339.1822 1267.5000 93.5791
v 338.9407 1267.5000 93.6243
v 338.6839 1267.5000 93.6718
v 338.4123 1267.5000 93.7211
v 338.1261 1267.5000 93.7723
v 337.8257 1267.5000 93.8195
v 337.5115 1267.5000 93.8687
v 337.1837 1267.5000 93.9197
v 336.8428 1267.5000 93.9723
v 336.4892 1267.5000 94.0261
v 336.1232 1267.5000 94.0810
v 335.7454 1267.5000 94.1366
v 335.3562 1267.5000 94.1927
v 334.9559 1267.5000 94.2492
v 334.5452 1267.5000 94.3056
v 334.1245 1267.5000 94.3618
v 333.6942 1267.5000 94.4176
v 333.2550 1267.5000 94.4728
v 332.8073 1267.5000 94.5271
v 332.3517 1267.5000 94.5804
v 331.8888 1267.5000 94.6324
v 331.4190 1267.5000 94.6830
v 330.9430 1267.5000 94.7320
v 330.4613 1267.5000 94.7792
v 329.9746 1267.5000 94.8244
v 329.4834 1267.5000 94.8675
v 328.9883 1267.5000 94.9082
v 328.4899 1267.5000 94.9465
v 327.9889 1267.5000 94.9820
v 327.4859 1267.5000 95.0147
v 326.9815 1267.5000 95.0444
v 326.4763 1267.5000 95.0710
v 325.9709 1267.5000 95.0941
v 325.4660 1267.5000 95.1138
v 324.9622 1267.5000 95.1298
v 324.4602 1267.5000 95.1420
v 323.9591 1267.5000 95.1503
v 323.4588 1267.5000 95.1547
v 322.9621 1267.5000 95.1551
v 322.4696 1267.5000 95.1515
v 321.9820 1267.5000 95.1439
v 321.4999 1267.5000 95.1324
v 321.0239 1267.5000 95.1173
v 320.5547 1267.5000 95.0988
v 320.0929 1267.5000 95.0772
v 319.6391 1267.5000 95.0530
v 319.1939 1267.5000 95.0265
v 318.7578 1267.5000 94.9984
v 318.3315 1267.5000 94.9693
v 317.9155 1267.5000 94.9397
v 317.5103 1267.5000 94.9102
v 317.1166 1267.5000 94.8540
v 316.7349 1267.5000 94.7943
v 316.3656 1267.5000 94.7312
v 316.0091 1267.5000 94.6651
v 315.6659 1267.5000 94.5961
v 315.3365 1267.5000 94.5246
v 315.0212 1267.5000 94.4507
v 314.7204 1267.5000 94.3748
v 314.4346 1267.5000 94.2970
v 314.1640 1267.5000 94.2178
v 313.9090 1267.5000 94.1373
v 313.6699 1267.5000 94.0559
v 313.4469 1267.5000 93.9737
v 313.2403 1267.5000 93.8911
v 313.0504 1267.5000 93.8083
v 312.8773 1267.5000 93.7255
v 312.7212 1267.5000 93.6429
v 312.5824 1267.5000 93.5608
v 312.4608 1267.5000 93.4794
v 312.3567 1267.5000 93.3988
v 312.2701 1267.5000 93.3192
v 312.2012 1267.5000 93.2408
v 312.1499 1267.5000 93.1635
v 312.1163 1267.5000 93.0877
v 312.1004 1267.5000 93.0132
v 312.1022 1267.5000 92.9403
v 312.1215 1267.5000 92.8699
v 312.1580 1267.5000 92.8031
v 312.2118 1267.5000 92.7400
v 312.2826 1267.5000 92.6806
v 312.3705 1267.5000 92.6249
v 312.4751 1267.5000 92.5728
v 312.5965 1267.5000 92.5244
v 312.7344 1267.5000 92.4797
v 312.8886 1267.5000 92.4385
v 313.0588 1267.5000 92.4010
v 313.2449 1267.5000 92.3671
v 313.4467 1267.5000 92.3367
v 313.6637 1267.5000 92.3097
v 313.8958 1267.5000 92.2863
v 314.1427 1267.5000 92.2662
v 314.4040 1267.5000 92.2495
v 314.6794 1267.5000 92.2360
v 314.9686 1267.5000 92.2256
v 315.2712 1267.5000 92.2183
v 315.5869 1267.5000 92.2140
v 315.9152 1267.5000 92.2126
v 316.2559 1267.5000 92.2138
v 316.6084 1267.5000 92.2177
v 316.9724 1267.5000 92.2240
v 317.3474 1267.5000 92.2326
v 317.7331 1267.5000 92.2434
v 318.1290 1267.5000 92.2561
v 318.5347 1267.5000 92.2707
v 318.9496 1267.5000 92.2869
v 319.3734 1267.5000 92.3045
v 319.8055 1267.5000 92.3234
v 320.2454 1267.5000 92.3434
v 320.6928 1267.5000 92.3642
v 321.1470 1267.5000 92.3857
v 321.6077 1267.5000 92.4077
v 322.0741 1267.5000 92.4299
v 322.5460 1267.5000 92.4523
v 323.0226 1267.5000 92.4746
v 323.5035 1267.5000 92.4966
v 323.9882 1267.5000 92.5182
v 324.4781 1267.5000 92.5394
v 324.9721 1267.5000 92.5611
v 325.4680 1267.5000 92.5832
v 325.9653 1267.5000 92.6055
v 326.4633 1267.5000 92.6281
v 326.9616 1267.5000 92.6507
v 327.4594 1267.5000 92.6733
v 327.9562 1267.5000 92.6957
v 328.4514 1267.5000 92.7179
v 328.9443 1267.5000 92.7397
v 329.4345 1267.5000 92.7612
v 329.9214 1267.5000 92.7822
v 330.4042 1267.5000 92.8027
v 330.8825 1267.5000 92.8226
v 331.3556 1267.5000 92.8419
v 331.8230 1267.5000 92.8605
v 332.2841 1267.5000 92.8785
v 332.7383 1267.5000 92.8958
v 333.1851 1267.5000 92.9124
v 333.6240 1267.5000 92.9282
v 334.0543 1267.5000 92.9434
v 334.4756 1267.5000 92.9578
v 334.8873 1267.5000 92.9716
v 335.2889 1267.5000 92.9846
v 335.6800 1267.5000 92.9970
v 336.0599 1267.5000 93.0087
v 336.4283 1267.5000 93.0198
v 336.7847 1267.5000 93.0302
v 337.1286 1267.5000 93.0401
v 337.4596 1267.5000 93.0493
v 337.7772 1267.5000 93.0580
v 338.0811 1267.5000 93.0661
v 338.3710 1267.5000 93.0737
v 338.6463 1267.5000 93.0808
v 338.9067 1267.5000 93.0874
v 339.1520 1267.5000 93.0935
v 339.3818 1267.5000 93.0992
v 339.5958 1267.5000 93.1044
v 339.7937 1267.5000 93.1091
v 339.9753 1267.5000 93.1134
v 340.1403 1267.5000 93.1173
v 340.2885 1267.5000 93.1208
v 340.4198 1267.5000 93.1238
v 340.5339 1267.5000 93.1264
v 340.6307 1267.5000 93.1286
v 340.7101 1267.5000 93.1304
v 340.7719 1267.5000 93.1319
v 340.8162 1267.5000 93.1329
v 340.8427 1267.5000 93.1335
v 340.8516 1267.5000 93.1337
v 391.3664 0.0000 39.2925
v 326.5525 1267.5000 93.4682
v 512.4501 -0.0000 33.2019
v 512.3772 -0.0000 33.2197
v 512.1585 -0.0000 33.2730
v 511.7943 -0.0000 33.3618
v 511.2849 -0.0000 33.4856
v 510.6310 -0.0000 33.6439
v 509.8332 -0.0000 33.8363
v 508.8925 -0.0000 34.0621
v 507.8098 -0.0000 34.3204
v 506.5864 -0.0000 34.6103
v 505.2237 -0.0000 34.9308
v 503.7231 -0.0000 35.2808
v 502.0864 -0.0000 35.6590
v 500.3153 -0.0000 36.0643
v 498.4118 -0.0000 36.4952
v 496.3782 -0.0000 36.9502
v 494.2167 -0.0000 37.4279
v 491.9298 -0.0000 37.9267
v 489.5201 -0.0000 38.4449
v 486.9890 -0.0000 38.9335
v 484.3409 -0.0000 39.4435
v 481.5788 -0.0000 39.9727
v 478.7059 -0.0000 40.5188
v 475.7255 -0.0000 41.0797
v 472.6411 -0.0000 41.6528
v 469.4562 -0.0000 42.2360
v 466.1746 -0.0000 42.8269
v 462.8001 -0.0000 43.4233
v 459.3367 -0.0000 44.0231
v 455.7884 -0.0000 44.6240
v 452.1595 -0.0000 45.2242
v 448.4543 -0.0000 45.8216
v 444.6771 -0.0000 46.4143
v 440.8325 -0.0000 47.0005
v 436.9252 -0.0000 47.5784
v 432.9597 -0.0000 48.1461
v 428.9409 -0.0000 48.7020
v 424.8736 -0.0000 49.2444
v 420.7628 -0.0000 49.7715
v 416.6135 -0.0000 50.2818
v 412.4306 -0.0000 50.7735
v 408.2194 -0.0000 51.2449
v 403.9849 -0.0000 51.6945
v 399.7324 -0.0000 52.1206
v 395.4671 -0.0000 52.5215
v 391.1942 -0.0000 52.8956
v 386.9191 -0.0000 53.2413
v 382.6470 -0.0000 53.5572
v 378.3832 -0.0000 53.8418
v 374.1332 -0.0000 54.0938
v 369.8898 -0.0000 54.3128
v 365.6519 -0.0000 54.4981
v 361.4431 -0.0000 54.6483
v 357.2691 -0.0000 54.7632
v 353.1352 -0.0000 54.8431
v 349.0470 -0.0000 54.8888
v 345.0097 -0.0000 54.9017
v 341.0288 -0.0000 54.8837
v 337.1096 -0.0000 54.8375
v 333.2572 -0.0000 54.7663
v 329.4770 -0.0000 54.6740
v 325.7739 -0.0000 54.5649
v 322.1530 -0.0000 54.4439
v 318.6191 -0.0000 54.3160
v 315.1770 -0.0000 54.1864
v 311.8251 -0.0000 53.8267
v 308.5730 -0.0000 53.4336
v 305.4248 -0.0000 53.0086
v 302.3847 -0.0000 52.5537
v 299.4565 -0.0000 52.0709
v 296.6440 -0.0000 51.5621
v 293.9507 -0.0000 51.0294
v 291.3800 -0.0000 50.4751
v 288.9351 -0.0000 49.9012
v 286.6190 -0.0000 49.3099
v 284.4345 -0.0000 48.7035
v 282.3843 -0.0000 48.0841
v 280.4706 -0.0000 47.4539
v 278.6959 -0.0000 46.8150
v 277.0620 -0.0000 46.1694
v 275.5709 -0.0000 45.5190
v 274.2241 -0.0000 44.8657
v 273.0231 -0.0000 44.2113
v 271.9691 -0.0000 43.5573
v 271.0631 -0.0000 42.9052
v 270.3061 -0.0000 42.2564
v 269.6987 -0.0000 41.6120
v 269.2412 -0.0000 40.9729
v 268.9341 -0.0000 40.3400
v 268.7774 -0.0000 39.7140
v 268.7709 -0.0000 39.0952
v 268.9134 -0.0000 38.4929
v 269.2034 -0.0000 37.9166
v 269.6402 -0.0000 37.3662
v 270.2230 -0.0000 36.8418
v 270.9508 -0.0000 36.3436
v 271.8223 -0.0000 35.8714
v 272.8363 -0.0000 35.4253
v 273.9913 -0.0000 35.0052
v 275.2854 -0.0000 34.6111
v 276.7170 -0.0000 34.2428
v 278.2840 -0.0000 33.9001
v 279.9842 -0.0000 33.5828
v 281.8154 -0.0000 33.2906
v 283.7752 -0.0000 33.0232
v 285.8610 -0.0000 32.7801
v 288.0701 -0.0000 32.5609
v 290.3997 -0.0000 32.3650
v 292.8470 -0.0000 32.1918
v 295.4089 -0.0000 32.0406
v 298.0823 -0.0000 31.9106
v 300.8639 -0.0000 31.8011
v 303.7505 -0.0000 31.7110
v 306.7385 -0.0000 31.6394
v 309.8246 -0.0000 31.5852
v 313.0051 -0.0000 31.5472
v 316.2763 -0.0000 31.5243
v 319.6345 -0.0000 31.5152
v 323.0758 -0.0000 31.5185
v 326.5963 -0.0000 31.5329
v 330.1921 -0.0000 31.5569
v 333.8590 -0.0000 31.5891
v 337.5929 -0.0000 31.6280
v 341.3895 -0.0000 31.6721
v 345.2448 -0.0000 31.7199
v 349.1541 -0.0000 31.7699
v 353.1133 -0.0000 31.8206
v 357.1177 -0.0000 31.8705
v 361.1628 -0.0000 31.9183
v 365.2442 -0.0000 31.9625
v 369.3570 -0.0000 32.0019
v 373.5150 -0.0000 32.0367
v 377.7068 -0.0000 32.0742
v 381.9153 -0.0000 32.1146
v 386.1353 -0.0000 32.1571
v 390.3619 -0.0000 32.2009
v 394.5901 -0.0000 32.2450
v 398.8147 -0.0000 32.2889
v 403.0308 -0.0000 32.3319
v 407.2332 -0.0000 32.3733
v 411.4168 -0.0000 32.4126
v 415.5766 -0.0000 32.4494
v 419.7076 -0.0000 32.4833
v 423.8048 -0.0000 32.5139
v 427.8631 -0.0000 32.5411
v 431.8776 -0.0000 32.5646
v 435.8435 -0.0000 32.5843
v 439.7558 -0.0000 32.6002
v 443.6097 -0.0000 32.6123
v 447.4006 -0.0000 32.6206
v 451.1237 -0.0000 32.6252
v 454.7744 -0.0000 32.6263
v 458.3482 -0.0000 32.6241
v 461.8407 -0.0000 32.6187
v 465.2475 -0.0000 32.6105
v 468.5644 -0.0000 32.5997
v 471.7872 -0.0000 32.5865
v 474.9119 -0.0000 32.5712
v 477.9346 -0.0000 32.5543
v 480.8514 -0.0000 32.5359
v 483.6586 -0.0000 32.5163
v 486.3528 -0.0000 32.4958
v 488.9304 -0.0000 32.4748
v 491.3882 -0.0000 32.4535
v 493.7230 -0.0000 32.4321
v 495.9319 -0.0000 32.4109
v 498.0121 -0.0000 32.3901
v 499.9607 -0.0000 32.3700
v 501.7754 -0.0000 32.3506
v 503.4538 -0.0000 32.3322
v 504.9936 -0.0000 32.3150
v 506.3930 -0.0000 32.2990
v 507.6500 -0.0000 32.2845
v 508.7630 -0.0000 32.2714
v 509.7306 -0.0000 32.2599
v 510.5515 -0.0000 32.2500
v 511.2246 -0.0000 32.2418
v 511.7491 -0.0000 32.2355
v 512.1242 -0.0000 32.2309
v 512.3495 -0.0000 32.2281
v 512.4246 -0.0000 32.2272
v 512.4501 -112.5000 33.2019
v 512.3772 -112.5000 33.2197
v 512.1585 -112.5000 33.2730
v 511.7943 -112.5000 33.3618
v 511.2849 -112.5000 33.4856
v 510.6310 -112.5000 33.6439
v 509.8332 -112.5000 33.8363
v 508.8925 -112.5000 34.0621
v 507.8098 -112.5000 34.3204
v 506.5864 -112.5000 34.6103
v 505.2237 -112.5000 34.9308
v 503.7231 -112.5000 35.2808
v 502.0864 -112.5000 35.6590
v 500.3153 -112.5000 36.0643
v 498.4118 -112.5000 36.4952
v 496.3782 -112.5000 36.9502
v 494.2167 -112.5000 37.4279
v 491.9298 -112.5000 37.9267
v 489.5201 -112.5000 38.4449
v 486.9890 -112.5000 38.9335
v 484.3409 -112.5000 39.4435
v 481.5788 -112.5000 39.9727
v 478.7059 -112.5000 40.5188
v 475.7255 -112.5000 41.0797
v 472.6411 -112.5000 41.6528
v 469.4562 -112.5000 42.2360
v 466.1746 -112.5000 42.8269
v 462.8001 -112.5000 43.4233
v 459.3367 -112.5000 44.0231
v 455.7884 -112.5000 44.6240
v 452.1595 -112.5000 45.2242
v 448.4543 -112.5000 45.8216
v 444.6771 -112.5000 46.4143
v 440.8325 -112.5000 47.0005
v 436.9252 -112.5000 47.5784
v 432.9597 -112.5000 48.1461
v 428.9409 -112.5000 48.7020
v 424.8736 -112.5000 49.2444
v 420.7628 -112.5000 49.7715
v 416.6135 -112.5000 50.2818
v 412.4306 -112.5000 50.7735
v 408.2194 -112.5000 51.2449
v 403.9849 -112.5000 51.6945
v 399.7324 -112.5000 52.1206
v 395.4671 -112.5000 52.5215
v 391.1942 -112.5000 52.8956
v 386.9191 -112.5000 53.2413
v 382.6470 -112.5000 53.5572
v 378.3832 -112.5000 53.8418
v 374.1332 -112.5000 54.0938
v 369.8898 -112.5000 54.3128
v 365.6519 -112.5000 54.4981
v 361.4431 -112.5000 54.6483
v 357.2691 -112.5000 54.7632
v 353.1352 -112.5000 54.8431
v 349.0470 -112.5000 54.8888
v 345.0097 -112.5000 54.9017
v 341.0288 -112.5000 54.8837
v 337.1096 -112.5000 54.8375
v 333.2572 -112.5000 54.7663
v 329.4770 -112.5000 54.6740
v 325.7739 -112.5000 54.5649
v 322.1530 -112.5000 54.4439
v 318.6191 -112.5000 54.3160
v 315.1770 -112.5000 54.1864
v 311.8251 -112.5000 53.8267
v 308.5730 -112.5000 53.4336
v 305.4248 -112.5000 53.0086
v 302.3847 -112.5000 52.5537
v 299.4565 -112.5000 52.0709
v 296.6440 -112.5000 51.5621
v 293.9507 -112.5000 51.0294
v 291.3800 -112.5000 50.4751
v 288.9351 -112.5000 49.9012
v 286.6190 -112.5000 49.3099
v 284.4345 -112.5000 48.7035
v 282.3843 -112.5000 48.0841
v 280.4706 -112.5000 47.4539
v 278.6959 -112.5000 46.8150
v 277.0620 -112.5000 46.1694
v 275.5709 -112.5000 45.5190
v 274.2241 -112.5000 44.8657
v 273.0231 -112.5000 44.2113
v 271.9691 -112.5000 43.5573
v 271.0631 -112.5000 42.9052
v 270.3061 -112.5000 42.2564
v 269.6987 -112.5000 41.6120
v 269.2412 -112.5000 40.9729
v 268.9341 -112.5000 40.3400
v 268.7774 -112.5000 39.7140
v 268.7709 -112.5000 39.0952
v 268.9134 -112.5000 38.4929
v 269.2034 -112.5000 37.9166
v 269.6402 -112.5000 37.3662
v 270.2230 -112.5000 36.8418
v 270.9508 -112.5000 36.3436
v 271.8223 -112.5000 35.8714
v 272.8363 -112.5000 35.4253
v 273.9913 -112.5000 35.0052
v 275.2854 -112.5000 34.6111
v 276.7170 -112.5000 34.2428
v 278.2840 -112.5000 33.9001
v 279.9842 -112.5000 33.5828
v 281.8154 -112.5000 33.2906
v 283.7752 -112.5000 33.0232
v 285.8610 -112.5000 32.7801
v 288.0701 -112.5000 32.5609
v 290.3997 -112.5000 32.3650
v 292.8470 -112.5000 32.1918
v 295.4089 -112.5000 32.0406
v 298.0823 -112.5000 31.9106
v 300.8639 -112.5000 31.8011
v 303.7505 -112.5000 31.7110
v 306.7385 -112.5000 31.6394
v 309.8246 -112.5000 31.5852
v 313.0051 -112.5000 31.5472
v 316.2763 -112.5000 31.5243
v 319.6345 -112.5000 31.5152
v 323.0758 -112.5000 31.5185
v 326.5963 -112.5000 31.5329
v 330.1921 -112.5000 31.5569
v 333.8590 -112.5000 31.5891
v 337.5929 -112.5000 31.6280
v 341.3895 -112.5000 31.6721
v 345.2448 -112.5000 31.7199
v 349.1541 -112.5000 31.7699
v 353.1133 -112.5000 31.8206
v 357.1177 -112.5000 31.8705
v 361.1628 -112.5000 31.9183
v 365.2442 -112.5000 31.9625
v 369.3570 -112.5000 32.0019
v 373.5150 -112.5000 32.0367
v 377.7068 -112.5000 32.0742
v 381.9153 -112.5000 32.1146
v 386.1353 -112.5000 32.1571
v 390.3619 -112.5000 32.2009
v 394.5901 -112.5000 32.2450
v 398.8147 -112.5000 32.2889
v 403.0308 -112.5000 32.3319
v 407.2332 -112.5000 32.3733
v 411.4168 -112.5000 32.4126
v 415.5766 -112.5000 32.4494
v 419.7076 -112.5000 32.4833
v 423.8048 -112.5000 32.5139
v 427.8631 -112.5000 32.5411
v 431.8776 -112.5000 32.5646
v 435.8435 -112.5000 32.5843
v 439.7558 -112.5000 32.6002
v 443.6097 -112.5000 32.6123
v 447.4006 -112.5000 32.6206
v 451.1237 -112.5000 32.6252
v 454.7744 -112.5000 32.6263
v 458.3482 -112.5000 32.6241
v 461.8407 -112.5000 32.6187
v 465.2475 -112.5000 32.6105
v 468.5644 -112.5000 32.5997
v 471.7872 -112.5000 32.5865
v 474.9119 -112.5000 32.5712
v 477.9346 -112.5000 32.5543
v 480.8514 -112.5000 32.5359
v 483.6586 -112.5000 32.5163
v 486.3528 -112.5000 32.4958
v 488.9304 -112.5000 32.4748
v 491.3882 -112.5000 32.4535
v 493.7230 -112.5000 32.4321
v 495.9319 -112.5000 32.4109
v 498.0121 -112.5000 32.3901
v 499.9607 -112.5000 32.3700
v 501.7754 -112.5000 32.3506
v 503.4538 -112.5000 32.3322
v 504.9936 -112.5000 32.3150
v 506.3930 -112.5000 32.2990
v 507.6500 -112.5000 32.2845
v 508.7630 -112.5000 32.2714
v 509.7306 -112.5000 32.2599
v 510.5515 -112.5000 32.2500
v 511.2246 -112.5000 32.2418
v 511.7491 -112.5000 32.2355
v 512.1242 -112.5000 32.2309
v 512.3495 -112.5000 32.2281
v 512.4246 -112.5000 32.2272
v 512.4501 -225.0000 33.2019
v 512.3772 -225.0000 33.2197
v 512.1585 -225.0000 33.2730
v 511.7943 -225.0000 33.3618
v 511.2849 -225.0000 33.4856
v 510.6310 -225.0000 33.6439
v 509.8332 -225.0000 33.8363
v 508.8925 -225.0000 34.0621
v 507.8098 -225.0000 34.3204
v 506.5864 -225.0000 34.6103
v 505.2237 -225.0000 34.9308
v 503.7231 -225.0000 35.2808
v 502.0864 -225.0000 35.6590
v 500.3153 -225.0000 36.0643
v 498.4118 -225.0000 36.4952
v 496.3782 -225.0000 36.9502
v 494.2167 -225.0000 37.4279
v 491.9298 -225.0000 37.9267
v 489.5201 -225.0000 38.4449
v 486.9890 -225.0000 38.9335
v 484.3409 -225.0000 39.4435
v 481.5788 -225.0000 39.9727
v 478.7059 -225.0000 40.5188
v 475.7255 -225.0000 41.0797
v 472.6411 -225.0000 41.6528
v 469.4562 -225.0000 42.2360
v 466.1746 -225.0000 42.8269
v 462.8001 -225.0000 43.4233
v 459.3367 -225.0000 44.0231
v 455.7884 -225.0000 44.6240
v 452.1595 -225.0000 45.2242
v 448.4543 -225.0000 45.8216
v 444.6771 -225.0000 46.4143
v 440.8325 -225.0000 47.0005
v 436.9252 -225.0000 47.5784
v 432.9597 -225.0000 48.1461
v 428.9409 -225.0000 48.7020
v 424.8736 -225.0000 49.2444
v 420.7628 -225.0000 49.7715
v 416.6135 -225.0000 50.2818
v 412.4306 -225.0000 50.7735
v 408.2194 -225.0000 51.2449
v 403.9849 -225.0000 51.6945
v 399.7324 -225.0000 52.1206
v 395.4671 -225.0000 52.5215
v 391.1942 -225.0000 52.8956
v 386.9191 -225.0000 53.2413
v 382.6470 -225.0000 53.5572
v 378.3832 -225.0000 53.8418
v 374.1332 -225.0000 54.0938
v 369.8898 -225.0000 54.3128
v 365.6519 -225.0000 54.4981
v 361.4431 -225.0000 54.6483
v 357.2691 -225.0000 54.7632
v 353.1352 -225.0000 54.8431
v 349.0470 -225.0000 54.8888
v 345.0097 -225.0000 54.9017
v 341.0288 -225.0000 54.8837
v 337.1096 -225.0000 54.8375
v 333.2572 -225.0000 54.7663
v 329.4770 -225.0000 54.6740
v 325.7739 -225.0000 54.5649
v 322.1530 -225.0000 54.4439
v 318.6191 -225.0000 54.3160
v 315.1770 -225.0000 54.1864
v 311.8251 -225.0000 53.8267
v 308.5730 -225.0000 53.4336
v 305.4248 -225.0000 53.0086
v 302.3847 -225.0000 52.5537
v 299.4565 -225.0000 52.0709
v 296.6440 -225.0000 51.5621
v 293.9507 -225.0000 51.0294
v 291.3800 -225.0000 50.4751
v 288.9351 -225.0000 49.9012
v 286.6190 -225.0000 49.3099
v 284.4345 -225.0000 48.7035
v 282.3843 -225.0000 48.0841
v 280.4706 -225.0000 47.4539
v 278.6959 -225.0000 46.8150
v 277.0620 -225.0000 46.1694
v 275.5709 -225.0000 45.5190
v 274.2241 -225.0000 44.8657
v 273.0231 -225.0000 44.2113
v 271.9691 -225.0000 43.5573
v 271.0631 -225.0000 42.9052
v 270.3061 -225.0000 42.2564
v 269.6987 -225.0000 41.6120
v 269.2412 -225.0000 40.9729
v 268.9341 -225.0000 40.3400
v 268.7774 -225.0000 39.7140
v 268.7709 -225.0000 39.0952
v 268.9134 -225.0000 38.4929
v 269.2034 -225.0000 37.9166
v 269.6402 -225.0000 37.3662
v 270.2230 -225.0000 36.8418
v 270.9508 -225.0000 36.3436
v 271.8223 -225.0000 35.8714
v 272.8363 -225.0000 35.4253
v 273.9913 -225.0000 35.0052
v 275.2854 -225.0000 34.6111
v 276.7170 -225.0000 34.2428
v 278.2840 -225.0000 33.9001
v 279.9842 -225.0000 33.5828
v 281.8154 -225.0000 33.2906
v 283.7752 -225.0000 33.0232
v 285.8610 -225.0000 32.7801
v 288.0701 -225.0000 32.5609
v 290.3997 -225.0000 32.3650
v 292.8470 -225.0000 32.1918
v 295.4089 -225.0000 32.0406
v 298.0823 -225.0000 31.9106
v 300.8639 -225.0000 31.8011
v 303.7505 -225.0000 31.7110
v 306.7385 -225.0000 31.6394
v 309.8246 -225.0000 31.5852
v 313.0051 -225.0000 31.5472
v 316.2763 -225.0000 31.5243
v 319.6345 -225.0000 31.5152
v 323.0758 -225.0000 31.5185
v 326.5963 -225.0000 31.5329
v 330.1921 -225.0000 31.5569
v 333.8590 -225.0000 31.5891
v 337.5929 -225.0000 31.6280
v 341.3895 -225.0000 31.6721
v 345.2448 -225.0000 31.7199
v 349.1541 -225.0000 31.7699
v 353.1133 -225.0000 31.8206
v 357.1177 -225.0000 31.8705
v 361.1628 -225.0000 31.9183
v 365.2442 -225.0000 31.9625
v 369.3570 -225.0000 32.0019
v 373.5150 -225.0000 32.0367
v 377.7068 -225.0000 32.0742
v 381.9153 -225.0000 32.1146
v 386.1353 -225.0000 32.1571
v 390.3619 -225.0000 32.2009
v 394.5901 -225.0000 32.2450
v 398.8147 -225.0000 32.2889
v 403.0308 -225.0000 32.3319
v 407.2332 -225.0000 32.3733
v 411.4168 -225.0000 32.4126
v 415.5766 -225.0000 32.4494
v 419.7076 -225.0000 32.4833
v 423.8048 -225.0000 32.5139
v 427.8631 -225.0000 32.5411
v 431.8776 -225.0000 32.5646
v 435.8435 -225.0000 32.5843
v 439.7558 -225.0000 32.6002
v 443.6097 -225.0000 32.6123
v 447.4006 -225.0000 32.6206
v 451.1237 -225.0000 32.6252
v 454.7744 -225.0000 32.6263
v 458.3482 -225.0000 32.6241
v 461.8407 -225.0000 32.6187
v 465.2475 -225.0000 32.6105
v 468.5644 -225.0000 32.5997
v 471.7872 -225.0000 32.5865
v 474.9119 -225.0000 32.5712
v 477.9346 -225.0000 32.5543
v 480.8514 -225.0000 32.5359
v 483.6586 -225.0000 32.5163
v 486.3528 -225.0000 32.4958
v 488.9304 -225.0000 32.4748
v 491.3882 -225.0000 32.4535
v 493.7230 -225.0000 32.4321
v 495.9319 -225.0000 32.4109
v 498.0121 -225.0000 32.3901
v 499.9607 -225.0000 32.3700
v 501.7754 -225.0000 32.3506
v 503.4538 -225.0000 32.3322
v 504.9936 -225.0000 32.3150
v 506.3930 -225.0000 32.2990
v 507.6500 -225.0000 32.2845
v 508.7630 -225.0000 32.2714
v 509.7306 -225.0000 32.2599
v 510.5515 -225.0000 32.2500
v 511.2246 -225.0000 32.2418
v 511.7491 -225.0000 32.2355
v 512.1242 -225.0000 32.2309
v 512.3495 -225.0000 32.2281
v 512.4246 -225.0000 32.2272
v 512.4501 -337.5000 33.2019
v 512.3772 -337.5000 33.2197
v 512.1585 -337.5000 33.2730
v 511.7943 -337.5000 33.3618
v 511.2849 -337.5000 33.4856
v 510.6310 -337.5000 33.6439
v 509.8332 -337.5000 33.8363
v 508.8925 -337.5000 34.0621
v 507.8098 -337.5000 34.3204
v 506.5864 -337.5000 34.6103
v 505.2237 -337.5000 34.9308
v 503.7231 -337.5000 35.2808
v 502.0864 -337.5000 35.6590
v 500.3153 -337.5000 36.0643
v 498.4118 -337.5000 36.4952
v 496.3782 -337.5000 36.9502
v 494.2167 -337.5000 37.4279
v 491.9298 -337.5000 37.9267
v 489.5201 -337.5000 38.4449
v 486.9890 -337.5000 38.9335
v 484.3409 -337.5000 39.4435
v 481.5788 -337.5000 39.9727
v 478.7059 -337.5000 40.5188
v 475.7255 -337.5000 41.0797
v 472.6411 -337.5000 41.6528
v 469.4562 -337.5000 42.2360
v 466.1746 -337.5000 42.8269
v 462.8001 -337.5000 43.4233
v 459.3367 -337.5000 44.0231
v 455.7884 -337.5000 44.6240
v 452.1595 -337.5000 45.2242
v 448.4543 -337.5000 45.8216
v 444.6771 -337.5000 46.4143
v 440.8325 -337.5000 47.0005
v 436.9252 -337.5000 47.5784
v 432.9597 -337.5000 48.1461
v 428.9409 -337.5000 48.7020
v 424.8736 -337.5000 49.2444
v 420.7628 -337.5000 49.7715
v 416.6135 -337.5000 50.2818
v 412.4306 -337.5000 50.7735
v 408.2194 -337.5000 51.2449
v 403.9849 -337.5000 51.6945
v 399.7324 -337.5000 52.1206
v 395.4671 -337.5000 52.5215
v 391.1942 -337.5000 52.8956
v 386.9191 -337.5000 53.2413
v 382.6470 -337.5000 53.5572
v 378.3832 -337.5000 53.8418
v 374.1332 -337.5000 54.0938
v 369.8898 -337.5000 54.3128
v 365.6519 -337.5000 54.4981
v 361.4431 -337.5000 54.6483
v 357.2691 -337.5000 54.7632
v 353.1352 -337.5000 54.8431
v 349.0470 -337.5000 54.8888
v 345.0097 -337.5000 54.9017
v 341.0288 -337.5000 54.8837
v 337.1096 -337.5000 54.8375
v 333.2572 -337.5000 54.7663
v 329.4770 -337.5000 54.6740
v 325.7739 -337.5000 54.5649
v 322.1530 -337.5000 54.4439
v 318.6191 -337.5000 54.3160
v 315.1770 -337.5000 54.1864
v 311.8251 -337.5000 53.8267
v 308.5730 -337.5000 53.4336
v 305.4248 -337.5000 53.0086
v 302.3847 -337.5000 52.5537
v 299.4565 -337.5000 52.0709
v 296.6440 -337.5000 51.5621
v 293.9507 -337.5000 51.0294
v 291.3800 -337.5000 50.4751
v 288.9351 -337.5000 49.9012
v 286.6190 -337.5000 49.3099
v 284.4345 -337.5000 48.7035
v 282.3843 -337.5000 48.0841
v 280.4706 -337.5000 47.4539
v 278.6959 -337.5000 46.8150
v 277.0620 -337.5000 46.1694
v 275.5709 -337.5000 45.5190
v 274.2241 -337.5000 44.8657
v 273.0231 -337.5000 44.2113
v 271.9691 -337.5000 43.5573
v 271.0631 -337.5000 42.9052
v 270.3061 -337.5000 42.2564
v 269.6987 -337.5000 41.6120
v 269.2412 -337.5000 40.9729
v 268.9341 -337.5000 40.3400
v 268.7774 -337.5000 39.7140
v 268.7709 -337.5000 39.0952
v 268.9134 -337.5000 38.4929
v 269.2034 -337.5000 37.9166
v 269.6402 -337.5000 37.3662
v 270.2230 -337.5000 36.8418
v 270.9508 -337.5000 36.3436
v 271.8223 -337.5000 35.8714
v 272.8363 -337.5000 35.4253
v 273.9913 -337.5000 35.0052
v 275.2854 -337.5000 34.6111
v 276.7170 -337.5000 34.2428
v 278.2840 -337.5000 33.9001
v 279.9842 -337.5000 33.5828
v 281.8154 -337.5000 33.2906
v 283.7752 -337.5000 33.0232
v 285.8610 -337.5000 32.7801
v 288.0701 -337.5000 32.5609
v 290.3997 -337.5000 32.3650
v 292.8470 -337.5000 32.1918
v 295.4089 -337.5000 32.0406
v 298.0823 -337.5000 31.9106
v 300.8639 -337.5000 31.8011
v 303.7505 -337.5000 31.7110
v 306.7385 -337.5000 31.6394
v 309.8246 -337.5000 31.5852
v 313.0051 -337.5000 31.5472
v 316.2763 -337.5000 31.5243
v 319.6345 -337.5000 31.5152
v 323.0758 -337.5000 31.5185
v 326.5963 -337.5000 31.5329
v 330.1921 -337.5000 31.5569
v 333.8590 -337.5000 31.5891
v 337.5929 -337.5000 31.6280
v 341.3895 -337.5000 31.6721
v 345.2448 -337.5000 31.7199
v 349.1541 -337.5000 31.7699
v 353.1133 -337.5000 31.8206
v 357.1177 -337.5000 31.8705
v 361.1628 -337.5000 31.9183
v 365.2442 -337.5000 31.9625
v 369.3570 -337.5000 32.0019
v 373.5150 -337.5000 32.0367
v 377.7068 -337.5000 32.0742
v 381.9153 -337.5000 32.1146
v 386.1353 -337.5000 32.1571
v 390.3619 -337.5000 32.2009
v 394.5901 -337.5000 32.2450
v 398.8147 -337.5000 32.2889
v 403.0308 -337.5000 32.3319
v 407.2332 -337.5000 32.3733
v 411.4168 -337.5000 32.4126
v 415.5766 -337.5000 32.4494
v 419.7076 -337.5000 32.4833
v 423.8048 -337.5000 32.5139
v 427.8631 -337.5000 32.5411
v 431.8776 -337.5000 32.5646
v 435.8435 -337.5000 32.5843
v 439.7558 -337.5000 32.6002
v 443.6097 -337.5000 32.6123
v 447.4006 -337.5000 32.6206
v 451.1237 -337.5000 32.6252
v 454.7744 -337.5000 32.6263
v 458.3482 -337.5000 32.6241
v 461.8407 -337.5000 32.6187
v 465.2475 -337.5000 32.6105
v 468.5644 -337.5000 32.5997
v 471.7872 -337.5000 32.5865
v 474.9119 -337.5000 32.5712
v 477.9346 -337.5000 32.5543
v 480.8514 -337.5000 32.5359
v 483.6586 -337.5000 32.5163
v 486.3528 -337.5000 32.4958
v 488.9304 -337.5000 32.4748
v 491.3882 -337.5000 32.4535
v 493.7230 -337.5000 32.4321
v 495.9319 -337.5000 32.4109
v 498.0121 -337.5000 32.3901
v 499.9607 -337.5000 32.3700
v 501.7754 -337.5000 32.3506
v 503.4538 -337.5000 32.3322
v 504.9936 -337.5000 32.3150
v 506.3930 -337.5000 32.2990
v 507.6500 -337.5000 32.2845
v 508.7630 -337.5000 32.2714
v 509.7306 -337.5000 32.2599
v 510.5515 -337.5000 32.2500
v 511.2246 -337.5000 32.2418
v 511.7491 -337.5000 32.2355
v 512.1242 -337.5000 32.2309
v 512.3495 -337.5000 32.2281
v 512.4246 -337.5000 32.2272
v 512.4501 -450.0000 33.2019
v 512.3772 -450.0000 33.2197
v 512.1585 -450.0000 33.2730
v 511.7943 -450.0000 33.3618
v 511.2849 -450.0000 33.4856
v 510.6310 -450.0000 33.6439
v 509.8332 -450.0000 33.8363
v 508.8925 -450.0000 34.0621
v 507.8098 -450.0000 34.3204
v 506.5864 -450.0000 34.6103
v 505.2237 -450.0000 34.9308
v 503.7231 -450.0000 35.2808
v 502.0864 -450.0000 35.6590
v 500.3153 -450.0000 36.0643
v 498.4118 -450.0000 36.4952
v 496.3782 -450.0000 36.9502
v 494.2167 -450.0000 37.4279
v 491.9298 -450.0000 37.9267
v 489.5201 -450.0000 38.4449
v 486.9890 -450.0000 38.9335
v 484.3409 -450.0000 39.4435
v 481.5788 -450.0000 39.9727
v 478.7059 -450.0000 40.5188
v 475.7255 -450.0000 41.0797
v 472.6411 -450.0000 41.6528
v 469.4562 -450.0000 42.2360
v 466.1746 -450.0000 42.8269
v 462.8001 -450.0000 43.4233
v 459.3367 -450.0000 44.0231
v 455.7884 -450.0000 44.6240
v 452.1595 -450.0000 45.2242
v 448.4543 -450.0000 45.8216
v 444.6771 -450.0000 46.4143
v 440.8325 -450.0000 47.0005
v 436.9252 -450.0000 47.5784
v 432.9597 -450.0000 48.1461
v 428.9409 -450.0000 48.7020
v 424.8736 -450.0000 49.2444
v 420.7628 -450.0000 49.7715
v 416.6135 -450.0000 50.2818
v 412.4306 -450.0000 50.7735
v 408.2194 -450.0000 51.2449
v 403.9849 -450.0000 51.6945
v 399.7324 -450.0000 52.1206
v 395.4671 -450.0000 52.5215
v 391.1942 -450.0000 52.8956
v 386.9191 -450.0000 53.2413
v 382.6470 -450.0000 53.5572
v 378.3832 -450.0000 53.8418
v 374.1332 -450.0000 54.0938
v 369.8898 -450.0000 54.3128
v 365.6519 -450.0000 54.4981
v 361.4431 -450.0000 54.6483
v 357.2691 -450.0000 54.7632
v 353.1352 -450.0000 54.8431
v 349.0470 -450.0000 54.8888
v 345.0097 -450.0000 54.9017
v 341.0288 -450.0000 54.8837
v 337.1096 -450.0000 54.8375
v 333.2572 -450.0000 54.7663
v 329.4770 -450.0000 54.6740
v 325.7739 -450.0000 54.5649
v 322.1530 -450.0000 54.4439
v 318.6191 -450.0000 54.3160
v 315.1770 -450.0000 54.1864
v 311.8251 -450.0000 53.8267
v 308.5730 -450.0000 53.4336
v 305.4248 -450.0000 53.0086
v 302.3847 -450.0000 52.5537
v 299.4565 -450.0000 52.0709
v 296.6440 -450.0000 51.5621
v 293.9507 -450.0000 51.0294
v 291.3800 -450.0000 50.4751
v 288.9351 -450.0000 49.9012
v 286.6190 -450.0000 49.3099
v 284.4345 -450.0000 48.7035
v 282.3843 -450.0000 48.0841
v 280.4706 -450.0000 47.4539
v 278.6959 -450.0000 46.8150
v 277.0620 -450.0000 46.1694
v 275.5709 -450.0000 45.5190
v 274.2241 -450.0000 44.8657
v 273.0231 -450.0000 44.2113
v 271.9691 -450.0000 43.5573
v 271.0631 -450.0000 42.9052
v 270.3061 -450.0000 42.2564
v 269.6987 -450.0000 41.6120
v 269.2412 -450.0000 40.9729
v 268.9341 -450.0000 40.3400
v 268.7774 -450.0000 39.7140
v 268.7709 -450.0000 39.0952
v 268.9134 -450.0000 38.4929
v 269.2034 -450.0000 37.9166
v 269.6402 -450.0000 37.3662
v 270.2230 -450.0000 36.8418
v 270.9508 -450.0000 36.3436
v 271.8223 -450.0000 35.8714
v 272.8363 -450.0000 35.4253
v 273.9913 -450.0000 35.0052
v 275.2854 -450.0000 34.6111
v 276.7170 -450.0000 34.2428
v 278.2840 -450.0000 33.9001
v 279.9842 -450.0000 33.5828
v 281.8154 -450.0000 33.2906
v 283.7752 -450.0000 33.0232
v 285.8610 -450.0000 32.7801
v 288.0701 -450.0000 32.5609
v 290.3997 -450.0000 32.3650
v 292.8470 -450.0000 32.1918
v 295.4089 -450.0000 32.0406
v 298.0823 -450.0000 31.9106
v 300.8639 -450.0000 31.8011
v 303.7505 -450.0000 31.7110
v 306.7385 -450.0000 31.6394
v 309.8246 -450.0000 31.5852
v 313.0051 -450.0000 31.5472
v 316.2763 -450.0000 31.5243
v 319.6345 -450.0000 31.5152
v 323.0758 -450.0000 31.5185
v 326.5963 -450.0000 31.5329
v 330.1921 -450.0000 31.5569
v 333.8590 -450.0000 31.5891
v 337.5929 -450.0000 31.6280
v 341.3895 -450.0000 31.6721
v 345.2448 -450.0000 31.7199
v 349.1541 -450.0000 31.7699
v 353.1133 -450.0000 31.8206
v 357.1177 -450.0000 31.8705
v 361.1628 -450.0000 31.9183
v 365.2442 -450.0000 31.9625
v 369.3570 -450.0000 32.0019
v 373.5150 -450.0000 32.0367
v 377.7068 -450.0000 32.0742
v 381.9153 -450.0000 32.1146
v 386.1353 -450.0000 32.1571
v 390.3619 -450.0000 32.2009
v 394.5901 -450.0000 32.2450
v 398.8147 -450.0000 32.2889
v 403.0308 -450.0000 32.3319
v 407.2332 -450.0000 32.3733
v 411.4168 -450.0000 32.4126
v 415.5766 -450.0000 32.4494
v 419.7076 -450.0000 32.4833
v 423.8048 -450.0000 32.5139
v 427.8631 -450.0000 32.5411
v 431.8776 -450.0000 32.5646
v 435.8435 -450.0000 32.5843
v 439.7558 -450.0000 32.6002
v 443.6097 -450.0000 32.6123
v 447.4006 -450.0000 32.6206
v 451.1237 -450.0000 32.6252
v 454.7744 -450.0000 32.6263
v 458.3482 -450.0000 32.6241
v 461.8407 -450.0000 32.6187
v 465.2475 -450.0000 32.6105
v 468.5644 -450.0000 32.5997
v 471.7872 -450.0000 32.5865
v 474.9119 -450.0000 32.5712
v 477.9346 -450.0000 32.5543
v 480.8514 -450.0000 32.5359
v 483.6586 -450.0000 32.5163
v 486.3528 -450.0000 32.4958
v 488.9304 -450.0000 32.4748
v 491.3882 -450.0000 32.4535
v 493.7230 -450.0000 32.4321
v 495.9319 -450.0000 32.4109
v 498.0121 -450.0000 32.3901
v 499.9607 -450.0000 32.3700
v 501.7754 -450.0000 32.3506
v 503.4538 -450.0000 32.3322
v 504.9936 -450.0000 32.3150
v 506.3930 -450.0000 32.2990
v 507.6500 -450.0000 32.2845
v 508.7630 -450.0000 32.2714
v 509.7306 -450.0000 32.2599
v 510.5515 -450.0000 32.2500
v 511.2246 -450.0000 32.2418
v 511.7491 -450.0000 32.2355
v 512.1242 -450.0000 32.2309
v 512.3495 -450.0000 32.2281
v 512.4246 -450.0000 32.2272
v 512.4501 -562.5000 33.2019
v 512.3772 -562.5000 33.2197
v 512.1585 -562.5000 33.2730
v 511.7943 -562.5000 33.3618
v 511.2849 -562.5000 33.4856
v 510.6310 -562.5000 33.6439
v 509.8332 -562.5000 33.8363
v 508.8925 -562.5000 34.0621
v 507.8098 -562.5000 34.3204
v 506.5864 -562.5000 34.6103
v 505.2237 -562.5000 34.9308
v 503.7231 -562.5000 35.2808
v 502.0864 -562.5000 35.6590
v 500.3153 -562.5000 36.0643
v 498.4118 -562.5000 36.4952
v 496.3782 -562.5000 36.9502
v 494.2167 -562.5000 37.4279
v 491.9298 -562.5000 37.9267
v 489.5201 -562.5000 38.4449
v 486.9890 -562.5000 38.9335
v 484.3409 -562.5000 39.4435
v 481.5788 -562.5000 39.9727
v 478.7059 -562.5000 40.5188
v 475.7255 -562.5000 41.0797
v 472.6411 -562.5000 41.6528
v 469.4562 -562.5000 42.2360
v 466.1746 -562.5000 42.8269
v 462.8001 -562.5000 43.4233
v 459.3367 -562.5000 44.0231
v 455.7884 -562.5000 44.6240
v 452.1595 -562.5000 45.2242
v 448.4543 -562.5000 45.8216
v 444.6771 -562.5000 46.4143
v 440.8325 -562.5000 47.0005
v 436.9252 -562.5000 47.5784
v 432.9597 -562.5000 48.1461
v 428.9409 -562.5000 48.7020
v 424.8736 -562.5000 49.2444
v 420.7628 -562.5000 49.7715
v 416.6135 -562.5000 50.2818
v 412.4306 -562.5000 50.7735
v 408.2194 -562.5000 51.2449
v 403.9849 -562.5000 51.6945
v 399.7324 -562.5000 52.1206
v 395.4671 -562.5000 52.5215
v 391.1942 -562.5000 52.8956
v 386.9191 -562.5000 53.2413
v 382.6470 -562.5000 53.5572
v 378.3832 -562.5000 53.8418
v 374.1332 -562.5000 54.0938
v 369.8898 -562.5000 54.3128
v 365.6519 -562.5000 54.4981
v 361.4431 -562.5000 54.6483
v 357.2691 -562.5000 54.7632
v 353.1352 -562.5000 54.8431
v 349.0470 -562.5000 54.8888
v 345.0097 -562.5000 54.9017
v 341.0288 -562.5000 54.8837
v 337.1096 -562.5000 54.8375
v 333.2572 -562.5000 54.7663
v 329.4770 -562.5000 54.6740
v 325.7739 -562.5000 54.5649
v 322.1530 -562.5000 54.4439
v 318.6191 -562.5000 54.3160
v 315.1770 -562.5000 54.1864
v 311.8251 -562.5000 53.8267
v 308.5730 -562.5000 53.4336
v 305.4248 -562.5000 53.0086
v 302.3847 -562.5000 52.5537
v 299.4565 -562.5000 52.0709
v 296.6440 -562.5000 51.5621
v 293.9507 -562.5000 51.0294
v 291.3800 -562.5000 50.4751
v 288.9351 -562.5000 49.9012
v 286.6190 -562.5000 49.3099
v 284.4345 -562.5000 48.7035
v 282.3843 -562.5000 48.0841
v 280.4706 -562.5000 47.4539
v 278.6959 -562.5000 46.8150
v 277.0620 -562.5000 46.1694
v 275.5709 -562.5000 45.5190
v 274.2241 -562.5000 44.8657
v 273.0231 -562.5000 44.2113
v 271.9691 -562.5000 43.5573
v 271.0631 -562.5000 42.9052
v 270.3061 -562.5000 42.2564
v 269.6987 -562.5000 41.6120
v 269.2412 -562.5000 40.9729
v 268.9341 -562.5000 40.3400
v 268.7774 -562.5000 39.7140
v 268.7709 -562.5000 39.0952
v 268.9134 -562.5000 38.4929
v 269.2034 -562.5000 37.9166
v 269.6402 -562.5000 37.3662
v 270.2230 -562.5000 36.8418
v 270.9508 -562.5000 36.3436
v 271.8223 -562.5000 35.8714
v 272.8363 -562.5000 35.4253
v 273.9913 -562.5000 35.0052
v 275.2854 -562.5000 34.6111
v 276.7170 -562.5000 34.2428
v 278.2840 -562.5000 33.9001
v 279.9842 -562.5000 33.5828
v 281.8154 -562.5000 33.2906
v 283.7752 -562.5000 33.0232
v 285.8610 -562.5000 32.7801
v 288.0701 -562.5000 32.5609
v 290.3997 -562.5000 32.3650
v 292.8470 -562.5000 32.1918
v 295.4089 -562.5000 32.0406
v 298.0823 -562.5000 31.9106
v 300.8639 -562.5000 31.8011
v 303.7505 -562.5000 31.7110
v 306.7385 -562.5000 31.6394
v 309.8246 -562.5000 31.5852
v 313.0051 -562.5000 31.5472
v 316.2763 -562.5000 31.5243
v 319.6345 -562.5000 31.5152
v 323.0758 -562.5000 31.5185
v 326.5963 -562.5000 31.5329
v 330.1921 -562.5000 31.5569
v 333.8590 -562.5000 31.5891
v 337.5929 -562.5000 31.6280
v 341.3895 -562.5000 31.6721
v 345.2448 -562.5000 31.7199
v 349.1541 -562.5000 31.7699
v 353.1133 -562.5000 31.8206
v 357.1177 -562.5000 31.8705
v 361.1628 -562.5000 31.9183
v 365.2442 -562.5000 31.9625
v 369.3570 -562.5000 32.0019
v 373.5150 -562.5000 32.0367
v 377.7068 -562.5000 32.0742
v 381.9153 -562.5000 32.1146
v 386.1353 -562.5000 32.1571
v 390.3619 -562.5000 32.2009
v 394.5901 -562.5000 32.2450
v 398.8147 -562.5000 32.2889
v 403.0308 -562.5000 32.3319
v 407.2332 -562.5000 32.3733
v 411.4168 -562.5000 32.4126
v 415.5766 -562.5000 32.4494
v 419.7076 -562.5000 32.4833
v 423.8048 -562.5000 32.5139
v 427.8631 -562.5000 32.5411
v 431.8776 -562.5000 32.5646
v 435.8435 -562.5000 32.5843
v 439.7558 -562.5000 32.6002
v 443.6097 -562.5000 32.6123
v 447.4006 -562.5000 32.6206
v 451.1237 -562.5000 32.6252
v 454.7744 -562.5000 32.6263
v 458.3482 -562.5000 32.6241
v 461.8407 -562.5000 32.6187
v 465.2475 -562.5000 32.6105
v 468.5644 -562.5000 32.5997
v 471.7872 -562.5000 32.5865
v 474.9119 -562.5000 32.5712
v 477.9346 -562.5000 32.5543
v 480.8514 -562.5000 32.5359
v 483.6586 -562.5000 32.5163
v 486.3528 -562.5000 32.4958
v 488.9304 -562.5000 32.4748
v 491.3882 -562.5000 32.4535
v 493.7230 -562.5000 32.4321
v 495.9319 -562.5000 32.4109
v 498.0121 -562.5000 32.3901
v 499.9607 -562.5000 32.3700
v 501.7754 -562.5000 32.3506
v 503.4538 -562.5000 32.3322
v 504.9936 -562.5000 32.3150
v 506.3930 -562.5000 32.2990
v 507.6500 -562.5000 32.2845
v 508.7630 -562.5000 32.2714
v 509.7306 -562.5000 32.2599
v 510.5515 -562.5000 32.2500
v 511.2246 -562.5000 32.2418
v 511.7491 -562.5000 32.2355
v 512.1242 -562.5000 32.2309
v 512.3495 -562.5000 32.2281
v 512.4246 -562.5000 32.2272
v 503.7201 -662.5000 42.0875
v 503.6497 -662.5000 42.1043
v 503.4386 -662.5000 42.1547
v 503.0870 -662.5000 42.2385
v 502.5954 -662.5000 42.3555
v 501.9642 -662.5000 42.5051
v 501.1941 -662.5000 42.6868
v 500.2861 -662.5000 42.9000
v 499.2411 -662.5000 43.1439
v 498.0603 -662.5000 43.4176
v 496.7450 -662.5000 43.7202
v 495.2966 -662.5000 44.0506
v 493.7169 -662.5000 44.4076
v 492.0075 -662.5000 44.7899
v 490.1704 -662.5000 45.1964
v 488.2076 -662.5000 45.6255
v 486.1215 -662.5000 46.0758
v 483.9143 -662.5000 46.5459
v 481.5887 -662.5000 47.0342
v 479.1462 -662.5000 47.4933
v 476.5908 -662.5000 47.9725
v 473.9254 -662.5000 48.4697
v 471.1531 -662.5000 48.9827
v 468.2771 -662.5000 49.5093
v 465.3007 -662.5000 50.0474
v 462.2275 -662.5000 50.5946
v 459.0609 -662.5000 51.1488
v 455.8048 -662.5000 51.7079
v 452.4629 -662.5000 52.2698
v 449.0392 -662.5000 52.8325
v 445.5378 -662.5000 53.3940
v 441.9628 -662.5000 53.9525
v 438.3184 -662.5000 54.5062
v 434.6092 -662.5000 55.0532
v 430.8394 -662.5000 55.5919
v 427.0136 -662.5000 56.1206
v 423.1365 -662.5000 56.6376
v 419.2128 -662.5000 57.1413
v 415.2471 -662.5000 57.6302
v 411.2443 -662.5000 58.1025
v 407.2094 -662.5000 58.5568
v 403.1471 -662.5000 58.9915
v 399.0626 -662.5000 59.4050
v 394.9608 -662.5000 59.7957
v 390.8467 -662.5000 60.1621
v 386.7255 -662.5000 60.5027
v 382.6023 -662.5000 60.8159
v 378.4821 -662.5000 61.1003
v 374.3701 -662.5000 61.3546
v 370.2715 -662.5000 61.5775
v 366.1795 -662.5000 61.7686
v 362.0929 -662.5000 61.9273
v 358.0345 -662.5000 62.0523
v 354.0098 -662.5000 62.1434
v 350.0240 -662.5000 62.2010
v 346.0824 -662.5000 62.2258
v 342.1900 -662.5000 62.2192
v 338.3521 -662.5000 62.1831
v 334.5739 -662.5000 62.1200
v 330.8602 -662.5000 62.0332
v 327.2162 -662.5000 61.9265
v 323.6466 -662.5000 61.8039
v 320.1562 -662.5000 61.6702
v 316.7498 -662.5000 61.5302
v 313.4319 -662.5000 61.3890
v 310.2021 -662.5000 61.0265
v 307.0686 -662.5000 60.6321
v 304.0355 -662.5000 60.2076
v 301.1067 -662.5000 59.7547
v 298.2860 -662.5000 59.2754
v 295.5768 -662.5000 58.7716
v 292.9828 -662.5000 58.2454
v 290.5070 -662.5000 57.6988
v 288.1526 -662.5000 57.1340
v 285.9224 -662.5000 56.5531
v 283.8192 -662.5000 55.9582
v 281.8455 -662.5000 55.3514
v 280.0036 -662.5000 54.7348
v 278.2955 -662.5000 54.1104
v 276.7234 -662.5000 53.4803
v 275.2889 -662.5000 52.8462
v 273.9935 -662.5000 52.2101
v 272.8387 -662.5000 51.5735
v 271.8256 -662.5000 50.9380
v 270.9553 -662.5000 50.3051
v 270.2285 -662.5000 49.6760
v 269.6459 -662.5000 49.0518
v 269.2079 -662.5000 48.4336
v 268.9148 -662.5000 47.8220
v 268.7666 -662.5000 47.2177
v 268.7633 -662.5000 46.6210
v 268.9035 -662.5000 46.0411
v 269.1858 -662.5000 45.4868
v 269.6095 -662.5000 44.9583
v 270.1739 -662.5000 44.4555
v 270.8779 -662.5000 43.9785
v 271.7204 -662.5000 43.5274
v 272.7001 -662.5000 43.1021
v 273.8155 -662.5000 42.7026
v 275.0651 -662.5000 42.3287
v 276.4470 -662.5000 41.9804
v 277.9593 -662.5000 41.6574
v 279.6000 -662.5000 41.3595
v 281.3668 -662.5000 41.0864
v 283.2574 -662.5000 40.8378
v 285.2695 -662.5000 40.6133
v 287.4003 -662.5000 40.4123
v 289.6472 -662.5000 40.2344
v 292.0074 -662.5000 40.0790
v 294.4780 -662.5000 39.9453
v 297.0560 -662.5000 39.8326
v 299.7383 -662.5000 39.7401
v 302.5216 -662.5000 39.6669
v 305.4027 -662.5000 39.6119
v 308.3783 -662.5000 39.5742
v 311.4447 -662.5000 39.5526
v 314.5986 -662.5000 39.5459
v 317.8362 -662.5000 39.5529
v 321.1539 -662.5000 39.5723
v 324.5480 -662.5000 39.6028
v 328.0145 -662.5000 39.6429
v 331.5495 -662.5000 39.6912
v 335.1492 -662.5000 39.7463
v 338.8093 -662.5000 39.8067
v 342.5258 -662.5000 39.8709
v 346.2946 -662.5000 39.9375
v 350.1113 -662.5000 40.0051
v 353.9717 -662.5000 40.0721
v 357.8714 -662.5000 40.1372
v 361.8059 -662.5000 40.1991
v 365.7709 -662.5000 40.2564
v 369.7795 -662.5000 40.3095
v 373.8206 -662.5000 40.3654
v 377.8777 -662.5000 40.4242
v 381.9460 -662.5000 40.4851
v 386.0207 -662.5000 40.5472
v 390.0968 -662.5000 40.6097
v 394.1695 -662.5000 40.6719
v 398.2340 -662.5000 40.7332
v 402.2852 -662.5000 40.7929
v 406.3184 -662.5000 40.8505
v 410.3287 -662.5000 40.9056
v 414.3112 -662.5000 40.9577
v 418.2611 -662.5000 41.0065
v 422.1736 -662.5000 41.0519
v 426.0438 -662.5000 41.0934
v 429.8672 -662.5000 41.1311
v 433.6389 -662.5000 41.1649
v 437.3544 -662.5000 41.1947
v 441.0091 -662.5000 41.2205
v 444.5985 -662.5000 41.2426
v 448.1181 -662.5000 41.2608
v 451.5636 -662.5000 41.2755
v 454.9307 -662.5000 41.2868
v 458.2152 -662.5000 41.2949
v 461.4131 -662.5000 41.3001
v 464.5202 -662.5000 41.3026
v 467.5328 -662.5000 41.3026
v 470.4470 -662.5000 41.3005
v 473.2591 -662.5000 41.2965
v 475.9657 -662.5000 41.2908
v 478.5631 -662.5000 41.2838
v 481.0483 -662.5000 41.2757
v 483.4179 -662.5000 41.2667
v 485.6691 -662.5000 41.2571
v 487.7987 -662.5000 41.2471
v 489.8043 -662.5000 41.2369
v 491.6831 -662.5000 41.2266
v 493.4327 -662.5000 41.2165
v 495.0509 -662.5000 41.2067
v 496.5355 -662.5000 41.1973
v 497.8847 -662.5000 41.1885
v 499.0966 -662.5000 41.1804
v 500.1697 -662.5000 41.1730
v 501.1026 -662.5000 41.1665
v 501.8941 -662.5000 41.1608
v 502.5431 -662.5000 41.1561
v 503.0488 -662.5000 41.1525
v 503.4104 -662.5000 41.1498
v 503.6276 -662.5000 41.1482
v 503.7000 -662.5000 41.1477
v 494.9846 -762.5000 50.9090
v 494.9167 -762.5000 50.9249
v 494.7133 -762.5000 50.9724
v 494.3744 -762.5000 51.0515
v 493.9005 -762.5000 51.1617
v 493.2921 -762.5000 51.3028
v 492.5499 -762.5000 51.4741
v 491.6747 -762.5000 51.6751
v 490.6675 -762.5000 51.9050
v 489.5294 -762.5000 52.1630
v 488.2616 -762.5000 52.4481
v 486.8657 -762.5000 52.7594
v 485.3431 -762.5000 53.0956
v 483.6955 -762.5000 53.4557
v 481.9249 -762.5000 53.8384
v 480.0333 -762.5000 54.2423
v 478.0227 -762.5000 54.6660
v 475.8956 -762.5000 55.1082
v 473.6542 -762.5000 55.5674
v 471.3006 -762.5000 55.9979
v 468.8381 -762.5000 56.4472
v 466.2696 -762.5000 56.9133
v 463.5982 -762.5000 57.3942
v 460.8268 -762.5000 57.8877
v 457.9588 -762.5000 58.3917
v 454.9974 -762.5000 58.9041
v 451.9462 -762.5000 59.4228
v 448.8087 -762.5000 59.9457
v 445.5886 -762.5000 60.4710
v 442.2898 -762.5000 60.9966
v 438.9161 -762.5000 61.5207
v 435.4717 -762.5000 62.0416
v 431.9605 -762.5000 62.5575
v 428.3868 -762.5000 63.0667
v 424.7549 -762.5000 63.5675
v 421.0691 -762.5000 64.0585
v 417.3340 -762.5000 64.5381
v 413.5540 -762.5000 65.0046
v 409.7337 -762.5000 65.4565
v 405.8778 -762.5000 65.8925
v 401.9910 -762.5000 66.3109
v 398.0780 -762.5000 66.7103
v 394.1437 -762.5000 67.0891
v 390.1928 -762.5000 67.4460
v 386.2302 -762.5000 67.7794
v 382.2610 -762.5000 68.0879
v 378.2898 -762.5000 68.3700
v 374.3218 -762.5000 68.6245
v 370.3617 -762.5000 68.8499
v 366.4147 -762.5000 69.0453
v 362.4742 -762.5000 69.2100
v 358.5390 -762.5000 69.3435
v 354.6313 -762.5000 69.4448
v 350.7560 -762.5000 69.5136
v 346.9184 -762.5000 69.5503
v 343.1234 -762.5000 69.5556
v 339.3761 -762.5000 69.5309
v 335.6813 -762.5000 69.4781
v 332.0441 -762.5000 69.3996
v 328.4692 -762.5000 69.2986
v 324.9613 -762.5000 69.1786
v 321.5253 -762.5000 69.0438
v 318.1656 -762.5000 68.8987
v 314.8867 -762.5000 68.7479
v 311.6930 -762.5000 68.5964
v 308.5852 -762.5000 68.2321
v 305.5703 -762.5000 67.8377
v 302.6522 -762.5000 67.4147
v 299.8346 -762.5000 66.9649
v 297.1211 -762.5000 66.4902
v 294.5153 -762.5000 65.9924
v 292.0203 -762.5000 65.4736
v 289.6393 -762.5000 64.9358
v 287.3753 -762.5000 64.3809
v 285.2309 -762.5000 63.8111
v 283.2088 -762.5000 63.2285
v 281.3115 -762.5000 62.6350
v 279.5410 -762.5000 62.0327
v 277.8996 -762.5000 61.4235
v 276.3889 -762.5000 60.8095
v 275.0108 -762.5000 60.1923
v 273.7667 -762.5000 59.5737
v 272.6579 -762.5000 58.9554
v 271.6856 -762.5000 58.3388
v 270.8506 -762.5000 57.7254
v 270.1539 -762.5000 57.1163
v 269.5959 -762.5000 56.5127
v 269.1771 -762.5000 55.9154
v 268.8978 -762.5000 55.3252
v 268.7580 -762.5000 54.7427
v 268.7576 -762.5000 54.1683
v 268.8953 -762.5000 53.6106
v 269.1697 -762.5000 53.0783
v 269.5801 -762.5000 52.5714
v 270.1258 -762.5000 52.0900
v 270.8058 -762.5000 51.6341
v 271.6191 -762.5000 51.2038
v 272.5643 -762.5000 50.7989
v 273.6401 -762.5000 50.4195
v 274.8449 -762.5000 50.0655
v 276.1769 -762.5000 49.7366
v 277.6344 -762.5000 49.4327
v 279.2154 -762.5000 49.1537
v 280.9177 -762.5000 48.8991
v 282.7391 -762.5000 48.6686
v 284.6772 -762.5000 48.4619
v 286.7296 -762.5000 48.2785
v 288.8937 -762.5000 48.1178
v 291.1668 -762.5000 47.9792
v 293.5460 -762.5000 47.8622
v 296.0285 -762.5000 47.7658
v 298.6113 -762.5000 47.6893
v 301.2913 -762.5000 47.6319
v 304.0654 -762.5000 47.5926
v 306.9302 -762.5000 47.5703
v 309.8826 -762.5000 47.5639
v 312.9190 -762.5000 47.5723
v 316.0360 -762.5000 47.5943
v 319.2301 -762.5000 47.6286
v 322.4975 -762.5000 47.6739
v 325.8347 -762.5000 47.7288
v 329.2379 -762.5000 47.7919
v 332.7032 -762.5000 47.8619
v 336.2268 -762.5000 47.9373
v 339.8046 -762.5000 48.0166
v 343.4326 -762.5000 48.0985
v 347.1069 -762.5000 48.1814
v 350.8232 -762.5000 48.2641
v 354.5773 -762.5000 48.3452
v 358.3650 -762.5000 48.4233
v 362.1820 -762.5000 48.4971
v 366.0410 -762.5000 48.5671
v 369.9314 -762.5000 48.6399
v 373.8371 -762.5000 48.7156
v 377.7536 -762.5000 48.7934
v 381.6762 -762.5000 48.8723
v 385.6002 -762.5000 48.9517
v 389.5210 -762.5000 49.0307
v 393.4337 -762.5000 49.1089
v 397.3338 -762.5000 49.1854
v 401.2166 -762.5000 49.2599
v 405.0772 -762.5000 49.3317
v 408.9111 -762.5000 49.4007
v 412.7137 -762.5000 49.4663
v 416.4802 -762.5000 49.5283
v 420.2061 -762.5000 49.5865
v 423.8869 -762.5000 49.6408
v 427.5180 -762.5000 49.6911
v 431.0950 -762.5000 49.7372
v 434.6134 -762.5000 49.7793
v 438.0690 -762.5000 49.8174
v 441.4574 -762.5000 49.8515
v 444.7746 -762.5000 49.8819
v 448.0162 -762.5000 49.9086
v 451.1784 -762.5000 49.9319
v 454.2571 -762.5000 49.9519
v 457.2485 -762.5000 49.9689
v 460.1488 -762.5000 49.9831
v 462.9545 -762.5000 49.9948
v 465.6619 -762.5000 50.0042
v 468.2677 -762.5000 50.0115
v 470.7684 -762.5000 50.0169
v 473.1611 -762.5000 50.0208
v 475.4425 -762.5000 50.0233
v 477.6098 -762.5000 50.0247
v 479.6602 -762.5000 50.0250
v 481.5911 -762.5000 50.0246
v 483.4000 -762.5000 50.0236
v 485.0845 -762.5000 50.0221
v 486.6424 -762.5000 50.0202
v 488.0718 -762.5000 50.0182
v 489.3708 -762.5000 50.0161
v 490.5376 -762.5000 50.0139
v 491.5708 -762.5000 50.0119
v 492.4690 -762.5000 50.0100
v 493.2310 -762.5000 50.0083
v 493.8559 -762.5000 50.0068
v 494.3427 -762.5000 50.0057
v 494.6909 -762.5000 50.0048
v 494.9000 -762.5000 50.0043
v 494.9697 -762.5000 50.0041
v 486.2442 -862.5000 59.6665
v 486.1789 -862.5000 59.6814
v 485.9831 -862.5000 59.7262
v 485.6569 -862.5000 59.8006
v 485.2009 -862.5000 59.9043
v 484.6154 -862.5000 60.0371
v 483.9011 -862.5000 60.1983
v 483.0588 -862.5000 60.3874
v 482.0894 -862.5000 60.6037
v 480.9941 -862.5000 60.8463
v 479.7741 -862.5000 61.1145
v 478.4307 -862.5000 61.4071
v 476.9654 -862.5000 61.7232
v 475.3799 -862.5000 62.0616
v 473.6760 -862.5000 62.4211
v 471.8556 -862.5000 62.8005
v 469.9209 -862.5000 63.1985
v 467.8739 -862.5000 63.6136
v 465.7171 -862.5000 64.0444
v 463.4525 -862.5000 64.4473
v 461.0832 -862.5000 64.8676
v 458.6119 -862.5000 65.3036
v 456.0415 -862.5000 65.7533
v 453.3750 -862.5000 66.2147
v 450.6156 -862.5000 66.6857
v 447.7664 -862.5000 67.1644
v 444.8307 -862.5000 67.6487
v 441.8122 -862.5000 68.1367
v 438.7142 -862.5000 68.6265
v 435.5405 -862.5000 69.1162
v 432.2949 -862.5000 69.6043
v 428.9813 -862.5000 70.0888
v 425.6035 -862.5000 70.5682
v 422.1656 -862.5000 71.0409
v 418.6719 -862.5000 71.5054
v 415.1264 -862.5000 71.9601
v 411.5335 -862.5000 72.4035
v 407.8976 -862.5000 72.8342
v 404.2229 -862.5000 73.2507
v 400.5142 -862.5000 73.6517
v 396.7757 -862.5000 74.0356
v 393.0123 -862.5000 74.4012
v 389.2283 -862.5000 74.7469
v 385.4286 -862.5000 75.0714
v 381.6178 -862.5000 75.3733
v 377.8006 -862.5000 75.6512
v 373.9818 -862.5000 75.9038
v 370.1660 -862.5000 76.1298
v 366.3581 -862.5000 76.3279
v 362.5629 -862.5000 76.4971
v 358.7741 -862.5000 76.6370
v 354.9905 -862.5000 76.7469
v 351.2334 -862.5000 76.8258
v 347.5078 -862.5000 76.8737
v 343.8185 -862.5000 76.8910
v 340.1703 -862.5000 76.8783
v 336.5680 -862.5000 76.8369
v 333.0164 -862.5000 76.7688
v 329.5202 -862.5000 76.6763
v 326.0841 -862.5000 76.5624
v 322.7125 -862.5000 76.4306
v 319.4100 -862.5000 76.2849
v 316.1810 -862.5000 76.1295
v 313.0297 -862.5000 75.9692
v 309.9603 -862.5000 75.8085
v 306.9744 -862.5000 75.4437
v 304.0780 -862.5000 75.0504
v 301.2747 -862.5000 74.6301
v 298.5682 -862.5000 74.1845
v 295.9620 -862.5000 73.7154
v 293.4593 -862.5000 73.2246
v 291.0632 -862.5000 72.7141
v 288.7769 -862.5000 72.1859
v 286.6030 -862.5000 71.6419
v 284.5443 -862.5000 71.0841
v 282.6032 -862.5000 70.5144
v 280.7820 -862.5000 69.9350
v 279.0829 -862.5000 69.3477
v 277.5078 -862.5000 68.7544
v 276.0585 -862.5000 68.1570
v 274.7366 -862.5000 67.5572
v 273.5435 -862.5000 66.9567
v 272.4805 -862.5000 66.3571
v 271.5487 -862.5000 65.7598
v 270.7489 -862.5000 65.1662
v 270.0820 -862.5000 64.5774
v 269.5485 -862.5000 63.9945
v 269.1487 -862.5000 63.4184
v 268.8829 -862.5000 62.8497
v 268.7513 -862.5000 62.2891
v 268.7536 -862.5000 61.7369
v 268.8886 -862.5000 61.2014
v 269.1549 -862.5000 60.6910
v 269.5518 -862.5000 60.2056
v 270.0787 -862.5000 59.7454
v 270.7345 -862.5000 59.3104
v 271.5183 -862.5000 58.9005
v 272.4289 -862.5000 58.5157
v 273.4648 -862.5000 58.1561
v 274.6246 -862.5000 57.8214
v 275.9067 -862.5000 57.5115
v 277.3093 -862.5000 57.2262
v 278.8304 -862.5000 56.9654
v 280.4680 -862.5000 56.7286
v 282.2200 -862.5000 56.5157
v 284.0842 -862.5000 56.3261
v 286.0581 -862.5000 56.1594
v 288.1392 -862.5000 56.0150
v 290.3249 -862.5000 55.8925
v 292.6127 -862.5000 55.7911
v 294.9996 -862.5000 55.7102
v 297.4828 -862.5000 55.6488
v 300.0594 -862.5000 55.6062
v 302.7263 -862.5000 55.5814
v 305.4805 -862.5000 55.5734
v 308.3186 -862.5000 55.5812
v 311.2376 -862.5000 55.6035
v 314.2339 -862.5000 55.6393
v 317.3042 -862.5000 55.6873
v 320.4451 -862.5000 55.7462
v 323.6529 -862.5000 55.8146
v 326.9242 -862.5000 55.8913
v 330.2551 -862.5000 55.9749
v 333.6419 -862.5000 56.0639
v 337.0810 -862.5000 56.1569
v 340.5683 -862.5000 56.2527
v 344.1000 -862.5000 56.3497
v 347.6722 -862.5000 56.4467
v 351.2807 -862.5000 56.5422
v 354.9215 -862.5000 56.6351
v 358.5905 -862.5000 56.7240
v 362.2999 -862.5000 56.8094
v 366.0394 -862.5000 56.8977
v 369.7937 -862.5000 56.9888
v 373.5583 -862.5000 57.0819
v 377.3288 -862.5000 57.1763
v 381.1006 -862.5000 57.2710
v 384.8693 -862.5000 57.3654
v 388.6304 -862.5000 57.4589
v 392.3792 -862.5000 57.5508
v 396.1114 -862.5000 57.6406
v 399.8223 -862.5000 57.7278
v 403.5076 -862.5000 57.8121
v 407.1628 -862.5000 57.8930
v 410.7833 -862.5000 57.9704
v 414.3648 -862.5000 58.0439
v 417.9029 -862.5000 58.1133
v 421.3933 -862.5000 58.1787
v 424.8317 -862.5000 58.2399
v 428.2138 -862.5000 58.2969
v 431.5355 -862.5000 58.3497
v 434.7927 -862.5000 58.3985
v 437.9814 -862.5000 58.4432
v 441.0975 -862.5000 58.4841
v 444.1372 -862.5000 58.5214
v 447.0967 -862.5000 58.5551
v 449.9723 -862.5000 58.5855
v 452.7604 -862.5000 58.6128
v 455.4575 -862.5000 58.6372
v 458.0601 -862.5000 58.6589
v 460.5650 -862.5000 58.6781
v 462.9691 -862.5000 58.6951
v 465.2691 -862.5000 58.7101
v 467.4623 -862.5000 58.7232
v 469.5457 -862.5000 58.7347
v 471.5168 -862.5000 58.7447
v 473.3730 -862.5000 58.7534
v 475.1119 -862.5000 58.7609
v 476.7312 -862.5000 58.7673
v 478.2289 -862.5000 58.7729
v 479.6030 -862.5000 58.7777
v 480.8517 -862.5000 58.7817
v 481.9734 -862.5000 58.7851
v 482.9667 -862.5000 58.7880
v 483.8301 -862.5000 58.7904
v 484.5627 -862.5000 58.7924
v 485.1634 -862.5000 58.7939
v 485.6314 -862.5000 58.7951
v 485.9661 -862.5000 58.7959
v 486.1671 -862.5000 58.7964
v 486.2342 -862.5000 58.7965
v 477.4993 -962.5000 68.3598
v 477.4366 -962.5000 68.3738
v 477.2484 -962.5000 68.4159
v 476.9351 -962.5000 68.4858
v 476.4969 -962.5000 68.5832
v 475.9343 -962.5000 68.7079
v 475.2480 -962.5000 68.8593
v 474.4387 -962.5000 69.0368
v 473.5074 -962.5000 69.2398
v 472.4550 -962.5000 69.4676
v 471.2828 -962.5000 69.7192
v 469.9921 -962.5000 69.9938
v 468.5843 -962.5000 70.2903
v 467.0610 -962.5000 70.6076
v 465.4240 -962.5000 70.9447
v 463.6751 -962.5000 71.3003
v 461.8163 -962.5000 71.6731
v 459.8498 -962.5000 72.0619
v 457.7778 -962.5000 72.4653
v 455.6024 -962.5000 72.8413
v 453.3264 -962.5000 73.2337
v 450.9525 -962.5000 73.6405
v 448.4835 -962.5000 74.0601
v 445.9222 -962.5000 74.4904
v 443.2715 -962.5000 74.9295
v 440.5347 -962.5000 75.3756
v 437.7150 -962.5000 75.8266
v 434.8156 -962.5000 76.2808
v 431.8400 -962.5000 76.7363
v 428.7917 -962.5000 77.1915
v 425.6744 -962.5000 77.6447
v 422.4918 -962.5000 78.0942
v 419.2477 -962.5000 78.5384
v 415.9460 -962.5000 78.9760
v 412.5907 -962.5000 79.4054
v 409.1858 -962.5000 79.8251
v 405.7354 -962.5000 80.2339
v 402.2437 -962.5000 80.6302
v 398.7150 -962.5000 81.0127
v 395.1536 -962.5000 81.3802
v 391.5638 -962.5000 81.7311
v 387.9501 -962.5000 82.0643
v 384.3168 -962.5000 82.3784
v 380.6685 -962.5000 82.6720
v 377.0096 -962.5000 82.9439
v 373.3447 -962.5000 83.1927
v 369.6783 -962.5000 83.4172
v 366.0151 -962.5000 83.6162
v 362.3595 -962.5000 83.7885
v 358.7162 -962.5000 83.9331
v 355.0792 -962.5000 84.0495
v 351.4473 -962.5000 84.1373
v 347.8411 -962.5000 84.1954
v 344.2652 -962.5000 84.2239
v 340.7242 -962.5000 84.2232
v 337.2229 -962.5000 84.1939
v 333.7658 -962.5000 84.1373
v 330.3574 -962.5000 84.0553
v 327.0024 -962.5000 83.9501
v 323.7050 -962.5000 83.8246
v 320.4698 -962.5000 83.6823
v 317.3009 -962.5000 83.5270
v 314.2025 -962.5000 83.3627
v 311.1787 -962.5000 83.1941
v 308.2336 -962.5000 83.0254
v 305.3696 -962.5000 82.6614
v 302.5916 -962.5000 82.2703
v 299.9031 -962.5000 81.8537
v 297.3076 -962.5000 81.4133
v 294.8084 -962.5000 80.9509
v 292.4087 -962.5000 80.4682
v 290.1115 -962.5000 79.9670
v 287.9197 -962.5000 79.4493
v 285.8358 -962.5000 78.9169
v 283.8626 -962.5000 78.3719
v 282.0023 -962.5000 77.8161
v 280.2571 -962.5000 77.2515
v 278.6291 -962.5000 76.6798
v 277.1202 -962.5000 76.1030
v 275.7320 -962.5000 75.5229
v 274.4661 -962.5000 74.9410
v 273.3238 -962.5000 74.3591
v 272.3064 -962.5000 73.7786
v 271.4149 -962.5000 73.2010
v 270.6501 -962.5000 72.6275
v 270.0128 -962.5000 72.0593
v 269.5034 -962.5000 71.4973
v 269.1225 -962.5000 70.9425
v 268.8701 -962.5000 70.3955
v 268.7463 -962.5000 69.8568
v 268.7511 -962.5000 69.3268
v 268.8832 -962.5000 68.8135
v 269.1412 -962.5000 68.3249
v 269.5244 -962.5000 67.8609
v 270.0322 -962.5000 67.4217
v 270.6637 -962.5000 67.0072
v 271.4179 -962.5000 66.6175
v 272.2936 -962.5000 66.2525
v 273.2896 -962.5000 65.9122
v 274.4043 -962.5000 65.5964
v 275.6362 -962.5000 65.3050
v 276.9837 -962.5000 65.0378
v 278.4448 -962.5000 64.7946
v 280.0177 -962.5000 64.5751
v 281.7002 -962.5000 64.3789
v 283.4902 -962.5000 64.2056
v 285.3854 -962.5000 64.0549
v 287.3834 -962.5000 63.9262
v 289.4818 -962.5000 63.8188
v 291.6780 -962.5000 63.7323
v 293.9692 -962.5000 63.6657
v 296.3528 -962.5000 63.6185
v 298.8259 -962.5000 63.5897
v 301.3856 -962.5000 63.5784
v 304.0290 -962.5000 63.5836
v 306.7529 -962.5000 63.6044
v 309.5543 -962.5000 63.6395
v 312.4298 -962.5000 63.6879
v 315.3764 -962.5000 63.7484
v 318.3906 -962.5000 63.8196
v 321.4690 -962.5000 63.9004
v 324.6083 -962.5000 63.9893
v 327.8047 -962.5000 64.0851
v 331.0549 -962.5000 64.1865
v 334.3551 -962.5000 64.2919
v 337.7017 -962.5000 64.4001
v 341.0908 -962.5000 64.5098
v 344.5187 -962.5000 64.6196
v 347.9816 -962.5000 64.7283
v 351.4755 -962.5000 64.8345
v 354.9964 -962.5000 64.9370
v 358.5561 -962.5000 65.0364
v 362.1447 -962.5000 65.1387
v 365.7475 -962.5000 65.2437
v 369.3602 -962.5000 65.3508
v 372.9785 -962.5000 65.4590
v 376.5981 -962.5000 65.5676
v 380.2147 -962.5000 65.6759
v 383.8240 -962.5000 65.7832
v 387.4215 -962.5000 65.8890
v 391.0031 -962.5000 65.9927
v 394.5643 -962.5000 66.0939
v 398.1009 -962.5000 66.1920
v 401.6086 -962.5000 66.2869
v 405.0830 -962.5000 66.3780
v 408.5201 -962.5000 66.4654
v 411.9155 -962.5000 66.5486
v 415.2651 -962.5000 66.6278
v 418.5648 -962.5000 66.7026
v 421.8106 -962.5000 66.7732
v 424.9984 -962.5000 66.8395
v 428.1243 -962.5000 66.9015
v 431.1844 -962.5000 66.9594
v 434.1749 -962.5000 67.0133
v 437.0922 -962.5000 67.0633
v 439.9324 -962.5000 67.1095
v 442.6922 -962.5000 67.1522
v 445.3679 -962.5000 67.1915
v 447.9564 -962.5000 67.2275
v 450.4542 -962.5000 67.2606
v 452.8582 -962.5000 67.2908
v 455.1654 -962.5000 67.3184
v 457.3728 -962.5000 67.3436
v 459.4776 -962.5000 67.3665
v 461.4772 -962.5000 67.3872
v 463.3689 -962.5000 67.4061
v 465.1504 -962.5000 67.4231
v 466.8193 -962.5000 67.4384
v 468.3734 -962.5000 67.4523
v 469.8108 -962.5000 67.4646
v 471.1296 -962.5000 67.4756
v 472.3280 -962.5000 67.4854
v 473.4046 -962.5000 67.4939
v 474.3578 -962.5000 67.5014
v 475.1865 -962.5000 67.5077
v 475.8896 -962.5000 67.5130
v 476.4661 -962.5000 67.5173
v 476.9153 -962.5000 67.5206
v 477.2365 -962.5000 67.5230
v 477.4295 -962.5000 67.5244
v 477.4938 -962.5000 67.5248
v 468.7505 -1062.5000 76.9891
v 468.6903 -1062.5000 77.0022
v 468.5098 -1062.5000 77.0416
v 468.2093 -1062.5000 77.1071
v 467.7890 -1062.5000 77.1984
v 467.2494 -1062.5000 77.3152
v 466.5912 -1062.5000 77.4570
v 465.8150 -1062.5000 77.6233
v 464.9218 -1062.5000 77.8135
v 463.9125 -1062.5000 78.0268
v 462.7882 -1062.5000 78.2624
v 461.5503 -1062.5000 78.5194
v 460.2001 -1062.5000 78.7968
v 458.7393 -1062.5000 79.0937
v 457.1693 -1062.5000 79.4090
v 455.4921 -1062.5000 79.7415
v 453.7095 -1062.5000 80.0900
v 451.8236 -1062.5000 80.4533
v 449.8366 -1062.5000 80.8301
v 447.7506 -1062.5000 81.1801
v 445.5683 -1062.5000 81.5454
v 443.2920 -1062.5000 81.9241
v 440.9245 -1062.5000 82.3145
v 438.4686 -1062.5000 82.7147
v 435.9270 -1062.5000 83.1231
v 433.3029 -1062.5000 83.5376
v 430.5992 -1062.5000 83.9565
v 427.8193 -1062.5000 84.3781
v 424.9663 -1062.5000 84.8006
v 422.0437 -1062.5000 85.2224
v 419.0550 -1062.5000 85.6420
v 416.0037 -1062.5000 86.0577
v 412.8936 -1062.5000 86.4682
v 409.7282 -1062.5000 86.8719
v 406.5116 -1062.5000 87.2676
v 403.2474 -1062.5000 87.6538
v 399.9398 -1062.5000 88.0292
v 396.5927 -1062.5000 88.3926
v 393.2102 -1062.5000 88.7426
v 389.7963 -1062.5000 89.0779
v 386.3554 -1062.5000 89.3974
v 382.8916 -1062.5000 89.6997
v 379.4092 -1062.5000 89.9836
v 375.9125 -1062.5000 90.2478
v 372.4057 -1062.5000 90.4911
v 368.8933 -1062.5000 90.7124
v 365.3797 -1062.5000 90.9103
v 361.8691 -1062.5000 91.0838
v 358.3660 -1062.5000 91.2317
v 354.8747 -1062.5000 91.3532
v 351.3896 -1062.5000 91.4478
v 347.9097 -1062.5000 91.5148
v 344.4544 -1062.5000 91.5536
v 341.0282 -1062.5000 91.5642
v 337.6357 -1062.5000 91.5469
v 334.2813 -1062.5000 91.5024
v 330.9694 -1062.5000 91.4321
v 327.7044 -1062.5000 91.3375
v 324.4905 -1062.5000 91.2210
v 321.3320 -1062.5000 91.0854
v 318.2331 -1062.5000 90.9339
v 315.1977 -1062.5000 90.7702
v 312.2300 -1062.5000 90.5984
v 309.3339 -1062.5000 90.4226
v 306.5130 -1062.5000 90.2473
v 303.7708 -1062.5000 89.8851
v 301.1110 -1062.5000 89.4974
v 298.5372 -1062.5000 89.0857
v 296.0526 -1062.5000 88.6516
v 293.6604 -1062.5000 88.1968
v 291.3636 -1062.5000 87.7231
v 289.1651 -1062.5000 87.2322
v 287.0675 -1062.5000 86.7259
v 285.0735 -1062.5000 86.2062
v 283.1856 -1062.5000 85.6747
v 281.4059 -1062.5000 85.1335
v 279.7365 -1062.5000 84.5844
v 278.1794 -1062.5000 84.0291
v 276.7365 -1062.5000 83.4694
v 275.4092 -1062.5000 82.9071
v 274.1991 -1062.5000 82.3437
v 273.1075 -1062.5000 81.7808
v 272.1354 -1062.5000 81.2199
v 271.2840 -1062.5000 80.6624
v 270.5540 -1062.5000 80.1093
v 269.9460 -1062.5000 79.5620
v 269.4606 -1062.5000 79.0212
v 269.0982 -1062.5000 78.4878
v 268.8590 -1062.5000 77.9625
v 268.7430 -1062.5000 77.4458
v 268.7501 -1062.5000 76.9381
v 268.8790 -1062.5000 76.4470
v 269.1285 -1062.5000 75.9800
v 269.4978 -1062.5000 75.5373
v 269.9864 -1062.5000 75.1189
v 270.5933 -1062.5000 74.7248
v 271.3177 -1062.5000 74.3549
v 272.1584 -1062.5000 74.0093
v 273.1142 -1062.5000 73.6879
v 274.1837 -1062.5000 73.3906
v 275.3653 -1062.5000 73.1172
v 276.6575 -1062.5000 72.8675
v 278.0585 -1062.5000 72.6413
v 279.5664 -1062.5000 72.4384
v 281.1793 -1062.5000 72.2583
v 282.8951 -1062.5000 72.1007
v 284.7116 -1062.5000 71.9652
v 286.6264 -1062.5000 71.8512
v 288.6373 -1062.5000 71.7582
v 290.7418 -1062.5000 71.6855
v 292.9373 -1062.5000 71.6325
v 295.2212 -1062.5000 71.5984
v 297.5907 -1062.5000 71.5824
v 300.0432 -1062.5000 71.5835
v 302.5757 -1062.5000 71.6009
v 305.1853 -1062.5000 71.6336
v 307.8690 -1062.5000 71.6804
v 310.6238 -1062.5000 71.7402
v 313.4466 -1062.5000 71.8119
v 316.3340 -1062.5000 71.8943
v 319.2830 -1062.5000 71.9860
v 322.2902 -1062.5000 72.0860
v 325.3522 -1062.5000 72.1927
v 328.4656 -1062.5000 72.3050
v 331.6270 -1062.5000 72.4215
v 334.8327 -1062.5000 72.5409
v 338.0793 -1062.5000 72.6618
v 341.3630 -1062.5000 72.7831
v 344.6801 -1062.5000 72.9033
v 348.0270 -1062.5000 73.0215
v 351.3998 -1062.5000 73.1362
v 354.8098 -1062.5000 73.2481
v 358.2475 -1062.5000 73.3629
v 361.6987 -1062.5000 73.4804
v 365.1594 -1062.5000 73.5999
v 368.6255 -1062.5000 73.7205
v 372.0929 -1062.5000 73.8415
v 375.5573 -1062.5000 73.9622
v 379.0147 -1062.5000 74.0819
v 382.4610 -1062.5000 74.2001
v 385.8919 -1062.5000 74.3162
v 389.3033 -1062.5000 74.4298
v 392.6912 -1062.5000 74.5404
v 396.0513 -1062.5000 74.6477
v 399.3797 -1062.5000 74.7513
v 402.6722 -1062.5000 74.8511
v 405.9249 -1062.5000 74.9468
v 409.1337 -1062.5000 75.0382
v 412.2947 -1062.5000 75.1254
v 415.4041 -1062.5000 75.2082
v 418.4579 -1062.5000 75.2866
v 421.4525 -1062.5000 75.3607
v 424.3840 -1062.5000 75.4305
v 427.2489 -1062.5000 75.4962
v 430.0436 -1062.5000 75.5577
v 432.7645 -1062.5000 75.6153
v 435.4083 -1062.5000 75.6691
v 437.9717 -1062.5000 75.7193
v 440.4515 -1062.5000 75.7659
v 442.8444 -1062.5000 75.8093
v 445.1475 -1062.5000 75.8495
v 447.3578 -1062.5000 75.8868
v 449.4726 -1062.5000 75.9212
v 451.4890 -1062.5000 75.9530
v 453.4047 -1062.5000 75.9822
v 455.2170 -1062.5000 76.0091
v 456.9237 -1062.5000 76.0338
v 458.5225 -1062.5000 76.0563
v 460.0114 -1062.5000 76.0768
v 461.3885 -1062.5000 76.0954
v 462.6519 -1062.5000 76.1121
v 463.8001 -1062.5000 76.1271
v 464.8315 -1062.5000 76.1403
v 465.7447 -1062.5000 76.1519
v 466.5386 -1062.5000 76.1618
v 467.2122 -1062.5000 76.1702
v 467.7645 -1062.5000 76.1770
v 468.1948 -1062.5000 76.1823
v 468.5026 -1062.5000 76.1861
v 468.6874 -1062.5000 76.1883
v 468.7491 -1062.5000 76.1891
v 460.7501 -1090.0000 79.3489
v 460.6923 -1090.0000 79.3614
v 460.5190 -1090.0000 79.3990
v 460.2304 -1090.0000 79.4615
v 459.8268 -1090.0000 79.5486
v 459.3087 -1090.0000 79.6600
v 458.6766 -1090.0000 79.7952
v 457.9312 -1090.0000 79.9539
v 457.0735 -1090.0000 80.1352
v 456.1042 -1090.0000 80.3386
v 455.0247 -1090.0000 80.5633
v 453.8359 -1090.0000 80.8083
v 452.5394 -1090.0000 81.0729
v 451.1366 -1090.0000 81.3560
v 449.6290 -1090.0000 81.6565
v 448.0184 -1090.0000 81.9735
v 446.3066 -1090.0000 82.3056
v 444.4957 -1090.0000 82.6519
v 442.5876 -1090.0000 83.0109
v 440.5847 -1090.0000 83.3442
v 438.4891 -1090.0000 83.6919
v 436.3034 -1090.0000 84.0524
v 434.0301 -1090.0000 84.4240
v 431.6718 -1090.0000 84.8050
v 429.2314 -1090.0000 85.1935
v 426.7117 -1090.0000 85.5879
v 424.1156 -1090.0000 85.9865
v 421.4463 -1090.0000 86.3875
v 418.7069 -1090.0000 86.7893
v 415.9007 -1090.0000 87.1903
v 413.0309 -1090.0000 87.5891
v 410.1012 -1090.0000 87.9841
v 407.1149 -1090.0000 88.3740
v 404.0756 -1090.0000 88.7573
v 400.9871 -1090.0000 89.1329
v 397.8530 -1090.0000 89.4992
v 394.6772 -1090.0000 89.8552
v 391.4634 -1090.0000 90.1996
v 388.2157 -1090.0000 90.5310
v 384.9380 -1090.0000 90.8484
v 381.6343 -1090.0000 91.1504
v 378.3087 -1090.0000 91.4360
v 374.9652 -1090.0000 91.7039
v 371.6080 -1090.0000 91.9528
v 368.2412 -1090.0000 92.1817
v 364.8690 -1090.0000 92.3894
v 361.4956 -1090.0000 92.5747
v 358.1252 -1090.0000 92.7365
v 354.7620 -1090.0000 92.8739
v 351.4102 -1090.0000 92.9858
v 348.0645 -1090.0000 93.0719
v 344.7236 -1090.0000 93.1316
v 341.4065 -1090.0000 93.1643
v 338.1174 -1090.0000 93.1698
v 334.8606 -1090.0000 93.1487
v 331.6404 -1090.0000 93.1015
v 328.4611 -1090.0000 93.0295
v 325.3268 -1090.0000 92.9343
v 322.2416 -1090.0000 92.8182
v 319.2096 -1090.0000 92.6837
v 316.2349 -1090.0000 92.5342
v 313.3212 -1090.0000 92.3730
v 310.4724 -1090.0000 92.2040
v 307.6923 -1090.0000 92.0314
v 304.9845 -1090.0000 91.8593
v 302.3525 -1090.0000 91.5079
v 299.7997 -1090.0000 91.1321
v 297.3294 -1090.0000 90.7335
v 294.9447 -1090.0000 90.3134
v 292.6488 -1090.0000 89.8737
v 290.4445 -1090.0000 89.4158
v 288.3346 -1090.0000 88.9416
v 286.3216 -1090.0000 88.4528
v 284.4081 -1090.0000 87.9511
v 282.5964 -1090.0000 87.4384
v 280.8886 -1090.0000 86.9165
v 279.2867 -1090.0000 86.3870
v 277.7927 -1090.0000 85.8519
v 276.4082 -1090.0000 85.3126
v 275.1348 -1090.0000 84.7710
v 273.9738 -1090.0000 84.2286
v 272.9266 -1090.0000 83.6867
v 271.9942 -1090.0000 83.1470
v 271.1776 -1090.0000 82.6106
v 270.4775 -1090.0000 82.0787
v 269.8946 -1090.0000 81.5524
v 269.4294 -1090.0000 81.0326
v 269.0822 -1090.0000 80.5201
v 268.8532 -1090.0000 80.0155
v 268.7425 -1090.0000 79.5193
v 268.7500 -1090.0000 79.0319
v 268.8745 -1090.0000 78.5606
v 269.1145 -1090.0000 78.1127
v 269.4697 -1090.0000 77.6881
v 269.9393 -1090.0000 77.2871
v 270.5225 -1090.0000 76.9096
v 271.2184 -1090.0000 76.5555
v 272.0259 -1090.0000 76.2249
v 272.9439 -1090.0000 75.9176
v 273.9710 -1090.0000 75.6336
v 275.1057 -1090.0000 75.3727
v 276.3466 -1090.0000 75.1347
v 277.6919 -1090.0000 74.9195
v 279.1397 -1090.0000 74.7266
v 280.6884 -1090.0000 74.5559
v 282.3357 -1090.0000 74.4069
v 284.0797 -1090.0000 74.2793
v 285.9181 -1090.0000 74.1724
v 287.8487 -1090.0000 74.0858
v 289.8691 -1090.0000 74.0189
v 291.9768 -1090.0000 73.9709
v 294.1694 -1090.0000 73.9413
v 296.4442 -1090.0000 73.9290
v 298.7986 -1090.0000 73.9335
v 301.2297 -1090.0000 73.9536
v 303.7349 -1090.0000 73.9884
v 306.3112 -1090.0000 74.0369
v 308.9557 -1090.0000 74.0980
v 311.6655 -1090.0000 74.1706
v 314.4373 -1090.0000 74.2536
v 317.2682 -1090.0000 74.3457
v 320.1550 -1090.0000 74.4456
v 323.0944 -1090.0000 74.5522
v 326.0831 -1090.0000 74.6642
v 329.1178 -1090.0000 74.7802
v 332.1952 -1090.0000 74.8991
v 335.3117 -1090.0000 75.0196
v 338.4639 -1090.0000 75.1404
v 341.6482 -1090.0000 75.2603
v 344.8610 -1090.0000 75.3782
v 348.0988 -1090.0000 75.4929
v 351.3722 -1090.0000 75.6048
v 354.6722 -1090.0000 75.7196
v 357.9853 -1090.0000 75.8371
v 361.3074 -1090.0000 75.9564
v 364.6347 -1090.0000 76.0768
v 367.9631 -1090.0000 76.1976
v 371.2889 -1090.0000 76.3182
v 374.6078 -1090.0000 76.4377
v 377.9160 -1090.0000 76.5558
v 381.2095 -1090.0000 76.6719
v 384.4844 -1090.0000 76.7855
v 387.7366 -1090.0000 76.8962
v 390.9622 -1090.0000 77.0037
v 394.1572 -1090.0000 77.1077
v 397.3179 -1090.0000 77.2079
v 400.4403 -1090.0000 77.3041
v 403.5207 -1090.0000 77.3962
v 406.5552 -1090.0000 77.4841
v 409.5400 -1090.0000 77.5677
v 412.4716 -1090.0000 77.6471
v 415.3463 -1090.0000 77.7223
v 418.1604 -1090.0000 77.7932
v 420.9106 -1090.0000 77.8601
v 423.5934 -1090.0000 77.9229
v 426.2055 -1090.0000 77.9819
v 428.7435 -1090.0000 78.0370
v 431.2043 -1090.0000 78.0886
v 433.5847 -1090.0000 78.1368
v 435.8819 -1090.0000 78.1816
v 438.0928 -1090.0000 78.2233
v 440.2147 -1090.0000 78.2620
v 442.2448 -1090.0000 78.2979
v 444.1806 -1090.0000 78.3311
v 446.0195 -1090.0000 78.3618
v 447.7593 -1090.0000 78.3900
v 449.3977 -1090.0000 78.4160
v 450.9325 -1090.0000 78.4397
v 452.3619 -1090.0000 78.4614
v 453.6838 -1090.0000 78.4811
v 454.8967 -1090.0000 78.4989
v 455.9989 -1090.0000 78.5147
v 456.9890 -1090.0000 78.5288
v 457.8657 -1090.0000 78.5412
v 458.6279 -1090.0000 78.5518
v 459.2745 -1090.0000 78.5607
v 459.8047 -1090.0000 78.5680
v 460.2178 -1090.0000 78.5737
v 460.5133 -1090.0000 78.5777
v 460.6907 -1090.0000 78.5801
v 460.7499 -1090.0000 78.5809
v 452.7495 -1117.5000 81.6920
v 452.6941 -1117.5000 81.7039
v 452.5280 -1117.5000 81.7397
v 452.2514 -1117.5000 81.7992
v 451.8645 -1117.5000 81.8821
v 451.3678 -1117.5000 81.9882
v 450.7618 -1117.5000 82.1169
v 450.0473 -1117.5000 82.2680
v 449.2250 -1117.5000 82.4406
v 448.2959 -1117.5000 82.6342
v 447.2610 -1117.5000 82.8481
v 446.1215 -1117.5000 83.0813
v 444.8786 -1117.5000 83.3331
v 443.5339 -1117.5000 83.6026
v 442.0887 -1117.5000 83.8886
v 440.5448 -1117.5000 84.1901
v 438.9039 -1117.5000 84.5062
v 437.1680 -1117.5000 84.8356
v 435.3389 -1117.5000 85.1771
v 433.4190 -1117.5000 85.4938
v 431.4103 -1117.5000 85.8242
v 429.3152 -1117.5000 86.1668
v 427.1361 -1117.5000 86.5198
v 424.8756 -1117.5000 86.8818
v 422.5363 -1117.5000 87.2509
v 420.1211 -1117.5000 87.6255
v 417.6326 -1117.5000 88.0040
v 415.0740 -1117.5000 88.3847
v 412.4482 -1117.5000 88.7660
v 409.7584 -1117.5000 89.1466
v 407.0077 -1117.5000 89.5249
v 404.1994 -1117.5000 89.8996
v 401.3370 -1117.5000 90.2692
v 398.4239 -1117.5000 90.6325
v 395.4636 -1117.5000 90.9883
v 392.4596 -1117.5000 91.3352
v 389.4156 -1117.5000 91.6721
v 386.3353 -1117.5000 91.9978
v 383.2225 -1117.5000 92.3111
v 380.0810 -1117.5000 92.6108
v 376.9145 -1117.5000 92.8959
v 373.7271 -1117.5000 93.1651
v 370.5225 -1117.5000 93.4173
v 367.3049 -1117.5000 93.6515
v 364.0780 -1117.5000 93.8663
v 360.8461 -1117.5000 94.0608
v 357.6130 -1117.5000 94.2339
v 354.3828 -1117.5000 94.3844
v 351.1596 -1117.5000 94.5116
v 347.9473 -1117.5000 94.6144
v 344.7409 -1117.5000 94.6924
v 341.5391 -1117.5000 94.7451
v 338.3601 -1117.5000 94.7720
v 335.2081 -1117.5000 94.7729
v 332.0871 -1117.5000 94.7483
v 329.0011 -1117.5000 94.6988
v 325.9544 -1117.5000 94.6255
v 322.9508 -1117.5000 94.5301
v 319.9943 -1117.5000 94.4147
v 317.0889 -1117.5000 94.2818
v 314.2382 -1117.5000 94.1345
v 311.4462 -1117.5000 93.9761
v 308.7163 -1117.5000 93.8104
v 306.0523 -1117.5000 93.6412
v 303.4576 -1117.5000 93.4727
v 300.9357 -1117.5000 93.1324
v 298.4897 -1117.5000 92.7689
v 296.1229 -1117.5000 92.3835
v 293.8382 -1117.5000 91.9778
v 291.6385 -1117.5000 91.5533
v 289.5267 -1117.5000 91.1115
v 287.5053 -1117.5000 90.6542
v 285.5769 -1117.5000 90.1831
v 283.7437 -1117.5000 89.6998
v 282.0082 -1117.5000 89.2060
v 280.3722 -1117.5000 88.7035
v 278.8379 -1117.5000 88.1940
v 277.4068 -1117.5000 87.6792
v 276.0807 -1117.5000 87.1606
v 274.8611 -1117.5000 86.6398
v 273.7492 -1117.5000 86.1184
v 272.7464 -1117.5000 85.5977
v 271.8535 -1117.5000 85.0792
v 271.0716 -1117.5000 84.5641
v 270.4014 -1117.5000 84.0534
v 269.8435 -1117.5000 83.5483
v 269.3984 -1117.5000 83.0495
v 269.0664 -1117.5000 82.5579
v 268.8476 -1117.5000 82.0740
v 268.7422 -1117.5000 81.5984
v 268.7500 -1117.5000 81.1313
v 268.8699 -1117.5000 80.6798
v 269.1006 -1117.5000 80.2508
v 269.4415 -1117.5000 79.8445
v 269.8921 -1117.5000 79.4608
v 270.4515 -1117.5000 79.0997
v 271.1189 -1117.5000 78.7613
v 271.8932 -1117.5000 78.4456
v 272.7733 -1117.5000 78.1523
v 273.7580 -1117.5000 77.8815
v 274.8458 -1117.5000 77.6330
v 276.0353 -1117.5000 77.4066
v 277.3248 -1117.5000 77.2022
v 278.7126 -1117.5000 77.0193
v 280.1969 -1117.5000 76.8578
v 281.7758 -1117.5000 76.7172
v 283.4473 -1117.5000 76.5972
v 285.2093 -1117.5000 76.4972
v 287.0595 -1117.5000 76.4168
v 288.9958 -1117.5000 76.3554
v 291.0158 -1117.5000 76.3123
v 293.1171 -1117.5000 76.2868
v 295.2971 -1117.5000 76.2781
v 297.5533 -1117.5000 76.2855
v 299.8832 -1117.5000 76.3080
v 302.2839 -1117.5000 76.3447
v 304.7528 -1117.5000 76.3947
v 307.2871 -1117.5000 76.4568
v 309.8838 -1117.5000 76.5300
v 312.5401 -1117.5000 76.6132
v 315.2529 -1117.5000 76.7052
v 318.0192 -1117.5000 76.8049
v 320.8360 -1117.5000 76.9109
v 323.7000 -1117.5000 77.0222
v 326.6082 -1117.5000 77.1375
v 329.5571 -1117.5000 77.2556
v 332.5436 -1117.5000 77.3752
v 335.5643 -1117.5000 77.4952
v 338.6157 -1117.5000 77.6144
v 341.6946 -1117.5000 77.7316
v 344.7973 -1117.5000 77.8459
v 347.9342 -1117.5000 77.9576
v 351.0965 -1117.5000 78.0720
v 354.2713 -1117.5000 78.1890
v 357.4549 -1117.5000 78.3078
v 360.6434 -1117.5000 78.4276
v 363.8330 -1117.5000 78.5479
v 367.0200 -1117.5000 78.6678
v 370.2005 -1117.5000 78.7869
v 373.3707 -1117.5000 78.9045
v 376.5268 -1117.5000 79.0201
v 379.6650 -1117.5000 79.1334
v 382.7816 -1117.5000 79.2438
v 385.8726 -1117.5000 79.3511
v 388.9344 -1117.5000 79.4550
v 391.9633 -1117.5000 79.5553
v 394.9555 -1117.5000 79.6516
v 397.9073 -1117.5000 79.7440
v 400.8152 -1117.5000 79.8323
v 403.6756 -1117.5000 79.9165
v 406.4849 -1117.5000 79.9965
v 409.2397 -1117.5000 80.0724
v 411.9365 -1117.5000 80.1441
v 414.5721 -1117.5000 80.2119
v 417.1430 -1117.5000 80.2757
v 419.6461 -1117.5000 80.3357
v 422.0783 -1117.5000 80.3920
v 424.4365 -1117.5000 80.4447
v 426.7177 -1117.5000 80.4940
v 428.9191 -1117.5000 80.5400
v 431.0378 -1117.5000 80.5829
v 433.0712 -1117.5000 80.6229
v 435.0167 -1117.5000 80.6600
v 436.8717 -1117.5000 80.6944
v 438.6340 -1117.5000 80.7263
v 440.3013 -1117.5000 80.7557
v 441.8714 -1117.5000 80.7827
v 443.3422 -1117.5000 80.8076
v 444.7120 -1117.5000 80.8302
v 445.9788 -1117.5000 80.8509
v 447.1412 -1117.5000 80.8695
v 448.1974 -1117.5000 80.8862
v 449.1462 -1117.5000 80.9010
v 449.9864 -1117.5000 80.9140
v 450.7168 -1117.5000 80.9252
v 451.3364 -1117.5000 80.9347
v 451.8445 -1117.5000 80.9424
v 452.2404 -1117.5000 80.9483
v 452.5236 -1117.5000 80.9526
v 452.6936 -1117.5000 80.9551
v 452.7503 -1117.5000 80.9560
v 444.7487 -1145.0000 84.0183
v 444.6957 -1145.0000 84.0296
v 444.5368 -1145.0000 84.0636
v 444.2721 -1145.0000 84.1201
v 443.9019 -1145.0000 84.1990
v 443.4266 -1145.0000 84.2998
v 442.8469 -1145.0000 84.4221
v 442.1632 -1145.0000 84.5656
v 441.3765 -1145.0000 84.7297
v 440.4875 -1145.0000 84.9136
v 439.4973 -1145.0000 85.1168
v 438.4070 -1145.0000 85.3384
v 437.2179 -1145.0000 85.5776
v 435.9312 -1145.0000 85.8335
v 434.5485 -1145.0000 86.1051
v 433.0713 -1145.0000 86.3915
v 431.5014 -1145.0000 86.6917
v 429.8405 -1145.0000 87.0044
v 428.0905 -1145.0000 87.3286
v 426.2536 -1145.0000 87.6290
v 424.3318 -1145.0000 87.9423
v 422.3273 -1145.0000 88.2672
v 420.2425 -1145.0000 88.6020
v 418.0798 -1145.0000 88.9452
v 415.8417 -1145.0000 89.2952
v 413.5310 -1145.0000 89.6503
v 411.1503 -1145.0000 90.0089
v 408.7024 -1145.0000 90.3697
v 406.1902 -1145.0000 90.7310
v 403.6168 -1145.0000 91.0914
v 400.9852 -1145.0000 91.4496
v 398.2986 -1145.0000 91.8042
v 395.5602 -1145.0000 92.1539
v 392.7732 -1145.0000 92.4976
v 389.9411 -1145.0000 92.8339
v 387.0673 -1145.0000 93.1617
v 384.1552 -1145.0000 93.4799
v 381.2084 -1145.0000 93.7873
v 378.2305 -1145.0000 94.0828
v 375.2252 -1145.0000 94.3654
v 372.1960 -1145.0000 94.6338
v 369.1468 -1145.0000 94.8871
v 366.0812 -1145.0000 95.1240
v 363.0032 -1145.0000 95.3437
v 359.9164 -1145.0000 95.5449
v 356.8247 -1145.0000 95.7266
v 353.7319 -1145.0000 95.8878
v 350.6420 -1145.0000 96.0275
v 347.5587 -1145.0000 96.1448
v 344.4860 -1145.0000 96.2389
v 341.4188 -1145.0000 96.3092
v 338.3562 -1145.0000 96.3554
v 335.3154 -1145.0000 96.3768
v 332.3004 -1145.0000 96.3735
v 329.3151 -1145.0000 96.3458
v 326.3635 -1145.0000 96.2943
v 323.4493 -1145.0000 96.2201
v 320.5764 -1145.0000 96.1249
v 317.7486 -1145.0000 96.0105
v 314.9697 -1145.0000 95.8795
v 312.2432 -1145.0000 95.7348
v 309.5727 -1145.0000 95.5796
v 306.9618 -1145.0000 95.4174
v 304.4138 -1145.0000 95.2521
v 301.9321 -1145.0000 95.0874
v 299.5203 -1145.0000 94.7585
v 297.1812 -1145.0000 94.4075
v 294.9178 -1145.0000 94.0358
v 292.7330 -1145.0000 93.6446
v 290.6295 -1145.0000 93.2356
v 288.6101 -1145.0000 92.8103
v 286.6772 -1145.0000 92.3702
v 284.8333 -1145.0000 91.9170
v 283.0805 -1145.0000 91.4522
v 281.4211 -1145.0000 90.9776
v 279.8569 -1145.0000 90.4948
v 278.3899 -1145.0000 90.0054
v 277.0218 -1145.0000 89.5110
v 275.7540 -1145.0000 89.0132
v 274.5881 -1145.0000 88.5134
v 273.5253 -1145.0000 88.0132
v 272.5668 -1145.0000 87.5138
v 271.7134 -1145.0000 87.0167
v 270.9662 -1145.0000 86.5229
v 270.3258 -1145.0000 86.0335
v 269.7929 -1145.0000 85.5496
v 269.3678 -1145.0000 85.0719
v 269.0508 -1145.0000 84.6012
v 268.8422 -1145.0000 84.1381
v 268.7420 -1145.0000 83.6830
v 268.7501 -1145.0000 83.2362
v 268.8654 -1145.0000 82.8045
v 269.0866 -1145.0000 82.3945
v 269.4133 -1145.0000 82.0063
v 269.8448 -1145.0000 81.6399
v 270.3803 -1145.0000 81.2953
v 271.0191 -1145.0000 80.9725
v 271.7602 -1145.0000 80.6715
v 272.6025 -1145.0000 80.3922
v 273.5447 -1145.0000 80.1345
v 274.5856 -1145.0000 79.8982
v 275.7236 -1145.0000 79.6833
v 276.9573 -1145.0000 79.4894
v 278.2850 -1145.0000 79.3163
v 279.7050 -1145.0000 79.1638
v 281.2155 -1145.0000 79.0315
v 282.8145 -1145.0000 78.9189
v 284.4999 -1145.0000 78.8256
v 286.2699 -1145.0000 78.7512
v 288.1221 -1145.0000 78.6950
v 290.0543 -1145.0000 78.6565
v 292.0642 -1145.0000 78.6349
v 294.1494 -1145.0000 78.6295
v 296.3076 -1145.0000 78.6396
v 298.5361 -1145.0000 78.6642
v 300.8324 -1145.0000 78.7026
v 303.1939 -1145.0000 78.7536
v 305.6179 -1145.0000 78.8164
v 308.1016 -1145.0000 78.8899
v 310.6423 -1145.0000 78.9731
v 313.2370 -1145.0000 79.0647
v 315.8829 -1145.0000 79.1637
v 318.5771 -1145.0000 79.2690
v 321.3164 -1145.0000 79.3792
v 324.0980 -1145.0000 79.4934
v 326.9186 -1145.0000 79.6103
v 329.7750 -1145.0000 79.7287
v 332.6642 -1145.0000 79.8475
v 335.5828 -1145.0000 79.9656
v 338.5276 -1145.0000 80.0818
v 341.4953 -1145.0000 80.1952
v 344.4956 -1145.0000 80.3063
v 347.5203 -1145.0000 80.4199
v 350.5570 -1145.0000 80.5361
v 353.6019 -1145.0000 80.6540
v 356.6516 -1145.0000 80.7729
v 359.7024 -1145.0000 80.8921
v 362.7507 -1145.0000 81.0111
v 365.7927 -1145.0000 81.1292
v 368.8249 -1145.0000 81.2460
v 371.8437 -1145.0000 81.3608
v 374.8453 -1145.0000 81.4733
v 377.8262 -1145.0000 81.5831
v 380.7827 -1145.0000 81.6899
v 383.7112 -1145.0000 81.7934
v 386.6083 -1145.0000 81.8933
v 389.4702 -1145.0000 81.9895
v 392.2936 -1145.0000 82.0818
v 395.0750 -1145.0000 82.1702
v 397.8109 -1145.0000 82.2545
v 400.4980 -1145.0000 82.3348
v 403.1329 -1145.0000 82.4110
v 405.7123 -1145.0000 82.4833
v 408.2332 -1145.0000 82.5516
v 410.6922 -1145.0000 82.6160
v 413.0864 -1145.0000 82.6767
v 415.4128 -1145.0000 82.7338
v 417.6684 -1145.0000 82.7874
v 419.8503 -1145.0000 82.8376
v 421.9559 -1145.0000 82.8846
v 423.9825 -1145.0000 82.9285
v 425.9274 -1145.0000 82.9694
v 427.7883 -1145.0000 83.0075
v 429.5626 -1145.0000 83.0429
v 431.2483 -1145.0000 83.0757
v 432.8430 -1145.0000 83.1061
v 434.3448 -1145.0000 83.1341
v 435.7517 -1145.0000 83.1598
v 437.0618 -1145.0000 83.1833
v 438.2736 -1145.0000 83.2047
v 439.3853 -1145.0000 83.2241
v 440.3956 -1145.0000 83.2415
v 441.3032 -1145.0000 83.2569
v 442.1068 -1145.0000 83.2705
v 442.8054 -1145.0000 83.2822
v 443.3981 -1145.0000 83.2920
v 443.8841 -1145.0000 83.3001
v 444.2628 -1145.0000 83.3063
v 444.5336 -1145.0000 83.3107
v 444.6962 -1145.0000 83.3134
v 444.7505 -1145.0000 83.3143
v 436.7478 -1172.5000 86.3278
v 436.6972 -1172.5000 86.3386
v 436.5454 -1172.5000 86.3708
v 436.2926 -1172.5000 86.4244
v 435.9392 -1172.5000 86.4992
v 435.4854 -1172.5000 86.5948
v 434.9318 -1172.5000 86.7108
v 434.2791 -1172.5000 86.8469
v 433.5279 -1172.5000 87.0024
v 432.6790 -1172.5000 87.1768
v 431.7336 -1172.5000 87.3694
v 430.6926 -1172.5000 87.5795
v 429.5571 -1172.5000 87.8062
v 428.3286 -1172.5000 88.0488
v 427.0084 -1172.5000 88.3062
v 425.5980 -1172.5000 88.5777
v 424.0990 -1172.5000 88.8620
v 422.5132 -1172.5000 89.1583
v 420.8423 -1172.5000 89.4655
v 419.0885 -1172.5000 89.7498
v 417.2536 -1172.5000 90.0463
v 415.3398 -1172.5000 90.3538
v 413.3494 -1172.5000 90.6706
v 411.2845 -1172.5000 90.9953
v 409.1477 -1172.5000 91.3263
v 406.9415 -1172.5000 91.6622
v 404.6685 -1172.5000 92.0014
v 402.3314 -1172.5000 92.3425
v 399.9330 -1172.5000 92.6840
v 397.4761 -1172.5000 93.0246
v 394.9637 -1172.5000 93.3630
v 392.3987 -1172.5000 93.6979
v 389.7843 -1172.5000 94.0281
v 387.1235 -1172.5000 94.3524
v 384.4197 -1172.5000 94.6697
v 381.6761 -1172.5000 94.9788
v 378.8959 -1172.5000 95.2786
v 376.0827 -1172.5000 95.5681
v 373.2398 -1172.5000 95.8463
v 370.3706 -1172.5000 96.1119
v 367.4788 -1172.5000 96.3641
v 364.5679 -1172.5000 96.6018
v 361.6413 -1172.5000 96.8239
v 358.7029 -1172.5000 97.0295
v 355.7561 -1172.5000 97.2174
v 352.8047 -1172.5000 97.3868
v 349.8524 -1172.5000 97.5365
v 346.9027 -1172.5000 97.6658
v 343.9594 -1172.5000 97.7736
v 341.0262 -1172.5000 97.8593
v 338.0984 -1172.5000 97.9224
v 335.1749 -1172.5000 97.9624
v 332.2724 -1172.5000 97.9788
v 329.3944 -1172.5000 97.9716
v 326.5448 -1172.5000 97.9411
v 323.7274 -1172.5000 97.8880
v 320.9458 -1172.5000 97.8134
v 318.2036 -1172.5000 97.7186
v 315.5045 -1172.5000 97.6057
v 312.8521 -1172.5000 97.4770
v 310.2497 -1172.5000 97.3352
v 307.7008 -1172.5000 97.1835
v 305.2088 -1172.5000 97.0252
v 302.7769 -1172.5000 96.8640
v 300.4082 -1172.5000 96.7034
v 298.1065 -1172.5000 96.3863
v 295.8742 -1172.5000 96.0482
v 293.7141 -1172.5000 95.6903
v 291.6291 -1172.5000 95.3140
v 289.6218 -1172.5000 94.9208
v 287.6948 -1172.5000 94.5121
v 285.8503 -1172.5000 94.0894
v 284.0908 -1172.5000 93.6543
v 282.4183 -1172.5000 93.2084
v 280.8350 -1172.5000 92.7532
v 279.3426 -1172.5000 92.2902
v 277.9429 -1172.5000 91.8211
v 276.6376 -1172.5000 91.3473
v 275.4281 -1172.5000 90.8704
v 274.3159 -1172.5000 90.3919
v 273.3021 -1172.5000 89.9129
v 272.3877 -1172.5000 89.4350
v 271.5739 -1172.5000 88.9593
v 270.8613 -1172.5000 88.4870
v 270.2507 -1172.5000 88.0190
v 269.7426 -1172.5000 87.5564
v 269.3374 -1172.5000 87.0998
v 269.0355 -1172.5000 86.6501
v 268.8370 -1172.5000 86.2078
v 268.7420 -1172.5000 85.7732
v 268.7503 -1172.5000 85.3468
v 268.8609 -1172.5000 84.9348
v 269.0726 -1172.5000 84.5438
v 269.3850 -1172.5000 84.1736
v 269.7973 -1172.5000 83.8244
v 270.3090 -1172.5000 83.4962
v 270.9192 -1172.5000 83.1890
v 271.6270 -1172.5000 82.9026
v 272.4314 -1172.5000 82.6371
v 273.3311 -1172.5000 82.3924
v 274.3249 -1172.5000 82.1683
v 275.4115 -1172.5000 81.9646
v 276.5894 -1172.5000 81.7812
v 277.8570 -1172.5000 81.6178
v 279.2127 -1172.5000 81.4741
v 280.6547 -1172.5000 81.3498
v 282.1811 -1172.5000 81.2444
v 283.7901 -1172.5000 81.1577
v 285.4797 -1172.5000 81.0890
v 287.2477 -1172.5000 81.0378
v 289.0922 -1172.5000 81.0036
v 291.0107 -1172.5000 80.9857
v 293.0012 -1172.5000 80.9833
v 295.0612 -1172.5000 80.9958
v 297.1884 -1172.5000 81.0223
v 299.3803 -1172.5000 81.0620
v 301.6344 -1172.5000 81.1138
v 303.9481 -1172.5000 81.1770
v 306.3188 -1172.5000 81.2505
v 308.7439 -1172.5000 81.3332
v 311.2206 -1172.5000 81.4242
v 313.7461 -1172.5000 81.5222
v 316.3176 -1172.5000 81.6262
v 318.9323 -1172.5000 81.7352
v 321.5873 -1172.5000 81.8478
v 324.2795 -1172.5000 81.9632
v 327.0060 -1172.5000 82.0800
v 329.7637 -1172.5000 82.1972
v 332.5495 -1172.5000 82.3138
v 335.3603 -1172.5000 82.4287
v 338.1928 -1172.5000 82.5410
v 341.0567 -1172.5000 82.6509
v 343.9437 -1172.5000 82.7635
v 346.8422 -1172.5000 82.8784
v 349.7486 -1172.5000 82.9950
v 352.6595 -1172.5000 83.1125
v 355.5714 -1172.5000 83.2305
v 358.4810 -1172.5000 83.3481
v 361.3846 -1172.5000 83.4649
v 364.2788 -1172.5000 83.5803
v 367.1602 -1172.5000 83.6940
v 370.0252 -1172.5000 83.8054
v 372.8705 -1172.5000 83.9142
v 375.6924 -1172.5000 84.0201
v 378.4877 -1172.5000 84.1227
v 381.2529 -1172.5000 84.2220
v 383.9847 -1172.5000 84.3176
v 386.6796 -1172.5000 84.4095
v 389.3344 -1172.5000 84.4975
v 391.9459 -1172.5000 84.5817
v 394.5107 -1172.5000 84.6619
v 397.0257 -1172.5000 84.7382
v 399.4878 -1172.5000 84.8106
v 401.8940 -1172.5000 84.8791
v 404.2412 -1172.5000 84.9439
v 406.5265 -1172.5000 85.0051
v 408.7470 -1172.5000 85.0627
v 410.9000 -1172.5000 85.1168
v 412.9827 -1172.5000 85.1677
v 414.9925 -1172.5000 85.2153
v 416.9269 -1172.5000 85.2599
v 418.7834 -1172.5000 85.3016
v 420.5596 -1172.5000 85.3404
v 422.2533 -1172.5000 85.3766
v 423.8622 -1172.5000 85.4101
v 425.3844 -1172.5000 85.4412
v 426.8179 -1172.5000 85.4699
v 428.1608 -1172.5000 85.4964
v 429.4114 -1172.5000 85.5206
v 430.5680 -1172.5000 85.5426
v 431.6292 -1172.5000 85.5626
v 432.5936 -1172.5000 85.5806
v 433.4598 -1172.5000 85.5965
v 434.2269 -1172.5000 85.6105
v 434.8937 -1172.5000 85.6226
v 435.4595 -1172.5000 85.6328
v 435.9234 -1172.5000 85.6411
v 436.2848 -1172.5000 85.6476
v 436.5433 -1172.5000 85.6522
v 436.6986 -1172.5000 85.6549
v 436.7504 -1172.5000 85.6558
v 428.7467 -1200.0000 88.6206
v 428.6985 -1200.0000 88.6308
v 428.5539 -1200.0000 88.6613
v 428.3131 -1200.0000 88.7120
v 427.9764 -1200.0000 88.7828
v 427.5441 -1200.0000 88.8732
v 427.0167 -1200.0000 88.9830
v 426.3948 -1200.0000 89.1117
v 425.6792 -1200.0000 89.2588
v 424.8706 -1200.0000 89.4238
v 423.9699 -1200.0000 89.6060
v 422.9781 -1200.0000 89.8047
v 421.8965 -1200.0000 90.0191
v 420.7262 -1200.0000 90.2485
v 419.4685 -1200.0000 90.4919
v 418.1249 -1200.0000 90.7485
v 416.6969 -1200.0000 91.0173
v 415.1862 -1200.0000 91.2974
v 413.5945 -1200.0000 91.5878
v 411.9238 -1200.0000 91.8562
v 410.1759 -1200.0000 92.1361
v 408.3528 -1200.0000 92.4264
v 406.4567 -1200.0000 92.7255
v 404.4898 -1200.0000 93.0320
v 402.4543 -1200.0000 93.3444
v 400.3527 -1200.0000 93.6614
v 398.1875 -1200.0000 93.9814
v 395.9613 -1200.0000 94.3031
v 393.6766 -1200.0000 94.6252
v 391.3362 -1200.0000 94.9463
v 388.9430 -1200.0000 95.2653
v 386.4997 -1200.0000 95.5808
v 384.0093 -1200.0000 95.8918
v 381.4749 -1200.0000 96.1971
v 378.8994 -1200.0000 96.4957
v 376.2860 -1200.0000 96.7864
v 373.6378 -1200.0000 97.0683
v 370.9582 -1200.0000 97.3403
v 368.2503 -1200.0000 97.6014
v 365.5174 -1200.0000 97.8506
v 362.7630 -1200.0000 98.0869
v 359.9903 -1200.0000 98.3094
v 357.2028 -1200.0000 98.5170
v 354.4040 -1200.0000 98.7089
v 351.5974 -1200.0000 98.8840
v 348.7863 -1200.0000 99.0413
v 345.9743 -1200.0000 99.1800
v 343.1649 -1200.0000 99.2992
v 340.3617 -1200.0000 99.3980
v 337.5681 -1200.0000 99.4757
v 334.7796 -1200.0000 99.5319
v 331.9953 -1200.0000 99.5661
v 329.2309 -1200.0000 99.5778
v 326.4900 -1200.0000 99.5672
v 323.7761 -1200.0000 99.5344
v 321.0929 -1200.0000 99.4801
v 318.4439 -1200.0000 99.4053
v 315.8324 -1200.0000 99.3114
v 313.2620 -1200.0000 99.2002
v 310.7361 -1200.0000 99.0741
v 308.2578 -1200.0000 98.9356
v 305.8305 -1200.0000 98.7877
v 303.4574 -1200.0000 98.6337
v 301.1415 -1200.0000 98.4769
v 298.8858 -1200.0000 98.3209
v 296.6941 -1200.0000 98.0158
v 294.5685 -1200.0000 97.6908
v 292.5118 -1200.0000 97.3471
v 290.5266 -1200.0000 96.9859
v 288.6155 -1200.0000 96.6088
v 286.7807 -1200.0000 96.2170
v 285.0246 -1200.0000 95.8120
v 283.3495 -1200.0000 95.3953
v 281.7572 -1200.0000 94.9683
v 280.2499 -1200.0000 94.5327
v 278.8292 -1200.0000 94.0898
v 277.4968 -1200.0000 93.6411
v 276.2543 -1200.0000 93.1882
v 275.1030 -1200.0000 92.7324
v 274.0444 -1200.0000 92.2751
v 273.0795 -1200.0000 91.8177
v 272.2093 -1200.0000 91.3613
v 271.4349 -1200.0000 90.9072
v 270.7568 -1200.0000 90.4564
v 270.1759 -1200.0000 90.0099
v 269.6926 -1200.0000 89.5686
v 269.3074 -1200.0000 89.1333
v 269.0204 -1200.0000 88.7046
v 268.8320 -1200.0000 88.2830
v 268.7420 -1200.0000 87.8690
v 268.7505 -1200.0000 87.4629
v 268.8565 -1200.0000 87.0707
v 269.0586 -1200.0000 86.6986
v 269.3565 -1200.0000 86.3465
v 269.7497 -1200.0000 86.0145
v 270.2375 -1200.0000 85.7026
v 270.8190 -1200.0000 85.4107
v 271.4935 -1200.0000 85.1390
v 272.2599 -1200.0000 84.8872
v 273.1171 -1200.0000 84.6553
v 274.0639 -1200.0000 84.4432
v 275.0991 -1200.0000 84.2507
v 276.2211 -1200.0000 84.0775
v 277.4286 -1200.0000 83.9236
v 278.7199 -1200.0000 83.7885
v 280.0933 -1200.0000 83.6720
v 281.5472 -1200.0000 83.5738
v 283.0797 -1200.0000 83.4933
v 284.6889 -1200.0000 83.4301
v 286.3728 -1200.0000 83.3837
v 288.1295 -1200.0000 83.3536
v 289.9567 -1200.0000 83.3391
v 291.8524 -1200.0000 83.3395
v 293.8143 -1200.0000 83.3541
v 295.8402 -1200.0000 83.3822
v 297.9277 -1200.0000 83.4229
v 300.0743 -1200.0000 83.4753
v 302.2778 -1200.0000 83.5385
v 304.5355 -1200.0000 83.6116
v 306.8450 -1200.0000 83.6937
v 309.2036 -1200.0000 83.7836
v 311.6087 -1200.0000 83.8803
v 314.0577 -1200.0000 83.9828
v 316.5477 -1200.0000 84.0900
v 319.0761 -1200.0000 84.2009
v 321.6399 -1200.0000 84.3143
v 324.2364 -1200.0000 84.4291
v 326.8626 -1200.0000 84.5445
v 329.5156 -1200.0000 84.6592
v 332.1924 -1200.0000 84.7724
v 334.8900 -1200.0000 84.8830
v 337.6173 -1200.0000 84.9916
v 340.3667 -1200.0000 85.1026
v 343.1270 -1200.0000 85.2159
v 345.8948 -1200.0000 85.3308
v 348.6669 -1200.0000 85.4466
v 351.4401 -1200.0000 85.5628
v 354.2109 -1200.0000 85.6787
v 356.9761 -1200.0000 85.7938
v 359.7323 -1200.0000 85.9076
v 362.4764 -1200.0000 86.0197
v 365.2048 -1200.0000 86.1296
v 367.9144 -1200.0000 86.2370
v 370.6019 -1200.0000 86.3416
v 373.2639 -1200.0000 86.4431
v 375.8973 -1200.0000 86.5413
v 378.4988 -1200.0000 86.6360
v 381.0653 -1200.0000 86.7271
v 383.5936 -1200.0000 86.8144
v 386.0805 -1200.0000 86.8981
v 388.5231 -1200.0000 86.9779
v 390.9183 -1200.0000 87.0539
v 393.2631 -1200.0000 87.1261
v 395.5546 -1200.0000 87.1946
v 397.7899 -1200.0000 87.2594
v 399.9663 -1200.0000 87.3207
v 402.0810 -1200.0000 87.3785
v 404.1314 -1200.0000 87.4329
v 406.1149 -1200.0000 87.4841
v 408.0289 -1200.0000 87.5322
v 409.8711 -1200.0000 87.5772
v 411.6391 -1200.0000 87.6194
v 413.3307 -1200.0000 87.6587
v 414.9437 -1200.0000 87.6954
v 416.4760 -1200.0000 87.7295
v 417.9256 -1200.0000 87.7611
v 419.2908 -1200.0000 87.7904
v 420.5697 -1200.0000 87.8173
v 421.7607 -1200.0000 87.8421
v 422.8622 -1200.0000 87.8646
v 423.8729 -1200.0000 87.8851
v 424.7913 -1200.0000 87.9034
v 425.6163 -1200.0000 87.9198
v 426.3468 -1200.0000 87.9341
v 426.9819 -1200.0000 87.9465
v 427.5207 -1200.0000 87.9570
v 427.9625 -1200.0000 87.9655
v 428.3067 -1200.0000 87.9722
v 428.5529 -1200.0000 87.9769
v 428.7007 -1200.0000 87.9797
v 428.7500 -1200.0000 87.9807
v 422.3178 -1207.1429 89.2021
v 422.2715 -1207.1429 89.2119
v 422.1327 -1207.1429 89.2411
v 421.9016 -1207.1429 89.2897
v 421.5783 -1207.1429 89.3574
v 421.1634 -1207.1429 89.4439
v 420.6571 -1207.1429 89.5491
v 420.0602 -1207.1429 89.6723
v 419.3732 -1207.1429 89.8132
v 418.5970 -1207.1429 89.9711
v 417.7324 -1207.1429 90.1456
v 416.7804 -1207.1429 90.3358
v 415.7421 -1207.1429 90.5411
v 414.6187 -1207.1429 90.7607
v 413.4114 -1207.1429 90.9938
v 412.1217 -1207.1429 91.2394
v 410.7510 -1207.1429 91.4968
v 409.3008 -1207.1429 91.7649
v 407.7729 -1207.1429 92.0428
v 406.1693 -1207.1429 92.2996
v 404.4915 -1207.1429 92.5675
v 402.7415 -1207.1429 92.8452
v 400.9214 -1207.1429 93.1314
v 399.0334 -1207.1429 93.4246
v 397.0795 -1207.1429 93.7235
v 395.0622 -1207.1429 94.0267
v 392.9839 -1207.1429 94.3329
v 390.8469 -1207.1429 94.6406
v 388.6539 -1207.1429 94.9486
v 386.4074 -1207.1429 95.2557
v 384.1101 -1207.1429 95.5607
v 381.7649 -1207.1429 95.8624
v 379.3744 -1207.1429 96.1597
v 376.9416 -1207.1429 96.4516
v 374.4695 -1207.1429 96.7369
v 371.9610 -1207.1429 97.0147
v 369.4191 -1207.1429 97.2840
v 366.8470 -1207.1429 97.5437
v 364.2477 -1207.1429 97.7931
v 361.6245 -1207.1429 98.0309
v 358.9807 -1207.1429 98.2565
v 356.3193 -1207.1429 98.4687
v 353.6437 -1207.1429 98.6667
v 350.9573 -1207.1429 98.8495
v 348.2633 -1207.1429 99.0162
v 345.5651 -1207.1429 99.1659
v 342.8660 -1207.1429 99.2976
v 340.1695 -1207.1429 99.4107
v 337.4788 -1207.1429 99.5042
v 334.7974 -1207.1429 99.5774
v 332.1209 -1207.1429 99.6300
v 329.4485 -1207.1429 99.6615
v 326.7951 -1207.1429 99.6714
v 324.1644 -1207.1429 99.6599
v 321.5596 -1207.1429 99.6271
v 318.9842 -1207.1429 99.5737
v 316.4416 -1207.1429 99.5006
v 313.9352 -1207.1429 99.4093
v 311.4681 -1207.1429 99.3014
v 309.0437 -1207.1429 99.1791
v 306.6650 -1207.1429 99.0450
v 304.3354 -1207.1429 98.9019
v 302.0576 -1207.1429 98.7529
v 299.8349 -1207.1429 98.6013
v 297.6699 -1207.1429 98.4505
v 295.5664 -1207.1429 98.1566
v 293.5264 -1207.1429 97.8436
v 291.5525 -1207.1429 97.5127
v 289.6472 -1207.1429 97.1652
v 287.8130 -1207.1429 96.8022
v 286.0522 -1207.1429 96.4253
v 284.3669 -1207.1429 96.0357
v 282.7592 -1207.1429 95.6350
v 281.2311 -1207.1429 95.2244
v 279.7845 -1207.1429 94.8055
v 278.4211 -1207.1429 94.3798
v 277.1425 -1207.1429 93.9485
v 275.9501 -1207.1429 93.5132
v 274.8454 -1207.1429 93.0752
v 273.8295 -1207.1429 92.6357
v 272.9035 -1207.1429 92.1962
v 272.0686 -1207.1429 91.7578
v 271.3254 -1207.1429 91.3215
v 270.6749 -1207.1429 90.8885
v 270.1175 -1207.1429 90.4597
v 269.6538 -1207.1429 90.0359
v 269.2843 -1207.1429 89.6178
v 269.0091 -1207.1429 89.2062
v 268.8284 -1207.1429 88.8015
v 268.7423 -1207.1429 88.4041
v 268.7506 -1207.1429 88.0143
v 268.8525 -1207.1429 87.6380
v 269.0467 -1207.1429 87.2809
v 269.3328 -1207.1429 86.9430
v 269.7103 -1207.1429 86.6246
v 270.1786 -1207.1429 86.3254
v 270.7370 -1207.1429 86.0456
v 271.3845 -1207.1429 85.7851
v 272.1202 -1207.1429 85.5438
v 272.9431 -1207.1429 85.3216
v 273.8520 -1207.1429 85.1185
v 274.8456 -1207.1429 84.9342
v 275.9227 -1207.1429 84.7686
v 277.0817 -1207.1429 84.6214
v 278.3211 -1207.1429 84.4924
v 279.6395 -1207.1429 84.3812
v 281.0350 -1207.1429 84.2876
v 282.5060 -1207.1429 84.2110
v 284.0505 -1207.1429 84.1512
v 285.6668 -1207.1429 84.1075
v 287.3529 -1207.1429 84.0794
v 289.1068 -1207.1429 84.0663
v 290.9263 -1207.1429 84.0676
v 292.8094 -1207.1429 84.0826
v 294.7538 -1207.1429 84.1105
v 296.7574 -1207.1429 84.1506
v 298.8178 -1207.1429 84.2019
v 300.9327 -1207.1429 84.2637
v 303.0996 -1207.1429 84.3349
v 305.3163 -1207.1429 84.4148
v 307.5801 -1207.1429 84.5022
v 309.8885 -1207.1429 84.5962
v 312.2390 -1207.1429 84.6957
v 314.6290 -1207.1429 84.7998
v 317.0557 -1207.1429 84.9074
v 319.5165 -1207.1429 85.0175
v 322.0086 -1207.1429 85.1290
v 324.5292 -1207.1429 85.2410
v 327.0756 -1207.1429 85.3524
v 329.6448 -1207.1429 85.4623
v 332.2339 -1207.1429 85.5698
v 334.8516 -1207.1429 85.6753
v 337.4905 -1207.1429 85.7831
v 340.1398 -1207.1429 85.8932
v 342.7964 -1207.1429 86.0048
v 345.4570 -1207.1429 86.1173
v 348.1187 -1207.1429 86.2302
v 350.7781 -1207.1429 86.3427
v 353.4322 -1207.1429 86.4545
v 356.0776 -1207.1429 86.5651
v 358.7114 -1207.1429 86.6740
v 361.3301 -1207.1429 86.7807
v 363.9308 -1207.1429 86.8851
v 366.5102 -1207.1429 86.9868
v 369.0653 -1207.1429 87.0855
v 371.5928 -1207.1429 87.1810
v 374.0898 -1207.1429 87.2731
v 376.5531 -1207.1429 87.3618
v 378.9797 -1207.1429 87.4469
v 381.3667 -1207.1429 87.5283
v 383.7111 -1207.1429 87.6061
v 386.0100 -1207.1429 87.6802
v 388.2606 -1207.1429 87.7506
v 390.4599 -1207.1429 87.8175
v 392.6054 -1207.1429 87.8808
v 394.6944 -1207.1429 87.9406
v 396.7241 -1207.1429 87.9971
v 398.6921 -1207.1429 88.0504
v 400.5958 -1207.1429 88.1004
v 402.4329 -1207.1429 88.1475
v 404.2011 -1207.1429 88.1916
v 405.8980 -1207.1429 88.2329
v 407.5216 -1207.1429 88.2715
v 409.0698 -1207.1429 88.3074
v 410.5405 -1207.1429 88.3409
v 411.9319 -1207.1429 88.3720
v 413.2422 -1207.1429 88.4007
v 414.4697 -1207.1429 88.4272
v 415.6129 -1207.1429 88.4515
v 416.6701 -1207.1429 88.4737
v 417.6401 -1207.1429 88.4938
v 418.5216 -1207.1429 88.5118
v 419.3135 -1207.1429 88.5279
v 420.0147 -1207.1429 88.5421
v 420.6242 -1207.1429 88.5543
v 421.1413 -1207.1429 88.5646
v 421.5654 -1207.1429 88.5730
v 421.8958 -1207.1429 88.5795
v 422.1321 -1207.1429 88.5841
v 422.2740 -1207.1429 88.5869
v 422.3213 -1207.1429 88.5879
v 415.8889 -1214.2857 89.7788
v 415.8445 -1214.2857 89.7881
v 415.7115 -1214.2857 89.8161
v 415.4900 -1214.2857 89.8625
v 415.1803 -1214.2857 89.9272
v 414.7827 -1214.2857 90.0099
v 414.2976 -1214.2857 90.1104
v 413.7256 -1214.2857 90.2282
v 413.0673 -1214.2857 90.3629
v 412.3235 -1214.2857 90.5139
v 411.4950 -1214.2857 90.6806
v 410.5828 -1214.2857 90.8624
v 409.5879 -1214.2857 91.0586
v 408.5114 -1214.2857 91.2685
v 407.3545 -1214.2857 91.4912
v 406.1186 -1214.2857 91.7259
v 404.8052 -1214.2857 91.9719
v 403.4156 -1214.2857 92.2281
v 401.9515 -1214.2857 92.4936
v 400.4149 -1214.2857 92.7389
v 398.8072 -1214.2857 92.9948
v 397.1303 -1214.2857 93.2600
v 395.3863 -1214.2857 93.5333
v 393.5771 -1214.2857 93.8134
v 391.7050 -1214.2857 94.0989
v 389.7720 -1214.2857 94.3884
v 387.7805 -1214.2857 94.6807
v 385.7328 -1214.2857 94.9746
v 383.6314 -1214.2857 95.2687
v 381.4788 -1214.2857 95.5619
v 379.2776 -1214.2857 95.8530
v 377.0304 -1214.2857 96.1409
v 374.7398 -1214.2857 96.4246
v 372.4088 -1214.2857 96.7031
v 370.0400 -1214.2857 96.9753
v 367.6363 -1214.2857 97.2403
v 365.2007 -1214.2857 97.4971
v 362.7361 -1214.2857 97.7447
v 360.2456 -1214.2857 97.9824
v 357.7321 -1214.2857 98.2090
v 355.1988 -1214.2857 98.4239
v 352.6487 -1214.2857 98.6259
v 350.0851 -1214.2857 98.8143
v 347.5110 -1214.2857 98.9882
v 344.9297 -1214.2857 99.1466
v 342.3444 -1214.2857 99.2888
v 339.7582 -1214.2857 99.4138
v 337.1745 -1214.2857 99.5208
v 334.5964 -1214.2857 99.6091
v 332.0272 -1214.2857 99.6780
v 329.4627 -1214.2857 99.7271
v 326.9021 -1214.2857 99.7559
v 324.3599 -1214.2857 99.7642
v 321.8392 -1214.2857 99.7519
v 319.3435 -1214.2857 99.7193
v 316.8760 -1214.2857 99.6669
v 314.4399 -1214.2857 99.5956
v 312.0384 -1214.2857 99.5069
v 309.6746 -1214.2857 99.4023
v 307.3517 -1214.2857 99.2840
v 305.0727 -1214.2857 99.1544
v 302.8406 -1214.2857 99.0161
v 300.6583 -1214.2857 98.8723
v 298.5287 -1214.2857 98.7260
v 296.4544 -1214.2857 98.5804
v 294.4391 -1214.2857 98.2979
v 292.4847 -1214.2857 97.9970
v 290.5935 -1214.2857 97.6790
v 288.7682 -1214.2857 97.3451
v 287.0109 -1214.2857 96.9965
v 285.3240 -1214.2857 96.6345
v 283.7094 -1214.2857 96.2604
v 282.1692 -1214.2857 95.8757
v 280.7053 -1214.2857 95.4816
v 279.3195 -1214.2857 95.0795
v 278.0134 -1214.2857 94.6709
v 276.7884 -1214.2857 94.2571
v 275.6462 -1214.2857 93.8395
v 274.5879 -1214.2857 93.4192
v 273.6147 -1214.2857 92.9977
v 272.7278 -1214.2857 92.5762
v 271.9280 -1214.2857 92.1557
v 271.2162 -1214.2857 91.7373
v 270.5930 -1214.2857 91.3221
v 270.0592 -1214.2857 90.9110
v 269.6151 -1214.2857 90.5047
v 269.2612 -1214.2857 90.1040
v 268.9978 -1214.2857 89.7095
v 268.8248 -1214.2857 89.3216
v 268.7425 -1214.2857 88.9408
v 268.7507 -1214.2857 88.5674
v 268.8485 -1214.2857 88.2068
v 269.0347 -1214.2857 87.8647
v 269.3090 -1214.2857 87.5412
v 269.6709 -1214.2857 87.2362
v 270.1198 -1214.2857 86.9498
v 270.6549 -1214.2857 86.6820
v 271.2754 -1214.2857 86.4327
v 271.9804 -1214.2857 86.2018
v 272.7690 -1214.2857 85.9894
v 273.6399 -1214.2857 85.7952
v 274.5920 -1214.2857 85.6191
v 275.6241 -1214.2857 85.4609
v 276.7346 -1214.2857 85.3204
v 277.9223 -1214.2857 85.1974
v 279.1855 -1214.2857 85.0915
v 280.5226 -1214.2857 85.0025
v 281.9321 -1214.2857 84.9299
v 283.4120 -1214.2857 84.8732
v 284.9607 -1214.2857 84.8321
v 286.5762 -1214.2857 84.8060
v 288.2566 -1214.2857 84.7943
v 290.0000 -1214.2857 84.7965
v 291.8042 -1214.2857 84.8117
v 293.6672 -1214.2857 84.8394
v 295.5869 -1214.2857 84.8787
v 297.5610 -1214.2857 84.9289
v 299.5874 -1214.2857 84.9891
v 301.6636 -1214.2857 85.0584
v 303.7874 -1214.2857 85.1359
v 305.9564 -1214.2857 85.2208
v 308.1682 -1214.2857 85.3119
v 310.4203 -1214.2857 85.4085
v 312.7101 -1214.2857 85.5093
v 315.0352 -1214.2857 85.6136
v 317.3929 -1214.2857 85.7202
v 319.7807 -1214.2857 85.8283
v 322.1957 -1214.2857 85.9367
v 324.6354 -1214.2857 86.0447
v 327.0970 -1214.2857 86.1512
v 329.5777 -1214.2857 86.2555
v 332.0857 -1214.2857 86.3578
v 334.6141 -1214.2857 86.4624
v 337.1525 -1214.2857 86.5691
v 339.6978 -1214.2857 86.6773
v 342.2471 -1214.2857 86.7864
v 344.7972 -1214.2857 86.8958
v 347.3453 -1214.2857 87.0049
v 349.8882 -1214.2857 87.1133
v 352.4229 -1214.2857 87.2205
v 354.9463 -1214.2857 87.3261
v 357.4554 -1214.2857 87.4296
v 359.9471 -1214.2857 87.5309
v 362.4185 -1214.2857 87.6295
v 364.8666 -1214.2857 87.7253
v 367.2883 -1214.2857 87.8180
v 369.6806 -1214.2857 87.9075
v 372.0408 -1214.2857 87.9937
v 374.3658 -1214.2857 88.0763
v 376.6529 -1214.2857 88.1555
v 378.8991 -1214.2857 88.2311
v 381.1017 -1214.2857 88.3032
v 383.2580 -1214.2857 88.3718
v 385.3653 -1214.2857 88.4369
v 387.4210 -1214.2857 88.4986
v 389.4224 -1214.2857 88.5569
v 391.3671 -1214.2857 88.6120
v 393.2527 -1214.2857 88.6640
v 395.0767 -1214.2857 88.7129
v 396.8369 -1214.2857 88.7588
v 398.5311 -1214.2857 88.8019
v 400.1570 -1214.2857 88.8423
v 401.7126 -1214.2857 88.8800
v 403.1959 -1214.2857 88.9152
v 404.6050 -1214.2857 88.9480
v 405.9382 -1214.2857 88.9785
v 407.1936 -1214.2857 89.0066
v 408.3697 -1214.2857 89.0326
v 409.4650 -1214.2857 89.0564
v 410.4780 -1214.2857 89.0781
v 411.4074 -1214.2857 89.0979
v 412.2520 -1214.2857 89.1156
v 413.0107 -1214.2857 89.1314
v 413.6825 -1214.2857 89.1453
v 414.2665 -1214.2857 89.1573
v 414.7620 -1214.2857 89.1674
v 415.1683 -1214.2857 89.1756
v 415.4848 -1214.2857 89.1820
v 415.7112 -1214.2857 89.1866
v 415.8472 -1214.2857 89.1893
v 415.8925 -1214.2857 89.1903
v 409.4600 -1221.4286 90.3507
v 409.4176 -1221.4286 90.3596
v 409.2904 -1221.4286 90.3862
v 409.0786 -1221.4286 90.4305
v 408.7823 -1221.4286 90.4922
v 408.4020 -1221.4286 90.5712
v 407.9381 -1221.4286 90.6670
v 407.3910 -1221.4286 90.7794
v 406.7614 -1221.4286 90.9079
v 406.0500 -1221.4286 91.0519
v 405.2577 -1221.4286 91.2109
v 404.3852 -1221.4286 91.3844
v 403.4337 -1221.4286 91.5715
v 402.4041 -1221.4286 91.7717
v 401.2977 -1221.4286 91.9842
v 400.1157 -1221.4286 92.2081
v 398.8595 -1221.4286 92.4426
v 397.5305 -1221.4286 92.6870
v 396.1303 -1221.4286 92.9402
v 394.6606 -1221.4286 93.1741
v 393.1231 -1221.4286 93.4180
v 391.5194 -1221.4286 93.6709
v 389.8514 -1221.4286 93.9314
v 388.1211 -1221.4286 94.1984
v 386.3306 -1221.4286 94.4705
v 384.4819 -1221.4286 94.7464
v 382.5773 -1221.4286 95.0250
v 380.6189 -1221.4286 95.3051
v 378.6092 -1221.4286 95.5853
v 376.5505 -1221.4286 95.8647
v 374.4453 -1221.4286 96.1420
v 372.2962 -1221.4286 96.4163
v 370.1056 -1221.4286 96.6865
v 367.8762 -1221.4286 96.9517
v 365.6108 -1221.4286 97.2109
v 363.3120 -1221.4286 97.4632
v 360.9827 -1221.4286 97.7076
v 358.6257 -1221.4286 97.9432
v 356.2438 -1221.4286 98.1693
v 353.8400 -1221.4286 98.3849
v 351.4173 -1221.4286 98.5891
v 348.9785 -1221.4286 98.7811
v 346.5268 -1221.4286 98.9601
v 344.0651 -1221.4286 99.1251
v 341.5965 -1221.4286 99.2754
v 339.1241 -1221.4286 99.4101
v 336.6508 -1221.4286 99.5284
v 334.1799 -1221.4286 99.6295
v 331.7145 -1221.4286 99.7127
v 329.2575 -1221.4286 99.7773
v 326.8050 -1221.4286 99.8231
v 324.3563 -1221.4286 99.8495
v 321.9251 -1221.4286 99.8562
v 319.5146 -1221.4286 99.8432
v 317.1279 -1221.4286 99.8108
v 314.7682 -1221.4286 99.7595
v 312.4386 -1221.4286 99.6902
v 310.1420 -1221.4286 99.6042
v 307.8816 -1221.4286 99.5031
v 305.6602 -1221.4286 99.3889
v 303.4809 -1221.4286 99.2638
v 301.3464 -1221.4286 99.1305
v 299.2595 -1221.4286 98.9919
v 297.2229 -1221.4286 98.8510
v 295.2394 -1221.4286 98.7108
v 293.3123 -1221.4286 98.4396
v 291.4433 -1221.4286 98.1510
v 289.6350 -1221.4286 97.8460
v 287.8895 -1221.4286 97.5258
v 286.2092 -1221.4286 97.1916
v 284.5961 -1221.4286 96.8446
v 283.0523 -1221.4286 96.4861
v 281.5796 -1221.4286 96.1174
v 280.1798 -1221.4286 95.7398
v 278.8547 -1221.4286 95.3547
v 277.6058 -1221.4286 94.9633
v 276.4347 -1221.4286 94.5670
v 275.3425 -1221.4286 94.1670
v 274.3306 -1221.4286 93.7647
v 273.4002 -1221.4286 93.3611
v 272.5522 -1221.4286 92.9576
v 271.7875 -1221.4286 92.5550
v 271.1070 -1221.4286 92.1546
v 270.5113 -1221.4286 91.7573
v 270.0010 -1221.4286 91.3638
v 269.5765 -1221.4286 90.9751
v 269.2383 -1221.4286 90.5917
v 268.9865 -1221.4286 90.2143
v 268.8213 -1221.4286 89.8433
v 268.7428 -1221.4286 89.4791
v 268.7508 -1221.4286 89.1220
v 268.8445 -1221.4286 88.7772
v 269.0227 -1221.4286 88.4502
v 269.2852 -1221.4286 88.1409
v 269.6314 -1221.4286 87.8494
v 270.0608 -1221.4286 87.5758
v 270.5727 -1221.4286 87.3199
v 271.1662 -1221.4286 87.0818
v 271.8405 -1221.4286 86.8614
v 272.5947 -1221.4286 86.6586
v 273.4277 -1221.4286 86.4732
v 274.3383 -1221.4286 86.3053
v 275.3253 -1221.4286 86.1545
v 276.3875 -1221.4286 86.0207
v 277.5233 -1221.4286 85.9036
v 278.7313 -1221.4286 85.8030
v 280.0101 -1221.4286 85.7185
v 281.3580 -1221.4286 85.6497
v 282.7733 -1221.4286 85.5963
v 284.2543 -1221.4286 85.5577
v 285.7993 -1221.4286 85.5335
v 287.4063 -1221.4286 85.5231
v 289.0735 -1221.4286 85.5260
v 290.7989 -1221.4286 85.5414
v 292.5805 -1221.4286 85.5688
v 294.4163 -1221.4286 85.6073
v 296.3042 -1221.4286 85.6562
v 298.2419 -1221.4286 85.7147
v 300.2274 -1221.4286 85.7820
v 302.2584 -1221.4286 85.8572
v 304.3326 -1221.4286 85.9394
v 306.4477 -1221.4286 86.0276
v 308.6013 -1221.4286 86.1210
v 310.7911 -1221.4286 86.2185
v 313.0145 -1221.4286 86.3193
v 315.2692 -1221.4286 86.4224
v 317.5526 -1221.4286 86.5269
v 319.8621 -1221.4286 86.6318
v 322.1951 -1221.4286 86.7362
v 324.5491 -1221.4286 86.8393
v 326.9214 -1221.4286 86.9401
v 329.3198 -1221.4286 87.0392
v 331.7377 -1221.4286 87.1404
v 334.1651 -1221.4286 87.2437
v 336.5991 -1221.4286 87.3484
v 339.0370 -1221.4286 87.4539
v 341.4757 -1221.4286 87.5597
v 343.9124 -1221.4286 87.6653
v 346.3441 -1221.4286 87.7702
v 348.7680 -1221.4286 87.8739
v 351.1811 -1221.4286 87.9760
v 353.5805 -1221.4286 88.0763
v 355.9634 -1221.4286 88.1743
v 358.3268 -1221.4286 88.2698
v 360.6678 -1221.4286 88.3626
v 362.9836 -1221.4286 88.4524
v 365.2715 -1221.4286 88.5391
v 367.5285 -1221.4286 88.6226
v 369.7519 -1221.4286 88.7028
v 371.9390 -1221.4286 88.7796
v 374.0870 -1221.4286 88.8530
v 376.1934 -1221.4286 88.9230
v 378.2554 -1221.4286 88.9896
v 380.2706 -1221.4286 89.0528
v 382.2364 -1221.4286 89.1128
v 384.1504 -1221.4286 89.1696
v 386.0102 -1221.4286 89.2232
v 387.8133 -1221.4286 89.2738
v 389.5576 -1221.4286 89.3214
v 391.2409 -1221.4286 89.3662
v 392.8610 -1221.4286 89.4082
v 394.4158 -1221.4286 89.4476
v 395.9035 -1221.4286 89.4844
v 397.3220 -1221.4286 89.5188
v 398.6695 -1221.4286 89.5508
v 399.9444 -1221.4286 89.5805
v 401.1450 -1221.4286 89.6081
v 402.2697 -1221.4286 89.6335
v 403.3171 -1221.4286 89.6568
v 404.2858 -1221.4286 89.6780
v 405.1746 -1221.4286 89.6973
v 405.9823 -1221.4286 89.7147
v 406.7079 -1221.4286 89.7302
v 407.3503 -1221.4286 89.7438
v 407.9088 -1221.4286 89.7555
v 408.3826 -1221.4286 89.7654
v 408.7712 -1221.4286 89.7735
v 409.0739 -1221.4286 89.7798
v 409.2904 -1221.4286 89.7843
v 409.4204 -1221.4286 89.7869
v 409.4638 -1221.4286 89.7878
v 403.0311 -1228.5714 90.9177
v 402.9907 -1228.5714 90.9262
v 402.8693 -1228.5714 90.9516
v 402.6671 -1228.5714 90.9937
v 402.3843 -1228.5714 91.0525
v 402.0214 -1228.5714 91.1277
v 401.5786 -1228.5714 91.2189
v 401.0564 -1228.5714 91.3259
v 400.4556 -1228.5714 91.4482
v 399.7766 -1228.5714 91.5853
v 399.0204 -1228.5714 91.7367
v 398.1877 -1228.5714 91.9018
v 397.2795 -1228.5714 92.0800
v 396.2969 -1228.5714 92.2705
v 395.2409 -1228.5714 92.4727
v 394.1128 -1228.5714 92.6858
v 392.9139 -1228.5714 92.9091
v 391.6455 -1228.5714 93.1416
v 390.3092 -1228.5714 93.3826
v 388.9066 -1228.5714 93.6051
v 387.4391 -1228.5714 93.8372
v 385.9085 -1228.5714 94.0777
v 384.3167 -1228.5714 94.3255
v 382.6653 -1228.5714 94.5795
v 380.9565 -1228.5714 94.8383
v 379.1921 -1228.5714 95.1008
v 377.3743 -1228.5714 95.3658
v 375.5053 -1228.5714 95.6321
v 373.5873 -1228.5714 95.8985
v 371.6225 -1228.5714 96.1641
v 369.6134 -1228.5714 96.4278
v 367.5623 -1228.5714 96.6886
v 365.4716 -1228.5714 96.9454
v 363.3440 -1228.5714 97.1974
v 361.1819 -1228.5714 97.4437
v 358.9880 -1228.5714 97.6833
v 356.7650 -1228.5714 97.9154
v 354.5156 -1228.5714 98.1392
v 352.2424 -1228.5714 98.3538
v 349.9484 -1228.5714 98.5584
v 347.6362 -1228.5714 98.7522
v 345.3088 -1228.5714 98.9342
v 342.9690 -1228.5714 99.1039
v 340.6197 -1228.5714 99.2602
v 338.2638 -1228.5714 99.4024
v 335.9042 -1228.5714 99.5298
v 333.5439 -1228.5714 99.6415
v 331.1859 -1228.5714 99.7368
v 328.8330 -1228.5714 99.8150
v 326.4882 -1228.5714 99.8756
v 324.1478 -1228.5714 99.9181
v 321.8109 -1228.5714 99.9421
v 319.4908 -1228.5714 99.9473
v 317.1904 -1228.5714 99.9338
v 314.9128 -1228.5714 99.9017
v 312.6609 -1228.5714 99.8517
v 310.4377 -1228.5714 99.7844
v 308.2461 -1228.5714 99.7013
v 306.0890 -1228.5714 99.6037
v 303.9692 -1228.5714 99.4936
v 301.8895 -1228.5714 99.3732
v 299.8525 -1228.5714 99.2450
v 297.8611 -1228.5714 99.1118
v 295.9176 -1228.5714 98.9763
v 294.0247 -1228.5714 98.8416
v 292.1858 -1228.5714 98.5819
v 290.4024 -1228.5714 98.3055
v 288.6768 -1228.5714 98.0136
v 287.0113 -1228.5714 97.7072
v 285.4079 -1228.5714 97.3875
v 283.8686 -1228.5714 97.0556
v 282.3955 -1228.5714 96.7127
v 280.9902 -1228.5714 96.3602
v 279.6546 -1228.5714 95.9992
v 278.3902 -1228.5714 95.6310
v 277.1986 -1228.5714 95.2569
v 276.0811 -1228.5714 94.8781
v 275.0390 -1228.5714 94.4959
v 274.0736 -1228.5714 94.1115
v 273.1859 -1228.5714 93.7259
v 272.3768 -1228.5714 93.3404
v 271.6473 -1228.5714 92.9559
v 270.9980 -1228.5714 92.5734
v 270.4297 -1228.5714 92.1940
v 269.9429 -1228.5714 91.8182
v 269.5380 -1228.5714 91.4471
v 269.2154 -1228.5714 91.0811
v 268.9753 -1228.5714 90.7208
v 268.8178 -1228.5714 90.3667
v 268.7431 -1228.5714 90.0191
v 268.7509 -1228.5714 89.6782
v 268.8404 -1228.5714 89.3493
v 269.0107 -1228.5714 89.0372
v 269.2613 -1228.5714 88.7422
v 269.5919 -1228.5714 88.4642
v 270.0018 -1228.5714 88.2033
v 270.4904 -1228.5714 87.9593
v 271.0569 -1228.5714 87.7324
v 271.7005 -1228.5714 87.5223
v 272.4204 -1228.5714 87.3292
v 273.2154 -1228.5714 87.1527
v 274.0845 -1228.5714 86.9929
v 275.0265 -1228.5714 86.8494
v 276.0401 -1228.5714 86.7223
v 277.1241 -1228.5714 86.6111
v 278.2770 -1228.5714 86.5156
v 279.4974 -1228.5714 86.4356
v 280.7838 -1228.5714 86.3706
v 282.1344 -1228.5714 86.3202
v 283.5478 -1228.5714 86.2841
v 285.0222 -1228.5714 86.2618
v 286.5558 -1228.5714 86.2526
v 288.1468 -1228.5714 86.2562
v 289.7934 -1228.5714 86.2717
v 291.4936 -1228.5714 86.2987
v 293.2455 -1228.5714 86.3363
v 295.0471 -1228.5714 86.3839
v 296.8963 -1228.5714 86.4407
v 298.7911 -1228.5714 86.5058
v 300.7292 -1228.5714 86.5785
v 302.7086 -1228.5714 86.6579
v 304.7271 -1228.5714 86.7431
v 306.7822 -1228.5714 86.8333
v 308.8719 -1228.5714 86.9274
v 310.9938 -1228.5714 87.0247
v 313.1454 -1228.5714 87.1241
v 315.3244 -1228.5714 87.2249
v 317.5283 -1228.5714 87.3261
v 319.7547 -1228.5714 87.4269
v 322.0011 -1228.5714 87.5263
v 324.2649 -1228.5714 87.6237
v 326.5538 -1228.5714 87.7194
v 328.8611 -1228.5714 87.8172
v 331.1776 -1228.5714 87.9169
v 333.5004 -1228.5714 88.0179
v 335.8268 -1228.5714 88.1198
v 338.1541 -1228.5714 88.2219
v 340.4794 -1228.5714 88.3238
v 342.8000 -1228.5714 88.4251
v 345.1131 -1228.5714 88.5252
v 347.4159 -1228.5714 88.6239
v 349.7056 -1228.5714 88.7207
v 351.9796 -1228.5714 88.8153
v 354.2349 -1228.5714 88.9076
v 356.4690 -1228.5714 88.9973
v 358.6790 -1228.5714 89.0841
v 360.8622 -1228.5714 89.1679
v 363.0161 -1228.5714 89.2487
v 365.1379 -1228.5714 89.3262
v 367.2250 -1228.5714 89.4006
v 369.2749 -1228.5714 89.4716
v 371.2850 -1228.5714 89.5394
v 373.2528 -1228.5714 89.6040
v 375.1759 -1228.5714 89.6653
v 377.0519 -1228.5714 89.7235
v 378.8784 -1228.5714 89.7785
v 380.6531 -1228.5714 89.8306
v 382.3739 -1228.5714 89.8797
v 384.0385 -1228.5714 89.9260
v 385.6449 -1228.5714 89.9695
v 387.1909 -1228.5714 90.0104
v 388.6747 -1228.5714 90.0487
v 390.0944 -1228.5714 90.0846
v 391.4480 -1228.5714 90.1181
v 392.7340 -1228.5714 90.1493
v 393.9506 -1228.5714 90.1783
v 395.0964 -1228.5714 90.2051
v 396.1697 -1228.5714 90.2299
v 397.1692 -1228.5714 90.2526
v 398.0937 -1228.5714 90.2734
v 398.9419 -1228.5714 90.2922
v 399.7126 -1228.5714 90.3092
v 400.4050 -1228.5714 90.3243
v 401.0181 -1228.5714 90.3376
v 401.5511 -1228.5714 90.3490
v 402.0033 -1228.5714 90.3587
v 402.3740 -1228.5714 90.3666
v 402.6629 -1228.5714 90.3727
v 402.8696 -1228.5714 90.3771
v 402.9936 -1228.5714 90.3797
v 403.0350 -1228.5714 90.3806
v 396.6023 -1235.7143 91.4800
v 396.5638 -1235.7143 91.4880
v 396.4482 -1235.7143 91.5121
v 396.2556 -1235.7143 91.5522
v 395.9864 -1235.7143 91.6080
v 395.6408 -1235.7143 91.6794
v 395.2191 -1235.7143 91.7661
v 394.7219 -1235.7143 91.8677
v 394.1498 -1235.7143 91.9838
v 393.5033 -1235.7143 92.1141
v 392.7832 -1235.7143 92.2578
v 391.9903 -1235.7143 92.4146
v 391.1255 -1235.7143 92.5838
v 390.1898 -1235.7143 92.7648
v 389.1843 -1235.7143 92.9568
v 388.1101 -1235.7143 93.1592
v 386.9685 -1235.7143 93.3712
v 385.7607 -1235.7143 93.5920
v 384.4882 -1235.7143 93.8208
v 383.1526 -1235.7143 94.0320
v 381.7553 -1235.7143 94.2522
v 380.2979 -1235.7143 94.4805
v 378.7821 -1235.7143 94.7158
v 377.2097 -1235.7143 94.9568
v 375.5825 -1235.7143 95.2024
v 373.9025 -1235.7143 95.4515
v 372.1717 -1235.7143 95.7029
v 370.3920 -1235.7143 95.9556
v 368.5657 -1235.7143 96.2084
v 366.6948 -1235.7143 96.4603
v 364.7817 -1235.7143 96.7104
v 362.8287 -1235.7143 96.9577
v 360.8380 -1235.7143 97.2013
v 358.8121 -1235.7143 97.4402
v 356.7534 -1235.7143 97.6737
v 354.6644 -1235.7143 97.9008
v 352.5477 -1235.7143 98.1207
v 350.4059 -1235.7143 98.3327
v 348.2414 -1235.7143 98.5360
v 346.0571 -1235.7143 98.7297
v 343.8555 -1235.7143 98.9131
v 341.6394 -1235.7143 99.0853
v 339.4116 -1235.7143 99.2457
v 337.1747 -1235.7143 99.3934
v 334.9315 -1235.7143 99.5278
v 332.6848 -1235.7143 99.6479
v 330.4375 -1235.7143 99.7531
v 328.1922 -1235.7143 99.8428
v 325.9520 -1235.7143 99.9161
v 323.7194 -1235.7143 99.9727
v 321.4910 -1235.7143 100.0120
v 319.2660 -1235.7143 100.0338
v 317.0569 -1235.7143 100.0377
v 314.8667 -1235.7143 100.0237
v 312.6981 -1235.7143 99.9921
v 310.5541 -1235.7143 99.9433
v 308.4373 -1235.7143 99.8783
v 306.3507 -1235.7143 99.7980
v 304.2969 -1235.7143 99.7041
v 302.2786 -1235.7143 99.5983
v 300.2985 -1235.7143 99.4827
v 298.3592 -1235.7143 99.3596
v 296.4631 -1235.7143 99.2318
v 294.6127 -1235.7143 99.1019
v 292.8105 -1235.7143 98.9727
v 291.0598 -1235.7143 98.7246
v 289.3619 -1235.7143 98.4606
v 287.7190 -1235.7143 98.1819
v 286.1334 -1235.7143 97.8894
v 284.6069 -1235.7143 97.5841
v 283.1415 -1235.7143 97.2674
v 281.7390 -1235.7143 96.9403
v 280.4012 -1235.7143 96.6039
v 279.1297 -1235.7143 96.2596
v 277.9260 -1235.7143 95.9084
v 276.7916 -1235.7143 95.5517
v 275.7278 -1235.7143 95.1905
v 274.7358 -1235.7143 94.8261
v 273.8168 -1235.7143 94.4596
v 272.9717 -1235.7143 94.0921
v 272.2015 -1235.7143 93.7246
v 271.5071 -1235.7143 93.3582
v 270.8891 -1235.7143 92.9937
v 270.3482 -1235.7143 92.6322
v 269.8849 -1235.7143 92.2742
v 269.4996 -1235.7143 91.9206
v 269.1926 -1235.7143 91.5720
v 268.9641 -1235.7143 91.2288
v 268.8144 -1235.7143 90.8916
v 268.7433 -1235.7143 90.5606
v 268.7510 -1235.7143 90.2361
v 268.8364 -1235.7143 89.9229
v 268.9986 -1235.7143 89.6259
v 269.2374 -1235.7143 89.3451
v 269.5523 -1235.7143 89.0806
v 269.9427 -1235.7143 88.8323
v 270.4080 -1235.7143 88.6003
v 270.9475 -1235.7143 88.3845
v 271.5604 -1235.7143 88.1848
v 272.2459 -1235.7143 88.0012
v 273.0029 -1235.7143 87.8336
v 273.8305 -1235.7143 87.6818
v 274.7275 -1235.7143 87.5457
v 275.6927 -1235.7143 87.4251
v 276.7248 -1235.7143 87.3197
v 277.8226 -1235.7143 87.2294
v 278.9846 -1235.7143 87.1537
v 280.2094 -1235.7143 87.0925
v 281.4954 -1235.7143 87.0452
v 282.8411 -1235.7143 87.0115
v 284.2449 -1235.7143 86.9909
v 285.7051 -1235.7143 86.9829
v 287.2200 -1235.7143 86.9870
v 288.7877 -1235.7143 87.0026
v 290.4065 -1235.7143 87.0291
v 292.0746 -1235.7143 87.0658
v 293.7899 -1235.7143 87.1119
v 295.5505 -1235.7143 87.1669
v 297.3545 -1235.7143 87.2298
v 299.1999 -1235.7143 87.2999
v 301.0845 -1235.7143 87.3765
v 303.0063 -1235.7143 87.4586
v 304.9630 -1235.7143 87.5454
v 306.9526 -1235.7143 87.6360
v 308.9728 -1235.7143 87.7296
v 311.0214 -1235.7143 87.8253
v 313.0960 -1235.7143 87.9223
v 315.1944 -1235.7143 88.0197
v 317.3142 -1235.7143 88.1167
v 319.4530 -1235.7143 88.2125
v 321.6084 -1235.7143 88.3063
v 323.7876 -1235.7143 88.3984
v 325.9845 -1235.7143 88.4926
v 328.1900 -1235.7143 88.5887
v 330.4015 -1235.7143 88.6860
v 332.6165 -1235.7143 88.7841
v 334.8323 -1235.7143 88.8824
v 337.0463 -1235.7143 88.9806
v 339.2557 -1235.7143 89.0781
v 341.4580 -1235.7143 89.1745
v 343.6506 -1235.7143 89.2695
v 345.8307 -1235.7143 89.3628
v 347.9957 -1235.7143 89.4540
v 350.1430 -1235.7143 89.5429
v 352.2701 -1235.7143 89.6293
v 354.3743 -1235.7143 89.7130
v 356.4530 -1235.7143 89.7939
v 358.5037 -1235.7143 89.8718
v 360.5239 -1235.7143 89.9467
v 362.5110 -1235.7143 90.0185
v 364.4627 -1235.7143 90.0871
v 366.3766 -1235.7143 90.1526
v 368.2502 -1235.7143 90.2150
v 370.0812 -1235.7143 90.2743
v 371.8673 -1235.7143 90.3306
v 373.6063 -1235.7143 90.3839
v 375.2961 -1235.7143 90.4343
v 376.9345 -1235.7143 90.4818
v 378.5194 -1235.7143 90.5267
v 380.0488 -1235.7143 90.5689
v 381.5208 -1235.7143 90.6086
v 382.9336 -1235.7143 90.6458
v 384.2852 -1235.7143 90.6806
v 385.5741 -1235.7143 90.7131
v 386.7985 -1235.7143 90.7434
v 387.9569 -1235.7143 90.7716
v 389.0477 -1235.7143 90.7977
v 390.0697 -1235.7143 90.8218
v 391.0213 -1235.7143 90.8439
v 391.9015 -1235.7143 90.8641
v 392.7091 -1235.7143 90.8825
v 393.4430 -1235.7143 90.8990
v 394.1022 -1235.7143 90.9137
v 394.6859 -1235.7143 90.9266
v 395.1934 -1235.7143 90.9378
v 395.6239 -1235.7143 90.9472
v 395.9769 -1235.7143 90.9549
v 396.2520 -1235.7143 90.9609
v 396.4487 -1235.7143 90.9652
v 396.5669 -1235.7143 90.9677
v 396.6063 -1235.7143 90.9686
v 390.1735 -1242.8571 92.0374
v 390.1369 -1242.8571 92.0451
v 390.0271 -1242.8571 92.0679
v 389.8442 -1242.8571 92.1058
v 389.5885 -1242.8571 92.1587
v 389.2602 -1242.8571 92.2264
v 388.8597 -1242.8571 92.3085
v 388.3875 -1242.8571 92.4048
v 387.8440 -1242.8571 92.5148
v 387.2300 -1242.8571 92.6382
v 386.5460 -1242.8571 92.7744
v 385.7929 -1242.8571 92.9229
v 384.9715 -1242.8571 93.0832
v 384.0828 -1242.8571 93.2546
v 383.1278 -1242.8571 93.4365
v 382.1075 -1242.8571 93.6282
v 381.0231 -1242.8571 93.8290
v 379.8760 -1242.8571 94.0381
v 378.6674 -1242.8571 94.2549
v 377.3988 -1242.8571 94.4547
v 376.0717 -1242.8571 94.6633
v 374.6874 -1242.8571 94.8794
v 373.2478 -1242.8571 95.1021
v 371.7543 -1242.8571 95.3302
v 370.2088 -1242.8571 95.5627
v 368.6132 -1242.8571 95.7985
v 366.9692 -1242.8571 96.0364
v 365.2789 -1242.8571 96.2756
v 363.5443 -1242.8571 96.5148
v 361.7674 -1242.8571 96.7532
v 359.9504 -1242.8571 96.9898
v 358.0954 -1242.8571 97.2238
v 356.2047 -1242.8571 97.4541
v 354.2805 -1242.8571 97.6801
v 352.3252 -1242.8571 97.9008
v 350.3412 -1242.8571 98.1155
v 348.3308 -1242.8571 98.3234
v 346.2965 -1242.8571 98.5238
v 344.2408 -1242.8571 98.7158
v 342.1662 -1242.8571 98.8987
v 340.0753 -1242.8571 99.0718
v 337.9705 -1242.8571 99.2343
v 335.8546 -1242.8571 99.3856
v 333.7301 -1242.8571 99.5249
v 331.5996 -1242.8571 99.6514
v 329.4659 -1242.8571 99.7644
v 327.3315 -1242.8571 99.8633
v 325.1991 -1242.8571 99.9473
v 323.0714 -1242.8571 100.0160
v 320.9511 -1242.8571 100.0686
v 318.8347 -1242.8571 100.1049
v 316.7216 -1242.8571 100.1245
v 314.6236 -1242.8571 100.1272
v 312.5434 -1242.8571 100.1128
v 310.4839 -1242.8571 100.0818
v 308.4477 -1242.8571 100.0345
v 306.4374 -1242.8571 99.9717
v 304.4558 -1242.8571 99.8945
v 302.5053 -1242.8571 99.8043
v 300.5885 -1242.8571 99.7029
v 298.7080 -1242.8571 99.5921
v 296.8662 -1242.8571 99.4744
v 295.0655 -1242.8571 99.3521
v 293.3083 -1242.8571 99.2278
v 291.5968 -1242.8571 99.1043
v 289.9341 -1242.8571 98.8678
v 288.3217 -1242.8571 98.6163
v 286.7616 -1242.8571 98.3508
v 285.2558 -1242.8571 98.0722
v 283.8062 -1242.8571 97.7816
v 282.4147 -1242.8571 97.4801
v 281.0829 -1242.8571 97.1688
v 279.8125 -1242.8571 96.8487
v 278.6051 -1242.8571 96.5211
v 277.4621 -1242.8571 96.1870
v 276.3849 -1242.8571 95.8477
v 275.3747 -1242.8571 95.5042
v 274.4328 -1242.8571 95.1576
v 273.5601 -1242.8571 94.8091
v 272.7577 -1242.8571 94.4596
v 272.0265 -1242.8571 94.1103
v 271.3671 -1242.8571 93.7619
v 270.7804 -1242.8571 93.4155
v 270.2668 -1242.8571 93.0719
v 269.8270 -1242.8571 92.7317
v 269.4612 -1242.8571 92.3957
v 269.1698 -1242.8571 92.0644
v 268.9530 -1242.8571 91.7384
v 268.8110 -1242.8571 91.4181
v 268.7436 -1242.8571 91.1037
v 268.7510 -1242.8571 90.7955
v 268.8323 -1242.8571 90.4981
v 268.9865 -1242.8571 90.2161
v 269.2135 -1242.8571 89.9496
v 269.5126 -1242.8571 89.6985
v 269.8835 -1242.8571 89.4629
v 270.3255 -1242.8571 89.2428
v 270.8380 -1242.8571 89.0380
v 271.4202 -1242.8571 88.8487
v 272.0713 -1242.8571 88.6747
v 272.7904 -1242.8571 88.5158
v 273.5764 -1242.8571 88.3721
v 274.4283 -1242.8571 88.2432
v 275.3450 -1242.8571 88.1291
v 276.3253 -1242.8571 88.0296
v 277.3680 -1242.8571 87.9443
v 278.4716 -1242.8571 87.8730
v 279.6348 -1242.8571 87.8154
v 280.8562 -1242.8571 87.7711
v 282.1343 -1242.8571 87.7397
v 283.4675 -1242.8571 87.7208
v 284.8543 -1242.8571 87.7140
v 286.2930 -1242.8571 87.7186
v 287.7819 -1242.8571 87.7341
v 289.3193 -1242.8571 87.7600
v 290.9034 -1242.8571 87.7957
v 292.5325 -1242.8571 87.8403
v 294.2046 -1242.8571 87.8933
v 295.9179 -1242.8571 87.9539
v 297.6704 -1242.8571 88.0214
v 299.4602 -1242.8571 88.0950
v 301.2853 -1242.8571 88.1739
v 303.1436 -1242.8571 88.2572
v 305.0332 -1242.8571 88.3443
v 306.9517 -1242.8571 88.4341
v 308.8973 -1242.8571 88.5260
v 310.8675 -1242.8571 88.6191
v 312.8604 -1242.8571 88.7126
v 314.8735 -1242.8571 88.8057
v 316.9048 -1242.8571 88.8977
v 318.9518 -1242.8571 88.9878
v 321.0213 -1242.8571 89.0763
v 323.1077 -1242.8571 89.1668
v 325.2023 -1242.8571 89.2591
v 327.3026 -1242.8571 89.3526
v 329.4062 -1242.8571 89.4468
v 331.5105 -1242.8571 89.5412
v 333.6131 -1242.8571 89.6355
v 335.7114 -1242.8571 89.7291
v 337.8029 -1242.8571 89.8217
v 339.8852 -1242.8571 89.9130
v 341.9556 -1242.8571 90.0026
v 344.0118 -1242.8571 90.0903
v 346.0511 -1242.8571 90.1758
v 348.0712 -1242.8571 90.2588
v 350.0695 -1242.8571 90.3393
v 352.0436 -1242.8571 90.4171
v 353.9912 -1242.8571 90.4921
v 355.9098 -1242.8571 90.5641
v 357.7970 -1242.8571 90.6332
v 359.6505 -1242.8571 90.6993
v 361.4681 -1242.8571 90.7625
v 363.2475 -1242.8571 90.8226
v 364.9864 -1242.8571 90.8798
v 366.6827 -1242.8571 90.9341
v 368.3343 -1242.8571 90.9855
v 369.9391 -1242.8571 91.0342
v 371.4950 -1242.8571 91.0802
v 373.0002 -1242.8571 91.1235
v 374.4527 -1242.8571 91.1643
v 375.8507 -1242.8571 91.2027
v 377.1924 -1242.8571 91.2387
v 378.4761 -1242.8571 91.2724
v 379.7001 -1242.8571 91.3039
v 380.8630 -1242.8571 91.3333
v 381.9631 -1242.8571 91.3606
v 382.9991 -1242.8571 91.3859
v 383.9696 -1242.8571 91.4092
v 384.8734 -1242.8571 91.4307
v 385.7094 -1242.8571 91.4503
v 386.4763 -1242.8571 91.4681
v 387.1733 -1242.8571 91.4841
v 387.7993 -1242.8571 91.4984
v 388.3537 -1242.8571 91.5110
v 388.8357 -1242.8571 91.5218
v 389.2445 -1242.8571 91.5310
v 389.5798 -1242.8571 91.5385
v 389.8410 -1242.8571 91.5443
v 390.0279 -1242.8571 91.5484
v 390.1401 -1242.8571 91.5509
v 390.1775 -1242.8571 91.5517
v 383.7447 -1250.0000 92.5901
v 383.7100 -1250.0000 92.5973
v 383.6060 -1250.0000 92.6188
v 383.4328 -1250.0000 92.6547
v 383.1906 -1250.0000 92.7047
v 382.8797 -1250.0000 92.7686
v 382.5004 -1250.0000 92.8461
v 382.0531 -1250.0000 92.9371
v 381.5384 -1250.0000 93.0411
v 380.9568 -1250.0000 93.1576
v 380.3089 -1250.0000 93.2863
v 379.5956 -1250.0000 93.4266
v 378.8177 -1250.0000 93.5780
v 377.9759 -1250.0000 93.7399
v 377.0713 -1250.0000 93.9117
v 376.1050 -1250.0000 94.0928
v 375.0780 -1250.0000 94.2825
v 373.9914 -1250.0000 94.4800
v 372.8467 -1250.0000 94.6847
v 371.6452 -1250.0000 94.8734
v 370.3882 -1250.0000 95.0702
v 369.0772 -1250.0000 95.2743
v 367.7136 -1250.0000 95.4845
v 366.2991 -1250.0000 95.6998
v 364.8353 -1250.0000 95.9193
v 363.3240 -1250.0000 96.1418
v 361.7670 -1250.0000 96.3664
v 360.1661 -1250.0000 96.5921
v 358.5232 -1250.0000 96.8178
v 356.8402 -1250.0000 97.0428
v 355.1193 -1250.0000 97.2660
v 353.3624 -1250.0000 97.4867
v 351.5717 -1250.0000 97.7039
v 349.7493 -1250.0000 97.9170
v 347.8974 -1250.0000 98.1252
v 346.0183 -1250.0000 98.3276
v 344.1143 -1250.0000 98.5235
v 342.1876 -1250.0000 98.7123
v 340.2406 -1250.0000 98.8931
v 338.2758 -1250.0000 99.0654
v 336.2954 -1250.0000 99.2284
v 334.3020 -1250.0000 99.3813
v 332.2981 -1250.0000 99.5236
v 330.2860 -1250.0000 99.6544
v 328.2682 -1250.0000 99.7732
v 326.2474 -1250.0000 99.8793
v 324.2259 -1250.0000 99.9719
v 322.2064 -1250.0000 100.0505
v 320.1913 -1250.0000 100.1145
v 318.1832 -1250.0000 100.1633
v 316.1789 -1250.0000 100.1967
v 314.1776 -1250.0000 100.2143
v 312.1907 -1250.0000 100.2158
v 310.2207 -1250.0000 100.2013
v 308.2702 -1250.0000 100.1709
v 306.3418 -1250.0000 100.1251
v 304.4380 -1250.0000 100.0647
v 302.5613 -1250.0000 99.9907
v 300.7141 -1250.0000 99.9044
v 298.8989 -1250.0000 99.8074
v 297.1180 -1250.0000 99.7016
v 295.3737 -1250.0000 99.5892
v 293.6684 -1250.0000 99.4726
v 292.0043 -1250.0000 99.3541
v 290.3834 -1250.0000 99.2363
v 288.8089 -1250.0000 99.0115
v 287.2820 -1250.0000 98.7726
v 285.8046 -1250.0000 98.5203
v 284.3787 -1250.0000 98.2558
v 283.0060 -1250.0000 97.9799
v 281.6882 -1250.0000 97.6937
v 280.4271 -1250.0000 97.3982
v 279.2241 -1250.0000 97.0945
v 278.0808 -1250.0000 96.7837
v 276.9984 -1250.0000 96.4667
v 275.9784 -1250.0000 96.1448
v 275.0219 -1250.0000 95.8190
v 274.1300 -1250.0000 95.4904
v 273.3037 -1250.0000 95.1599
v 272.5439 -1250.0000 94.8286
v 271.8516 -1250.0000 94.4974
v 271.2273 -1250.0000 94.1672
v 270.6718 -1250.0000 93.8388
v 270.1856 -1250.0000 93.5131
v 269.7692 -1250.0000 93.1907
v 269.4229 -1250.0000 92.8724
v 269.1471 -1250.0000 92.5585
v 268.9420 -1250.0000 92.2496
v 268.8076 -1250.0000 91.9462
v 268.7440 -1250.0000 91.6484
v 268.7511 -1250.0000 91.3565
v 268.8282 -1250.0000 91.0749
v 268.9744 -1250.0000 90.8080
v 269.1894 -1250.0000 90.5556
v 269.4729 -1250.0000 90.3180
v 269.8242 -1250.0000 90.0950
v 270.2430 -1250.0000 89.8867
v 270.7284 -1250.0000 89.6931
v 271.2799 -1250.0000 89.5141
v 271.8966 -1250.0000 89.3495
v 272.5777 -1250.0000 89.1995
v 273.3221 -1250.0000 89.0637
v 274.1290 -1250.0000 88.9421
v 274.9973 -1250.0000 88.8344
v 275.9257 -1250.0000 88.7406
v 276.9132 -1250.0000 88.6603
v 277.9584 -1250.0000 88.5933
v 279.0601 -1250.0000 88.5393
v 280.2168 -1250.0000 88.4980
v 281.4273 -1250.0000 88.4689
v 282.6899 -1250.0000 88.4516
v 284.0033 -1250.0000 88.4458
v 285.3658 -1250.0000 88.4508
v 286.7759 -1250.0000 88.4662
v 288.2319 -1250.0000 88.4915
v 289.7321 -1250.0000 88.5260
v 291.2749 -1250.0000 88.5690
v 292.8585 -1250.0000 88.6200
v 294.4810 -1250.0000 88.6782
v 296.1407 -1250.0000 88.7430
v 297.8358 -1250.0000 88.8135
v 299.5642 -1250.0000 88.8891
v 301.3241 -1250.0000 88.9689
v 303.1136 -1250.0000 89.0522
v 304.9305 -1250.0000 89.1382
v 306.7730 -1250.0000 89.2262
v 308.6389 -1250.0000 89.3152
v 310.5262 -1250.0000 89.4047
v 312.4328 -1250.0000 89.4939
v 314.3564 -1250.0000 89.5819
v 316.2950 -1250.0000 89.6682
v 318.2550 -1250.0000 89.7531
v 320.2308 -1250.0000 89.8398
v 322.2145 -1250.0000 89.9281
v 324.2035 -1250.0000 90.0177
v 326.1957 -1250.0000 90.1079
v 328.1886 -1250.0000 90.1983
v 330.1798 -1250.0000 90.2886
v 332.1670 -1250.0000 90.3782
v 334.1478 -1250.0000 90.4669
v 336.1197 -1250.0000 90.5544
v 338.0805 -1250.0000 90.6402
v 340.0278 -1250.0000 90.7242
v 341.9591 -1250.0000 90.8061
v 343.8722 -1250.0000 90.8857
v 345.7647 -1250.0000 90.9629
v 347.6343 -1250.0000 91.0375
v 349.4787 -1250.0000 91.1094
v 351.2957 -1250.0000 91.1786
v 353.0829 -1250.0000 91.2449
v 354.8383 -1250.0000 91.3084
v 356.5596 -1250.0000 91.3690
v 358.2448 -1250.0000 91.4268
v 359.8916 -1250.0000 91.4818
v 361.4981 -1250.0000 91.5340
v 363.0622 -1250.0000 91.5835
v 364.5820 -1250.0000 91.6304
v 366.0556 -1250.0000 91.6747
v 367.4810 -1250.0000 91.7164
v 368.8566 -1250.0000 91.7558
v 370.1806 -1250.0000 91.7928
v 371.4512 -1250.0000 91.8275
v 372.6669 -1250.0000 91.8600
v 373.8262 -1250.0000 91.8904
v 374.9274 -1250.0000 91.9188
v 375.9693 -1250.0000 91.9452
v 376.9504 -1250.0000 91.9696
v 377.8696 -1250.0000 91.9922
v 378.7255 -1250.0000 92.0129
v 379.5172 -1250.0000 92.0319
v 380.2435 -1250.0000 92.0491
v 380.9036 -1250.0000 92.0647
v 381.4965 -1250.0000 92.0785
v 382.0215 -1250.0000 92.0906
v 382.4780 -1250.0000 92.1011
v 382.8652 -1250.0000 92.1100
v 383.1827 -1250.0000 92.1172
v 383.4301 -1250.0000 92.1229
v 383.6070 -1250.0000 92.1269
v 383.7133 -1250.0000 92.1293
v 383.7487 -1250.0000 92.1301
v 340.8506 -1267.5000 93.2487
v 340.8419 -1267.5000 93.2505
v 340.8159 -1267.5000 93.2558
v 340.7726 -1267.5000 93.2648
v 340.7121 -1267.5000 93.2773
v 340.6343 -1267.5000 93.2933
v 340.5395 -1267.5000 93.3127
v 340.4277 -1267.5000 93.3354
v 340.2990 -1267.5000 93.3614
v 340.1536 -1267.5000 93.3905
v 339.9916 -1267.5000 93.4227
v 339.8133 -1267.5000 93.4578
v 339.6188 -1267.5000 93.4956
v 339.4084 -1267.5000 93.5361
v 339.1822 -1267.5000 93.5791
v 338.9407 -1267.5000 93.6243
v 338.6839 -1267.5000 93.6718
v 338.4123 -1267.5000 93.7211
v 338.1261 -1267.5000 93.7723
v 337.8257 -1267.5000 93.8195
v 337.5115 -1267.5000 93.8687
v 337.1837 -1267.5000 93.9197
v 336.8428 -1267.5000 93.9723
v 336.4892 -1267.5000 94.0261
v 336.1232 -1267.5000 94.0810
v 335.7454 -1267.5000 94.1366
v 335.3562 -1267.5000 94.1927
v 334.9559 -1267.5000 94.2492
v 334.5452 -1267.5000 94.3056
v 334.1245 -1267.5000 94.3618
v 333.6942 -1267.5000 94.4176
v 333.2550 -1267.5000 94.4728
v 332.8073 -1267.5000 94.5271
v 332.3517 -1267.5000 94.5804
v 331.8888 -1267.5000 94.6324
v 331.4190 -1267.5000 94.6830
v 330.9430 -1267.5000 94.7320
v 330.4613 -1267.5000 94.7792
v 329.9746 -1267.5000 94.8244
v 329.4834 -1267.5000 94.8675
v 328.9883 -1267.5000 94.9082
v 328.4899 -1267.5000 94.9465
v 327.9889 -1267.5000 94.9820
v 327.4859 -1267.5000 95.0147
v 326.9815 -1267.5000 95.0444
v 326.4763 -1267.5000 95.0710
v 325.9709 -1267.5000 95.0941
v 325.4660 -1267.5000 95.1138
v 324.9622 -1267.5000 95.1298
v 324.4602 -1267.5000 95.1420
v 323.9591 -1267.5000 95.1503
v 323.4588 -1267.5000 95.1547
v 322.9621 -1267.5000 95.1551
v 322.4696 -1267.5000 95.1515
v 321.9820 -1267.5000 95.1439
v 321.4999 -1267.5000 95.1324
v 321.0239 -1267.5000 95.1173
v 320.5547 -1267.5000 95.0988
v 320.0929 -1267.5000 95.0772
v 319.6391 -1267.5000 95.0530
v 319.1939 -1267.5000 95.0265
v 318.7578 -1267.5000 94.9984
v 318.3315 -1267.5000 94.9693
v 317.9155 -1267.5000 94.9397
v 317.5103 -1267.5000 94.9102
v 317.1166 -1267.5000 94.8540
v 316.7349 -1267.5000 94.7943
v 316.3656 -1267.5000 94.7312
v 316.0091 -1267.5000 94.6651
v 315.6659 -1267.5000 94.5961
v 315.3365 -1267.5000 94.5246
v 315.0212 -1267.5000 94.4507
v 314.7204 -1267.5000 94.3748
v 314.4346 -1267.5000 94.2970
v 314.1640 -1267.5000 94.2178
v 313.9090 -1267.5000 94.1373
v 313.6699 -1267.5000 94.0559
v 313.4469 -1267.5000 93.9737
v 313.2403 -1267.5000 93.8911
v 313.0504 -1267.5000 93.8083
v 312.8773 -1267.5000 93.7255
v 312.7212 -1267.5000 93.6429
v 312.5824 -1267.5000 93.5608
v 312.4608 -1267.5000 93.4794
v 312.3567 -1267.5000 93.3988
v 312.2701 -1267.5000 93.3192
v 312.2012 -1267.5000 93.2408
v 312.1499 -1267.5000 93.1635
v 312.1163 -1267.5000 93.0877
v 312.1004 -1267.5000 93.0132
v 312.1022 -1267.5000 92.9403
v 312.1215 -1267.5000 92.8699
v 312.1580 -1267.5000 92.8031
v 312.2118 -1267.5000 92.7400
v 312.2826 -1267.5000 92.6806
v 312.3705 -1267.5000 92.6249
v 312.4751 -1267.5000 92.5728
v 312.5965 -1267.5000 92.5244
v 312.7344 -1267.5000 92.4797
v 312.8886 -1267.5000 92.4385
v 313.0588 -1267.5000 92.4010
v 313.2449 -1267.5000 92.3671
v 313.4467 -1267.5000 92.3367
v 313.6637 -1267.5000 92.3097
v 313.8958 -1267.5000 92.2863
v 314.1427 -1267.5000 92.2662
v 314.4040 -1267.5000 92.2495
v 314.6794 -1267.5000 92.2360
v 314.9686 -1267.5000 92.2256
v 315.2712 -1267.5000 92.2183
v 315.5869 -1267.5000 92.2140
v 315.9152 -1267.5000 92.2126
v 316.2559 -1267.5000 92.2138
v 316.6084 -1267.5000 92.2177
v 316.9724 -1267.5000 92.2240
v 317.3474 -1267.5000 92.2326
v 317.7331 -1267.5000 92.2434
v 318.1290 -1267.5000 92.2561
v 318.5347 -1267.5000 92.2707
v 318.9496 -1267.5000 92.2869
v 319.3734 -1267.5000 92.3045
v 319.8055 -1267.5000 92.3234
v 320.2454 -1267.5000 92.3434
v 320.6928 -1267.5000 92.3642
v 321.1470 -1267.5000 92.3857
v 321.6077 -1267.5000 92.4077
v 322.0741 -1267.5000 92.4299
v 322.5460 -1267.5000 92.4523
v 323.0226 -1267.5000 92.4746
v 323.5035 -1267.5000 92.4966
v 323.9882 -1267.5000 92.5182
v 324.4781 -1267.5000 92.5394
v 324.9721 -1267.5000 92.5611
v 325.4680 -1267.5000 92.5832
v 325.9653 -1267.5000 92.6055
v 326.4633 -1267.5000 92.6281
v 326.9616 -1267.5000 92.6507
v 327.4594 -1267.5000 92.6733
v 327.9562 -1267.5000 92.6957
v 328.4514 -1267.5000 92.7179
v 328.9443 -1267.5000 92.7397
v 329.4345 -1267.5000 92.7612
v 329.9214 -1267.5000 92.7822
v 330.4042 -1267.5000 92.8027
v 330.8825 -1267.5000 92.8226
v 331.3556 -1267.5000 92.8419
v 331.8230 -1267.5000 92.8605
v 332.2841 -1267.5000 92.8785
v 332.7383 -1267.5000 92.8958
v 333.1851 -1267.5000 92.9124
v 333.6240 -1267.5000 92.9282
v 334.0543 -1267.5000 92.9434
v 334.4756 -1267.5000 92.9578
v 334.8873 -1267.5000 92.9716
v 335.2889 -1267.5000 92.9846
v 335.6800 -1267.5000 92.9970
v 336.0599 -1267.5000 93.0087
v 336.4283 -1267.5000 93.0198
v 336.7847 -1267.5000 93.0302
v 337.1286 -1267.5000 93.0401
v 337.4596 -1267.5000 93.0493
v 337.7772 -1267.5000 93.0580
v 338.0811 -1267.5000 93.0661
v 338.3710 -1267.5000 93.0737
v 338.6463 -1267.5000 93.0808
v 338.9067 -1267.5000 93.0874
v 339.1520 -1267.5000 93.0935
v 339.3818 -1267.5000 93.0992
v 339.5958 -1267.5000 93.1044
v 339.7937 -1267.5000 93.1091
v 339.9753 -1267.5000 93.1134
v 340.1403 -1267.5000 93.1173
v 340.2885 -1267.5000 93.1208
v 340.4198 -1267.5000 93.1238
v 340.5339 -1267.5000 93.1264
v 340.6307 -1267.5000 93.1286
v 340.7101 -1267.5000 93.1304
v 340.7719 -1267.5000 93.1319
v 340.8162 -1267.5000 93.1329
v 340.8427 -1267.5000 93.1335
v 340.8516 -1267.5000 93.1337
v 391.3664 -0.0000 39.2925
v 326.5525 -1267.5000 93.4682
v 0.0000 11.2500 7.5000
v 0.0000 11.0833 10.7002
v 0.0000 10.5853 12.8735
v 0.0000 9.7610 14.6581
v 0.0000 8.6173 16.1173
v 0.0000 7.1581 17.2610
v 0.0000 5.3735 18.0853
v 0.0000 3.2002 18.5833
v 0.0000 0.0000 18.7500
v 0.0000 -3.2002 18.5833
v 0.0000 -5.3735 18.0853
v 0.0000 -7.1581 17.2610
v 0.0000 -8.6173 16.1173
v 0.0000 -9.7610 14.6581
v 0.0000 -10.5853 12.8735
v 0.0000 -11.0833 10.7002
v 0.0000 -11.2500 7.5000
v 0.0000 -11.0833 4.2998
v 0.0000 -10.5853 2.1265
v 0.0000 -9.7610 0.3419
v 0.0000 -8.6173 -1.1173
v 0.0000 -7.1581 -2.2610
v 0.0000 -5.3735 -3.0853
v 0.0000 -3.2002 -3.5833
v 0.0000 -0.0000 -3.7500
v 0.0000 3.2002 -3.5833
v 0.0000 5.3735 -3.0853
v 0.0000 7.1581 -2.2610
v 0.0000 8.6173 -1.1173
v 0.0000 9.7610 0.3419
v 0.0000 10.5853 2.1265
v 0.0000 11.0833 4.2998
v 37.5000 32.5000 0.0000
v 37.5000 32.0186 9.9562
v 37.5000 30.5797 16.7177
v 37.5000 28.1985 22.2697
v 37.5000 24.8945 26.8094
v 37.5000 20.6790 30.3677
v 37.5000 15.5235 32.9320
v 37.5000 9.2451 34.4815
v 37.5000 0.0000 35.0000
v 37.5000 -9.2451 34.4815
v 37.5000 -15.5235 32.9320
v 37.5000 -20.6790 30.3677
v 37.5000 -24.8945 26.8094
v 37.5000 -28.1985 22.2697
v 37.5000 -30.5797 16.7177
v 37.5000 -32.0186 9.9562
v 37.5000 -32.5000 0.0000
v 37.5000 -32.0186 -9.9562
v 37.5000 -30.5797 -16.7177
v 37.5000 -28.1985 -22.2697
v 37.5000 -24.8945 -26.8094
v 37.5000 -20.6790 -30.3677
v 37.5000 -15.5235 -32.9320
v 37.5000 -9.2451 -34.4815
v 37.5000 -0.0000 -35.0000
v 37.5000 9.2451 -34.4815
v 37.5000 15.5235 -32.9320
v 37.5000 20.6790 -30.3677
v 37.5000 24.8945 -26.8094
v 37.5000 28.1985 -22.2697
v 37.5000 30.5797 -16.7177
v 37.5000 32.0186 -9.9562
v 81.2500 42.5000 -1.2500
v 81.2500 41.8704 12.2620
v 81.2500 39.9889 21.4383
v 81.2500 36.8750 28.9731
v 81.2500 32.5543 35.1342
v 81.2500 27.0417 39.9633
v 81.2500 20.3000 43.4434
v 81.2500 12.0897 45.5464
v 81.2500 0.0000 46.2500
v 81.2500 -12.0897 45.5464
v 81.2500 -20.3000 43.4434
v 81.2500 -27.0417 39.9633
v 81.2500 -32.5543 35.1342
v 81.2500 -36.8750 28.9731
v 81.2500 -39.9889 21.4383
v 81.2500 -41.8704 12.2620
v 81.2500 -42.5000 -1.2500
v 81.2500 -41.8704 -14.7620
v 81.2500 -39.9889 -23.9383
v 81.2500 -36.8750 -31.4731
v 81.2500 -32.5543 -37.6342
v 81.2500 -27.0417 -42.4633
v 81.2500 -20.3000 -45.9434
v 81.2500 -12.0897 -48.0464
v 81.2500 -0.0000 -48.7500
v 81.2500 12.0897 -48.0464
v 81.2500 20.3000 -45.9434
v 81.2500 27.0417 -42.4633
v 81.2500 32.5543 -37.6342
v 81.2500 36.8750 -31.4731
v 81.2500 39.9889 -23.9383
v 81.2500 41.8704 -14.7620
v 150.0000 48.7500 -2.5000
v 150.0000 48.0278 13.8567
v 150.0000 45.8696 24.9647
v 150.0000 42.2978 34.0859
v 150.0000 37.3417 41.5440
v 150.0000 31.0184 47.3897
v 150.0000 23.2853 51.6026
v 150.0000 13.8676 54.1482
v 150.0000 0.0000 55.0000
v 150.0000 -13.8676 54.1482
v 150.0000 -23.2853 51.6026
v 150.0000 -31.0184 47.3897
v 150.0000 -37.3417 41.5440
v 150.0000 -42.2978 34.0859
v 150.0000 -45.8696 24.9647
v 150.0000 -48.0278 13.8567
v 150.0000 -48.7500 -2.5000
v 150.0000 -48.0278 -18.8567
v 150.0000 -45.8696 -29.9647
v 150.0000 -42.2978 -39.0859
v 150.0000 -37.3417 -46.5440
v 150.0000 -31.0184 -52.3897
v 150.0000 -23.2853 -56.6026
v 150.0000 -13.8676 -59.1482
v 150.0000 -0.0000 -60.0000
v 150.0000 13.8676 -59.1482
v 150.0000 23.2853 -56.6026
v 150.0000 31.0184 -52.3897
v 150.0000 37.3417 -46.5440
v 150.0000 42.2978 -39.0859
v 150.0000 45.8696 -29.9647
v 150.0000 48.0278 -18.8567
v 250.0000 50.0000 -2.5000
v 250.0000 49.2593 14.5678
v 250.0000 47.0457 26.1588
v 250.0000 43.3824 35.6765
v 250.0000 38.2992 43.4590
v 250.0000 31.8138 49.5589
v 250.0000 23.8824 53.9549
v 250.0000 14.2232 56.6112
v 250.0000 0.0000 57.5000
v 250.0000 -14.2232 56.6112
v 250.0000 -23.8824 53.9549
v 250.0000 -31.8138 49.5589
v 250.0000 -38.2992 43.4590
v 250.0000 -43.3824 35.6765
v 250.0000 -47.0457 26.1588
v 250.0000 -49.2593 14.5678
v 250.0000 -50.0000 -2.5000
v 250.0000 -49.2593 -19.5678
v 250.0000 -47.0457 -31.1588
v 250.0000 -43.3824 -40.6765
v 250.0000 -38.2992 -48.4590
v 250.0000 -31.8138 -54.5589
v 250.0000 -23.8824 -58.9549
v 250.0000 -14.2232 -61.6112
v 250.0000 -0.0000 -62.5000
v 250.0000 14.2232 -61.6112
v 250.0000 23.8824 -58.9549
v 250.0000 31.8138 -54.5589
v 250.0000 38.2992 -48.4590
v 250.0000 43.3824 -40.6765
v 250.0000 47.0457 -31.1588
v 250.0000 49.2593 -19.5678
v 375.0000 47.5000 -1.2500
v 375.0000 46.7964 14.7511
v 375.0000 44.6934 25.6177
v 375.0000 41.2133 34.5405
v 375.0000 36.3842 41.8366
v 375.0000 30.2231 47.5552
v 375.0000 22.6883 51.6765
v 375.0000 13.5120 54.1667
v 375.0000 0.0000 55.0000
v 375.0000 -13.5120 54.1667
v 375.0000 -22.6883 51.6765
v 375.0000 -30.2231 47.5552
v 375.0000 -36.3842 41.8366
v 375.0000 -41.2133 34.5405
v 375.0000 -44.6934 25.6177
v 375.0000 -46.7964 14.7511
v 375.0000 -47.5000 -1.2500
v 375.0000 -46.7964 -17.2511
v 375.0000 -44.6934 -28.1177
v 375.0000 -41.2133 -37.0405
v 375.0000 -36.3842 -44.3366
v 375.0000 -30.2231 -50.0552
v 375.0000 -22.6883 -54.1765
v 375.0000 -13.5120 -56.6667
v 375.0000 -0.0000 -57.5000
v 375.0000 13.5120 -56.6667
v 375.0000 22.6883 -54.1765
v 375.0000 30.2231 -50.0552
v 375.0000 36.3842 -44.3366
v 375.0000 41.2133 -37.0405
v 375.0000 44.6934 -28.1177
v 375.0000 46.7964 -17.2511
v 475.0000 41.2500 1.2500
v 475.0000 40.6389 15.4732
v 475.0000 38.8127 25.1324
v 475.0000 35.7905 33.0638
v 475.0000 31.5968 39.5492
v 475.0000 26.2464 44.6324
v 475.0000 19.7030 48.2957
v 475.0000 11.7341 50.5093
v 475.0000 0.0000 51.2500
v 475.0000 -11.7341 50.5093
v 475.0000 -19.7030 48.2957
v 475.0000 -26.2464 44.6324
v 475.0000 -31.5968 39.5492
v 475.0000 -35.7905 33.0638
v 475.0000 -38.8127 25.1324
v 475.0000 -40.6389 15.4732
v 475.0000 -41.2500 1.2500
v 475.0000 -40.6389 -12.9732
v 475.0000 -38.8127 -22.6324
v 475.0000 -35.7905 -30.5638
v 475.0000 -31.5968 -37.0492
v 475.0000 -26.2464 -42.1324
v 475.0000 -19.7030 -45.7957
v 475.0000 -11.7341 -48.0093
v 475.0000 -0.0000 -48.7500
v 475.0000 11.7341 -48.0093
v 475.0000 19.7030 -45.7957
v 475.0000 26.2464 -42.1324
v 475.0000 31.5968 -37.0492
v 475.0000 35.7905 -30.5638
v 475.0000 38.8127 -22.6324
v 475.0000 40.6389 -12.9732
v 587.5000 33.7500 3.7500
v 587.5000 33.2500 15.4841
v 587.5000 31.7559 23.4530
v 587.5000 29.2831 29.9964
v 587.5000 25.8519 35.3468
v 587.5000 21.4743 39.5405
v 587.5000 16.1206 42.5627
v 587.5000 9.6007 44.3889
v 587.5000 0.0000 45.0000
v 587.5000 -9.6007 44.3889
v 587.5000 -16.1206 42.5627
v 587.5000 -21.4743 39.5405
v 587.5000 -25.8519 35.3468
v 587.5000 -29.2831 29.9964
v 587.5000 -31.7559 23.4530
v 587.5000 -33.2500 15.4841
v 587.5000 -33.7500 3.7500
v 587.5000 -33.2500 -7.9841
v 587.5000 -31.7559 -15.9530
v 587.5000 -29.2831 -22.4964
v 587.5000 -25.8519 -27.8468
v 587.5000 -21.4743 -32.0405
v 587.5000 -16.1206 -35.0627
v 587.5000 -9.6007 -36.8889
v 587.5000 -0.0000 -37.5000
v 587.5000 9.6007 -36.8889
v 587.5000 16.1206 -35.0627
v 587.5000 21.4743 -32.0405
v 587.5000 25.8519 -27.8468
v 587.5000 29.2831 -22.4964
v 587.5000 31.7559 -15.9530
v 587.5000 33.2500 -7.9841
v 700.0000 25.0000 6.2500
v 700.0000 24.6297 14.4283
v 700.0000 23.5229 19.9824
v 700.0000 21.6912 24.5429
v 700.0000 19.1496 28.2720
v 700.0000 15.9069 31.1949
v 700.0000 11.9412 33.3013
v 700.0000 7.1116 34.5741
v 700.0000 0.0000 35.0000
v 700.0000 -7.1116 34.5741
v 700.0000 -11.9412 33.3013
v 700.0000 -15.9069 31.1949
v 700.0000 -19.1496 28.2720
v 700.0000 -21.6912 24.5429
v 700.0000 -23.5229 19.9824
v 700.0000 -24.6297 14.4283
v 700.0000 -25.0000 6.2500
v 700.0000 -24.6297 -1.9283
v 700.0000 -23.5229 -7.4824
v 700.0000 -21.6912 -12.0429
v 700.0000 -19.1496 -15.7720
v 700.0000 -15.9069 -18.6949
v 700.0000 -11.9412 -20.8013
v 700.0000 -7.1116 -22.0741
v 700.0000 -0.0000 -22.5000
v 700.0000 7.1116 -22.0741
v 700.0000 11.9412 -20.8013
v 700.0000 15.9069 -18.6949
v 700.0000 19.1496 -15.7720
v 700.0000 21.6912 -12.0429
v 700.0000 23.5229 -7.4824
v 700.0000 24.6297 -1.9283
v 800.0000 18.7500 7.5000
v 800.0000 18.4722 13.1893
v 800.0000 17.6422 17.0529
v 800.0000 16.2684 20.2255
v 800.0000 14.3622 22.8197
v 800.0000 11.9302 24.8530
v 800.0000 8.9559 26.3183
v 800.0000 5.3337 27.2037
v 800.0000 0.0000 27.5000
v 800.0000 -5.3337 27.2037
v 800.0000 -8.9559 26.3183
v 800.0000 -11.9302 24.8530
v 800.0000 -14.3622 22.8197
v 800.0000 -16.2684 20.2255
v 800.0000 -17.6422 17.0529
v 800.0000 -18.4722 13.1893
v 800.0000 -18.7500 7.5000
v 800.0000 -18.4722 1.8107
v 800.0000 -17.6422 -2.0529
v 800.0000 -16.2684 -5.2255
v 800.0000 -14.3622 -7.8197
v 800.0000 -11.9302 -9.8530
v 800.0000 -8.9559 -11.3183
v 800.0000 -5.3337 -12.2037
v 800.0000 -0.0000 -12.5000
v 800.0000 5.3337 -12.2037
v 800.0000 8.9559 -11.3183
v 800.0000 11.9302 -9.8530
v 800.0000 14.3622 -7.8197
v 800.0000 16.2684 -5.2255
v 800.0000 17.6422 -2.0529
v 800.0000 18.4722 1.8107
v 1025.0000 15.0000 8.7500
v 1025.0000 14.7778 13.0170
v 1025.0000 14.1137 15.9147
v 1025.0000 13.0147 18.2941
v 1025.0000 11.4897 20.2397
v 1025.0000 9.5441 21.7647
v 1025.0000 7.1647 22.8637
v 1025.0000 4.2670 23.5278
v 1025.0000 0.0000 23.7500
v 1025.0000 -4.2670 23.5278
v 1025.0000 -7.1647 22.8637
v 1025.0000 -9.5441 21.7647
v 1025.0000 -11.4897 20.2397
v 1025.0000 -13.0147 18.2941
v 1025.0000 -14.1137 15.9147
v 1025.0000 -14.7778 13.0170
v 1025.0000 -15.0000 8.7500
v 1025.0000 -14.7778 4.4830
v 1025.0000 -14.1137 1.5853
v 1025.0000 -13.0147 -0.7941
v 1025.0000 -11.4897 -2.7397
v 1025.0000 -9.5441 -4.2647
v 1025.0000 -7.1647 -5.3637
v 1025.0000 -4.2670 -6.0278
v 1025.0000 -0.0000 -6.2500
v 1025.0000 4.2670 -6.0278
v 1025.0000 7.1647 -5.3637
v 1025.0000 9.5441 -4.2647
v 1025.0000 11.4897 -2.7397
v 1025.0000 13.0147 -0.7941
v 1025.0000 14.1137 1.5853
v 1025.0000 14.7778 4.4830
v 1250.0000 12.5000 10.0000
v 1250.0000 12.3148 13.5558
v 1250.0000 11.7614 15.9706
v 1250.0000 10.8456 17.9534
v 1250.0000 9.5748 19.5748
v 1250.0000 7.9534 20.8456
v 1250.0000 5.9706 21.7614
v 1250.0000 3.5558 22.3148
v 1250.0000 0.0000 22.5000
v 1250.0000 -3.5558 22.3148
v 1250.0000 -5.9706 21.7614
v 1250.0000 -7.9534 20.8456
v 1250.0000 -9.5748 19.5748
v 1250.0000 -10.8456 17.9534
v 1250.0000 -11.7614 15.9706
v 1250.0000 -12.3148 13.5558
v 1250.0000 -12.5000 10.0000
v 1250.0000 -12.3148 6.4442
v 1250.0000 -11.7614 4.0294
v 1250.0000 -10.8456 2.0466
v 1250.0000 -9.5748 0.4252
v 1250.0000 -7.9534 -0.8456
v 1250.0000 -5.9706 -1.7614
v 1250.0000 -3.5558 -2.3148
v 1250.0000 -0.0000 -2.5000
v 1250.0000 3.5558 -2.3148
v 1250.0000 5.9706 -1.7614
v 1250.0000 7.9534 -0.8456
v 1250.0000 9.5748 0.4252
v 1250.0000 10.8456 2.0466
v 1250.0000 11.7614 4.0294
v 1250.0000 12.3148 6.4442
v 1400.0000 10.6250 10.0000
v 1400.0000 10.4676 13.0224
v 1400.0000 9.9972 15.0750
v 1400.0000 9.2188 16.7604
v 1400.0000 8.1386 18.1386
v 1400.0000 6.7604 19.2188
v 1400.0000 5.0750 19.9972
v 1400.0000 3.0224 20.4676
v 1400.0000 0.0000 20.6250
v 1400.0000 -3.0224 20.4676
v 1400.0000 -5.0750 19.9972
v 1400.0000 -6.7604 19.2188
v 1400.0000 -8.1386 18.1386
v 1400.0000 -9.2188 16.7604
v 1400.0000 -9.9972 15.0750
v 1400.0000 -10.4676 13.0224
v 1400.0000 -10.6250 10.0000
v 1400.0000 -10.4676 6.9776
v 1400.0000 -9.9972 4.9250
v 1400.0000 -9.2188 3.2396
v 1400.0000 -8.1386 1.8614
v 1400.0000 -6.7604 0.7812
v 1400.0000 -5.0750 0.0028
v 1400.0000 -3.0224 -0.4676
v 1400.0000 -0.0000 -0.6250
v 1400.0000 3.0224 -0.4676
v 1400.0000 5.0750 0.0028
v 1400.0000 6.7604 0.7812
v 1400.0000 8.1386 1.8614
v 1400.0000 9.2188 3.2396
v 1400.0000 9.9972 4.9250
v 1400.0000 10.4676 6.9776
v 0.0000 -0.0000 7.5000
v 1400.0000 -0.0000 10.0000
v 4.2750 0.0000 -42.5000
v 4.2750 0.0000 -42.5000
v 4.2750 0.0000 -42.5000
v 4.2750 0.0000 -42.5000
v 4.2750 0.0000 -42.5000
v 4.2750 0.0000 -42.5000
v 4.2750 -0.0000 -42.5000
v 4.2750 -0.0000 -42.5000
v 4.2750 -0.0000 -42.5000
v 4.2750 -0.0000 -42.5000
v 4.2750 -0.0000 -42.5000
v 4.2750 -0.0000 -42.5000
v 4.2750 -0.0000 -42.5000
v 4.2750 -0.0000 -42.5000
v 4.2750 -0.0000 -42.5000
v 4.2750 -0.0000 -42.5000
v 4.2750 0.0000 -42.5000
v 4.2750 0.0000 -42.5000
v 4.2750 0.0000 -42.5000
v 4.2750 0.0000 -42.5000
v 4.9697 6.7289 -42.5000
v 4.9697 6.3995 -40.4207
v 4.9697 5.4438 -38.5449
v 4.9697 3.9551 -37.0562
v 4.9697 2.0793 -36.1005
v 4.9697 0.0000 -35.7711
v 4.9697 -2.0793 -36.1005
v 4.9697 -3.9551 -37.0562
v 4.9697 -5.4438 -38.5449
v 4.9697 -6.3995 -40.4207
v 4.9697 -6.7289 -42.5000
v 4.9697 -6.3995 -44.5793
v 4.9697 -5.4438 -46.4551
v 4.9697 -3.9551 -47.9438
v 4.9697 -2.0793 -48.8995
v 4.9697 -0.0000 -49.2289
v 4.9697 2.0793 -48.8995
v 4.9697 3.9551 -47.9438
v 4.9697 5.4438 -46.4551
v 4.9697 6.3995 -44.5793
v 7.0326 13.2533 -42.5000
v 7.0326 12.6046 -38.4045
v 7.0326 10.7221 -34.7099
v 7.0326 7.7901 -31.7779
v 7.0326 4.0955 -29.8954
v 7.0326 0.0000 -29.2467
v 7.0326 -4.0955 -29.8954
v 7.0326 -7.7901 -31.7779
v 7.0326 -10.7221 -34.7099
v 7.0326 -12.6046 -38.4045
v 7.0326 -13.2533 -42.5000
v 7.0326 -12.6046 -46.5955
v 7.0326 -10.7221 -50.2901
v 7.0326 -7.7901 -53.2221
v 7.0326 -4.0955 -55.1046
v 7.0326 -0.0000 -55.7533
v 7.0326 4.0955 -55.1046
v 7.0326 7.7901 -53.2221
v 7.0326 10.7221 -50.2901
v 7.0326 12.6046 -46.5955
v 10.4010 19.3750 -42.5000
v 10.4010 18.4267 -36.5128
v 10.4010 15.6747 -31.1117
v 10.4010 11.3883 -26.8253
v 10.4010 5.9872 -24.0733
v 10.4010 0.0000 -23.1250
v 10.4010 -5.9872 -24.0733
v 10.4010 -11.3883 -26.8253
v 10.4010 -15.6747 -31.1117
v 10.4010 -18.4267 -36.5128
v 10.4010 -19.3750 -42.5000
v 10.4010 -18.4267 -48.4872
v 10.4010 -15.6747 -53.8883
v 10.4010 -11.3883 -58.1747
v 10.4010 -5.9872 -60.9267
v 10.4010 -0.0000 -61.8750
v 10.4010 5.9872 -60.9267
v 10.4010 11.3883 -58.1747
v 10.4010 15.6747 -53.8883
v 10.4010 18.4267 -48.4872
v 14.9726 24.9080 -42.5000
v 14.9726 23.6889 -34.8030
v 14.9726 20.1510 -27.8594
v 14.9726 14.6406 -22.3490
v 14.9726 7.6970 -18.8111
v 14.9726 0.0000 -17.5920
v 14.9726 -7.6970 -18.8111
v 14.9726 -14.6406 -22.3490
v 14.9726 -20.1510 -27.8594
v 14.9726 -23.6889 -34.8030
v 14.9726 -24.9080 -42.5000
v 14.9726 -23.6889 -50.1970
v 14.9726 -20.1510 -57.1406
v 14.9726 -14.6406 -62.6510
v 14.9726 -7.6970 -66.1889
v 14.9726 -0.0000 -67.4080
v 14.9726 7.6970 -66.1889
v 14.9726 14.6406 -62.6510
v 14.9726 20.1510 -57.1406
v 14.9726 23.6889 -50.1970
v 20.6085 29.6842 -42.5000
v 20.6085 28.2314 -33.3271
v 20.6085 24.0150 -25.0521
v 20.6085 17.4479 -18.4850
v 20.6085 9.1729 -14.2686
v 20.6085 0.0000 -12.8158
v 20.6085 -9.1729 -14.2686
v 20.6085 -17.4479 -18.4850
v 20.6085 -24.0150 -25.0521
v 20.6085 -28.2314 -33.3271
v 20.6085 -29.6842 -42.5000
v 20.6085 -28.2314 -51.6729
v 20.6085 -24.0150 -59.9479
v 20.6085 -17.4479 -66.5150
v 20.6085 -9.1729 -70.7314
v 20.6085 -0.0000 -72.1842
v 20.6085 9.1729 -70.7314
v 20.6085 17.4479 -66.5150
v 20.6085 24.0150 -59.9479
v 20.6085 28.2314 -51.6729
v 27.1375 33.5585 -42.5000
v 27.1375 31.9160 -32.1299
v 27.1375 27.1494 -22.7748
v 27.1375 19.7252 -15.3506
v 27.1375 10.3701 -10.5840
v 27.1375 0.0000 -8.9415
v 27.1375 -10.3701 -10.5840
v 27.1375 -19.7252 -15.3506
v 27.1375 -27.1494 -22.7748
v 27.1375 -31.9160 -32.1299
v 27.1375 -33.5585 -42.5000
v 27.1375 -31.9160 -52.8701
v 27.1375 -27.1494 -62.2252
v 27.1375 -19.7252 -69.6494
v 27.1375 -10.3701 -74.4160
v 27.1375 -0.0000 -76.0585
v 27.1375 10.3701 -74.4160
v 27.1375 19.7252 -69.6494
v 27.1375 27.1494 -62.2252
v 27.1375 31.9160 -52.8701
v 34.3611 36.4131 -42.5000
v 34.3611 34.6309 -31.2477
v 34.3611 29.4588 -21.0969
v 34.3611 21.4031 -13.0412
v 34.3611 11.2523 -7.8691
v 34.3611 0.0000 -6.0869
v 34.3611 -11.2523 -7.8691
v 34.3611 -21.4031 -13.0412
v 34.3611 -29.4588 -21.0969
v 34.3611 -34.6309 -31.2477
v 34.3611 -36.4131 -42.5000
v 34.3611 -34.6309 -53.7523
v 34.3611 -29.4588 -63.9031
v 34.3611 -21.4031 -71.9588
v 34.3611 -11.2523 -77.1309
v 34.3611 -0.0000 -78.9131
v 34.3611 11.2523 -77.1309
v 34.3611 21.4031 -71.9588
v 34.3611 29.4588 -63.9031
v 34.3611 34.6309 -53.7523
v 42.0599 38.1613 -42.5000
v 42.0599 36.2936 -30.7075
v 42.0599 30.8731 -20.0694
v 42.0599 22.4306 -11.6269
v 42.0599 11.7925 -6.2064
v 42.0599 0.0000 -4.3387
v 42.0599 -11.7925 -6.2064
v 42.0599 -22.4306 -11.6269
v 42.0599 -30.8731 -20.0694
v 42.0599 -36.2936 -30.7075
v 42.0599 -38.1613 -42.5000
v 42.0599 -36.2936 -54.2925
v 42.0599 -30.8731 -64.9306
v 42.0599 -22.4306 -73.3731
v 42.0599 -11.7925 -78.7936
v 42.0599 -0.0000 -80.6613
v 42.0599 11.7925 -78.7936
v 42.0599 22.4306 -73.3731
v 42.0599 30.8731 -64.9306
v 42.0599 36.2936 -54.2925
v 50.0000 38.7500 -42.5000
v 50.0000 36.8534 -30.5256
v 50.0000 31.3494 -19.7233
v 50.0000 22.7767 -11.1506
v 50.0000 11.9744 -5.6466
v 50.0000 0.0000 -3.7500
v 50.0000 -11.9744 -5.6466
v 50.0000 -22.7767 -11.1506
v 50.0000 -31.3494 -19.7233
v 50.0000 -36.8534 -30.5256
v 50.0000 -38.7500 -42.5000
v 50.0000 -36.8534 -54.4744
v 50.0000 -31.3494 -65.2767
v 50.0000 -22.7767 -73.8494
v 50.0000 -11.9744 -79.3534
v 50.0000 -0.0000 -81.2500
v 50.0000 11.9744 -79.3534
v 50.0000 22.7767 -73.8494
v 50.0000 31.3494 -65.2767
v 50.0000 36.8534 -54.4744
v 57.9401 38.1613 -42.5000
v 57.9401 36.2936 -30.7075
v 57.9401 30.8731 -20.0694
v 57.9401 22.4306 -11.6269
v 57.9401 11.7925 -6.2064
v 57.9401 0.0000 -4.3387
v 57.9401 -11.7925 -6.2064
v 57.9401 -22.4306 -11.6269
v 57.9401 -30.8731 -20.0694
v 57.9401 -36.2936 -30.7075
v 57.9401 -38.1613 -42.5000
v 57.9401 -36.2936 -54.2925
v 57.9401 -30.8731 -64.9306
v 57.9401 -22.4306 -73.3731
v 57.9401 -11.7925 -78.7936
v 57.9401 -0.0000 -80.6613
v 57.9401 11.7925 -78.7936
v 57.9401 22.4306 -73.3731
v 57.9401 30.8731 -64.9306
v 57.9401 36.2936 -54.2925
v 65.6389 36.4131 -42.5000
v 65.6389 34.6309 -31.2477
v 65.6389 29.4588 -21.0969
v 65.6389 21.4031 -13.0412
v 65.6389 11.2523 -7.8691
v 65.6389 0.0000 -6.0869
v 65.6389 -11.2523 -7.8691
v 65.6389 -21.4031 -13.0412
v 65.6389 -29.4588 -21.0969
v 65.6389 -34.6309 -31.2477
v 65.6389 -36.4131 -42.5000
v 65.6389 -34.6309 -53.7523
v 65.6389 -29.4588 -63.9031
v 65.6389 -21.4031 -71.9588
v 65.6389 -11.2523 -77.1309
v 65.6389 -0.0000 -78.9131
v 65.6389 11.2523 -77.1309
v 65.6389 21.4031 -71.9588
v 65.6389 29.4588 -63.9031
v 65.6389 34.6309 -53.7523
v 72.8625 33.5585 -42.5000
v 72.8625 31.9160 -32.1299
v 72.8625 27.1494 -22.7748
v 72.8625 19.7252 -15.3506
v 72.8625 10.3701 -10.5840
v 72.8625 0.0000 -8.9415
v 72.8625 -10.3701 -10.5840
v 72.8625 -19.7252 -15.3506
v 72.8625 -27.1494 -22.7748
v 72.8625 -31.9160 -32.1299
v 72.8625 -33.5585 -42.5000
v 72.8625 -31.9160 -52.8701
v 72.8625 -27.1494 -62.2252
v 72.8625 -19.7252 -69.6494
v 72.8625 -10.3701 -74.4160
v 72.8625 -0.0000 -76.0585
v 72.8625 10.3701 -74.4160
v 72.8625 19.7252 -69.6494
v 72.8625 27.1494 -62.2252
v 72.8625 31.9160 -52.8701
v 79.3915 29.6842 -42.5000
v 79.3915 28.2314 -33.3271
v 79.3915 24.0150 -25.0521
v 79.3915 17.4479 -18.4850
v 79.3915 9.1729 -14.2686
v 79.3915 0.0000 -12.8158
v 79.3915 -9.1729 -14.2686
v 79.3915 -17.4479 -18.4850
v 79.3915 -24.0150 -25.0521
v 79.3915 -28.2314 -33.3271
v 79.3915 -29.6842 -42.5000
v 79.3915 -28.2314 -51.6729
v 79.3915 -24.0150 -59.9479
v 79.3915 -17.4479 -66.5150
v 79.3915 -9.1729 -70.7314
v 79.3915 -0.0000 -72.1842
v 79.3915 9.1729 -70.7314
v 79.3915 17.4479 -66.5150
v 79.3915 24.0150 -59.9479
v 79.3915 28.2314 -51.6729
v 85.0274 24.9080 -42.5000
v 85.0274 23.6889 -34.8030
v 85.0274 20.1510 -27.8594
v 85.0274 14.6406 -22.3490
v 85.0274 7.6970 -18.8111
v 85.0274 0.0000 -17.5920
v 85.0274 -7.6970 -18.8111
v 85.0274 -14.6406 -22.3490
v 85.0274 -20.1510 -27.8594
v 85.0274 -23.6889 -34.8030
v 85.0274 -24.9080 -42.5000
v 85.0274 -23.6889 -50.1970
v 85.0274 -20.1510 -57.1406
v 85.0274 -14.6406 -62.6510
v 85.0274 -7.6970 -66.1889
v 85.0274 -0.0000 -67.4080
v 85.0274 7.6970 -66.1889
v 85.0274 14.6406 -62.6510
v 85.0274 20.1510 -57.1406
v 85.0274 23.6889 -50.1970
v 89.5990 19.3750 -42.5000
v 89.5990 18.4267 -36.5128
v 89.5990 15.6747 -31.1117
v 89.5990 11.3883 -26.8253
v 89.5990 5.9872 -24.0733
v 89.5990 0.0000 -23.1250
v 89.5990 -5.9872 -24.0733
v 89.5990 -11.3883 -26.8253
v 89.5990 -15.6747 -31.1117
v 89.5990 -18.4267 -36.5128
v 89.5990 -19.3750 -42.5000
v 89.5990 -18.4267 -48.4872
v 89.5990 -15.6747 -53.8883
v 89.5990 -11.3883 -58.1747
v 89.5990 -5.9872 -60.9267
v 89.5990 -0.0000 -61.8750
v 89.5990 5.9872 -60.9267
v 89.5990 11.3883 -58.1747
v 89.5990 15.6747 -53.8883
v 89.5990 18.4267 -48.4872
v 92.9674 13.2533 -42.5000
v 92.9674 12.6046 -38.4045
v 92.9674 10.7221 -34.7099
v 92.9674 7.7901 -31.7779
v 92.9674 4.0955 -29.8954
v 92.9674 0.0000 -29.2467
v 92.9674 -4.0955 -29.8954
v 92.9674 -7.7901 -31.7779
v 92.9674 -10.7221 -34.7099
v 92.9674 -12.6046 -38.4045
v 92.9674 -13.2533 -42.5000
v 92.9674 -12.6046 -46.5955
v 92.9674 -10.7221 -50.2901
v 92.9674 -7.7901 -53.2221
v 92.9674 -4.0955 -55.1046
v 92.9674 -0.0000 -55.7533
v 92.9674 4.0955 -55.1046
v 92.9674 7.7901 -53.2221
v 92.9674 10.7221 -50.2901
v 92.9674 12.6046 -46.5955
v 95.0303 6.7289 -42.5000
v 95.0303 6.3995 -40.4207
v 95.0303 5.4438 -38.5449
v 95.0303 3.9551 -37.0562
v 95.0303 2.0793 -36.1005
v 95.0303 0.0000 -35.7711
v 95.0303 -2.0793 -36.1005
v 95.0303 -3.9551 -37.0562
v 95.0303 -5.4438 -38.5449
v 95.0303 -6.3995 -40.4207
v 95.0303 -6.7289 -42.5000
v 95.0303 -6.3995 -44.5793
v 95.0303 -5.4438 -46.4551
v 95.0303 -3.9551 -47.9438
v 95.0303 -2.0793 -48.8995
v 95.0303 -0.0000 -49.2289
v 95.0303 2.0793 -48.8995
v 95.0303 3.9551 -47.9438
v 95.0303 5.4438 -46.4551
v 95.0303 6.3995 -44.5793
v 95.7250 0.0000 -42.5000
v 95.7250 0.0000 -42.5000
v 95.7250 0.0000 -42.5000
v 95.7250 0.0000 -42.5000
v 95.7250 0.0000 -42.5000
v 95.7250 0.0000 -42.5000
v 95.7250 -0.0000 -42.5000
v 95.7250 -0.0000 -42.5000
v 95.7250 -0.0000 -42.5000
v 95.7250 -0.0000 -42.5000
v 95.7250 -0.0000 -42.5000
v 95.7250 -0.0000 -42.5000
v 95.7250 -0.0000 -42.5000
v 95.7250 -0.0000 -42.5000
v 95.7250 -0.0000 -42.5000
v 95.7250 -0.0000 -42.5000
v 95.7250 0.0000 -42.5000
v 95.7250 0.0000 -42.5000
v 95.7250 0.0000 -42.5000
v 95.7250 0.0000 -42.5000
v 4.2750 0.0000 -42.5000
v 95.7250 -0.0000 -42.5000
v 1487.4708 -1.7334 14.7187
v 1487.2574 -1.7446 14.7330
v 1486.6179 -1.7781 14.7759
v 1485.5556 -1.8333 14.8465
v 1484.0757 -1.9092 14.9437
v 1482.1855 -2.0048 15.0661
v 1479.8940 -2.1186 15.2117
v 1477.2126 -2.2488 15.3784
v 1474.1543 -2.3937 15.5638
v 1470.7341 -2.5511 15.7653
v 1466.9687 -2.7192 15.9804
v 1462.8764 -2.8956 16.2063
v 1458.4772 -3.0784 16.4402
v 1453.7927 -3.2654 16.6795
v 1448.8456 -3.4543 16.9213
v 1443.6600 -3.6431 17.1629
v 1438.2614 -3.8295 17.4015
v 1432.6760 -4.0113 17.6342
v 1426.9311 -4.1862 17.8581
v 1421.0547 -4.3519 18.0701
v 1415.0754 -4.5057 18.2671
v 1409.0226 -4.6452 18.4456
v 1402.9257 -4.7677 18.6024
v 1396.8144 -4.8705 18.7339
v 1390.7187 -4.9507 18.8366
v 1384.6682 -5.0057 18.9070
v 1378.6926 -5.0329 18.9419
v 1372.8210 -5.0299 18.9380
v 1367.0820 -4.9945 18.8927
v 1361.5037 -4.9250 18.8037
v 1356.1133 -4.8199 18.6692
v 1350.9372 -4.6784 18.4881
v 1346.0005 -4.5002 18.2600
v 1341.3273 -4.2855 17.9852
v 1336.9404 -4.0350 17.6646
v 1332.8612 -3.7502 17.3001
v 1329.1096 -3.4329 16.8939
v 1325.7037 -3.0852 16.4489
v 1322.6602 -2.7098 15.9684
v 1319.9938 -2.3094 15.4559
v 1317.7175 -1.8868 14.9150
v 1315.8425 -1.4449 14.3494
v 1314.3778 -0.9862 13.7622
v 1313.3305 -0.5129 13.1565
v 1312.7057 -0.0270 12.5346
v 1312.5067 0.4701 11.8983
v 1312.7338 0.9626 11.2679
v 1313.3857 1.4348 10.6636
v 1314.4592 1.8853 10.0870
v 1315.9490 2.3122 9.5405
v 1317.8480 2.7136 9.0267
v 1320.1468 3.0870 8.5488
v 1322.8342 3.4299 8.1100
v 1325.8972 3.7396 7.7135
v 1329.3207 4.0139 7.3624
v 1333.0881 4.2505 7.0596
v 1337.1809 4.4475 6.8075
v 1341.5793 4.6035 6.6078
v 1346.2618 4.7177 6.4616
v 1351.2056 4.7897 6.3694
v 1356.3867 4.8199 6.3308
v 1361.7797 4.8091 6.3446
v 1367.3585 4.7588 6.4091
v 1373.0960 4.6708 6.5216
v 1378.9642 4.5477 6.6793
v 1384.9347 4.3921 6.8784
v 1390.9783 4.2071 7.1152
v 1397.0658 3.9959 7.3855
v 1403.1675 3.7619 7.6849
v 1409.2538 3.5085 8.0093
v 1415.2950 3.2390 8.3542
v 1421.2619 2.9568 8.7155
v 1427.1253 2.6650 9.0890
v 1432.8568 2.3667 9.4707
v 1438.4285 2.0650 9.8569
v 1443.8133 1.7627 10.2438
v 1448.9850 1.4626 10.6279
v 1453.9184 1.1675 11.0056
v 1458.5895 0.8801 11.3736
v 1462.9756 0.6029 11.7284
v 1467.0554 0.3386 12.0666
v 1470.8090 0.0897 12.3851
v 1474.2182 -0.1411 12.6806
v 1477.2664 -0.3516 12.9500
v 1479.9388 -0.5393 13.1903
v 1482.2224 -0.7023 13.3989
v 1484.1061 -0.8384 13.5731
v 1485.5808 -0.9462 13.7110
v 1486.6393 -1.0241 13.8108
v 1487.2764 -1.0713 13.8712
v 1487.4892 -1.0871 13.8914
v 1487.0286 35.2742 43.4887
v 1486.8237 35.2635 43.5024
v 1486.2100 35.2313 43.5436
v 1485.1904 35.1784 43.6113
v 1483.7699 35.1055 43.7047
v 1481.9556 35.0137 43.8221
v 1479.7562 34.9045 43.9619
v 1477.1825 34.7795 44.1218
v 1474.2471 34.6405 44.2998
v 1470.9643 34.4894 44.4932
v 1467.3502 34.3281 44.6997
v 1463.4223 34.1587 44.9165
v 1459.1999 33.9833 45.1410
v 1454.7036 33.8038 45.3707
v 1449.9552 33.6225 45.6028
v 1444.9781 33.4413 45.8347
v 1439.7963 33.2624 46.0637
v 1434.4354 33.0879 46.2871
v 1428.9213 32.9200 46.5020
v 1423.2810 32.7610 46.7055
v 1417.5420 32.6133 46.8945
v 1411.7323 32.4794 47.0659
v 1405.8803 32.3618 47.2164
v 1400.0146 32.2632 47.3426
v 1394.1638 32.1862 47.4411
v 1388.3564 32.1334 47.5087
v 1382.6209 32.1073 47.5422
v 1376.9852 32.1102 47.5385
v 1371.4768 32.1441 47.4950
v 1366.1227 32.2109 47.4096
v 1360.9489 32.3117 47.2805
v 1355.9807 32.4475 47.1067
v 1351.2423 32.6186 46.8877
v 1346.7569 32.8247 46.6239
v 1342.5463 33.0651 46.3162
v 1338.6310 33.3385 45.9663
v 1335.0301 33.6431 45.5764
v 1331.7610 33.9768 45.1493
v 1328.8398 34.3371 44.6881
v 1326.2805 34.7214 44.1963
v 1324.0958 35.1270 43.6771
v 1322.2960 35.5512 43.1342
v 1320.8902 35.9915 42.5707
v 1319.8850 36.4457 41.9893
v 1319.2853 36.9121 41.3923
v 1319.0942 37.3892 40.7816
v 1319.3123 37.8619 40.1765
v 1319.9380 38.3151 39.5965
v 1320.9683 38.7475 39.0431
v 1322.3983 39.1573 38.5185
v 1324.2209 39.5426 38.0254
v 1326.4274 39.9010 37.5667
v 1329.0069 40.2300 37.1455
v 1331.9467 40.5274 36.7649
v 1335.2327 40.7906 36.4280
v 1338.8487 41.0177 36.1374
v 1342.7771 41.2068 35.8953
v 1346.9988 41.3566 35.7036
v 1351.4932 41.4662 35.5634
v 1356.2383 41.5353 35.4749
v 1361.2112 41.5643 35.4378
v 1366.3876 41.5539 35.4511
v 1371.7422 41.5056 35.5129
v 1377.2492 41.4211 35.6210
v 1382.8816 41.3029 35.7723
v 1388.6122 41.1536 35.9634
v 1394.4130 40.9760 36.1907
v 1400.2559 40.7734 36.4501
v 1406.1125 40.5488 36.7375
v 1411.9542 40.3056 37.0489
v 1417.7527 40.0469 37.3799
v 1423.4798 39.7760 37.7267
v 1429.1077 39.4959 38.0851
v 1434.6089 39.2097 38.4516
v 1439.9568 38.9201 38.8222
v 1445.1252 38.6299 39.1936
v 1450.0890 38.3419 39.5622
v 1454.8242 38.0586 39.9248
v 1459.3076 37.7827 40.2780
v 1463.5175 37.5167 40.6185
v 1467.4334 37.2630 40.9432
v 1471.0362 37.0241 41.2489
v 1474.3084 36.8026 41.5325
v 1477.2342 36.6006 41.7911
v 1479.7992 36.4203 42.0217
v 1481.9910 36.2640 42.2219
v 1483.7991 36.1333 42.3891
v 1485.2145 36.0299 42.5215
v 1486.2305 35.9550 42.6173
v 1486.8420 35.9098 42.6752
v 1487.0462 35.8946 42.6946
v 1486.5864 72.2819 72.2587
v 1486.3901 72.2716 72.2719
v 1485.8020 72.2408 72.3112
v 1484.8251 72.1901 72.3762
v 1483.4641 72.1202 72.4656
v 1481.7257 72.0323 72.5781
v 1479.6184 71.9277 72.7120
v 1477.1525 71.8079 72.8653
v 1474.3399 71.6747 73.0358
v 1471.1946 71.5299 73.2212
v 1467.7317 71.3753 73.4190
v 1463.9683 71.2131 73.6267
v 1459.9226 71.0450 73.8418
v 1455.6145 70.8731 74.0619
v 1451.0649 70.6993 74.2843
v 1446.2961 70.5257 74.5065
v 1441.3313 70.3543 74.7259
v 1436.1947 70.1870 74.9399
v 1430.9114 70.0262 75.1458
v 1425.5072 69.8738 75.3408
v 1420.0085 69.7323 75.5219
v 1414.4420 69.6040 75.6861
v 1408.8350 69.4914 75.8303
v 1403.2148 69.3969 75.9512
v 1397.6089 69.3231 76.0457
v 1392.0447 69.2725 76.1104
v 1386.5492 69.2475 76.1425
v 1381.1494 69.2503 76.1389
v 1375.8716 69.2828 76.0973
v 1370.7416 69.3468 76.0154
v 1365.7844 69.4434 75.8917
v 1361.0242 69.5735 75.7252
v 1356.4842 69.7374 75.5154
v 1352.1865 69.9349 75.2627
v 1348.1522 70.1652 74.9679
v 1344.4008 70.4271 74.6326
v 1340.9506 70.7190 74.2590
v 1337.8184 71.0387 73.8498
v 1335.0194 71.3840 73.4079
v 1332.5673 71.7522 72.9366
v 1330.4740 72.1408 72.4392
v 1328.7496 72.5472 71.9190
v 1327.4026 72.9691 71.3791
v 1326.4394 73.4043 70.8220
v 1325.8649 73.8511 70.2501
v 1325.6818 74.3083 69.6649
v 1325.8907 74.7613 69.0852
v 1326.4902 75.1955 68.5294
v 1327.4774 75.6098 67.9992
v 1328.8476 76.0024 67.4966
v 1330.5939 76.3716 67.0241
v 1332.7080 76.7149 66.5846
v 1335.1795 77.0302 66.1810
v 1337.9963 77.3151 65.8164
v 1341.1447 77.5674 65.4935
v 1344.6094 77.7849 65.2151
v 1348.3734 77.9661 64.9832
v 1352.4183 78.1096 64.7995
v 1356.7245 78.2146 64.6651
v 1361.2711 78.2809 64.5803
v 1366.0358 78.3086 64.5448
v 1370.9954 78.2987 64.5575
v 1376.1259 78.2524 64.6168
v 1381.4024 78.1715 64.7203
v 1386.7990 78.0582 64.8653
v 1392.2897 77.9151 65.0484
v 1397.8477 77.7450 65.2662
v 1403.4460 77.5508 65.5147
v 1409.0574 77.3356 65.7901
v 1414.6546 77.1026 66.0884
v 1420.2104 76.8548 66.4056
v 1425.6978 76.5952 66.7378
v 1431.0901 76.3269 67.0813
v 1436.3610 76.0526 67.4324
v 1441.4850 75.7751 67.7875
v 1446.4370 75.4971 68.1434
v 1451.1931 75.2211 68.4966
v 1455.7301 74.9497 68.8440
v 1460.0258 74.6854 69.1824
v 1464.0595 74.4304 69.5086
v 1467.8114 74.1874 69.8197
v 1471.2634 73.9585 70.1126
v 1474.3987 73.7462 70.3844
v 1477.2019 73.5527 70.6321
v 1479.6596 73.3800 70.8531
v 1481.7597 73.2302 71.0449
v 1483.4920 73.1050 71.2052
v 1484.8482 73.0059 71.3320
v 1485.8217 72.9342 71.4237
v 1486.4076 72.8908 71.4793
v 1486.6032 72.8763 71.4979
v 1486.1442 109.2895 101.0286
v 1485.9564 109.2797 101.0413
v 1485.3940 109.2502 101.0789
v 1484.4598 109.2017 101.1410
v 1483.1583 109.1349 101.2266
v 1481.4959 109.0508 101.3342
v 1479.4806 108.9508 101.4622
v 1477.1224 108.8363 101.6088
v 1474.4327 108.7089 101.7719
v 1471.4248 108.5704 101.9491
v 1468.1132 108.4226 102.1383
v 1464.5142 108.2674 102.3369
v 1460.6453 108.1067 102.5427
v 1456.5254 107.9423 102.7531
v 1452.1746 107.7761 102.9658
v 1447.6141 107.6101 103.1782
v 1442.8662 107.4461 103.3881
v 1437.9541 107.2862 103.5928
v 1432.9016 107.1324 103.7897
v 1427.7335 106.9867 103.9761
v 1422.4750 106.8514 104.1493
v 1417.1517 106.7287 104.3064
v 1411.7897 106.6210 104.4442
v 1406.4151 106.5306 104.5599
v 1401.0541 106.4601 104.6502
v 1395.7329 106.4117 104.7121
v 1390.4776 106.3877 104.7428
v 1385.3137 106.3904 104.7394
v 1380.2665 106.4215 104.6996
v 1375.3606 106.4827 104.6213
v 1370.6199 106.5751 104.5030
v 1366.0677 106.6995 104.3437
v 1361.7260 106.8562 104.1431
v 1357.6162 107.0451 103.9014
v 1353.7581 107.2653 103.6195
v 1350.1705 107.5158 103.2989
v 1346.8711 107.7949 102.9416
v 1343.8757 108.1007 102.5503
v 1341.1990 108.4309 102.1277
v 1338.8541 108.7830 101.6770
v 1336.8522 109.1546 101.2013
v 1335.2032 109.5433 100.7039
v 1333.9150 109.9467 100.1875
v 1332.9939 110.3629 99.6548
v 1332.4445 110.7902 99.1078
v 1332.2694 111.2274 98.5482
v 1332.4692 111.6606 97.9938
v 1333.0425 112.0759 97.4623
v 1333.9866 112.4720 96.9552
v 1335.2968 112.8475 96.4746
v 1336.9669 113.2005 96.0228
v 1338.9886 113.5289 95.6025
v 1341.3521 113.8304 95.2165
v 1344.0459 114.1029 94.8678
v 1347.0568 114.3441 94.5591
v 1350.3700 114.5522 94.2928
v 1353.9696 114.7254 94.0710
v 1357.8378 114.8626 93.8954
v 1361.9559 114.9631 93.7669
v 1366.3038 115.0264 93.6858
v 1370.8603 115.0530 93.6518
v 1375.6033 115.0435 93.6640
v 1380.5097 114.9992 93.7206
v 1385.5556 114.9218 93.8196
v 1390.7165 114.8135 93.9583
v 1395.9672 114.6767 94.1334
v 1401.2824 114.5140 94.3417
v 1406.6361 114.3283 94.5793
v 1412.0024 114.1225 94.8427
v 1417.3550 113.8996 95.1280
v 1422.6681 113.6626 95.4313
v 1427.9157 113.4144 95.7490
v 1433.0724 113.1578 96.0775
v 1438.1131 112.8955 96.4132
v 1443.0132 112.6301 96.7529
v 1447.7489 112.3643 97.0932
v 1452.2972 112.1004 97.4309
v 1456.6359 111.8408 97.7631
v 1460.7440 111.5880 98.0867
v 1464.6015 111.3442 98.3988
v 1468.1895 111.1118 98.6963
v 1471.4906 110.8929 98.9764
v 1474.4889 110.6899 99.2362
v 1477.1697 110.5048 99.4732
v 1479.5200 110.3397 99.6845
v 1481.5283 110.1964 99.8679
v 1483.1850 110.0766 100.0212
v 1484.4819 109.9819 100.1424
v 1485.4128 109.9133 100.2302
v 1485.9732 109.8719 100.2833
v 1486.1603 109.8580 100.3011
v 1485.7019 146.2972 129.7986
v 1485.5228 146.2878 129.8107
v 1484.9861 146.2597 129.8466
v 1484.0945 146.2134 129.9059
v 1482.8525 146.1496 129.9875
v 1481.2660 146.0694 130.0902
v 1479.3428 145.9739 130.2124
v 1477.0923 145.8646 130.3523
v 1474.5256 145.7430 130.5079
v 1471.6550 145.6109 130.6771
v 1468.4948 145.4699 130.8576
v 1465.0602 145.3217 131.0471
v 1461.3680 145.1683 131.2435
v 1457.4363 145.0115 131.4443
v 1453.2843 144.8529 131.6472
v 1448.9322 144.6945 131.8500
v 1444.4012 144.5380 132.0503
v 1439.7134 144.3854 132.2456
v 1434.8918 144.2386 132.4335
v 1429.9598 144.0996 132.6115
v 1424.9415 143.9704 132.7767
v 1419.8614 143.8533 132.9266
v 1414.7444 143.7505 133.0582
v 1409.6153 143.6643 133.1685
v 1404.4992 143.5970 133.2547
v 1399.4212 143.5508 133.3138
v 1394.4059 143.5280 133.3431
v 1389.4779 143.5305 133.3398
v 1384.6613 143.5602 133.3018
v 1379.9795 143.6185 133.2271
v 1375.4555 143.7067 133.1143
v 1371.1112 143.8255 132.9623
v 1366.9679 143.9750 132.7708
v 1363.0458 144.1553 132.5402
v 1359.3639 144.3655 132.2711
v 1355.9403 144.6045 131.9651
v 1352.7916 144.8709 131.6242
v 1349.9331 145.1627 131.2507
v 1347.3787 145.4777 130.8475
v 1345.1408 145.8138 130.4174
v 1343.2304 146.1684 129.9634
v 1341.6567 146.5393 129.4887
v 1340.4274 146.9243 128.9959
v 1339.5484 147.3215 128.4875
v 1339.0241 147.7293 127.9656
v 1338.8570 148.1466 127.4315
v 1339.0476 148.5599 126.9024
v 1339.5948 148.9562 126.3952
v 1340.4957 149.3343 125.9113
v 1341.7461 149.6926 125.4526
v 1343.3399 150.0295 125.0215
v 1345.2692 150.3429 124.6204
v 1347.5248 150.6306 124.2521
v 1350.0955 150.8906 123.9193
v 1352.9688 151.1208 123.6246
v 1356.1307 151.3194 123.3705
v 1359.5658 151.4847 123.1589
v 1363.2573 151.6157 122.9913
v 1367.1872 151.7115 122.8686
v 1371.3365 151.7720 122.7912
v 1375.6848 151.7973 122.7588
v 1380.2111 151.7882 122.7704
v 1384.8934 151.7460 122.8245
v 1389.7088 151.6722 122.9190
v 1394.6339 151.5688 123.0513
v 1399.6448 151.4382 123.2184
v 1404.7171 151.2829 123.4171
v 1409.8263 151.1057 123.6440
v 1414.9473 150.9094 123.8953
v 1420.0555 150.6967 124.1675
v 1425.1258 150.4705 124.4570
v 1430.1337 150.2336 124.7602
v 1435.0548 149.9887 125.0737
v 1439.8652 149.7384 125.3941
v 1444.5414 149.4852 125.7182
v 1449.0608 149.2314 126.0429
v 1453.4013 148.9796 126.3653
v 1457.5418 148.7319 126.6823
v 1461.4622 148.4906 126.9911
v 1465.1434 148.2580 127.2889
v 1468.5675 148.0362 127.5728
v 1471.7179 147.8273 127.8401
v 1474.5792 147.6336 128.0881
v 1477.1375 147.4569 128.3142
v 1479.3804 147.2994 128.5159
v 1481.2970 147.1626 128.6909
v 1482.8780 147.0483 128.8372
v 1484.1156 146.9579 128.9529
v 1485.0040 146.8925 129.0367
v 1485.5388 146.8529 129.0873
v 1485.7173 146.8396 129.1043
v 1485.2597 183.3048 158.5686
v 1485.0891 183.2959 158.5801
v 1484.5781 183.2691 158.6143
v 1483.7293 183.2250 158.6707
v 1482.5467 183.1643 158.7484
v 1481.0361 183.0879 158.8462
v 1479.2050 182.9970 158.9626
v 1477.0623 182.8930 159.0958
v 1474.6184 182.7772 159.2439
v 1471.8853 182.6514 159.4050
v 1468.8763 182.5171 159.5769
v 1465.6061 182.3761 159.7574
v 1462.0907 182.2300 159.9443
v 1458.3472 182.0807 160.1355
v 1454.3940 181.9297 160.3287
v 1450.2502 181.7788 160.5218
v 1445.9361 181.6299 160.7125
v 1441.4728 181.4846 160.8985
v 1436.8820 181.3448 161.0774
v 1432.1861 181.2124 161.2468
v 1427.4080 181.0895 161.4042
v 1422.5712 180.9780 161.5469
v 1417.6991 180.8801 161.6721
v 1412.8155 180.7980 161.7772
v 1407.9444 180.7339 161.8593
v 1403.1094 180.6899 161.9156
v 1398.3342 180.6682 161.9434
v 1393.6422 180.6706 161.9403
v 1389.0561 180.6988 161.9041
v 1384.5985 180.7544 161.8330
v 1380.2910 180.8384 161.7255
v 1376.1547 180.9514 161.5808
v 1372.2097 181.0939 161.3985
v 1368.4754 181.2655 161.1789
v 1364.9698 181.4656 160.9227
v 1361.7101 181.6932 160.6314
v 1358.7121 181.9468 160.3068
v 1355.9904 182.2246 159.9512
v 1353.5583 182.5246 159.5673
v 1351.4276 182.8446 159.1577
v 1349.6086 183.1822 158.7255
v 1348.1103 183.5354 158.2735
v 1346.9398 183.9020 157.8043
v 1346.1029 184.2801 157.3203
v 1345.6037 184.6684 156.8233
v 1345.4446 185.0657 156.3149
v 1345.6261 185.4593 155.8111
v 1346.1470 185.8366 155.3281
v 1347.0048 186.1965 154.8674
v 1348.1954 186.5377 154.4307
v 1349.7129 186.8585 154.0201
v 1351.5499 187.1569 153.6382
v 1353.6974 187.4308 153.2876
v 1356.1450 187.6784 152.9707
v 1358.8808 187.8976 152.6902
v 1361.8913 188.0866 152.4482
v 1365.1620 188.2440 152.2467
v 1368.6768 188.3687 152.0871
v 1372.4186 188.4600 151.9703
v 1376.3692 188.5175 151.8967
v 1380.5094 188.5417 151.8658
v 1384.8190 188.5330 151.8768
v 1389.2771 188.4928 151.9284
v 1393.8619 188.4225 152.0183
v 1398.5513 188.3241 152.1443
v 1403.3223 188.1997 152.3034
v 1408.1518 188.0519 152.4926
v 1413.0164 187.8832 152.7086
v 1417.8923 187.6962 152.9479
v 1422.7559 187.4937 153.2071
v 1427.5835 187.2784 153.4827
v 1432.3517 187.0528 153.7714
v 1437.0372 186.8196 154.0699
v 1441.6173 186.5813 154.3749
v 1446.0696 186.3402 154.6835
v 1450.3727 186.0986 154.9927
v 1454.5054 185.8588 155.2996
v 1458.4477 185.6230 155.6015
v 1462.1804 185.3933 155.8955
v 1465.6854 185.1718 156.1790
v 1468.9456 184.9606 156.4494
v 1471.9451 184.7617 156.7039
v 1474.6694 184.5773 156.9400
v 1477.1052 184.4091 157.1553
v 1479.2408 184.2590 157.3473
v 1481.0656 184.1288 157.5139
v 1482.5709 184.0200 157.6532
v 1483.7494 183.9339 157.7634
v 1484.5952 183.8717 157.8431
v 1485.1044 183.8340 157.8914
v 1485.2744 183.8213 157.9075
v 1484.8175 220.3125 187.3386
v 1484.6555 220.3040 187.3495
v 1484.1702 220.2786 187.3820
v 1483.3640 220.2367 187.4356
v 1482.2408 220.1790 187.5094
v 1480.8062 220.1065 187.6023
v 1479.0672 220.0202 187.7128
v 1477.0322 219.9213 187.8393
v 1474.7112 219.8114 187.9800
v 1472.1155 219.6919 188.1329
v 1469.2578 219.5644 188.2961
v 1466.1520 219.4304 188.4676
v 1462.8134 219.2917 188.6451
v 1459.2582 219.1499 188.8267
v 1455.5037 219.0065 189.0102
v 1451.5682 218.8632 189.1936
v 1447.4710 218.7217 189.3747
v 1443.2321 218.5837 189.5513
v 1438.8721 218.4510 189.7212
v 1434.4124 218.3253 189.8821
v 1429.8745 218.2085 190.0316
v 1425.2809 218.1026 190.1671
v 1420.6537 218.0097 190.2861
v 1416.0157 217.9317 190.3859
v 1411.3895 217.8708 190.4638
v 1406.7976 217.8290 190.5173
v 1402.2626 217.8084 190.5437
v 1397.8064 217.8107 190.5408
v 1393.4509 217.8375 190.5064
v 1389.2174 217.8903 190.4389
v 1385.1265 217.9700 190.3368
v 1381.1982 218.0774 190.1994
v 1377.4516 218.2127 190.0262
v 1373.9050 218.3756 189.8176
v 1370.5757 218.5657 189.5744
v 1367.4798 218.7819 189.2977
v 1364.6326 219.0227 188.9894
v 1362.0478 219.2866 188.6517
v 1359.7379 219.5715 188.2870
v 1357.7144 219.8754 187.8981
v 1355.9868 220.1960 187.4876
v 1354.5638 220.5314 187.0584
v 1353.4522 220.8796 186.6127
v 1352.6574 221.2388 186.1530
v 1352.1833 221.6075 185.6810
v 1352.0322 221.9848 185.1982
v 1352.2046 222.3586 184.7197
v 1352.6993 222.7169 184.2611
v 1353.5140 223.0588 183.8235
v 1354.6447 223.3828 183.4087
v 1356.0858 223.6875 183.0188
v 1357.8305 223.9708 182.6561
v 1359.8700 224.2310 182.3231
v 1362.1946 224.4661 182.0222
v 1364.7928 224.6743 181.7557
v 1367.6520 224.8538 181.5259
v 1370.7582 225.0033 181.3346
v 1374.0962 225.1218 181.1830
v 1377.6499 225.2084 181.0721
v 1381.4019 225.2631 181.0021
v 1385.3339 225.2860 180.9728
v 1389.4269 225.2778 180.9833
v 1393.6608 225.2396 181.0322
v 1398.0151 225.1728 181.1176
v 1402.4687 225.0794 181.2373
v 1406.9998 224.9613 181.3884
v 1411.5865 224.8209 181.5681
v 1416.2065 224.6606 181.7732
v 1420.8373 224.4831 182.0005
v 1425.4563 224.2907 182.2467
v 1430.0412 224.0862 182.5084
v 1434.5696 223.8720 182.7826
v 1439.0195 223.6506 183.0661
v 1443.3694 223.4242 183.3558
v 1447.5979 223.1952 183.6489
v 1451.6845 222.9658 183.9425
v 1455.6094 222.7381 184.2340
v 1459.3535 222.5141 184.5207
v 1462.8986 222.2959 184.7999
v 1466.2273 222.0856 185.0692
v 1469.3236 221.8850 185.3259
v 1472.1723 221.6961 185.5676
v 1474.7597 221.5209 185.7919
v 1477.0730 221.3612 185.9963
v 1479.1012 221.2187 186.1787
v 1480.8343 221.0951 186.3370
v 1482.2639 220.9917 186.4692
v 1483.3831 220.9100 186.5739
v 1484.1864 220.8508 186.6496
v 1484.6699 220.8150 186.6954
v 1484.8314 220.8030 186.7108
v 1484.3753 257.3201 216.1086
v 1484.2218 257.3121 216.1189
v 1483.7622 257.2880 216.1497
v 1482.9987 257.2484 216.2004
v 1481.9350 257.1938 216.2703
v 1480.5764 257.1251 216.3583
v 1478.9294 257.0433 216.4629
v 1477.0021 256.9497 216.5827
v 1474.8040 256.8456 216.7160
v 1472.3457 256.7324 216.8609
v 1469.6393 256.6116 217.0154
v 1466.6980 256.4848 217.1778
v 1463.5361 256.3534 217.3459
v 1460.1691 256.2191 217.5179
v 1456.6133 256.0833 217.6917
v 1452.8862 255.9476 217.8654
v 1449.0060 255.8136 218.0369
v 1444.9915 255.6829 218.2041
v 1440.8623 255.5572 218.3651
v 1436.6386 255.4381 218.5175
v 1432.3411 255.3275 218.6590
v 1427.9906 255.2273 218.7873
v 1423.6084 255.1392 218.9000
v 1419.2159 255.0654 218.9945
v 1414.8346 255.0077 219.0683
v 1410.4859 254.9682 219.1190
v 1406.1909 254.9486 219.1440
v 1401.9706 254.9508 219.1412
v 1397.8458 254.9762 219.1087
v 1393.8364 255.0262 219.0447
v 1389.9621 255.1017 218.9480
v 1386.2417 255.2034 218.8179
v 1382.6934 255.3315 218.6539
v 1379.3346 255.4858 218.4564
v 1376.1815 255.6658 218.2260
v 1373.2496 255.8706 217.9640
v 1370.5531 256.0987 217.6720
v 1368.1051 256.3485 217.3522
v 1365.9176 256.6184 217.0068
v 1364.0011 256.9062 216.6385
v 1362.3651 257.2099 216.2497
v 1361.0174 257.5275 215.8432
v 1359.9646 257.8572 215.4212
v 1359.2119 258.1974 214.9858
v 1358.7628 258.5466 214.5388
v 1358.6198 258.9039 214.0815
v 1358.7830 259.2579 213.6284
v 1359.2515 259.5973 213.1940
v 1360.0231 259.9211 212.7796
v 1361.0939 260.2279 212.3868
v 1362.4588 260.5164 212.0175
v 1364.1111 260.7848 211.6740
v 1366.0427 261.0312 211.3586
v 1368.2442 261.2539 211.0736
v 1370.7048 261.4510 210.8213
v 1373.4126 261.6211 210.6037
v 1376.3544 261.7626 210.4224
v 1379.5157 261.8748 210.2789
v 1382.8813 261.9569 210.1738
v 1386.4346 262.0087 210.1076
v 1390.1585 262.0303 210.0798
v 1394.0347 262.0226 210.0897
v 1398.0445 261.9864 210.1361
v 1402.1683 261.9232 210.2170
v 1406.3861 261.8347 210.3303
v 1410.6774 261.7228 210.4734
v 1415.0212 261.5899 210.6436
v 1419.3966 261.4381 210.8379
v 1423.7822 261.2699 211.0531
v 1428.1567 261.0878 211.2862
v 1432.4989 260.8941 211.5341
v 1436.7876 260.6912 211.7938
v 1441.0019 260.4815 212.0622
v 1445.1214 260.2671 212.3366
v 1449.1261 260.0503 212.6142
v 1452.9964 259.8330 212.8923
v 1456.7135 259.6173 213.1683
v 1460.2594 259.4052 213.4398
v 1463.6168 259.1986 213.7043
v 1466.7693 258.9993 213.9593
v 1469.7016 258.8094 214.2024
v 1472.3995 258.6305 214.4314
v 1474.8499 258.4646 214.6437
v 1477.0408 258.3133 214.8374
v 1478.9616 258.1784 215.0101
v 1480.6029 258.0613 215.1600
v 1481.9568 257.9634 215.2852
v 1483.0168 257.8860 215.3843
v 1483.7776 257.8300 215.4561
v 1484.2355 257.7960 215.4995
v 1484.3884 257.7847 215.5140
v 1483.9330 294.3278 244.8786
v 1483.7882 294.3202 244.8883
v 1483.3543 294.2975 244.9174
v 1482.6334 294.2600 244.9653
v 1481.6292 294.2085 245.0313
v 1480.3465 294.1436 245.1143
v 1478.7916 294.0664 245.2131
v 1476.9721 293.9780 245.3262
v 1474.8968 293.8798 245.4520
v 1472.5760 293.7729 245.5888
v 1470.0208 293.6589 245.7347
v 1467.2439 293.5391 245.8880
v 1464.2588 293.4151 246.0468
v 1461.0800 293.2883 246.2091
v 1457.7230 293.1601 246.3732
v 1454.2043 293.0320 246.5372
v 1450.5409 292.9055 246.6991
v 1446.7508 292.7821 246.8570
v 1442.8525 292.6634 247.0089
v 1438.8649 292.5510 247.1528
v 1434.8076 292.4466 247.2864
v 1430.7003 292.3519 247.4076
v 1426.5631 292.2688 247.5140
v 1422.4162 292.1991 247.6032
v 1418.2798 292.1446 247.6729
v 1414.1741 292.1073 247.7207
v 1410.1192 292.0888 247.7443
v 1406.1349 292.0909 247.7417
v 1402.2406 292.1149 247.7110
v 1398.4553 292.1621 247.6506
v 1394.7976 292.2334 247.5593
v 1391.2852 292.3294 247.4364
v 1387.9353 292.4503 247.2816
v 1384.7642 292.5960 247.0951
v 1381.7874 292.7660 246.8776
v 1379.0194 292.9592 246.6302
v 1376.4736 293.1746 246.3546
v 1374.1625 293.4105 246.0526
v 1372.0972 293.6653 245.7266
v 1370.2879 293.9369 245.3788
v 1368.7433 294.2237 245.0118
v 1367.4709 294.5236 244.6280
v 1366.4770 294.8348 244.2296
v 1365.7663 295.1560 243.8185
v 1365.3424 295.4857 243.3965
v 1365.2073 295.8230 242.9648
v 1365.3615 296.1572 242.5370
v 1365.8038 296.4776 242.1269
v 1366.5322 296.7833 241.7357
v 1367.5432 297.0730 241.3648
v 1368.8318 297.3454 241.0162
v 1370.3917 297.5988 240.6919
v 1372.2153 297.8314 240.3941
v 1374.2938 298.0416 240.1251
v 1376.6169 298.2278 239.8868
v 1379.1733 298.3883 239.6814
v 1381.9506 298.5220 239.5103
v 1384.9352 298.6278 239.3748
v 1388.1126 298.7053 239.2756
v 1391.4673 298.7542 239.2130
v 1394.9830 298.7747 239.1868
v 1398.6426 298.7674 239.1962
v 1402.4282 298.7332 239.2399
v 1406.3215 298.6735 239.3163
v 1410.3035 298.5899 239.4233
v 1414.3549 298.4844 239.5584
v 1418.4560 298.3588 239.7191
v 1422.5867 298.2155 239.9025
v 1426.7272 298.0568 240.1057
v 1430.8572 297.8848 240.3258
v 1434.9566 297.7020 240.5598
v 1439.0055 297.5104 240.8050
v 1442.9843 297.3124 241.0584
v 1446.8735 297.1100 241.3175
v 1450.6543 296.9053 241.5795
v 1454.3083 296.7002 241.8421
v 1457.8176 296.4965 242.1027
v 1461.1653 296.2963 242.3590
v 1464.3349 296.1012 242.6087
v 1467.3112 295.9131 242.8494
v 1470.0797 295.7338 243.0790
v 1472.6268 295.5649 243.2951
v 1474.9401 295.4083 243.4956
v 1477.0086 295.2655 243.6784
v 1478.8220 295.1380 243.8415
v 1480.3716 295.0275 243.9830
v 1481.6498 294.9351 244.1012
v 1482.6505 294.8620 244.1948
v 1483.3688 294.8091 244.2625
v 1483.8011 294.7771 244.3035
v 1483.9455 294.7664 244.3172
v 1400.9547 -0.4804 13.1149
v 1425.2257 295.1780 243.7903
v 1487.4708 1.7334 14.7187
v 1487.2574 1.7446 14.7330
v 1486.6179 1.7781 14.7759
v 1485.5556 1.8333 14.8465
v 1484.0757 1.9092 14.9437
v 1482.1855 2.0048 15.0661
v 1479.8940 2.1186 15.2117
v 1477.2126 2.2488 15.3784
v 1474.1543 2.3937 15.5638
v 1470.7341 2.5511 15.7653
v 1466.9687 2.7192 15.9804
v 1462.8764 2.8956 16.2063
v 1458.4772 3.0784 16.4402
v 1453.7927 3.2654 16.6795
v 1448.8456 3.4543 16.9213
v 1443.6600 3.6431 17.1629
v 1438.2614 3.8295 17.4015
v 1432.6760 4.0113 17.6342
v 1426.9311 4.1862 17.8581
v 1421.0547 4.3519 18.0701
v 1415.0754 4.5057 18.2671
v 1409.0226 4.6452 18.4456
v 1402.9257 4.7677 18.6024
v 1396.8144 4.8705 18.7339
v 1390.7187 4.9507 18.8366
v 1384.6682 5.0057 18.9070
v 1378.6926 5.0329 18.9419
v 1372.8210 5.0299 18.9380
v 1367.0820 4.9945 18.8927
v 1361.5037 4.9250 18.8037
v 1356.1133 4.8199 18.6692
v 1350.9372 4.6784 18.4881
v 1346.0005 4.5002 18.2600
v 1341.3273 4.2855 17.9852
v 1336.9404 4.0350 17.6646
v 1332.8612 3.7502 17.3001
v 1329.1096 3.4329 16.8939
v 1325.7037 3.0852 16.4489
v 1322.6602 2.7098 15.9684
v 1319.9938 2.3094 15.4559
v 1317.7175 1.8868 14.9150
v 1315.8425 1.4449 14.3494
v 1314.3778 0.9862 13.7622
v 1313.3305 0.5129 13.1565
v 1312.7057 0.0270 12.5346
v 1312.5067 -0.4701 11.8983
v 1312.7338 -0.9626 11.2679
v 1313.3857 -1.4348 10.6636
v 1314.4592 -1.8853 10.0870
v 1315.9490 -2.3122 9.5405
v 1317.8480 -2.7136 9.0267
v 1320.1468 -3.0870 8.5488
v 1322.8342 -3.4299 8.1100
v 1325.8972 -3.7396 7.7135
v 1329.3207 -4.0139 7.3624
v 1333.0881 -4.2505 7.0596
v 1337.1809 -4.4475 6.8075
v 1341.5793 -4.6035 6.6078
v 1346.2618 -4.7177 6.4616
v 1351.2056 -4.7897 6.3694
v 1356.3867 -4.8199 6.3308
v 1361.7797 -4.8091 6.3446
v 1367.3585 -4.7588 6.4091
v 1373.0960 -4.6708 6.5216
v 1378.9642 -4.5477 6.6793
v 1384.9347 -4.3921 6.8784
v 1390.9783 -4.2071 7.1152
v 1397.0658 -3.9959 7.3855
v 1403.1675 -3.7619 7.6849
v 1409.2538 -3.5085 8.0093
v 1415.2950 -3.2390 8.3542
v 1421.2619 -2.9568 8.7155
v 1427.1253 -2.6650 9.0890
v 1432.8568 -2.3667 9.4707
v 1438.4285 -2.0650 9.8569
v 1443.8133 -1.7627 10.2438
v 1448.9850 -1.4626 10.6279
v 1453.9184 -1.1675 11.0056
v 1458.5895 -0.8801 11.3736
v 1462.9756 -0.6029 11.7284
v 1467.0554 -0.3386 12.0666
v 1470.8090 -0.0897 12.3851
v 1474.2182 0.1411 12.6806
v 1477.2664 0.3516 12.9500
v 1479.9388 0.5393 13.1903
v 1482.2224 0.7023 13.3989
v 1484.1061 0.8384 13.5731
v 1485.5808 0.9462 13.7110
v 1486.6393 1.0241 13.8108
v 1487.2764 1.0713 13.8712
v 1487.4892 1.0871 13.8914
v 1487.0286 -35.2742 43.4887
v 1486.8237 -35.2635 43.5024
v 1486.2100 -35.2313 43.5436
v 1485.1904 -35.1784 43.6113
v 1483.7699 -35.1055 43.7047
v 1481.9556 -35.0137 43.8221
v 1479.7562 -34.9045 43.9619
v 1477.1825 -34.7795 44.1218
v 1474.2471 -34.6405 44.2998
v 1470.9643 -34.4894 44.4932
v 1467.3502 -34.3281 44.6997
v 1463.4223 -34.1587 44.9165
v 1459.1999 -33.9833 45.1410
v 1454.7036 -33.8038 45.3707
v 1449.9552 -33.6225 45.6028
v 1444.9781 -33.4413 45.8347
v 1439.7963 -33.2624 46.0637
v 1434.4354 -33.0879 46.2871
v 1428.9213 -32.9200 46.5020
v 1423.2810 -32.7610 46.7055
v 1417.5420 -32.6133 46.8945
v 1411.7323 -32.4794 47.0659
v 1405.8803 -32.3618 47.2164
v 1400.0146 -32.2632 47.3426
v 1394.1638 -32.1862 47.4411
v 1388.3564 -32.1334 47.5087
v 1382.6209 -32.1073 47.5422
v 1376.9852 -32.1102 47.5385
v 1371.4768 -32.1441 47.4950
v 1366.1227 -32.2109 47.4096
v 1360.9489 -32.3117 47.2805
v 1355.9807 -32.4475 47.1067
v 1351.2423 -32.6186 46.8877
v 1346.7569 -32.8247 46.6239
v 1342.5463 -33.0651 46.3162
v 1338.6310 -33.3385 45.9663
v 1335.0301 -33.6431 45.5764
v 1331.7610 -33.9768 45.1493
v 1328.8398 -34.3371 44.6881
v 1326.2805 -34.7214 44.1963
v 1324.0958 -35.1270 43.6771
v 1322.2960 -35.5512 43.1342
v 1320.8902 -35.9915 42.5707
v 1319.8850 -36.4457 41.9893
v 1319.2853 -36.9121 41.3923
v 1319.0942 -37.3892 40.7816
v 1319.3123 -37.8619 40.1765
v 1319.9380 -38.3151 39.5965
v 1320.9683 -38.7475 39.0431
v 1322.3983 -39.1573 38.5185
v 1324.2209 -39.5426 38.0254
v 1326.4274 -39.9010 37.5667
v 1329.0069 -40.2300 37.1455
v 1331.9467 -40.5274 36.7649
v 1335.2327 -40.7906 36.4280
v 1338.8487 -41.0177 36.1374
v 1342.7771 -41.2068 35.8953
v 1346.9988 -41.3566 35.7036
v 1351.4932 -41.4662 35.5634
v 1356.2383 -41.5353 35.4749
v 1361.2112 -41.5643 35.4378
v 1366.3876 -41.5539 35.4511
v 1371.7422 -41.5056 35.5129
v 1377.2492 -41.4211 35.6210
v 1382.8816 -41.3029 35.7723
v 1388.6122 -41.1536 35.9634
v 1394.4130 -40.9760 36.1907
v 1400.2559 -40.7734 36.4501
v 1406.1125 -40.5488 36.7375
v 1411.9542 -40.3056 37.0489
v 1417.7527 -40.0469 37.3799
v 1423.4798 -39.7760 37.7267
v 1429.1077 -39.4959 38.0851
v 1434.6089 -39.2097 38.4516
v 1439.9568 -38.9201 38.8222
v 1445.1252 -38.6299 39.1936
v 1450.0890 -38.3419 39.5622
v 1454.8242 -38.0586 39.9248
v 1459.3076 -37.7827 40.2780
v 1463.5175 -37.5167 40.6185
v 1467.4334 -37.2630 40.9432
v 1471.0362 -37.0241 41.2489
v 1474.3084 -36.8026 41.5325
v 1477.2342 -36.6006 41.7911
v 1479.7992 -36.4203 42.0217
v 1481.9910 -36.2640 42.2219
v 1483.7991 -36.1333 42.3891
v 1485.2145 -36.0299 42.5215
v 1486.2305 -35.9550 42.6173
v 1486.8420 -35.9098 42.6752
v 1487.0462 -35.8946 42.6946
v 1486.5864 -72.2819 72.2587
v 1486.3901 -72.2716 72.2719
v 1485.8020 -72.2408 72.3112
v 1484.8251 -72.1901 72.3762
v 1483.4641 -72.1202 72.4656
v 1481.7257 -72.0323 72.5781
v 1479.6184 -71.9277 72.7120
v 1477.1525 -71.8079 72.8653
v 1474.3399 -71.6747 73.0358
v 1471.1946 -71.5299 73.2212
v 1467.7317 -71.3753 73.4190
v 1463.9683 -71.2131 73.6267
v 1459.9226 -71.0450 73.8418
v 1455.6145 -70.8731 74.0619
v 1451.0649 -70.6993 74.2843
v 1446.2961 -70.5257 74.5065
v 1441.3313 -70.3543 74.7259
v 1436.1947 -70.1870 74.9399
v 1430.9114 -70.0262 75.1458
v 1425.5072 -69.8738 75.3408
v 1420.0085 -69.7323 75.5219
v 1414.4420 -69.6040 75.6861
v 1408.8350 -69.4914 75.8303
v 1403.2148 -69.3969 75.9512
v 1397.6089 -69.3231 76.0457
v 1392.0447 -69.2725 76.1104
v 1386.5492 -69.2475 76.1425
v 1381.1494 -69.2503 76.1389
v 1375.8716 -69.2828 76.0973
v 1370.7416 -69.3468 76.0154
v 1365.7844 -69.4434 75.8917
v 1361.0242 -69.5735 75.7252
v 1356.4842 -69.7374 75.5154
v 1352.1865 -69.9349 75.2627
v 1348.1522 -70.1652 74.9679
v 1344.4008 -70.4271 74.6326
v 1340.9506 -70.7190 74.2590
v 1337.8184 -71.0387 73.8498
v 1335.0194 -71.3840 73.4079
v 1332.5673 -71.7522 72.9366
v 1330.4740 -72.1408 72.4392
v 1328.7496 -72.5472 71.9190
v 1327.4026 -72.9691 71.3791
v 1326.4394 -73.4043 70.8220
v 1325.8649 -73.8511 70.2501
v 1325.6818 -74.3083 69.6649
v 1325.8907 -74.7613 69.0852
v 1326.4902 -75.1955 68.5294
v 1327.4774 -75.6098 67.9992
v 1328.8476 -76.0024 67.4966
v 1330.5939 -76.3716 67.0241
v 1332.7080 -76.7149 66.5846
v 1335.1795 -77.0302 66.1810
v 1337.9963 -77.3151 65.8164
v 1341.1447 -77.5674 65.4935
v 1344.6094 -77.7849 65.2151
v 1348.3734 -77.9661 64.9832
v 1352.4183 -78.1096 64.7995
v 1356.7245 -78.2146 64.6651
v 1361.2711 -78.2809 64.5803
v 1366.0358 -78.3086 64.5448
v 1370.9954 -78.2987 64.5575
v 1376.1259 -78.2524 64.6168
v 1381.4024 -78.1715 64.7203
v 1386.7990 -78.0582 64.8653
v 1392.2897 -77.9151 65.0484
v 1397.8477 -77.7450 65.2662
v 1403.4460 -77.5508 65.5147
v 1409.0574 -77.3356 65.7901
v 1414.6546 -77.1026 66.0884
v 1420.2104 -76.8548 66.4056
v 1425.6978 -76.5952 66.7378
v 1431.0901 -76.3269 67.0813
v 1436.3610 -76.0526 67.4324
v 1441.4850 -75.7751 67.7875
v 1446.4370 -75.4971 68.1434
v 1451.1931 -75.2211 68.4966
v 1455.7301 -74.9497 68.8440
v 1460.0258 -74.6854 69.1824
v 1464.0595 -74.4304 69.5086
v 1467.8114 -74.1874 69.8197
v 1471.2634 -73.9585 70.1126
v 1474.3987 -73.7462 70.3844
v 1477.2019 -73.5527 70.6321
v 1479.6596 -73.3800 70.8531
v 1481.7597 -73.2302 71.0449
v 1483.4920 -73.1050 71.2052
v 1484.8482 -73.0059 71.3320
v 1485.8217 -72.9342 71.4237
v 1486.4076 -72.8908 71.4793
v 1486.6032 -72.8763 71.4979
v 1486.1442 -109.2895 101.0286
v 1485.9564 -109.2797 101.0413
v 1485.3940 -109.2502 101.0789
v 1484.4598 -109.2017 101.1410
v 1483.1583 -109.1349 101.2266
v 1481.4959 -109.0508 101.3342
v 1479.4806 -108.9508 101.4622
v 1477.1224 -108.8363 101.6088
v 1474.4327 -108.7089 101.7719
v 1471.4248 -108.5704 101.9491
v 1468.1132 -108.4226 102.1383
v 1464.5142 -108.2674 102.3369
v 1460.6453 -108.1067 102.5427
v 1456.5254 -107.9423 102.7531
v 1452.1746 -107.7761 102.9658
v 1447.6141 -107.6101 103.1782
v 1442.8662 -107.4461 103.3881
v 1437.9541 -107.2862 103.5928
v 1432.9016 -107.1324 103.7897
v 1427.7335 -106.9867 103.9761
v 1422.4750 -106.8514 104.1493
v 1417.1517 -106.7287 104.3064
v 1411.7897 -106.6210 104.4442
v 1406.4151 -106.5306 104.5599
v 1401.0541 -106.4601 104.6502
v 1395.7329 -106.4117 104.7121
v 1390.4776 -106.3877 104.7428
v 1385.3137 -106.3904 104.7394
v 1380.2665 -106.4215 104.6996
v 1375.3606 -106.4827 104.6213
v 1370.6199 -106.5751 104.5030
v 1366.0677 -106.6995 104.3437
v 1361.7260 -106.8562 104.1431
v 1357.6162 -107.0451 103.9014
v 1353.7581 -107.2653 103.6195
v 1350.1705 -107.5158 103.2989
v 1346.8711 -107.7949 102.9416
v 1343.8757 -108.1007 102.5503
v 1341.1990 -108.4309 102.1277
v 1338.8541 -108.7830 101.6770
v 1336.8522 -109.1546 101.2013
v 1335.2032 -109.5433 100.7039
v 1333.9150 -109.9467 100.1875
v 1332.9939 -110.3629 99.6548
v 1332.4445 -110.7902 99.1078
v 1332.2694 -111.2274 98.5482
v 1332.4692 -111.6606 97.9938
v 1333.0425 -112.0759 97.4623
v 1333.9866 -112.4720 96.9552
v 1335.2968 -112.8475 96.4746
v 1336.9669 -113.2005 96.0228
v 1338.9886 -113.5289 95.6025
v 1341.3521 -113.8304 95.2165
v 1344.0459 -114.1029 94.8678
v 1347.0568 -114.3441 94.5591
v 1350.3700 -114.5522 94.2928
v 1353.9696 -114.7254 94.0710
v 1357.8378 -114.8626 93.8954
v 1361.9559 -114.9631 93.7669
v 1366.3038 -115.0264 93.6858
v 1370.8603 -115.0530 93.6518
v 1375.6033 -115.0435 93.6640
v 1380.5097 -114.9992 93.7206
v 1385.5556 -114.9218 93.8196
v 1390.7165 -114.8135 93.9583
v 1395.9672 -114.6767 94.1334
v 1401.2824 -114.5140 94.3417
v 1406.6361 -114.3283 94.5793
v 1412.0024 -114.1225 94.8427
v 1417.3550 -113.8996 95.1280
v 1422.6681 -113.6626 95.4313
v 1427.9157 -113.4144 95.7490
v 1433.0724 -113.1578 96.0775
v 1438.1131 -112.8955 96.4132
v 1443.0132 -112.6301 96.7529
v 1447.7489 -112.3643 97.0932
v 1452.2972 -112.1004 97.4309
v 1456.6359 -111.8408 97.7631
v 1460.7440 -111.5880 98.0867
v 1464.6015 -111.3442 98.3988
v 1468.1895 -111.1118 98.6963
v 1471.4906 -110.8929 98.9764
v 1474.4889 -110.6899 99.2362
v 1477.1697 -110.5048 99.4732
v 1479.5200 -110.3397 99.6845
v 1481.5283 -110.1964 99.8679
v 1483.1850 -110.0766 100.0212
v 1484.4819 -109.9819 100.1424
v 1485.4128 -109.9133 100.2302
v 1485.9732 -109.8719 100.2833
v 1486.1603 -109.8580 100.3011
v 1485.7019 -146.2972 129.7986
v 1485.5228 -146.2878 129.8107
v 1484.9861 -146.2597 129.8466
v 1484.0945 -146.2134 129.9059
v 1482.8525 -146.1496 129.9875
v 1481.2660 -146.0694 130.0902
v 1479.3428 -145.9739 130.2124
v 1477.0923 -145.8646 130.3523
v 1474.5256 -145.7430 130.5079
v 1471.6550 -145.6109 130.6771
v 1468.4948 -145.4699 130.8576
v 1465.0602 -145.3217 131.0471
v 1461.3680 -145.1683 131.2435
v 1457.4363 -145.0115 131.4443
v 1453.2843 -144.8529 131.6472
v 1448.9322 -144.6945 131.8500
v 1444.4012 -144.5380 132.0503
v 1439.7134 -144.3854 132.2456
v 1434.8918 -144.2386 132.4335
v 1429.9598 -144.0996 132.6115
v 1424.9415 -143.9704 132.7767
v 1419.8614 -143.8533 132.9266
v 1414.7444 -143.7505 133.0582
v 1409.6153 -143.6643 133.1685
v 1404.4992 -143.5970 133.2547
v 1399.4212 -143.5508 133.3138
v 1394.4059 -143.5280 133.3431
v 1389.4779 -143.5305 133.3398
v 1384.6613 -143.5602 133.3018
v 1379.9795 -143.6185 133.2271
v 1375.4555 -143.7067 133.1143
v 1371.1112 -143.8255 132.9623
v 1366.9679 -143.9750 132.7708
v 1363.0458 -144.1553 132.5402
v 1359.3639 -144.3655 132.2711
v 1355.9403 -144.6045 131.9651
v 1352.7916 -144.8709 131.6242
v 1349.9331 -145.1627 131.2507
v 1347.3787 -145.4777 130.8475
v 1345.1408 -145.8138 130.4174
v 1343.2304 -146.1684 129.9634
v 1341.6567 -146.5393 129.4887
v 1340.4274 -146.9243 128.9959
v 1339.5484 -147.3215 128.4875
v 1339.0241 -147.7293 127.9656
v 1338.8570 -148.1466 127.4315
v 1339.0476 -148.5599 126.9024
v 1339.5948 -148.9562 126.3952
v 1340.4957 -149.3343 125.9113
v 1341.7461 -149.6926 125.4526
v 1343.3399 -150.0295 125.0215
v 1345.2692 -150.3429 124.6204
v 1347.5248 -150.6306 124.2521
v 1350.0955 -150.8906 123.9193
v 1352.9688 -151.1208 123.6246
v 1356.1307 -151.3194 123.3705
v 1359.5658 -151.4847 123.1589
v 1363.2573 -151.6157 122.9913
v 1367.1872 -151.7115 122.8686
v 1371.3365 -151.7720 122.7912
v 1375.6848 -151.7973 122.7588
v 1380.2111 -151.7882 122.7704
v 1384.8934 -151.7460 122.8245
v 1389.7088 -151.6722 122.9190
v 1394.6339 -151.5688 123.0513
v 1399.6448 -151.4382 123.2184
v 1404.7171 -151.2829 123.4171
v 1409.8263 -151.1057 123.6440
v 1414.9473 -150.9094 123.8953
v 1420.0555 -150.6967 124.1675
v 1425.1258 -150.4705 124.4570
v 1430.1337 -150.2336 124.7602
v 1435.0548 -149.9887 125.0737
v 1439.8652 -149.7384 125.3941
v 1444.5414 -149.4852 125.7182
v 1449.0608 -149.2314 126.0429
v 1453.4013 -148.9796 126.3653
v 1457.5418 -148.7319 126.6823
v 1461.4622 -148.4906 126.9911
v 1465.1434 -148.2580 127.2889
v 1468.5675 -148.0362 127.5728
v 1471.7179 -147.8273 127.8401
v 1474.5792 -147.6336 128.0881
v 1477.1375 -147.4569 128.3142
v 1479.3804 -147.2994 128.5159
v 1481.2970 -147.1626 128.6909
v 1482.8780 -147.0483 128.8372
v 1484.1156 -146.9579 128.9529
v 1485.0040 -146.8925 129.0367
v 1485.5388 -146.8529 129.0873
v 1485.7173 -146.8396 129.1043
v 1485.2597 -183.3048 158.5686
v 1485.0891 -183.2959 158.5801
v 1484.5781 -183.2691 158.6143
v 1483.7293 -183.2250 158.6707
v 1482.5467 -183.1643 158.7484
v 1481.0361 -183.0879 158.8462
v 1479.2050 -182.9970 158.9626
v 1477.0623 -182.8930 159.0958
v 1474.6184 -182.7772 159.2439
v 1471.8853 -182.6514 159.4050
v 1468.8763 -182.5171 159.5769
v 1465.6061 -182.3761 159.7574
v 1462.0907 -182.2300 159.9443
v 1458.3472 -182.0807 160.1355
v 1454.3940 -181.9297 160.3287
v 1450.2502 -181.7788 160.5218
v 1445.9361 -181.6299 160.7125
v 1441.4728 -181.4846 160.8985
v 1436.8820 -181.3448 161.0774
v 1432.1861 -181.2124 161.2468
v 1427.4080 -181.0895 161.4042
v 1422.5712 -180.9780 161.5469
v 1417.6991 -180.8801 161.6721
v 1412.8155 -180.7980 161.7772
v 1407.9444 -180.7339 161.8593
v 1403.1094 -180.6899 161.9156
v 1398.3342 -180.6682 161.9434
v 1393.6422 -180.6706 161.9403
v 1389.0561 -180.6988 161.9041
v 1384.5985 -180.7544 161.8330
v 1380.2910 -180.8384 161.7255
v 1376.1547 -180.9514 161.5808
v 1372.2097 -181.0939 161.3985
v 1368.4754 -181.2655 161.1789
v 1364.9698 -181.4656 160.9227
v 1361.7101 -181.6932 160.6314
v 1358.7121 -181.9468 160.3068
v 1355.9904 -182.2246 159.9512
v 1353.5583 -182.5246 159.5673
v 1351.4276 -182.8446 159.1577
v 1349.6086 -183.1822 158.7255
v 1348.1103 -183.5354 158.2735
v 1346.9398 -183.9020 157.8043
v 1346.1029 -184.2801 157.3203
v 1345.6037 -184.6684 156.8233
v 1345.4446 -185.0657 156.3149
v 1345.6261 -185.4593 155.8111
v 1346.1470 -185.8366 155.3281
v 1347.0048 -186.1965 154.8674
v 1348.1954 -186.5377 154.4307
v 1349.7129 -186.8585 154.0201
v 1351.5499 -187.1569 153.6382
v 1353.6974 -187.4308 153.2876
v 1356.1450 -187.6784 152.9707
v 1358.8808 -187.8976 152.6902
v 1361.8913 -188.0866 152.4482
v 1365.1620 -188.2440 152.2467
v 1368.6768 -188.3687 152.0871
v 1372.4186 -188.4600 151.9703
v 1376.3692 -188.5175 151.8967
v 1380.5094 -188.5417 151.8658
v 1384.8190 -188.5330 151.8768
v 1389.2771 -188.4928 151.9284
v 1393.8619 -188.4225 152.0183
v 1398.5513 -188.3241 152.1443
v 1403.3223 -188.1997 152.3034
v 1408.1518 -188.0519 152.4926
v 1413.0164 -187.8832 152.7086
v 1417.8923 -187.6962 152.9479
v 1422.7559 -187.4937 153.2071
v 1427.5835 -187.2784 153.4827
v 1432.3517 -187.0528 153.7714
v 1437.0372 -186.8196 154.0699
v 1441.6173 -186.5813 154.3749
v 1446.0696 -186.3402 154.6835
v 1450.3727 -186.0986 154.9927
v 1454.5054 -185.8588 155.2996
v 1458.4477 -185.6230 155.6015
v 1462.1804 -185.3933 155.8955
v 1465.6854 -185.1718 156.1790
v 1468.9456 -184.9606 156.4494
v 1471.9451 -184.7617 156.7039
v 1474.6694 -184.5773 156.9400
v 1477.1052 -184.4091 157.1553
v 1479.2408 -184.2590 157.3473
v 1481.0656 -184.1288 157.5139
v 1482.5709 -184.0200 157.6532
v 1483.7494 -183.9339 157.7634
v 1484.5952 -183.8717 157.8431
v 1485.1044 -183.8340 157.8914
v 1485.2744 -183.8213 157.9075
v 1484.8175 -220.3125 187.3386
v 1484.6555 -220.3040 187.3495
v 1484.1702 -220.2786 187.3820
v 1483.3640 -220.2367 187.4356
v 1482.2408 -220.1790 187.5094
v 1480.8062 -220.1065 187.6023
v 1479.0672 -220.0202 187.7128
v 1477.0322 -219.9213 187.8393
v 1474.7112 -219.8114 187.9800
v 1472.1155 -219.6919 188.1329
v 1469.2578 -219.5644 188.2961
v 1466.1520 -219.4304 188.4676
v 1462.8134 -219.2917 188.6451
v 1459.2582 -219.1499 188.8267
v 1455.5037 -219.0065 189.0102
v 1451.5682 -218.8632 189.1936
v 1447.4710 -218.7217 189.3747
v 1443.2321 -218.5837 189.5513
v 1438.8721 -218.4510 189.7212
v 1434.4124 -218.3253 189.8821
v 1429.8745 -218.2085 190.0316
v 1425.2809 -218.1026 190.1671
v 1420.6537 -218.0097 190.2861
v 1416.0157 -217.9317 190.3859
v 1411.3895 -217.8708 190.4638
v 1406.7976 -217.8290 190.5173
v 1402.2626 -217.8084 190.5437
v 1397.8064 -217.8107 190.5408
v 1393.4509 -217.8375 190.5064
v 1389.2174 -217.8903 190.4389
v 1385.1265 -217.9700 190.3368
v 1381.1982 -218.0774 190.1994
v 1377.4516 -218.2127 190.0262
v 1373.9050 -218.3756 189.8176
v 1370.5757 -218.5657 189.5744
v 1367.4798 -218.7819 189.2977
v 1364.6326 -219.0227 188.9894
v 1362.0478 -219.2866 188.6517
v 1359.7379 -219.5715 188.2870
v 1357.7144 -219.8754 187.8981
v 1355.9868 -220.1960 187.4876
v 1354.5638 -220.5314 187.0584
v 1353.4522 -220.8796 186.6127
v 1352.6574 -221.2388 186.1530
v 1352.1833 -221.6075 185.6810
v 1352.0322 -221.9848 185.1982
v 1352.2046 -222.3586 184.7197
v 1352.6993 -222.7169 184.2611
v 1353.5140 -223.0588 183.8235
v 1354.6447 -223.3828 183.4087
v 1356.0858 -223.6875 183.0188
v 1357.8305 -223.9708 182.6561
v 1359.8700 -224.2310 182.3231
v 1362.1946 -224.4661 182.0222
v 1364.7928 -224.6743 181.7557
v 1367.6520 -224.8538 181.5259
v 1370.7582 -225.0033 181.3346
v 1374.0962 -225.1218 181.1830
v 1377.6499 -225.2084 181.0721
v 1381.4019 -225.2631 181.0021
v 1385.3339 -225.2860 180.9728
v 1389.4269 -225.2778 180.9833
v 1393.6608 -225.2396 181.0322
v 1398.0151 -225.1728 181.1176
v 1402.4687 -225.0794 181.2373
v 1406.9998 -224.9613 181.3884
v 1411.5865 -224.8209 181.5681
v 1416.2065 -224.6606 181.7732
v 1420.8373 -224.4831 182.0005
v 1425.4563 -224.2907 182.2467
v 1430.0412 -224.0862 182.5084
v 1434.5696 -223.8720 182.7826
v 1439.0195 -223.6506 183.0661
v 1443.3694 -223.4242 183.3558
v 1447.5979 -223.1952 183.6489
v 1451.6845 -222.9658 183.9425
v 1455.6094 -222.7381 184.2340
v 1459.3535 -222.5141 184.5207
v 1462.8986 -222.2959 184.7999
v 1466.2273 -222.0856 185.0692
v 1469.3236 -221.8850 185.3259
v 1472.1723 -221.6961 185.5676
v 1474.7597 -221.5209 185.7919
v 1477.0730 -221.3612 185.9963
v 1479.1012 -221.2187 186.1787
v 1480.8343 -221.0951 186.3370
v 1482.2639 -220.9917 186.4692
v 1483.3831 -220.9100 186.5739
v 1484.1864 -220.8508 186.6496
v 1484.6699 -220.8150 186.6954
v 1484.8314 -220.8030 186.7108
v 1484.3753 -257.3201 216.1086
v 1484.2218 -257.3121 216.1189
v 1483.7622 -257.2880 216.1497
v 1482.9987 -257.2484 216.2004
v 1481.9350 -257.1938 216.2703
v 1480.5764 -257.1251 216.3583
v 1478.9294 -257.0433 216.4629
v 1477.0021 -256.9497 216.5827
v 1474.8040 -256.8456 216.7160
v 1472.3457 -256.7324 216.8609
v 1469.6393 -256.6116 217.0154
v 1466.6980 -256.4848 217.1778
v 1463.5361 -256.3534 217.3459
v 1460.1691 -256.2191 217.5179
v 1456.6133 -256.0833 217.6917
v 1452.8862 -255.9476 217.8654
v 1449.0060 -255.8136 218.0369
v 1444.9915 -255.6829 218.2041
v 1440.8623 -255.5572 218.3651
v 1436.6386 -255.4381 218.5175
v 1432.3411 -255.3275 218.6590
v 1427.9906 -255.2273 218.7873
v 1423.6084 -255.1392 218.9000
v 1419.2159 -255.0654 218.9945
v 1414.8346 -255.0077 219.0683
v 1410.4859 -254.9682 219.1190
v 1406.1909 -254.9486 219.1440
v 1401.9706 -254.9508 219.1412
v 1397.8458 -254.9762 219.1087
v 1393.8364 -255.0262 219.0447
v 1389.9621 -255.1017 218.9480
v 1386.2417 -255.2034 218.8179
v 1382.6934 -255.3315 218.6539
v 1379.3346 -255.4858 218.4564
v 1376.1815 -255.6658 218.2260
v 1373.2496 -255.8706 217.9640
v 1370.5531 -256.0987 217.6720
v 1368.1051 -256.3485 217.3522
v 1365.9176 -256.6184 217.0068
v 1364.0011 -256.9062 216.6385
v 1362.3651 -257.2099 216.2497
v 1361.0174 -257.5275 215.8432
v 1359.9646 -257.8572 215.4212
v 1359.2119 -258.1974 214.9858
v 1358.7628 -258.5466 214.5388
v 1358.6198 -258.9039 214.0815
v 1358.7830 -259.2579 213.6284
v 1359.2515 -259.5973 213.1940
v 1360.0231 -259.9211 212.7796
v 1361.0939 -260.2279 212.3868
v 1362.4588 -260.5164 212.0175
v 1364.1111 -260.7848 211.6740
v 1366.0427 -261.0312 211.3586
v 1368.2442 -261.2539 211.0736
v 1370.7048 -261.4510 210.8213
v 1373.4126 -261.6211 210.6037
v 1376.3544 -261.7626 210.4224
v 1379.5157 -261.8748 210.2789
v 1382.8813 -261.9569 210.1738
v 1386.4346 -262.0087 210.1076
v 1390.1585 -262.0303 210.0798
v 1394.0347 -262.0226 210.0897
v 1398.0445 -261.9864 210.1361
v 1402.1683 -261.9232 210.2170
v 1406.3861 -261.8347 210.3303
v 1410.6774 -261.7228 210.4734
v 1415.0212 -261.5899 210.6436
v 1419.3966 -261.4381 210.8379
v 1423.7822 -261.2699 211.0531
v 1428.1567 -261.0878 211.2862
v 1432.4989 -260.8941 211.5341
v 1436.7876 -260.6912 211.7938
v 1441.0019 -260.4815 212.0622
v 1445.1214 -260.2671 212.3366
v 1449.1261 -260.0503 212.6142
v 1452.9964 -259.8330 212.8923
v 1456.7135 -259.6173 213.1683
v 1460.2594 -259.4052 213.4398
v 1463.6168 -259.1986 213.7043
v 1466.7693 -258.9993 213.9593
v 1469.7016 -258.8094 214.2024
v 1472.3995 -258.6305 214.4314
v 1474.8499 -258.4646 214.6437
v 1477.0408 -258.3133 214.8374
v 1478.9616 -258.1784 215.0101
v 1480.6029 -258.0613 215.1600
v 1481.9568 -257.9634 215.2852
v 1483.0168 -257.8860 215.3843
v 1483.7776 -257.8300 215.4561
v 1484.2355 -257.7960 215.4995
v 1484.3884 -257.7847 215.5140
v 1483.9330 -294.3278 244.8786
v 1483.7882 -294.3202 244.8883
v 1483.3543 -294.2975 244.9174
v 1482.6334 -294.2600 244.9653
v 1481.6292 -294.2085 245.0313
v 1480.3465 -294.1436 245.1143
v 1478.7916 -294.0664 245.2131
v 1476.9721 -293.9780 245.3262
v 1474.8968 -293.8798 245.4520
v 1472.5760 -293.7729 245.5888
v 1470.0208 -293.6589 245.7347
v 1467.2439 -293.5391 245.8880
v 1464.2588 -293.4151 246.0468
v 1461.0800 -293.2883 246.2091
v 1457.7230 -293.1601 246.3732
v 1454.2043 -293.0320 246.5372
v 1450.5409 -292.9055 246.6991
v 1446.7508 -292.7821 246.8570
v 1442.8525 -292.6634 247.0089
v 1438.8649 -292.5510 247.1528
v 1434.8076 -292.4466 247.2864
v 1430.7003 -292.3519 247.4076
v 1426.5631 -292.2688 247.5140
v 1422.4162 -292.1991 247.6032
v 1418.2798 -292.1446 247.6729
v 1414.1741 -292.1073 247.7207
v 1410.1192 -292.0888 247.7443
v 1406.1349 -292.0909 247.7417
v 1402.2406 -292.1149 247.7110
v 1398.4553 -292.1621 247.6506
v 1394.7976 -292.2334 247.5593
v 1391.2852 -292.3294 247.4364
v 1387.9353 -292.4503 247.2816
v 1384.7642 -292.5960 247.0951
v 1381.7874 -292.7660 246.8776
v 1379.0194 -292.9592 246.6302
v 1376.4736 -293.1746 246.3546
v 1374.1625 -293.4105 246.0526
v 1372.0972 -293.6653 245.7266
v 1370.2879 -293.9369 245.3788
v 1368.7433 -294.2237 245.0118
v 1367.4709 -294.5236 244.6280
v 1366.4770 -294.8348 244.2296
v 1365.7663 -295.1560 243.8185
v 1365.3424 -295.4857 243.3965
v 1365.2073 -295.8230 242.9648
v 1365.3615 -296.1572 242.5370
v 1365.8038 -296.4776 242.1269
v 1366.5322 -296.7833 241.7357
v 1367.5432 -297.0730 241.3648
v 1368.8318 -297.3454 241.0162
v 1370.3917 -297.5988 240.6919
v 1372.2153 -297.8314 240.3941
v 1374.2938 -298.0416 240.1251
v 1376.6169 -298.2278 239.8868
v 1379.1733 -298.3883 239.6814
v 1381.9506 -298.5220 239.5103
v 1384.9352 -298.6278 239.3748
v 1388.1126 -298.7053 239.2756
v 1391.4673 -298.7542 239.2130
v 1394.9830 -298.7747 239.1868
v 1398.6426 -298.7674 239.1962
v 1402.4282 -298.7332 239.2399
v 1406.3215 -298.6735 239.3163
v 1410.3035 -298.5899 239.4233
v 1414.3549 -298.4844 239.5584
v 1418.4560 -298.3588 239.7191
v 1422.5867 -298.2155 239.9025
v 1426.7272 -298.0568 240.1057
v 1430.8572 -297.8848 240.3258
v 1434.9566 -297.7020 240.5598
v 1439.0055 -297.5104 240.8050
v 1442.9843 -297.3124 241.0584
v 1446.8735 -297.1100 241.3175
v 1450.6543 -296.9053 241.5795
v 1454.3083 -296.7002 241.8421
v 1457.8176 -296.4965 242.1027
v 1461.1653 -296.2963 242.3590
v 1464.3349 -296.1012 242.6087
v 1467.3112 -295.9131 242.8494
v 1470.0797 -295.7338 243.0790
v 1472.6268 -295.5649 243.2951
v 1474.9401 -295.4083 243.4956
v 1477.0086 -295.2655 243.6784
v 1478.8220 -295.1380 243.8415
v 1480.3716 -295.0275 243.9830
v 1481.6498 -294.9351 244.1012
v 1482.6505 -294.8620 244.1948
v 1483.3688 -294.8091 244.2625
v 1483.8011 -294.7771 244.3035
v 1483.9455 -294.7664 244.3172
v 1400.9547 0.4804 13.1149
v 1425.2257 -295.1780 243.7903
v -37.5000 0.0213 0.0000
v -37.5000 0.0202 0.0066
v -37.5000 0.0172 0.0125
v -37.5000 0.0125 0.0172
v -37.5000 0.0066 0.0202
v -37.5000 0.0000 0.0213
v -37.5000 -0.0066 0.0202
v -37.5000 -0.0125 0.0172
v -37.5000 -0.0172 0.0125
v -37.5000 -0.0202 0.0066
v -37.5000 -0.0213 0.0000
v -37.5000 -0.0202 -0.0066
v -37.5000 -0.0172 -0.0125
v -37.5000 -0.0125 -0.0172
v -37.5000 -0.0066 -0.0202
v -37.5000 -0.0000 -0.0213
v -37.5000 0.0066 -0.0202
v -37.5000 0.0125 -0.0172
v -37.5000 0.0172 -0.0125
v -37.5000 0.0202 -0.0066
v -33.3333 9.7351 0.0000
v -33.3333 9.2586 3.0083
v -33.3333 7.8759 5.7222
v -33.3333 5.7222 7.8759
v -33.3333 3.0083 9.2586
v -33.3333 0.0000 9.7351
v -33.3333 -3.0083 9.2586
v -33.3333 -5.7222 7.8759
v -33.3333 -7.8759 5.7222
v -33.3333 -9.2586 3.0083
v -33.3333 -9.7351 0.0000
v -33.3333 -9.2586 -3.0083
v -33.3333 -7.8759 -5.7222
v -33.3333 -5.7222 -7.8759
v -33.3333 -3.0083 -9.2586
v -33.3333 -0.0000 -9.7351
v -33.3333 3.0083 -9.2586
v -33.3333 5.7222 -7.8759
v -33.3333 7.8759 -5.7222
v -33.3333 9.2586 -3.0083
v -29.1667 13.3565 0.0000
v -29.1667 12.7027 4.1274
v -29.1667 10.8056 7.8507
v -29.1667 7.8507 10.8056
v -29.1667 4.1274 12.7027
v -29.1667 0.0000 13.3565
v -29.1667 -4.1274 12.7027
v -29.1667 -7.8507 10.8056
v -29.1667 -10.8056 7.8507
v -29.1667 -12.7027 4.1274
v -29.1667 -13.3565 0.0000
v -29.1667 -12.7027 -4.1274
v -29.1667 -10.8056 -7.8507
v -29.1667 -7.8507 -10.8056
v -29.1667 -4.1274 -12.7027
v -29.1667 -0.0000 -13.3565
v -29.1667 4.1274 -12.7027
v -29.1667 7.8507 -10.8056
v -29.1667 10.8056 -7.8507
v -29.1667 12.7027 -4.1274
v -25.0000 15.8388 0.0000
v -25.0000 15.0636 4.8945
v -25.0000 12.8139 9.3098
v -25.0000 9.3098 12.8139
v -25.0000 4.8945 15.0636
v -25.0000 0.0000 15.8388
v -25.0000 -4.8945 15.0636
v -25.0000 -9.3098 12.8139
v -25.0000 -12.8139 9.3098
v -25.0000 -15.0636 4.8945
v -25.0000 -15.8388 0.0000
v -25.0000 -15.0636 -4.8945
v -25.0000 -12.8139 -9.3098
v -25.0000 -9.3098 -12.8139
v -25.0000 -4.8945 -15.0636
v -25.0000 -0.0000 -15.8388
v -25.0000 4.8945 -15.0636
v -25.0000 9.3098 -12.8139
v -25.0000 12.8139 -9.3098
v -25.0000 15.0636 -4.8945
v -20.8333 17.6689 0.0000
v -20.8333 16.8042 5.4600
v -20.8333 14.2945 10.3855
v -20.8333 10.3855 14.2945
v -20.8333 5.4600 16.8042
v -20.8333 0.0000 17.6689
v -20.8333 -5.4600 16.8042
v -20.8333 -10.3855 14.2945
v -20.8333 -14.2945 10.3855
v -20.8333 -16.8042 5.4600
v -20.8333 -17.6689 0.0000
v -20.8333 -16.8042 -5.4600
v -20.8333 -14.2945 -10.3855
v -20.8333 -10.3855 -14.2945
v -20.8333 -5.4600 -16.8042
v -20.8333 -0.0000 -17.6689
v -20.8333 5.4600 -16.8042
v -20.8333 10.3855 -14.2945
v -20.8333 14.2945 -10.3855
v -20.8333 16.8042 -5.4600
v -16.6667 19.0359 0.0000
v -16.6667 18.1042 5.8824
v -16.6667 15.4004 11.1890
v -16.6667 11.1890 15.4004
v -16.6667 5.8824 18.1042
v -16.6667 0.0000 19.0359
v -16.6667 -5.8824 18.1042
v -16.6667 -11.1890 15.4004
v -16.6667 -15.4004 11.1890
v -16.6667 -18.1042 5.8824
v -16.6667 -19.0359 0.0000
v -16.6667 -18.1042 -5.8824
v -16.6667 -15.4004 -11.1890
v -16.6667 -11.1890 -15.4004
v -16.6667 -5.8824 -18.1042
v -16.6667 -0.0000 -19.0359
v -16.6667 5.8824 -18.1042
v -16.6667 11.1890 -15.4004
v -16.6667 15.4004 -11.1890
v -16.6667 18.1042 -5.8824
v -12.5000 20.0347 0.0000
v -12.5000 19.0541 6.1911
v -12.5000 16.2084 11.7761
v -12.5000 11.7761 16.2084
v -12.5000 6.1911 19.0541
v -12.5000 0.0000 20.0347
v -12.5000 -6.1911 19.0541
v -12.5000 -11.7761 16.2084
v -12.5000 -16.2084 11.7761
v -12.5000 -19.0541 6.1911
v -12.5000 -20.0347 0.0000
v -12.5000 -19.0541 -6.1911
v -12.5000 -16.2084 -11.7761
v -12.5000 -11.7761 -16.2084
v -12.5000 -6.1911 -19.0541
v -12.5000 -0.0000 -20.0347
v -12.5000 6.1911 -19.0541
v -12.5000 11.7761 -16.2084
v -12.5000 16.2084 -11.7761
v -12.5000 19.0541 -6.1911
v -8.3333 20.7187 0.0000
v -8.3333 19.7046 6.4024
v -8.3333 16.7618 12.1781
v -8.3333 12.1781 16.7618
v -8.3333 6.4024 19.7046
v -8.3333 0.0000 20.7187
v -8.3333 -6.4024 19.7046
v -8.3333 -12.1781 16.7618
v -8.3333 -16.7618 12.1781
v -8.3333 -19.7046 6.4024
v -8.3333 -20.7187 0.0000
v -8.3333 -19.7046 -6.4024
v -8.3333 -16.7618 -12.1781
v -8.3333 -12.1781 -16.7618
v -8.3333 -6.4024 -19.7046
v -8.3333 -0.0000 -20.7187
v -8.3333 6.4024 -19.7046
v -8.3333 12.1781 -16.7618
v -8.3333 16.7618 -12.1781
v -8.3333 19.7046 -6.4024
v -4.1667 21.1184 0.0000
v -4.1667 20.0848 6.5260
v -4.1667 17.0852 12.4131
v -4.1667 12.4131 17.0852
v -4.1667 6.5260 20.0848
v -4.1667 0.0000 21.1184
v -4.1667 -6.5260 20.0848
v -4.1667 -12.4131 17.0852
v -4.1667 -17.0852 12.4131
v -4.1667 -20.0848 6.5260
v -4.1667 -21.1184 0.0000
v -4.1667 -20.0848 -6.5260
v -4.1667 -17.0852 -12.4131
v -4.1667 -12.4131 -17.0852
v -4.1667 -6.5260 -20.0848
v -4.1667 -0.0000 -21.1184
v -4.1667 6.5260 -20.0848
v -4.1667 12.4131 -17.0852
v -4.1667 17.0852 -12.4131
v -4.1667 20.0848 -6.5260
v -0.0000 21.2500 0.0000
v -0.0000 20.2100 6.5666
v -0.0000 17.1916 12.4904
v -0.0000 12.4904 17.1916
v -0.0000 6.5666 20.2100
v -0.0000 0.0000 21.2500
v -0.0000 -6.5666 20.2100
v -0.0000 -12.4904 17.1916
v -0.0000 -17.1916 12.4904
v -0.0000 -20.2100 6.5666
v -0.0000 -21.2500 0.0000
v -0.0000 -20.2100 -6.5666
v -0.0000 -17.1916 -12.4904
v -0.0000 -12.4904 -17.1916
v -0.0000 -6.5666 -20.2100
v -0.0000 -0.0000 -21.2500
v -0.0000 6.5666 -20.2100
v -0.0000 12.4904 -17.1916
v -0.0000 17.1916 -12.4904
v -0.0000 20.2100 -6.5666
v -37.5000 -0.0000 0.0000
v 0.0000 -0.0000 0.0000
v -4.7780 -9.3630 27.5487
v -4.8930 -9.2821 27.5315
v -5.2347 -9.0398 27.4800
v -5.7930 -8.6374 27.3944
v -6.5520 -8.0774 27.2754
v -7.4903 -7.3645 27.1239
v -8.5821 -6.5056 26.9413
v -9.7984 -5.5107 26.7298
v -11.1073 -4.3928 26.4922
v -12.4754 -3.1682 26.2319
v -13.8683 -1.8562 25.9531
v -15.2518 -0.4792 25.6604
v -16.5921 0.9382 25.3591
v -17.8627 2.3863 25.0513
v -19.0083 3.8499 24.7402
v -19.9973 5.2847 24.4352
v -20.8153 6.6505 24.1449
v -21.4553 7.9071 23.8778
v -21.9170 9.0163 23.6420
v -22.2048 9.9441 23.4448
v -22.3266 10.6626 23.2921
v -22.2907 11.1521 23.1881
v -22.1047 11.4016 23.1350
v -21.7894 11.4018 23.1350
v -21.3645 11.1515 23.1882
v -20.8348 10.6634 23.2919
v -20.2052 9.9557 23.4424
v -19.4804 9.0514 23.6346
v -18.6648 7.9773 23.8629
v -17.7617 6.7632 24.1209
v -16.7748 5.4414 24.4019
v -15.7083 4.0451 24.6987
v -14.5642 2.5975 25.0064
v -13.3753 1.1108 25.3224
v -12.1761 -0.3730 25.6378
v -10.9870 -1.8218 25.9458
v -9.8310 -3.2055 26.2399
v -8.7326 -4.4962 26.5142
v -7.7169 -5.6690 26.7635
v -6.8085 -6.7017 26.9830
v -6.0305 -7.5749 27.1686
v -5.4030 -8.2721 27.3168
v -4.9425 -8.7800 27.4248
v -4.6612 -9.0889 27.4904
v -4.5666 -9.1925 27.5124
v -0.5364 -4.8345 40.2599
v -0.6782 -4.7740 40.2471
v -1.0998 -4.5924 40.2085
v -1.7904 -4.2888 40.1439
v -2.7323 -3.8622 40.0533
v -3.9015 -3.3129 39.9365
v -5.2689 -2.6423 39.7940
v -6.8012 -1.8546 39.6265
v -8.4613 -0.9565 39.4356
v -10.2096 0.0421 39.2234
v -12.0052 1.1283 38.9925
v -13.8058 2.2861 38.7464
v -15.5700 3.4966 38.4891
v -17.2670 4.7557 38.2215
v -18.8342 6.0595 37.9443
v -20.2274 7.3678 37.6662
v -21.4220 8.6411 37.3956
v -22.4010 9.8379 37.1412
v -23.1549 10.9175 36.9117
v -23.6806 11.8427 36.7151
v -23.9797 12.5821 36.5579
v -24.0567 13.1126 36.4452
v -23.9170 13.4207 36.3797
v -23.5805 13.4920 36.3645
v -23.0682 13.3206 36.4009
v -22.3879 12.9190 36.4863
v -21.5493 12.3057 36.6167
v -20.5630 11.5039 36.7871
v -19.4396 10.5415 36.9917
v -18.1900 9.4494 37.2238
v -16.8254 8.2611 37.4764
v -15.3584 7.0114 37.7420
v -13.7966 5.7244 38.0156
v -12.1778 4.4057 38.2959
v -10.5485 3.0924 38.5750
v -8.9384 1.8142 38.8467
v -7.3789 0.5981 39.1052
v -5.9027 -0.5318 39.3454
v -4.5426 -1.5545 39.5627
v -3.3300 -2.4519 39.7535
v -2.2942 -3.2084 39.9143
v -1.4603 -3.8111 40.0424
v -0.8492 -4.2494 40.1356
v -0.4763 -4.5156 40.1921
v -0.3509 -4.6049 40.2111
v 2.1209 -0.3056 52.9711
v 1.9637 -0.2627 52.9620
v 1.4957 -0.1330 52.9344
v 0.7282 0.0859 52.8879
v -0.3202 0.3975 52.8216
v -1.6247 0.8050 52.7350
v -3.1547 1.3109 52.6275
v -4.8743 1.9158 52.4989
v -6.7442 2.6179 52.3497
v -8.7213 3.4124 52.1808
v -10.7608 4.2918 51.9939
v -12.8164 5.2454 51.7912
v -14.8417 6.2593 51.5757
v -16.8039 7.3336 51.3473
v -18.6372 8.4731 51.1051
v -20.2893 9.6422 50.8566
v -21.7283 10.8030 50.6099
v -22.9305 11.9146 50.3736
v -23.8799 12.9359 50.1565
v -24.5676 13.8282 49.9668
v -24.9908 14.5587 49.8116
v -25.1505 15.1023 49.6960
v -25.0503 15.4445 49.6233
v -24.7091 15.5670 49.5973
v -24.1478 15.4609 49.6198
v -23.3766 15.1382 49.6884
v -22.4082 14.6166 49.7993
v -21.2572 13.9191 49.9475
v -19.9390 13.0731 50.1274
v -18.4694 12.1096 50.3322
v -16.8653 11.0619 50.5548
v -15.1449 9.9646 50.7881
v -13.3198 8.8418 51.0267
v -11.4303 7.6941 51.2707
v -9.5308 6.5535 51.5131
v -7.6565 5.4468 51.7484
v -5.8444 4.3979 51.9713
v -4.1323 3.4272 52.1777
v -2.5575 2.5520 52.3637
v -1.1557 1.7868 52.5263
v 0.0403 1.1436 52.6630
v 1.0021 0.6325 52.7717
v 1.7065 0.2615 52.8505
v 2.1362 0.0364 52.8984
v 2.2806 -0.0391 52.9144
v 3.6213 4.0319 65.7229
v 3.4564 4.0609 65.7168
v 2.9656 4.1491 65.6980
v 2.1600 4.3003 65.6659
v 1.0583 4.5195 65.6193
v -0.3144 4.8125 65.5570
v -1.9272 5.1848 65.4779
v -3.7435 5.6402 65.3811
v -5.7228 6.1808 65.2662
v -7.8209 6.8056 65.1334
v -9.9910 7.5113 64.9834
v -12.1849 8.2911 64.8176
v -14.3537 9.1355 64.6381
v -16.4642 10.0475 64.4443
v -18.4494 11.0384 64.2337
v -20.2523 12.0765 64.0130
v -21.8369 13.1263 63.7899
v -23.1746 14.1482 63.5726
v -24.2452 15.1018 63.3699
v -25.0358 15.9483 63.1900
v -25.5401 16.6545 63.0399
v -25.7569 17.1947 62.9251
v -25.6884 17.5537 62.8488
v -25.3520 17.7111 62.8153
v -24.7682 17.6558 62.8271
v -23.9485 17.3989 62.8817
v -22.9079 16.9576 62.9755
v -21.6633 16.3538 63.1038
v -20.2332 15.6142 63.2610
v -18.6369 14.7688 63.4407
v -16.8949 13.8501 63.6360
v -15.0293 12.8918 63.8397
v -13.0541 11.9173 64.0468
v -11.0108 10.9234 64.2581
v -8.9579 9.9377 64.4676
v -6.9340 8.9843 64.6703
v -4.9795 8.0840 64.8616
v -3.1347 7.2542 65.0380
v -1.4397 6.5089 65.1964
v 0.0677 5.8597 65.3344
v 1.3529 5.3157 65.4500
v 2.3859 4.8845 65.5417
v 3.1420 4.5720 65.6081
v 3.6031 4.3827 65.6484
v 3.7581 4.3192 65.6619
v 4.2118 8.1849 78.5140
v 4.0454 8.2030 78.5101
v 3.5500 8.2589 78.4983
v 2.7365 8.3567 78.4775
v 1.6230 8.5030 78.4464
v 0.2343 8.7052 78.4034
v -1.3992 8.9706 78.3470
v -3.2413 9.3056 78.2758
v -5.2517 9.7148 78.1888
v -7.3863 10.2002 78.0856
v -9.5984 10.7614 77.9663
v -11.8391 11.3951 77.8316
v -14.0594 12.0948 77.6829
v -16.2261 12.8657 77.5191
v -18.2732 13.7234 77.3367
v -20.1419 14.6402 77.1419
v -21.7937 15.5830 76.9415
v -23.1975 16.5142 76.7435
v -24.3303 17.3947 76.5564
v -25.1765 18.1869 76.3880
v -25.7277 18.8579 76.2454
v -25.9809 19.3823 76.1339
v -25.9372 19.7447 76.0569
v -25.6126 19.9237 76.0188
v -25.0267 19.9068 76.0224
v -24.1919 19.7045 76.0654
v -23.1241 19.3327 76.1445
v -21.8418 18.8123 76.2551
v -20.3653 18.1686 76.3919
v -18.7159 17.4304 76.5488
v -16.9161 16.6287 76.7192
v -14.9904 15.7955 76.8963
v -12.9543 14.9535 77.0753
v -10.8489 14.0965 77.2574
v -8.7346 13.2484 77.4377
v -6.6515 12.4305 77.6115
v -4.6410 11.6611 77.7751
v -2.7449 10.9547 77.9253
v -1.0039 10.3228 78.0596
v 0.5435 9.7743 78.1761
v 1.8622 9.3162 78.2735
v 2.9216 8.9540 78.3505
v 3.6969 8.6920 78.4062
v 4.1696 8.5335 78.4399
v 4.3284 8.4804 78.4512
v 4.0232 12.1938 91.3357
v 3.8606 12.2035 91.3336
v 3.3763 12.2343 91.3271
v 2.5808 12.2909 91.3150
v 1.4913 12.3803 91.2960
v 0.1315 12.5109 91.2683
v -1.4692 12.6914 91.2299
v -3.2763 12.9297 91.1792
v -5.2505 13.2320 91.1150
v -7.3493 13.6026 91.0362
v -9.5271 14.0433 90.9426
v -11.7364 14.5529 90.8342
v -13.9290 15.1277 90.7121
v -16.0730 15.7742 90.5746
v -18.1053 16.5108 90.4181
v -19.9669 17.3133 90.2475
v -21.6191 18.1513 90.0694
v -23.0297 18.9898 89.8911
v -24.1742 19.7919 89.7206
v -25.0360 20.5218 89.5655
v -25.6050 21.1478 89.4324
v -25.8770 21.6455 89.3267
v -25.8525 21.9998 89.2513
v -25.5459 22.1891 89.2111
v -24.9756 22.2005 89.2087
v -24.1542 22.0434 89.2421
v -23.0979 21.7327 89.3081
v -21.8259 21.2877 89.4027
v -20.3589 20.7321 89.5208
v -18.7192 20.0928 89.6567
v -16.9302 19.3990 89.8042
v -15.0172 18.6805 89.9569
v -12.9965 17.9586 90.1103
v -10.9078 17.2254 90.2662
v -8.8108 16.5014 90.4201
v -6.7456 15.8052 90.5680
v -4.7534 15.1527 90.7067
v -2.8755 14.5560 90.8336
v -1.1520 14.0244 90.9466
v 0.3791 13.5647 91.0443
v 1.6835 13.1820 91.1256
v 2.7311 12.8802 91.1898
v 3.4976 12.6623 91.2361
v 3.9649 12.5306 91.2641
v 4.1220 12.4865 91.2734
v 3.1266 16.0952 104.1802
v 2.9726 16.0986 104.1795
v 2.5139 16.1105 104.1770
v 1.7601 16.1358 104.1716
v 0.7274 16.1817 104.1618
v -0.5622 16.2570 104.1458
v -2.0814 16.3709 104.1216
v -3.7976 16.5321 104.0873
v -5.6743 16.7479 104.0415
v -7.6710 17.0238 103.9828
v -9.7450 17.3630 103.9107
v -11.8514 17.7664 103.8250
v -13.9444 18.2319 103.7260
v -15.9942 18.7669 103.6123
v -17.9416 19.3910 103.4797
v -19.7303 20.0833 103.3325
v -21.3224 20.8166 103.1766
v -22.6862 21.5590 103.0188
v -23.7974 22.2763 102.8664
v -24.6386 22.9355 102.7263
v -25.1994 23.5068 102.6048
v -25.4748 23.9674 102.5069
v -25.4648 24.3031 102.4356
v -25.1821 24.4928 102.3952
v -24.6436 24.5238 102.3887
v -23.8617 24.4044 102.4140
v -22.8522 24.1482 102.4685
v -21.6338 23.7728 102.5483
v -20.2271 23.2998 102.6488
v -18.6542 22.7537 102.7649
v -16.9382 22.1614 102.8908
v -15.1041 21.5503 103.0207
v -13.1681 20.9397 103.1505
v -11.1674 20.3209 103.2820
v -9.1592 19.7110 103.4116
v -7.1821 19.1263 103.5359
v -5.2756 18.5803 103.6520
v -3.4792 18.0829 103.7577
v -1.8310 17.6416 103.8515
v -0.3673 17.2615 103.9323
v 0.8793 16.9460 103.9994
v 1.8804 16.6979 104.0521
v 2.6127 16.5192 104.0901
v 3.0591 16.4113 104.1130
v 3.2091 16.3752 104.1207
v 1.5624 19.9167 117.0417
v 1.4216 19.9156 117.0420
v 1.0022 19.9141 117.0423
v 0.3128 19.9168 117.0417
v -0.6320 19.9309 117.0387
v -1.8124 19.9648 117.0315
v -3.2035 20.0278 117.0181
v -4.7761 20.1287 116.9967
v -6.4967 20.2751 116.9656
v -8.3288 20.4732 116.9235
v -10.2332 20.7270 116.8695
v -12.1690 21.0386 116.8033
v -14.0944 21.4073 116.7249
v -15.9822 21.8407 116.6328
v -17.7790 22.3582 116.5228
v -19.4328 22.9424 116.3986
v -20.9081 23.5693 116.2653
v -22.1751 24.2107 116.1290
v -23.2105 24.8360 115.9961
v -23.9977 25.4154 115.8729
v -24.5262 25.9223 115.7652
v -24.7909 26.3357 115.6773
v -24.7912 26.6426 115.6121
v -24.5383 26.8236 115.5736
v -24.0472 26.8664 115.5645
v -23.3295 26.7785 115.5832
v -22.3999 26.5718 115.6272
v -21.2761 26.2617 115.6931
v -19.9776 25.8675 115.7768
v -18.5251 25.4112 115.8738
v -16.9406 24.9165 115.9790
v -15.2476 24.4077 116.0871
v -13.4616 23.9022 116.1946
v -11.6163 23.3910 116.3033
v -9.7643 22.8880 116.4102
v -7.9415 22.4073 116.5123
v -6.1842 21.9599 116.6074
v -4.5289 21.5541 116.6937
v -3.0107 21.1955 116.7699
v -1.6626 20.8878 116.8353
v -0.5148 20.6333 116.8894
v 0.4068 20.4337 116.9318
v 1.0809 20.2902 116.9623
v 1.4918 20.2037 116.9807
v 1.6299 20.1748 116.9869
v -0.6452 23.6784 129.9160
v -0.7683 23.6746 129.9168
v -1.1351 23.6645 129.9189
v -1.7381 23.6524 129.9215
v -2.5648 23.6449 129.9231
v -3.5979 23.6499 129.9220
v -4.8161 23.6759 129.9165
v -6.1937 23.7312 129.9047
v -7.7018 23.8232 129.8852
v -9.3085 23.9582 129.8565
v -10.9798 24.1403 129.8178
v -12.6797 24.3724 129.7685
v -14.3717 24.6545 129.7085
v -16.0324 24.9941 129.6363
v -17.6153 25.4091 129.5481
v -19.0745 25.8854 129.4468
v -20.3785 26.4029 129.3368
v -21.5007 26.9373 129.2233
v -22.4200 27.4626 129.1116
v -23.1212 27.9529 129.0074
v -23.5945 28.3852 128.9155
v -23.8351 28.7412 128.8398
v -23.8421 29.0096 128.7828
v -23.6248 29.1733 128.7480
v -23.1962 29.2210 128.7378
v -22.5665 29.1591 128.7510
v -21.7490 28.9977 128.7853
v -20.7594 28.7501 128.8379
v -19.6150 28.4325 128.9054
v -18.3346 28.0638 128.9838
v -16.9379 27.6642 129.0687
v -15.4461 27.2546 129.1558
v -13.8729 26.8499 129.2418
v -12.2477 26.4414 129.3287
v -10.6169 26.0402 129.4139
v -9.0121 25.6579 129.4952
v -7.4654 25.3034 129.5705
v -6.0087 24.9831 129.6386
v -4.6729 24.7012 129.6985
v -3.4871 24.4603 129.7498
v -2.4776 24.2617 129.7920
v -1.6672 24.1064 129.8250
v -1.0745 23.9950 129.8487
v -0.7132 23.9280 129.8629
v -0.5918 23.9056 129.8677
v -8.1745 28.3867 142.5890
v -8.2401 28.3834 142.5897
v -8.4357 28.3741 142.5917
v -8.7573 28.3614 142.5944
v -9.1983 28.3487 142.5971
v -9.7496 28.3404 142.5988
v -10.3998 28.3415 142.5986
v -11.1354 28.3565 142.5954
v -11.9410 28.3897 142.5883
v -12.7997 28.4448 142.5766
v -13.6934 28.5244 142.5597
v -14.6029 28.6303 142.5372
v -15.5087 28.7630 142.5090
v -16.3985 28.9267 142.4742
v -17.2476 29.1315 142.4307
v -18.0314 29.3703 142.3799
v -18.7328 29.6327 142.3241
v -19.3374 29.9060 142.2661
v -19.8336 30.1766 142.2085
v -20.2131 30.4308 142.1545
v -20.4704 30.6564 142.1065
v -20.6027 30.8438 142.0667
v -20.6094 30.9870 142.0363
v -20.4952 31.0766 142.0172
v -20.2671 31.1065 142.0109
v -19.9305 31.0802 142.0165
v -19.4925 31.0026 142.0329
v -18.9618 30.8809 142.0588
v -18.3477 30.7235 142.0923
v -17.6605 30.5403 142.1312
v -16.9110 30.3418 142.1734
v -16.1105 30.1390 142.2165
v -15.2667 29.9396 142.2589
v -14.3952 29.7387 142.3016
v -13.5207 29.5419 142.3434
v -12.6603 29.3548 142.3832
v -11.8311 29.1819 142.4199
v -11.0504 29.0264 142.4530
v -10.3347 28.8901 142.4820
v -9.6994 28.7740 142.5067
v -9.1586 28.6787 142.5269
v -8.7245 28.6043 142.5427
v -8.4070 28.5511 142.5540
v -8.2135 28.5192 142.5608
v -8.1485 28.5085 142.5631
v -15.6822 32.7745 155.3301
v -15.6912 32.7739 155.3303
v -15.7179 32.7722 155.3306
v -15.7618 32.7697 155.3311
v -15.8220 32.7670 155.3317
v -15.8973 32.7646 155.3322
v -15.9861 32.7633 155.3325
v -16.0866 32.7637 155.3324
v -16.1967 32.7664 155.3319
v -16.3141 32.7720 155.3307
v -16.4364 32.7809 155.3288
v -16.5609 32.7933 155.3261
v -16.6849 32.8094 155.3227
v -16.8068 32.8297 155.3184
v -16.9233 32.8558 155.3129
v -17.0309 32.8866 155.3063
v -17.1274 32.9209 155.2990
v -17.2106 32.9568 155.2914
v -17.2790 32.9927 155.2838
v -17.3315 33.0265 155.2766
v -17.3671 33.0568 155.2701
v -17.3856 33.0821 155.2648
v -17.3869 33.1016 155.2606
v -17.3715 33.1141 155.2579
v -17.3404 33.1187 155.2570
v -17.2944 33.1159 155.2576
v -17.2344 33.1063 155.2596
v -17.1616 33.0908 155.2629
v -17.0773 33.0707 155.2672
v -16.9830 33.0473 155.2722
v -16.8802 33.0218 155.2776
v -16.7704 32.9959 155.2831
v -16.6546 32.9706 155.2885
v -16.5351 32.9451 155.2939
v -16.4152 32.9202 155.2992
v -16.2972 32.8966 155.3042
v -16.1836 32.8749 155.3088
v -16.0766 32.8554 155.3129
v -15.9785 32.8384 155.3166
v -15.8914 32.8240 155.3196
v -15.8173 32.8122 155.3221
v -15.7579 32.8030 155.3241
v -15.7144 32.7964 155.3255
v -15.6879 32.7925 155.3263
v -15.6790 32.7912 155.3266
v -13.6617 0.4556 25.4617
v -16.5220 32.9018 155.3031
v -4.7780 9.3630 -27.5487
v -4.8930 9.2821 -27.5315
v -5.2347 9.0398 -27.4800
v -5.7930 8.6374 -27.3944
v -6.5520 8.0774 -27.2754
v -7.4903 7.3645 -27.1239
v -8.5821 6.5056 -26.9413
v -9.7984 5.5107 -26.7298
v -11.1073 4.3928 -26.4922
v -12.4754 3.1682 -26.2319
v -13.8683 1.8562 -25.9531
v -15.2518 0.4792 -25.6604
v -16.5921 -0.9382 -25.3591
v -17.8627 -2.3863 -25.0513
v -19.0083 -3.8499 -24.7402
v -19.9973 -5.2847 -24.4352
v -20.8153 -6.6505 -24.1449
v -21.4553 -7.9071 -23.8778
v -21.9170 -9.0163 -23.6420
v -22.2048 -9.9441 -23.4448
v -22.3266 -10.6626 -23.2921
v -22.2907 -11.1521 -23.1881
v -22.1047 -11.4016 -23.1350
v -21.7894 -11.4018 -23.1350
v -21.3645 -11.1515 -23.1882
v -20.8348 -10.6634 -23.2919
v -20.2052 -9.9557 -23.4424
v -19.4804 -9.0514 -23.6346
v -18.6648 -7.9773 -23.8629
v -17.7617 -6.7632 -24.1209
v -16.7748 -5.4414 -24.4019
v -15.7083 -4.0451 -24.6987
v -14.5642 -2.5975 -25.0064
v -13.3753 -1.1108 -25.3224
v -12.1761 0.3730 -25.6378
v -10.9870 1.8218 -25.9458
v -9.8310 3.2055 -26.2399
v -8.7326 4.4962 -26.5142
v -7.7169 5.6690 -26.7635
v -6.8085 6.7017 -26.9830
v -6.0305 7.5749 -27.1686
v -5.4030 8.2721 -27.3168
v -4.9425 8.7800 -27.4248
v -4.6612 9.0889 -27.4904
v -4.5666 9.1925 -27.5124
v -0.5364 4.8345 -40.2599
v -0.6782 4.7740 -40.2471
v -1.0998 4.5924 -40.2085
v -1.7904 4.2888 -40.1439
v -2.7323 3.8622 -40.0533
v -3.9015 3.3129 -39.9365
v -5.2689 2.6423 -39.7940
v -6.8012 1.8546 -39.6265
v -8.4613 0.9565 -39.4356
v -10.2096 -0.0421 -39.2234
v -12.0052 -1.1283 -38.9925
v -13.8058 -2.2861 -38.7464
v -15.5700 -3.4966 -38.4891
v -17.2670 -4.7557 -38.2215
v -18.8342 -6.0595 -37.9443
v -20.2274 -7.3678 -37.6662
v -21.4220 -8.6411 -37.3956
v -22.4010 -9.8379 -37.1412
v -23.1549 -10.9175 -36.9117
v -23.6806 -11.8427 -36.7151
v -23.9797 -12.5821 -36.5579
v -24.0567 -13.1126 -36.4452
v -23.9170 -13.4207 -36.3797
v -23.5805 -13.4920 -36.3645
v -23.0682 -13.3206 -36.4009
v -22.3879 -12.9190 -36.4863
v -21.5493 -12.3057 -36.6167
v -20.5630 -11.5039 -36.7871
v -19.4396 -10.5415 -36.9917
v -18.1900 -9.4494 -37.2238
v -16.8254 -8.2611 -37.4764
v -15.3584 -7.0114 -37.7420
v -13.7966 -5.7244 -38.0156
v -12.1778 -4.4057 -38.2959
v -10.5485 -3.0924 -38.5750
v -8.9384 -1.8142 -38.8467
v -7.3789 -0.5981 -39.1052
v -5.9027 0.5318 -39.3454
v -4.5426 1.5545 -39.5627
v -3.3300 2.4519 -39.7535
v -2.2942 3.2084 -39.9143
v -1.4603 3.8111 -40.0424
v -0.8492 4.2494 -40.1356
v -0.4763 4.5156 -40.1921
v -0.3509 4.6049 -40.2111
v 2.1209 0.3056 -52.9711
v 1.9637 0.2627 -52.9620
v 1.4957 0.1330 -52.9344
v 0.7282 -0.0859 -52.8879
v -0.3202 -0.3975 -52.8216
v -1.6247 -0.8050 -52.7350
v -3.1547 -1.3109 -52.6275
v -4.8743 -1.9158 -52.4989
v -6.7442 -2.6179 -52.3497
v -8.7213 -3.4124 -52.1808
v -10.7608 -4.2918 -51.9939
v -12.8164 -5.2454 -51.7912
v -14.8417 -6.2593 -51.5757
v -16.8039 -7.3336 -51.3473
v -18.6372 -8.4731 -51.1051
v -20.2893 -9.6422 -50.8566
v -21.7283 -10.8030 -50.6099
v -22.9305 -11.9146 -50.3736
v -23.8799 -12.9359 -50.1565
v -24.5676 -13.8282 -49.9668
v -24.9908 -14.5587 -49.8116
v -25.1505 -15.1023 -49.6960
v -25.0503 -15.4445 -49.6233
v -24.7091 -15.5670 -49.5973
v -24.1478 -15.4609 -49.6198
v -23.3766 -15.1382 -49.6884
v -22.4082 -14.6166 -49.7993
v -21.2572 -13.9191 -49.9475
v -19.9390 -13.0731 -50.1274
v -18.4694 -12.1096 -50.3322
v -16.8653 -11.0619 -50.5548
v -15.1449 -9.9646 -50.7881
v -13.3198 -8.8418 -51.0267
v -11.4303 -7.6941 -51.2707
v -9.5308 -6.5535 -51.5131
v -7.6565 -5.4468 -51.7484
v -5.8444 -4.3979 -51.9713
v -4.1323 -3.4272 -52.1777
v -2.5575 -2.5520 -52.3637
v -1.1557 -1.7868 -52.5263
v 0.0403 -1.1436 -52.6630
v 1.0021 -0.6325 -52.7717
v 1.7065 -0.2615 -52.8505
v 2.1362 -0.0364 -52.8984
v 2.2806 0.0391 -52.9144
v 3.6213 -4.0319 -65.7229
v 3.4564 -4.0609 -65.7168
v 2.9656 -4.1491 -65.6980
v 2.1600 -4.3003 -65.6659
v 1.0583 -4.5195 -65.6193
v -0.3144 -4.8125 -65.5570
v -1.9272 -5.1848 -65.4779
v -3.7435 -5.6402 -65.3811
v -5.7228 -6.1808 -65.2662
v -7.8209 -6.8056 -65.1334
v -9.9910 -7.5113 -64.9834
v -12.1849 -8.2911 -64.8176
v -14.3537 -9.1355 -64.6381
v -16.4642 -10.0475 -64.4443
v -18.4494 -11.0384 -64.2337
v -20.2523 -12.0765 -64.0130
v -21.8369 -13.1263 -63.7899
v -23.1746 -14.1482 -63.5726
v -24.2452 -15.1018 -63.3699
v -25.0358 -15.9483 -63.1900
v -25.5401 -16.6545 -63.0399
v -25.7569 -17.1947 -62.9251
v -25.6884 -17.5537 -62.8488
v -25.3520 -17.7111 -62.8153
v -24.7682 -17.6558 -62.8271
v -23.9485 -17.3989 -62.8817
v -22.9079 -16.9576 -62.9755
v -21.6633 -16.3538 -63.1038
v -20.2332 -15.6142 -63.2610
v -18.6369 -14.7688 -63.4407
v -16.8949 -13.8501 -63.6360
v -15.0293 -12.8918 -63.8397
v -13.0541 -11.9173 -64.0468
v -11.0108 -10.9234 -64.2581
v -8.9579 -9.9377 -64.4676
v -6.9340 -8.9843 -64.6703
v -4.9795 -8.0840 -64.8616
v -3.1347 -7.2542 -65.0380
v -1.4397 -6.5089 -65.1964
v 0.0677 -5.8597 -65.3344
v 1.3529 -5.3157 -65.4500
v 2.3859 -4.8845 -65.5417
v 3.1420 -4.5720 -65.6081
v 3.6031 -4.3827 -65.6484
v 3.7581 -4.3192 -65.6619
v 4.2118 -8.1849 -78.5140
v 4.0454 -8.2030 -78.5101
v 3.5500 -8.2589 -78.4983
v 2.7365 -8.3567 -78.4775
v 1.6230 -8.5030 -78.4464
v 0.2343 -8.7052 -78.4034
v -1.3992 -8.9706 -78.3470
v -3.2413 -9.3056 -78.2758
v -5.2517 -9.7148 -78.1888
v -7.3863 -10.2002 -78.0856
v -9.5984 -10.7614 -77.9663
v -11.8391 -11.3951 -77.8316
v -14.0594 -12.0948 -77.6829
v -16.2261 -12.8657 -77.5191
v -18.2732 -13.7234 -77.3367
v -20.1419 -14.6402 -77.1419
v -21.7937 -15.5830 -76.9415
v -23.1975 -16.5142 -76.7435
v -24.3303 -17.3947 -76.5564
v -25.1765 -18.1869 -76.3880
v -25.7277 -18.8579 -76.2454
v -25.9809 -19.3823 -76.1339
v -25.9372 -19.7447 -76.0569
v -25.6126 -19.9237 -76.0188
v -25.0267 -19.9068 -76.0224
v -24.1919 -19.7045 -76.0654
v -23.1241 -19.3327 -76.1445
v -21.8418 -18.8123 -76.2551
v -20.3653 -18.1686 -76.3919
v -18.7159 -17.4304 -76.5488
v -16.9161 -16.6287 -76.7192
v -14.9904 -15.7955 -76.8963
v -12.9543 -14.9535 -77.0753
v -10.8489 -14.0965 -77.2574
v -8.7346 -13.2484 -77.4377
v -6.6515 -12.4305 -77.6115
v -4.6410 -11.6611 -77.7751
v -2.7449 -10.9547 -77.9253
v -1.0039 -10.3228 -78.0596
v 0.5435 -9.7743 -78.1761
v 1.8622 -9.3162 -78.2735
v 2.9216 -8.9540 -78.3505
v 3.6969 -8.6920 -78.4062
v 4.1696 -8.5335 -78.4399
v 4.3284 -8.4804 -78.4512
v 4.0232 -12.1938 -91.3357
v 3.8606 -12.2035 -91.3336
v 3.3763 -12.2343 -91.3271
v 2.5808 -12.2909 -91.3150
v 1.4913 -12.3803 -91.2960
v 0.1315 -12.5109 -91.2683
v -1.4692 -12.6914 -91.2299
v -3.2763 -12.9297 -91.1792
v -5.2505 -13.2320 -91.1150
v -7.3493 -13.6026 -91.0362
v -9.5271 -14.0433 -90.9426
v -11.7364 -14.5529 -90.8342
v -13.9290 -15.1277 -90.7121
v -16.0730 -15.7742 -90.5746
v -18.1053 -16.5108 -90.4181
v -19.9669 -17.3133 -90.2475
v -21.6191 -18.1513 -90.0694
v -23.0297 -18.9898 -89.8911
v -24.1742 -19.7919 -89.7206
v -25.0360 -20.5218 -89.5655
v -25.6050 -21.1478 -89.4324
v -25.8770 -21.6455 -89.3267
v -25.8525 -21.9998 -89.2513
v -25.5459 -22.1891 -89.2111
v -24.9756 -22.2005 -89.2087
v -24.1542 -22.0434 -89.2421
v -23.0979 -21.7327 -89.3081
v -21.8259 -21.2877 -89.4027
v -20.3589 -20.7321 -89.5208
v -18.7192 -20.0928 -89.6567
v -16.9302 -19.3990 -89.8042
v -15.0172 -18.6805 -89.9569
v -12.9965 -17.9586 -90.1103
v -10.9078 -17.2254 -90.2662
v -8.8108 -16.5014 -90.4201
v -6.7456 -15.8052 -90.5680
v -4.7534 -15.1527 -90.7067
v -2.8755 -14.5560 -90.8336
v -1.1520 -14.0244 -90.9466
v 0.3791 -13.5647 -91.0443
v 1.6835 -13.1820 -91.1256
v 2.7311 -12.8802 -91.1898
v 3.4976 -12.6623 -91.2361
v 3.9649 -12.5306 -91.2641
v 4.1220 -12.4865 -91.2734
v 3.1266 -16.0952 -104.1802
v 2.9726 -16.0986 -104.1795
v 2.5139 -16.1105 -104.1770
v 1.7601 -16.1358 -104.1716
v 0.7274 -16.1817 -104.1618
v -0.5622 -16.2570 -104.1458
v -2.0814 -16.3709 -104.1216
v -3.7976 -16.5321 -104.0873
v -5.6743 -16.7479 -104.0415
v -7.6710 -17.0238 -103.9828
v -9.7450 -17.3630 -103.9107
v -11.8514 -17.7664 -103.8250
v -13.9444 -18.2319 -103.7260
v -15.9942 -18.7669 -103.6123
v -17.9416 -19.3910 -103.4797
v -19.7303 -20.0833 -103.3325
v -21.3224 -20.8166 -103.1766
v -22.6862 -21.5590 -103.0188
v -23.7974 -22.2763 -102.8664
v -24.6386 -22.9355 -102.7263
v -25.1994 -23.5068 -102.6048
v -25.4748 -23.9674 -102.5069
v -25.4648 -24.3031 -102.4356
v -25.1821 -24.4928 -102.3952
v -24.6436 -24.5238 -102.3887
v -23.8617 -24.4044 -102.4140
v -22.8522 -24.1482 -102.4685
v -21.6338 -23.7728 -102.5483
v -20.2271 -23.2998 -102.6488
v -18.6542 -22.7537 -102.7649
v -16.9382 -22.1614 -102.8908
v -15.1041 -21.5503 -103.0207
v -13.1681 -20.9397 -103.1505
v -11.1674 -20.3209 -103.2820
v -9.1592 -19.7110 -103.4116
v -7.1821 -19.1263 -103.5359
v -5.2756 -18.5803 -103.6520
v -3.4792 -18.0829 -103.7577
v -1.8310 -17.6416 -103.8515
v -0.3673 -17.2615 -103.9323
v 0.8793 -16.9460 -103.9994
v 1.8804 -16.6979 -104.0521
v 2.6127 -16.5192 -104.0901
v 3.0591 -16.4113 -104.1130
v 3.2091 -16.3752 -104.1207
v 1.5624 -19.9167 -117.0417
v 1.4216 -19.9156 -117.0420
v 1.0022 -19.9141 -117.0423
v 0.3128 -19.9168 -117.0417
v -0.6320 -19.9309 -117.0387
v -1.8124 -19.9648 -117.0315
v -3.2035 -20.0278 -117.0181
v -4.7761 -20.1287 -116.9967
v -6.4967 -20.2751 -116.9656
v -8.3288 -20.4732 -116.9235
v -10.2332 -20.7270 -116.8695
v -12.1690 -21.0386 -116.8033
v -14.0944 -21.4073 -116.7249
v -15.9822 -21.8407 -116.6328
v -17.7790 -22.3582 -116.5228
v -19.4328 -22.9424 -116.3986
v -20.9081 -23.5693 -116.2653
v -22.1751 -24.2107 -116.1290
v -23.2105 -24.8360 -115.9961
v -23.9977 -25.4154 -115.8729
v -24.5262 -25.9223 -115.7652
v -24.7909 -26.3357 -115.6773
v -24.7912 -26.6426 -115.6121
v -24.5383 -26.8236 -115.5736
v -24.0472 -26.8664 -115.5645
v -23.3295 -26.7785 -115.5832
v -22.3999 -26.5718 -115.6272
v -21.2761 -26.2617 -115.6931
v -19.9776 -25.8675 -115.7768
v -18.5251 -25.4112 -115.8738
v -16.9406 -24.9165 -115.9790
v -15.2476 -24.4077 -116.0871
v -13.4616 -23.9022 -116.1946
v -11.6163 -23.3910 -116.3033
v -9.7643 -22.8880 -116.4102
v -7.9415 -22.4073 -116.5123
v -6.1842 -21.9599 -116.6074
v -4.5289 -21.5541 -116.6937
v -3.0107 -21.1955 -116.7699
v -1.6626 -20.8878 -116.8353
v -0.5148 -20.6333 -116.8894
v 0.4068 -20.4337 -116.9318
v 1.0809 -20.2902 -116.9623
v 1.4918 -20.2037 -116.9807
v 1.6299 -20.1748 -116.9869
v -0.6452 -23.6784 -129.9160
v -0.7683 -23.6746 -129.9168
v -1.1351 -23.6645 -129.9189
v -1.7381 -23.6524 -129.9215
v -2.5648 -23.6449 -129.9231
v -3.5979 -23.6499 -129.9220
v -4.8161 -23.6759 -129.9165
v -6.1937 -23.7312 -129.9047
v -7.7018 -23.8232 -129.8852
v -9.3085 -23.9582 -129.8565
v -10.9798 -24.1403 -129.8178
v -12.6797 -24.3724 -129.7685
v -14.3717 -24.6545 -129.7085
v -16.0324 -24.9941 -129.6363
v -17.6153 -25.4091 -129.5481
v -19.0745 -25.8854 -129.4468
v -20.3785 -26.4029 -129.3368
v -21.5007 -26.9373 -129.2233
v -22.4200 -27.4626 -129.1116
v -23.1212 -27.9529 -129.0074
v -23.5945 -28.3852 -128.9155
v -23.8351 -28.7412 -128.8398
v -23.8421 -29.0096 -128.7828
v -23.6248 -29.1733 -128.7480
v -23.1962 -29.2210 -128.7378
v -22.5665 -29.1591 -128.7510
v -21.7490 -28.9977 -128.7853
v -20.7594 -28.7501 -128.8379
v -19.6150 -28.4325 -128.9054
v -18.3346 -28.0638 -128.9838
v -16.9379 -27.6642 -129.0687
v -15.4461 -27.2546 -129.1558
v -13.8729 -26.8499 -129.2418
v -12.2477 -26.4414 -129.3287
v -10.6169 -26.0402 -129.4139
v -9.0121 -25.6579 -129.4952
v -7.4654 -25.3034 -129.5705
v -6.0087 -24.9831 -129.6386
v -4.6729 -24.7012 -129.6985
v -3.4871 -24.4603 -129.7498
v -2.4776 -24.2617 -129.7920
v -1.6672 -24.1064 -129.8250
v -1.0745 -23.9950 -129.8487
v -0.7132 -23.9280 -129.8629
v -0.5918 -23.9056 -129.8677
v -8.1745 -28.3867 -142.5890
v -8.2401 -28.3834 -142.5897
v -8.4357 -28.3741 -142.5917
v -8.7573 -28.3614 -142.5944
v -9.1983 -28.3487 -142.5971
v -9.7496 -28.3404 -142.5988
v -10.3998 -28.3415 -142.5986
v -11.1354 -28.3565 -142.5954
v -11.9410 -28.3897 -142.5883
v -12.7997 -28.4448 -142.5766
v -13.6934 -28.5244 -142.5597
v -14.6029 -28.6303 -142.5372
v -15.5087 -28.7630 -142.5090
v -16.3985 -28.9267 -142.4742
v -17.2476 -29.1315 -142.4307
v -18.0314 -29.3703 -142.3799
v -18.7328 -29.6327 -142.3241
v -19.3374 -29.9060 -142.2661
v -19.8336 -30.1766 -142.2085
v -20.2131 -30.4308 -142.1545
v -20.4704 -30.6564 -142.1065
v -20.6027 -30.8438 -142.0667
v -20.6094 -30.9870 -142.0363
v -20.4952 -31.0766 -142.0172
v -20.2671 -31.1065 -142.0109
v -19.9305 -31.0802 -142.0165
v -19.4925 -31.0026 -142.0329
v -18.9618 -30.8809 -142.0588
v -18.3477 -30.7235 -142.0923
v -17.6605 -30.5403 -142.1312
v -16.9110 -30.3418 -142.1734
v -16.1105 -30.1390 -142.2165
v -15.2667 -29.9396 -142.2589
v -14.3952 -29.7387 -142.3016
v -13.5207 -29.5419 -142.3434
v -12.6603 -29.3548 -142.3832
v -11.8311 -29.1819 -142.4199
v -11.0504 -29.0264 -142.4530
v -10.3347 -28.8901 -142.4820
v -9.6994 -28.7740 -142.5067
v -9.1586 -28.6787 -142.5269
v -8.7245 -28.6043 -142.5427
v -8.4070 -28.5511 -142.5540
v -8.2135 -28.5192 -142.5608
v -8.1485 -28.5085 -142.5631
v -15.6822 -32.7745 -155.3301
v -15.6912 -32.7739 -155.3303
v -15.7179 -32.7722 -155.3306
v -15.7618 -32.7697 -155.3311
v -15.8220 -32.7670 -155.3317
v -15.8973 -32.7646 -155.3322
v -15.9861 -32.7633 -155.3325
v -16.0866 -32.7637 -155.3324
v -16.1967 -32.7664 -155.3319
v -16.3141 -32.7720 -155.3307
v -16.4364 -32.7809 -155.3288
v -16.5609 -32.7933 -155.3261
v -16.6849 -32.8094 -155.3227
v -16.8068 -32.8297 -155.3184
v -16.9233 -32.8558 -155.3129
v -17.0309 -32.8866 -155.3063
v -17.1274 -32.9209 -155.2990
v -17.2106 -32.9568 -155.2914
v -17.2790 -32.9927 -155.2838
v -17.3315 -33.0265 -155.2766
v -17.3671 -33.0568 -155.2701
v -17.3856 -33.0821 -155.2648
v -17.3869 -33.1016 -155.2606
v -17.3715 -33.1141 -155.2579
v -17.3404 -33.1187 -155.2570
v -17.2944 -33.1159 -155.2576
v -17.2344 -33.1063 -155.2596
v -17.1616 -33.0908 -155.2629
v -17.0773 -33.0707 -155.2672
v -16.9830 -33.0473 -155.2722
v -16.8802 -33.0218 -155.2776
v -16.7704 -32.9959 -155.2831
v -16.6546 -32.9706 -155.2885
v -16.5351 -32.9451 -155.2939
v -16.4152 -32.9202 -155.2992
v -16.2972 -32.8966 -155.3042
v -16.1836 -32.8749 -155.3088
v -16.0766 -32.8554 -155.3129
v -15.9785 -32.8384 -155.3166
v -15.8914 -32.8240 -155.3196
v -15.8173 -32.8122 -155.3221
v -15.7579 -32.8030 -155.3241
v -15.7144 -32.7964 -155.3255
v -15.6879 -32.7925 -155.3263
v -15.6790 -32.7912 -155.3266
v -13.6617 -0.4556 -25.4617
v -16.5220 -32.9018 -155.3031
v 315.4943 73.7500 55.0558
v 325.9240 73.7500 55.4180
v 336.3506 73.7500 55.6615
v 346.7724 73.7500 55.7217
v 357.1889 73.7500 55.5762
v 367.5995 73.7500 55.2084
v 315.4943 125.8333 55.0558
v 325.9240 125.8333 55.4180
v 336.3506 125.8333 55.6615
v 346.7724 125.8333 55.7217
v 357.1889 125.8333 55.5762
v 367.5995 125.8333 55.2084
v 315.4943 177.9167 55.0558
v 325.9240 177.9167 55.4180
v 336.3506 177.9167 55.6615
v 346.7724 177.9167 55.7217
v 357.1889 177.9167 55.5762
v 367.5995 177.9167 55.2084
v 315.4943 230.0000 55.0558
v 325.9240 230.0000 55.4180
v 336.3506 230.0000 55.6615
v 346.7724 230.0000 55.7217
v 357.1889 230.0000 55.5762
v 367.5995 230.0000 55.2084
v 315.4943 -73.7500 55.0558
v 325.9240 -73.7500 55.4180
v 336.3506 -73.7500 55.6615
v 346.7724 -73.7500 55.7217
v 357.1889 -73.7500 55.5762
v 367.5995 -73.7500 55.2084
v 315.4943 -125.8333 55.0558
v 325.9240 -125.8333 55.4180
v 336.3506 -125.8333 55.6615
v 346.7724 -125.8333 55.7217
v 357.1889 -125.8333 55.5762
v 367.5995 -125.8333 55.2084
v 315.4943 -177.9167 55.0558
v 325.9240 -177.9167 55.4180
v 336.3506 -177.9167 55.6615
v 346.7724 -177.9167 55.7217
v 357.1889 -177.9167 55.5762
v 367.5995 -177.9167 55.2084
v 315.4943 -230.0000 55.0558
v 325.9240 -230.0000 55.4180
v 336.3506 -230.0000 55.6615
v 346.7724 -230.0000 55.7217
v 357.1889 -230.0000 55.5762
v 367.5995 -230.0000 55.2084
v 367.5995 73.7500 55.2084
v 378.0049 73.7500 54.6420
v 388.4051 73.7500 53.8793
v 398.8009 73.7500 52.9449
v 409.1925 73.7500 51.8496
v 419.5801 73.7500 50.6056
v 367.5995 125.8333 55.2084
v 378.0049 125.8333 54.6420
v 388.4051 125.8333 53.8793
v 398.8009 125.8333 52.9449
v 409.1925 125.8333 51.8496
v 419.5801 125.8333 50.6056
v 367.5995 177.9167 55.2084
v 378.0049 177.9167 54.6420
v 388.4051 177.9167 53.8793
v 398.8009 177.9167 52.9449
v 409.1925 177.9167 51.8496
v 419.5801 177.9167 50.6056
v 367.5995 230.0000 55.2084
v 378.0049 230.0000 54.6420
v 388.4051 230.0000 53.8793
v 398.8009 230.0000 52.9449
v 409.1925 230.0000 51.8496
v 419.5801 230.0000 50.6056
v 367.5995 -73.7500 55.2084
v 378.0049 -73.7500 54.6420
v 388.4051 -73.7500 53.8793
v 398.8009 -73.7500 52.9449
v 409.1925 -73.7500 51.8496
v 419.5801 -73.7500 50.6056
v 367.5995 -125.8333 55.2084
v 378.0049 -125.8333 54.6420
v 388.4051 -125.8333 53.8793
v 398.8009 -125.8333 52.9449
v 409.1925 -125.8333 51.8496
v 419.5801 -125.8333 50.6056
v 367.5995 -177.9167 55.2084
v 378.0049 -177.9167 54.6420
v 388.4051 -177.9167 53.8793
v 398.8009 -177.9167 52.9449
v 409.1925 -177.9167 51.8496
v 419.5801 -177.9167 50.6056
v 367.5995 -230.0000 55.2084
v 378.0049 -230.0000 54.6420
v 388.4051 -230.0000 53.8793
v 398.8009 -230.0000 52.9449
v 409.1925 -230.0000 51.8496
v 419.5801 -230.0000 50.6056
v 419.5801 73.7500 50.6056
v 429.9641 73.7500 49.2224
v 440.3447 73.7500 47.7060
v 450.7218 73.7500 46.0590
v 461.0957 73.7500 44.2892
v 471.4666 73.7500 42.4047
v 419.5801 125.8333 50.6056
v 429.9641 125.8333 49.2224
v 440.3447 125.8333 47.7060
v 450.7218 125.8333 46.0590
v 461.0957 125.8333 44.2892
v 471.4666 125.8333 42.4047
v 419.5801 177.9167 50.6056
v 429.9641 177.9167 49.2224
v 440.3447 177.9167 47.7060
v 450.7218 177.9167 46.0590
v 461.0957 177.9167 44.2892
v 471.4666 177.9167 42.4047
v 419.5801 230.0000 50.6056
v 429.9641 230.0000 49.2224
v 440.3447 230.0000 47.7060
v 450.7218 230.0000 46.0590
v 461.0957 230.0000 44.2892
v 471.4666 230.0000 42.4047
v 419.5801 -73.7500 50.6056
v 429.9641 -73.7500 49.2224
v 440.3447 -73.7500 47.7060
v 450.7218 -73.7500 46.0590
v 461.0957 -73.7500 44.2892
v 471.4666 -73.7500 42.4047
v 419.5801 -125.8333 50.6056
v 429.9641 -125.8333 49.2224
v 440.3447 -125.8333 47.7060
v 450.7218 -125.8333 46.0590
v 461.0957 -125.8333 44.2892
v 471.4666 -125.8333 42.4047
v 419.5801 -177.9167 50.6056
v 429.9641 -177.9167 49.2224
v 440.3447 -177.9167 47.7060
v 450.7218 -177.9167 46.0590
v 461.0957 -177.9167 44.2892
v 471.4666 -177.9167 42.4047
v 419.5801 -230.0000 50.6056
v 429.9641 -230.0000 49.2224
v 440.3447 -230.0000 47.7060
v 450.7218 -230.0000 46.0590
v 461.0957 -230.0000 44.2892
v 471.4666 -230.0000 42.4047
v 315.4943 232.5000 55.0558
v 325.9240 232.5000 55.4180
v 336.3506 232.5000 55.6615
v 346.7724 232.5000 55.7217
v 357.1889 232.5000 55.5762
v 367.5995 232.5000 55.2084
v 315.4943 284.5833 55.0558
v 325.9240 284.5833 55.4180
v 336.3506 284.5833 55.6615
v 346.7724 284.5833 55.7217
v 357.1889 284.5833 55.5762
v 367.5995 284.5833 55.2084
v 315.4943 336.6667 55.0558
v 325.9240 336.6667 55.4180
v 336.3506 336.6667 55.6615
v 346.7724 336.6667 55.7217
v 357.1889 336.6667 55.5762
v 367.5995 336.6667 55.2084
v 315.4943 388.7500 55.0558
v 325.9240 388.7500 55.4180
v 336.3506 388.7500 55.6615
v 346.7724 388.7500 55.7217
v 357.1889 388.7500 55.5762
v 367.5995 388.7500 55.2084
v 315.4943 -232.5000 55.0558
v 325.9240 -232.5000 55.4180
v 336.3506 -232.5000 55.6615
v 346.7724 -232.5000 55.7217
v 357.1889 -232.5000 55.5762
v 367.5995 -232.5000 55.2084
v 315.4943 -284.5833 55.0558
v 325.9240 -284.5833 55.4180
v 336.3506 -284.5833 55.6615
v 346.7724 -284.5833 55.7217
v 357.1889 -284.5833 55.5762
v 367.5995 -284.5833 55.2084
v 315.4943 -336.6667 55.0558
v 325.9240 -336.6667 55.4180
v 336.3506 -336.6667 55.6615
v 346.7724 -336.6667 55.7217
v 357.1889 -336.6667 55.5762
v 367.5995 -336.6667 55.2084
v 315.4943 -388.7500 55.0558
v 325.9240 -388.7500 55.4180
v 336.3506 -388.7500 55.6615
v 346.7724 -388.7500 55.7217
v 357.1889 -388.7500 55.5762
v 367.5995 -388.7500 55.2084
v 367.5995 232.5000 55.2084
v 378.0049 232.5000 54.6420
v 388.4051 232.5000 53.8793
v 398.8009 232.5000 52.9449
v 409.1925 232.5000 51.8496
v 419.5801 232.5000 50.6056
v 367.5995 284.5833 55.2084
v 378.0049 284.5833 54.6420
v 388.4051 284.5833 53.8793
v 398.8009 284.5833 52.9449
v 409.1925 284.5833 51.8496
v 419.5801 284.5833 50.6056
v 367.5995 336.6667 55.2084
v 378.0049 336.6667 54.6420
v 388.4051 336.6667 53.8793
v 398.8009 336.6667 52.9449
v 409.1925 336.6667 51.8496
v 419.5801 336.6667 50.6056
v 367.5995 388.7500 55.2084
v 378.0049 388.7500 54.6420
v 388.4051 388.7500 53.8793
v 398.8009 388.7500 52.9449
v 409.1925 388.7500 51.8496
v 419.5801 388.7500 50.6056
v 367.5995 -232.5000 55.2084
v 378.0049 -232.5000 54.6420
v 388.4051 -232.5000 53.8793
v 398.8009 -232.5000 52.9449
v 409.1925 -232.5000 51.8496
v 419.5801 -232.5000 50.6056
v 367.5995 -284.5833 55.2084
v 378.0049 -284.5833 54.6420
v 388.4051 -284.5833 53.8793
v 398.8009 -284.5833 52.9449
v 409.1925 -284.5833 51.8496
v 419.5801 -284.5833 50.6056
v 367.5995 -336.6667 55.2084
v 378.0049 -336.6667 54.6420
v 388.4051 -336.6667 53.8793
v 398.8009 -336.6667 52.9449
v 409.1925 -336.6667 51.8496
v 419.5801 -336.6667 50.6056
v 367.5995 -388.7500 55.2084
v 378.0049 -388.7500 54.6420
v 388.4051 -388.7500 53.8793
v 398.8009 -388.7500 52.9449
v 409.1925 -388.7500 51.8496
v 419.5801 -388.7500 50.6056
v 419.5801 232.5000 50.6056
v 429.9641 232.5000 49.2224
v 440.3447 232.5000 47.7060
v 450.7218 232.5000 46.0590
v 461.0957 232.5000 44.2892
v 471.4666 232.5000 42.4047
v 419.5801 284.5833 50.6056
v 429.9641 284.5833 49.2224
v 440.3447 284.5833 47.7060
v 450.7218 284.5833 46.0590
v 461.0957 284.5833 44.2892
v 471.4666 284.5833 42.4047
v 419.5801 336.6667 50.6056
v 429.9641 336.6667 49.2224
v 440.3447 336.6667 47.7060
v 450.7218 336.6667 46.0590
v 461.0957 336.6667 44.2892
v 471.4666 336.6667 42.4047
v 419.5801 388.7500 50.6056
v 429.9641 388.7500 49.2224
v 440.3447 388.7500 47.7060
v 450.7218 388.7500 46.0590
v 461.0957 388.7500 44.2892
v 471.4666 388.7500 42.4047
v 419.5801 -232.5000 50.6056
v 429.9641 -232.5000 49.2224
v 440.3447 -232.5000 47.7060
v 450.7218 -232.5000 46.0590
v 461.0957 -232.5000 44.2892
v 471.4666 -232.5000 42.4047
v 419.5801 -284.5833 50.6056
v 429.9641 -284.5833 49.2224
v 440.3447 -284.5833 47.7060
v 450.7218 -284.5833 46.0590
v 461.0957 -284.5833 44.2892
v 471.4666 -284.5833 42.4047
v 419.5801 -336.6667 50.6056
v 429.9641 -336.6667 49.2224
v 440.3447 -336.6667 47.7060
v 450.7218 -336.6667 46.0590
v 461.0957 -336.6667 44.2892
v 471.4666 -336.6667 42.4047
v 419.5801 -388.7500 50.6056
v 429.9641 -388.7500 49.2224
v 440.3447 -388.7500 47.7060
v 450.7218 -388.7500 46.0590
v 461.0957 -388.7500 44.2892
v 471.4666 -388.7500 42.4047
v 315.4943 391.2500 55.0558
v 325.9240 391.2500 55.4180
v 336.3506 391.2500 55.6615
v 346.7724 391.2500 55.7217
v 357.1889 391.2500 55.5762
v 367.5995 391.2500 55.2084
v 315.4943 443.3333 55.0558
v 325.9240 443.3333 55.4180
v 336.3506 443.3333 55.6615
v 346.7724 443.3333 55.7217
v 357.1889 443.3333 55.5762
v 367.5995 443.3333 55.2084
v 315.4943 495.4167 55.0558
v 325.9240 495.4167 55.4180
v 336.3506 495.4167 55.6615
v 346.7724 495.4167 55.7217
v 357.1889 495.4167 55.5762
v 367.5995 495.4167 55.2084
v 315.4943 547.5000 55.0558
v 325.9240 547.5000 55.4180
v 336.3506 547.5000 55.6615
v 346.7724 547.5000 55.7217
v 357.1889 547.5000 55.5762
v 367.5995 547.5000 55.2084
v 315.4943 -391.2500 55.0558
v 325.9240 -391.2500 55.4180
v 336.3506 -391.2500 55.6615
v 346.7724 -391.2500 55.7217
v 357.1889 -391.2500 55.5762
v 367.5995 -391.2500 55.2084
v 315.4943 -443.3333 55.0558
v 325.9240 -443.3333 55.4180
v 336.3506 -443.3333 55.6615
v 346.7724 -443.3333 55.7217
v 357.1889 -443.3333 55.5762
v 367.5995 -443.3333 55.2084
v 315.4943 -495.4167 55.0558
v 325.9240 -495.4167 55.4180
v 336.3506 -495.4167 55.6615
v 346.7724 -495.4167 55.7217
v 357.1889 -495.4167 55.5762
v 367.5995 -495.4167 55.2084
v 315.4943 -547.5000 55.0558
v 325.9240 -547.5000 55.4180
v 336.3506 -547.5000 55.6615
v 346.7724 -547.5000 55.7217
v 357.1889 -547.5000 55.5762
v 367.5995 -547.5000 55.2084
v 367.5995 391.2500 55.2084
v 378.0049 391.2500 54.6420
v 388.4051 391.2500 53.8793
v 398.8009 391.2500 52.9449
v 409.1925 391.2500 51.8496
v 419.5801 391.2500 50.6056
v 367.5995 443.3333 55.2084
v 378.0049 443.3333 54.6420
v 388.4051 443.3333 53.8793
v 398.8009 443.3333 52.9449
v 409.1925 443.3333 51.8496
v 419.5801 443.3333 50.6056
v 367.5995 495.4167 55.2084
v 378.0049 495.4167 54.6420
v 388.4051 495.4167 53.8793
v 398.8009 495.4167 52.9449
v 409.1925 495.4167 51.8496
v 419.5801 495.4167 50.6056
v 367.5995 547.5000 55.2084
v 378.0049 547.5000 54.6420
v 388.4051 547.5000 53.8793
v 398.8009 547.5000 52.9449
v 409.1925 547.5000 51.8496
v 419.5801 547.5000 50.6056
v 367.5995 -391.2500 55.2084
v 378.0049 -391.2500 54.6420
v 388.4051 -391.2500 53.8793
v 398.8009 -391.2500 52.9449
v 409.1925 -391.2500 51.8496
v 419.5801 -391.2500 50.6056
v 367.5995 -443.3333 55.2084
v 378.0049 -443.3333 54.6420
v 388.4051 -443.3333 53.8793
v 398.8009 -443.3333 52.9449
v 409.1925 -443.3333 51.8496
v 419.5801 -443.3333 50.6056
v 367.5995 -495.4167 55.2084
v 378.0049 -495.4167 54.6420
v 388.4051 -495.4167 53.8793
v 398.8009 -495.4167 52.9449
v 409.1925 -495.4167 51.8496
v 419.5801 -495.4167 50.6056
v 367.5995 -547.5000 55.2084
v 378.0049 -547.5000 54.6420
v 388.4051 -547.5000 53.8793
v 398.8009 -547.5000 52.9449
v 409.1925 -547.5000 51.8496
v 419.5801 -547.5000 50.6056
v 419.5801 391.2500 50.6056
v 429.9641 391.2500 49.2224
v 440.3447 391.2500 47.7060
v 450.7218 391.2500 46.0590
v 461.0957 391.2500 44.2892
v 471.4666 391.2500 42.4047
v 419.5801 443.3333 50.6056
v 429.9641 443.3333 49.2224
v 440.3447 443.3333 47.7060
v 450.7218 443.3333 46.0590
v 461.0957 443.3333 44.2892
v 471.4666 443.3333 42.4047
v 419.5801 495.4167 50.6056
v 429.9641 495.4167 49.2224
v 440.3447 495.4167 47.7060
v 450.7218 495.4167 46.0590
v 461.0957 495.4167 44.2892
v 471.4666 495.4167 42.4047
v 419.5801 547.5000 50.6056
v 429.9641 547.5000 49.2224
v 440.3447 547.5000 47.7060
v 450.7218 547.5000 46.0590
v 461.0957 547.5000 44.2892
v 471.4666 547.5000 42.4047
v 419.5801 -391.2500 50.6056
v 429.9641 -391.2500 49.2224
v 440.3447 -391.2500 47.7060
v 450.7218 -391.2500 46.0590
v 461.0957 -391.2500 44.2892
v 471.4666 -391.2500 42.4047
v 419.5801 -443.3333 50.6056
v 429.9641 -443.3333 49.2224
v 440.3447 -443.3333 47.7060
v 450.7218 -443.3333 46.0590
v 461.0957 -443.3333 44.2892
v 471.4666 -443.3333 42.4047
v 419.5801 -495.4167 50.6056
v 429.9641 -495.4167 49.2224
v 440.3447 -495.4167 47.7060
v 450.7218 -495.4167 46.0590
v 461.0957 -495.4167 44.2892
v 471.4666 -495.4167 42.4047
v 419.5801 -547.5000 50.6056
v 429.9641 -547.5000 49.2224
v 440.3447 -547.5000 47.7060
v 450.7218 -547.5000 46.0590
v 461.0957 -547.5000 44.2892
v 471.4666 -547.5000 42.4047
v 315.4943 550.0000 55.0558
v 326.1756 550.0000 55.4251
v 336.8537 550.0000 55.6702
v 347.5265 550.0000 55.7183
v 358.1937 550.0000 55.5477
v 368.8550 550.0000 55.1514
v 314.7983 602.0833 57.9069
v 325.3271 602.0833 58.2914
v 335.8529 602.0833 58.5534
v 346.3741 602.0833 58.6211
v 356.8900 602.0833 58.4733
v 367.4005 602.0833 58.1030
v 313.8840 654.1667 61.6595
v 324.2121 654.1667 62.0630
v 334.5376 654.1667 62.3463
v 344.8590 654.1667 62.4391
v 355.1758 654.1667 62.3203
v 365.4879 654.1667 61.9832
v 312.9714 706.2500 65.4134
v 323.0988 706.2500 65.8349
v 333.2239 706.2500 66.1384
v 343.3455 706.2500 66.2552
v 353.4631 706.2500 66.1645
v 363.5766 706.2500 65.8597
v 315.4943 -550.0000 55.0558
v 326.1756 -550.0000 55.4251
v 336.8537 -550.0000 55.6702
v 347.5265 -550.0000 55.7183
v 358.1937 -550.0000 55.5477
v 368.8550 -550.0000 55.1514
v 314.7983 -602.0833 57.9069
v 325.3271 -602.0833 58.2914
v 335.8529 -602.0833 58.5534
v 346.3741 -602.0833 58.6211
v 356.8900 -602.0833 58.4733
v 367.4005 -602.0833 58.1030
v 313.8840 -654.1667 61.6595
v 324.2121 -654.1667 62.0630
v 334.5376 -654.1667 62.3463
v 344.8590 -654.1667 62.4391
v 355.1758 -654.1667 62.3203
v 365.4879 -654.1667 61.9832
v 312.9714 -706.2500 65.4134
v 323.0988 -706.2500 65.8349
v 333.2239 -706.2500 66.1384
v 343.3455 -706.2500 66.2552
v 353.4631 -706.2500 66.1645
v 363.5766 -706.2500 65.8597
v 368.8550 550.0000 55.1514
v 379.5106 550.0000 54.5415
v 390.1611 550.0000 53.7338
v 400.8069 550.0000 52.7453
v 411.4483 550.0000 51.5918
v 422.0857 550.0000 50.2842
v 367.4005 602.0833 58.1030
v 377.9059 602.0833 57.5221
v 388.4065 602.0833 56.7461
v 398.9029 602.0833 55.7920
v 409.3953 602.0833 54.6751
v 419.8840 602.0833 53.4065
v 365.4879 654.1667 61.9832
v 375.7954 654.1667 61.4396
v 386.0988 654.1667 60.7046
v 396.3985 654.1667 59.7947
v 406.6946 654.1667 58.7253
v 416.9876 654.1667 57.5069
v 363.5766 706.2500 65.8597
v 373.6862 706.2500 65.3522
v 383.7923 706.2500 64.6571
v 393.8950 706.2500 63.7906
v 403.9947 706.2500 62.7675
v 414.0917 706.2500 61.5984
v 368.8550 -550.0000 55.1514
v 379.5106 -550.0000 54.5415
v 390.1611 -550.0000 53.7338
v 400.8069 -550.0000 52.7453
v 411.4483 -550.0000 51.5918
v 422.0857 -550.0000 50.2842
v 367.4005 -602.0833 58.1030
v 377.9059 -602.0833 57.5221
v 388.4065 -602.0833 56.7461
v 398.9029 -602.0833 55.7920
v 409.3953 -602.0833 54.6751
v 419.8840 -602.0833 53.4065
v 365.4879 -654.1667 61.9832
v 375.7954 -654.1667 61.4396
v 386.0988 -654.1667 60.7046
v 396.3985 -654.1667 59.7947
v 406.6946 -654.1667 58.7253
v 416.9876 -654.1667 57.5069
v 363.5766 -706.2500 65.8597
v 373.6862 -706.2500 65.3522
v 383.7923 -706.2500 64.6571
v 393.8950 -706.2500 63.7906
v 403.9947 -706.2500 62.7675
v 414.0917 -706.2500 61.5984
v 422.0857 550.0000 50.2842
v 432.7194 550.0000 48.8339
v 443.3493 550.0000 47.2415
v 453.9758 550.0000 45.5169
v 464.5989 550.0000 43.6649
v 475.2190 550.0000 41.6979
v 419.8840 602.0833 53.4065
v 430.3693 602.0833 51.9970
v 440.8512 602.0833 50.4475
v 451.3300 602.0833 48.7677
v 461.8057 602.0833 46.9623
v 472.2786 602.0833 45.0434
v 416.9876 654.1667 57.5069
v 427.2775 654.1667 56.1503
v 437.5644 654.1667 54.6564
v 447.8486 654.1667 53.0346
v 458.1301 654.1667 51.2896
v 468.4092 654.1667 49.4333
v 414.0917 706.2500 61.5984
v 424.1860 706.2500 60.2937
v 434.2778 706.2500 58.8544
v 444.3672 706.2500 57.2896
v 454.4542 706.2500 55.6040
v 464.5392 706.2500 53.8093
v 422.0857 -550.0000 50.2842
v 432.7194 -550.0000 48.8339
v 443.3493 -550.0000 47.2415
v 453.9758 -550.0000 45.5169
v 464.5989 -550.0000 43.6649
v 475.2190 -550.0000 41.6979
v 419.8840 -602.0833 53.4065
v 430.3693 -602.0833 51.9970
v 440.8512 -602.0833 50.4475
v 451.3300 -602.0833 48.7677
v 461.8057 -602.0833 46.9623
v 472.2786 -602.0833 45.0434
v 416.9876 -654.1667 57.5069
v 427.2775 -654.1667 56.1503
v 437.5644 -654.1667 54.6564
v 447.8486 -654.1667 53.0346
v 458.1301 -654.1667 51.2896
v 468.4092 -654.1667 49.4333
v 414.0917 -706.2500 61.5984
v 424.1860 -706.2500 60.2937
v 434.2778 -706.2500 58.8544
v 444.3672 -706.2500 57.2896
v 454.4542 -706.2500 55.6040
v 464.5392 -706.2500 53.8093
v 312.9276 708.7500 65.5936
v 323.6724 708.7500 66.0383
v 334.4146 708.7500 66.3444
v 345.1527 708.7500 66.4398
v 355.8863 708.7500 66.2941
v 366.6153 708.7500 65.9090
v 312.0167 760.8333 69.3488
v 322.5483 760.8333 69.8115
v 333.0777 760.8333 70.1384
v 343.6037 760.8333 70.2587
v 354.1258 760.8333 70.1427
v 364.6440 760.8333 69.7919
v 311.1075 812.9167 73.1053
v 321.4259 812.9167 73.5849
v 331.7425 812.9167 73.9315
v 342.0563 812.9167 74.0756
v 352.3668 812.9167 73.9882
v 362.6742 812.9167 73.6707
v 310.1999 865.0000 76.8630
v 320.3052 865.0000 77.3585
v 330.4089 865.0000 77.7237
v 340.5104 865.0000 77.8906
v 350.6093 865.0000 77.8306
v 360.7057 865.0000 77.5454
v 312.9276 -708.7500 65.5936
v 323.6724 -708.7500 66.0383
v 334.4146 -708.7500 66.3444
v 345.1527 -708.7500 66.4398
v 355.8863 -708.7500 66.2941
v 366.6153 -708.7500 65.9090
v 312.0167 -760.8333 69.3488
v 322.5483 -760.8333 69.8115
v 333.0777 -760.8333 70.1384
v 343.6037 -760.8333 70.2587
v 354.1258 -760.8333 70.1427
v 364.6440 -760.8333 69.7919
v 311.1075 -812.9167 73.1053
v 321.4259 -812.9167 73.5849
v 331.7425 -812.9167 73.9315
v 342.0563 -812.9167 74.0756
v 352.3668 -812.9167 73.9882
v 362.6742 -812.9167 73.6707
v 310.1999 -865.0000 76.8630
v 320.3052 -865.0000 77.3585
v 330.4089 -865.0000 77.7237
v 340.5104 -865.0000 77.8906
v 350.6093 -865.0000 77.8306
v 360.7057 -865.0000 77.5454
v 366.6153 708.7500 65.9090
v 377.3401 708.7500 65.3037
v 388.0610 708.7500 64.4924
v 398.7783 708.7500 63.4941
v 409.4925 708.7500 62.3284
v 420.2036 708.7500 61.0038
v 364.6440 760.8333 69.7919
v 375.1587 760.8333 69.2253
v 385.6700 760.8333 68.4568
v 396.1783 760.8333 67.5049
v 406.6840 760.8333 66.3890
v 417.1870 760.8333 65.1173
v 362.6742 812.9167 73.6707
v 372.9786 812.9167 73.1417
v 383.2802 812.9167 72.4149
v 393.5793 812.9167 71.5084
v 403.8762 812.9167 70.4411
v 414.1709 812.9167 69.2212
v 360.7057 865.0000 77.5454
v 370.7997 865.0000 77.0529
v 380.8914 865.0000 76.3668
v 390.9812 865.0000 75.5045
v 401.0692 865.0000 74.4849
v 411.1555 865.0000 73.3157
v 366.6153 -708.7500 65.9090
v 377.3401 -708.7500 65.3037
v 388.0610 -708.7500 64.4924
v 398.7783 -708.7500 63.4941
v 409.4925 -708.7500 62.3284
v 420.2036 -708.7500 61.0038
v 364.6440 -760.8333 69.7919
v 375.1587 -760.8333 69.2253
v 385.6700 -760.8333 68.4568
v 396.1783 -760.8333 67.5049
v 406.6840 -760.8333 66.3890
v 417.1870 -760.8333 65.1173
v 362.6742 -812.9167 73.6707
v 372.9786 -812.9167 73.1417
v 383.2802 -812.9167 72.4149
v 393.5793 -812.9167 71.5084
v 403.8762 -812.9167 70.4411
v 414.1709 -812.9167 69.2212
v 360.7057 -865.0000 77.5454
v 370.7997 -865.0000 77.0529
v 380.8914 -865.0000 76.3668
v 390.9812 -865.0000 75.5045
v 401.0692 -865.0000 74.4849
v 411.1555 -865.0000 73.3157
v 420.2036 708.7500 61.0038
v 430.9118 708.7500 59.5267
v 441.6173 708.7500 57.9060
v 452.3202 708.7500 56.1478
v 463.0206 708.7500 54.2613
v 473.7192 708.7500 52.2769
v 417.1870 760.8333 65.1173
v 427.6876 760.8333 63.6961
v 438.1858 760.8333 62.1340
v 448.6818 760.8333 60.4372
v 459.1758 760.8333 58.6147
v 469.6682 760.8333 56.6961
v 414.1709 812.9167 69.2212
v 424.4636 812.9167 67.8548
v 434.7544 812.9167 66.3504
v 445.0434 812.9167 64.7139
v 455.3306 812.9167 62.9542
v 465.6165 812.9167 61.1005
v 411.1555 865.0000 73.3157
v 421.2401 865.0000 72.0030
v 431.3232 865.0000 70.5552
v 441.4048 865.0000 68.9780
v 451.4851 865.0000 67.2801
v 461.5643 865.0000 65.4900
v 420.2036 -708.7500 61.0038
v 430.9118 -708.7500 59.5267
v 441.6173 -708.7500 57.9060
v 452.3202 -708.7500 56.1478
v 463.0206 -708.7500 54.2613
v 473.7192 -708.7500 52.2769
v 417.1870 -760.8333 65.1173
v 427.6876 -760.8333 63.6961
v 438.1858 -760.8333 62.1340
v 448.6818 -760.8333 60.4372
v 459.1758 -760.8333 58.6147
v 469.6682 -760.8333 56.6961
v 414.1709 -812.9167 69.2212
v 424.4636 -812.9167 67.8548
v 434.7544 -812.9167 66.3504
v 445.0434 -812.9167 64.7139
v 455.3306 -812.9167 62.9542
v 465.6165 -812.9167 61.1005
v 411.1555 -865.0000 73.3157
v 421.2401 -865.0000 72.0030
v 431.3232 -865.0000 70.5552
v 441.4048 -865.0000 68.9780
v 451.4851 -865.0000 67.2801
v 461.5643 -865.0000 65.4900
v 310.1564 867.5000 77.0434
v 320.9184 867.5000 77.5686
v 331.6786 867.5000 77.9398
v 342.4363 867.5000 78.0784
v 353.1910 867.5000 77.9599
v 363.9429 867.5000 77.5913
v 309.2506 919.5833 80.8025
v 319.7852 919.5833 81.3435
v 330.3186 919.5833 81.7336
v 340.8500 919.5833 81.8962
v 351.3792 919.5833 81.8070
v 361.9063 919.5833 81.4729
v 308.3464 971.6667 84.5628
v 318.6538 971.6667 85.1185
v 328.9602 971.6667 85.5265
v 339.2653 971.6667 85.7118
v 349.5689 971.6667 85.6507
v 359.8710 971.6667 85.3500
v 307.4438 1023.7500 88.3245
v 317.5239 1023.7500 88.8936
v 327.6035 1023.7500 89.3183
v 337.6822 1023.7500 89.5252
v 347.7601 1023.7500 89.4912
v 357.8371 1023.7500 89.2227
v 310.1564 -867.5000 77.0434
v 320.9184 -867.5000 77.5686
v 331.6786 -867.5000 77.9398
v 342.4363 -867.5000 78.0784
v 353.1910 -867.5000 77.9599
v 363.9429 -867.5000 77.5913
v 309.2506 -919.5833 80.8025
v 319.7852 -919.5833 81.3435
v 330.3186 -919.5833 81.7336
v 340.8500 -919.5833 81.8962
v 351.3792 -919.5833 81.8070
v 361.9063 -919.5833 81.4729
v 308.3464 -971.6667 84.5628
v 318.6538 -971.6667 85.1185
v 328.9602 -971.6667 85.5265
v 339.2653 -971.6667 85.7118
v 349.5689 -971.6667 85.6507
v 359.8710 -971.6667 85.3500
v 307.4438 -1023.7500 88.3245
v 317.5239 -1023.7500 88.8936
v 327.6035 -1023.7500 89.3183
v 337.6822 -1023.7500 89.5252
v 347.7601 -1023.7500 89.4912
v 357.8371 -1023.7500 89.2227
v 363.9429 867.5000 77.5913
v 374.6922 867.5000 76.9908
v 385.4391 867.5000 76.1806
v 396.1839 867.5000 75.1788
v 406.9267 867.5000 74.0018
v 417.6677 867.5000 72.6616
v 361.9063 919.5833 81.4729
v 372.4314 919.5833 80.9118
v 382.9546 919.5833 80.1454
v 393.4763 919.5833 79.1914
v 403.9964 919.5833 78.0659
v 414.5152 919.5833 76.7806
v 359.8710 971.6667 85.3500
v 370.1717 971.6667 84.8271
v 380.4712 971.6667 84.1035
v 390.7696 971.6667 83.1960
v 401.0669 971.6667 82.1209
v 411.3632 971.6667 80.8894
v 357.8371 1023.7500 89.2227
v 367.9134 1023.7500 88.7369
v 377.9889 1023.7500 88.0547
v 388.0638 1023.7500 87.1929
v 398.1381 1023.7500 86.1669
v 408.2118 1023.7500 84.9880
v 363.9429 -867.5000 77.5913
v 374.6922 -867.5000 76.9908
v 385.4391 -867.5000 76.1806
v 396.1839 -867.5000 75.1788
v 406.9267 -867.5000 74.0018
v 417.6677 -867.5000 72.6616
v 361.9063 -919.5833 81.4729
v 372.4314 -919.5833 80.9118
v 382.9546 -919.5833 80.1454
v 393.4763 -919.5833 79.1914
v 403.9964 -919.5833 78.0659
v 414.5152 -919.5833 76.7806
v 359.8710 -971.6667 85.3500
v 370.1717 -971.6667 84.8271
v 380.4712 -971.6667 84.1035
v 390.7696 -971.6667 83.1960
v 401.0669 -971.6667 82.1209
v 411.3632 -971.6667 80.8894
v 357.8371 -1023.7500 89.2227
v 367.9134 -1023.7500 88.7369
v 377.9889 -1023.7500 88.0547
v 388.0638 -1023.7500 87.1929
v 398.1381 -1023.7500 86.1669
v 408.2118 -1023.7500 84.9880
v 442.2952 650.0000 53.3187
v 445.0363 650.0000 52.8826
v 438.8970 702.5000 57.5758
v 441.5859 702.5000 57.1551
v 435.4990 755.0000 61.8213
v 438.1355 755.0000 61.4158
v 432.1011 807.5000 66.0554
v 434.6853 807.5000 65.6647
v 428.7035 860.0000 70.2780
v 431.2353 860.0000 69.9019
v 425.3061 912.5000 74.4892
v 427.7854 912.5000 74.1273
v 421.9090 965.0000 78.6888
v 424.3358 965.0000 78.3409
v 418.5123 1017.5000 82.8770
v 420.8865 1017.5000 82.5429
v 413.9957 1070.0000 86.9858
v 416.2995 1070.0000 86.6676
v 402.7595 1122.5000 90.6597
v 404.8861 1122.5000 90.3718
v 391.5264 1175.0000 94.2942
v 393.4758 1175.0000 94.0356
v 443.7554 648.6250 52.9898
v 503.7462 648.6250 41.2341
v 443.6657 650.0000 53.1017
v 503.6268 650.0000 41.3560
v 443.5761 651.3750 53.2135
v 503.5073 651.3750 41.4779
v 392.7976 1173.6250 94.0706
v 435.5827 1173.6250 86.8302
v 392.5011 1175.0000 94.1656
v 435.1847 1175.0000 86.9455
v 392.2047 1176.3750 94.2607
v 434.7866 1176.3750 87.0608
v 442.0190 650.0000 39.5865
v 444.7700 650.0000 39.6016
v 438.6579 702.5000 44.0882
v 441.3553 702.5000 44.1100
v 435.2957 755.0000 48.5785
v 437.9396 755.0000 48.6067
v 431.9325 807.5000 53.0574
v 434.5227 807.5000 53.0917
v 428.5681 860.0000 57.5250
v 431.1047 860.0000 57.5650
v 425.2028 912.5000 61.9812
v 427.6858 912.5000 62.0267
v 421.8365 965.0000 66.4259
v 424.2659 965.0000 66.4768
v 418.4693 1017.5000 70.8593
v 420.8450 1017.5000 70.9151
v 413.9813 1070.0000 75.2949
v 416.2856 1070.0000 75.3549
v 402.7722 1122.5000 79.7846
v 404.8984 1122.5000 79.8457
v 391.5619 1175.0000 84.2349
v 393.5100 1175.0000 84.2961
v 443.4832 648.6250 39.4759
v 503.7298 648.6250 39.3607
v 443.3945 650.0000 39.5941
v 503.6104 650.0000 39.4830
v 443.3058 651.3750 39.7122
v 503.4910 651.3750 39.6052
v 392.8319 1173.6250 84.1494
v 435.5848 1173.6250 85.1738
v 392.5359 1175.0000 84.2655
v 435.1868 1175.0000 85.2904
v 392.2400 1176.3750 84.3815
v 434.7887 1176.3750 85.4069
v 442.2952 -650.0000 53.3187
v 445.0363 -650.0000 52.8826
v 438.8970 -702.5000 57.5758
v 441.5859 -702.5000 57.1551
v 435.4990 -755.0000 61.8213
v 438.1355 -755.0000 61.4158
v 432.1011 -807.5000 66.0554
v 434.6853 -807.5000 65.6647
v 428.7035 -860.0000 70.2780
v 431.2353 -860.0000 69.9019
v 425.3061 -912.5000 74.4892
v 427.7854 -912.5000 74.1273
v 421.9090 -965.0000 78.6888
v 424.3358 -965.0000 78.3409
v 418.5123 -1017.5000 82.8770
v 420.8865 -1017.5000 82.5429
v 413.9957 -1070.0000 86.9858
v 416.2995 -1070.0000 86.6676
v 402.7595 -1122.5000 90.6597
v 404.8861 -1122.5000 90.3718
v 391.5264 -1175.0000 94.2942
v 393.4758 -1175.0000 94.0356
v 443.7554 -648.6250 52.9898
v 503.7462 -648.6250 41.2341
v 443.6657 -650.0000 53.1017
v 503.6268 -650.0000 41.3560
v 443.5761 -651.3750 53.2135
v 503.5073 -651.3750 41.4779
v 392.7976 -1173.6250 94.0706
v 435.5827 -1173.6250 86.8302
v 392.5011 -1175.0000 94.1656
v 435.1847 -1175.0000 86.9455
v 392.2047 -1176.3750 94.2607
v 434.7866 -1176.3750 87.0608
v 442.0190 -650.0000 39.5865
v 444.7700 -650.0000 39.6016
v 438.6579 -702.5000 44.0882
v 441.3553 -702.5000 44.1100
v 435.2957 -755.0000 48.5785
v 437.9396 -755.0000 48.6067
v 431.9325 -807.5000 53.0574
v 434.5227 -807.5000 53.0917
v 428.5681 -860.0000 57.5250
v 431.1047 -860.0000 57.5650
v 425.2028 -912.5000 61.9812
v 427.6858 -912.5000 62.0267
v 421.8365 -965.0000 66.4259
v 424.2659 -965.0000 66.4768
v 418.4693 -1017.5000 70.8593
v 420.8450 -1017.5000 70.9151
v 413.9813 -1070.0000 75.2949
v 416.2856 -1070.0000 75.3549
v 402.7722 -1122.5000 79.7846
v 404.8984 -1122.5000 79.8457
v 391.5619 -1175.0000 84.2349
v 393.5100 -1175.0000 84.2961
v 443.4832 -648.6250 39.4759
v 503.7298 -648.6250 39.3607
v 443.3945 -650.0000 39.5941
v 503.6104 -650.0000 39.4830
v 443.3058 -651.3750 39.7122
v 503.4910 -651.3750 39.6052
v 392.8319 -1173.6250 84.1494
v 435.5848 -1173.6250 85.1738
v 392.5359 -1175.0000 84.2655
v 435.1868 -1175.0000 85.2904
v 392.2400 -1176.3750 84.3815
v 434.7887 -1176.3750 85.4069
v 448.0033 150.0000 46.1910
v 450.7425 150.0000 45.7431
v 448.0033 197.5000 46.1910
v 450.7425 197.5000 45.7431
v 448.0033 245.0000 46.1910
v 450.7425 245.0000 45.7431
v 448.0033 292.5000 46.1910
v 450.7425 292.5000 45.7431
v 448.0033 340.0000 46.1910
v 450.7425 340.0000 45.7431
v 448.0033 387.5000 46.1910
v 450.7425 387.5000 45.7431
v 448.0033 435.0000 46.1910
v 450.7425 435.0000 45.7431
v 448.0033 482.5000 46.1910
v 450.7425 482.5000 45.7431
v 448.0033 530.0000 46.1910
v 450.7425 530.0000 45.7431
v 447.0322 577.5000 47.4140
v 449.7569 577.5000 46.9705
v 443.9568 625.0000 51.2807
v 446.6359 625.0000 50.8510
v 449.3730 148.6250 45.9680
v 511.2260 148.6250 33.5768
v 449.3730 150.0000 45.9680
v 511.2260 150.0000 33.5768
v 449.3730 151.3750 45.9680
v 511.2260 151.3750 33.5768
v 445.3861 623.6250 50.9548
v 505.9179 623.6250 39.0162
v 445.2964 625.0000 51.0668
v 505.7984 625.0000 39.1383
v 445.2067 626.3750 51.1788
v 505.6790 626.3750 39.2604
v 447.6627 150.0000 32.0584
v 450.4137 150.0000 32.0618
v 447.6627 197.5000 32.0584
v 450.4137 197.5000 32.0618
v 447.6627 245.0000 32.0584
v 450.4137 245.0000 32.0618
v 447.6627 292.5000 32.0584
v 450.4137 292.5000 32.0618
v 447.6627 340.0000 32.0584
v 450.4137 340.0000 32.0618
v 447.6627 387.5000 32.0584
v 450.4137 387.5000 32.0618
v 447.6627 435.0000 32.0584
v 450.4137 435.0000 32.0618
v 447.6627 482.5000 32.0584
v 450.4137 482.5000 32.0618
v 447.6627 530.0000 32.0584
v 450.4137 530.0000 32.0618
v 446.7029 577.5000 33.3512
v 449.4391 577.5000 33.3566
v 443.6627 625.0000 37.4390
v 446.3520 625.0000 37.4505
v 449.0382 148.6250 32.0601
v 511.2058 148.6250 31.6796
v 449.0382 150.0000 32.0601
v 511.2058 150.0000 31.6796
v 449.0382 151.3750 32.0601
v 511.2058 151.3750 31.6796
v 445.0960 623.6250 37.3265
v 505.9003 623.6250 37.1359
v 445.0073 625.0000 37.4448
v 505.7810 625.0000 37.2584
v 444.9186 626.3750 37.5630
v 505.6616 626.3750 37.3809
v 448.0033 -150.0000 46.1910
v 450.7425 -150.0000 45.7431
v 448.0033 -197.5000 46.1910
v 450.7425 -197.5000 45.7431
v 448.0033 -245.0000 46.1910
v 450.7425 -245.0000 45.7431
v 448.0033 -292.5000 46.1910
v 450.7425 -292.5000 45.7431
v 448.0033 -340.0000 46.1910
v 450.7425 -340.0000 45.7431
v 448.0033 -387.5000 46.1910
v 450.7425 -387.5000 45.7431
v 448.0033 -435.0000 46.1910
v 450.7425 -435.0000 45.7431
v 448.0033 -482.5000 46.1910
v 450.7425 -482.5000 45.7431
v 448.0033 -530.0000 46.1910
v 450.7425 -530.0000 45.7431
v 447.0322 -577.5000 47.4140
v 449.7569 -577.5000 46.9705
v 443.9568 -625.0000 51.2807
v 446.6359 -625.0000 50.8510
v 449.3730 -148.6250 45.9680
v 511.2260 -148.6250 33.5768
v 449.3730 -150.0000 45.9680
v 511.2260 -150.0000 33.5768
v 449.3730 -151.3750 45.9680
v 511.2260 -151.3750 33.5768
v 445.3861 -623.6250 50.9548
v 505.9179 -623.6250 39.0162
v 445.2964 -625.0000 51.0668
v 505.7984 -625.0000 39.1383
v 445.2067 -626.3750 51.1788
v 505.6790 -626.3750 39.2604
v 447.6627 -150.0000 32.0584
v 450.4137 -150.0000 32.0618
v 447.6627 -197.5000 32.0584
v 450.4137 -197.5000 32.0618
v 447.6627 -245.0000 32.0584
v 450.4137 -245.0000 32.0618
v 447.6627 -292.5000 32.0584
v 450.4137 -292.5000 32.0618
v 447.6627 -340.0000 32.0584
v 450.4137 -340.0000 32.0618
v 447.6627 -387.5000 32.0584
v 450.4137 -387.5000 32.0618
v 447.6627 -435.0000 32.0584
v 450.4137 -435.0000 32.0618
v 447.6627 -482.5000 32.0584
v 450.4137 -482.5000 32.0618
v 447.6627 -530.0000 32.0584
v 450.4137 -530.0000 32.0618
v 446.7029 -577.5000 33.3512
v 449.4391 -577.5000 33.3566
v 443.6627 -625.0000 37.4390
v 446.3520 -625.0000 37.4505
v 449.0382 -148.6250 32.0601
v 511.2058 -148.6250 31.6796
v 449.0382 -150.0000 32.0601
v 511.2058 -150.0000 31.6796
v 449.0382 -151.3750 32.0601
v 511.2058 -151.3750 31.6796
v 445.0960 -623.6250 37.3265
v 505.9003 -623.6250 37.1359
v 445.0073 -625.0000 37.4448
v 505.7810 -625.0000 37.2584
v 444.9186 -626.3750 37.5630
v 505.6616 -626.3750 37.3809
v 1428.3936 -4.4495 18.1951
v 1430.8961 -4.3733 18.0976
v 1430.2747 32.6534 46.8432
v 1432.7773 32.7296 46.7457
v 1432.1559 69.7562 75.4913
v 1434.6584 69.8324 75.3938
v 1434.0370 106.8591 104.1394
v 1436.5395 106.9353 104.0419
v 1435.9181 143.9620 132.7875
v 1438.4207 144.0382 132.6900
v 1437.7993 181.0649 161.4356
v 1440.3018 181.1411 161.3381
v 1439.6804 218.1678 190.0837
v 1442.1830 218.2440 189.9862
v 1441.5616 255.2706 218.7318
v 1444.0641 255.3468 218.6343
v 1443.4427 292.3735 247.3799
v 1445.9452 292.4497 247.2824
v 1428.5844 2.8969 8.7921
v 1431.0811 2.7670 8.9584
v 1430.4580 39.7335 37.7811
v 1432.9547 39.6036 37.9474
v 1432.3316 76.5701 66.7700
v 1434.8283 76.4402 66.9363
v 1434.2052 113.4067 95.7589
v 1436.7019 113.2767 95.9252
v 1436.0788 150.2433 124.7479
v 1438.5755 150.1133 124.9142
v 1437.9524 187.0798 153.7368
v 1440.4491 186.9499 153.9031
v 1439.8259 223.9164 182.7258
v 1442.3226 223.7865 182.8921
v 1441.6995 260.7530 211.7147
v 1444.1962 260.6231 211.8810
v 1443.5731 297.5896 240.7036
v 1446.0698 297.4597 240.8699
v 1428.3936 4.4495 18.1951
v 1430.8961 4.3733 18.0976
v 1430.2747 -32.6534 46.8432
v 1432.7773 -32.7296 46.7457
v 1432.1559 -69.7562 75.4913
v 1434.6584 -69.8324 75.3938
v 1434.0370 -106.8591 104.1394
v 1436.5395 -106.9353 104.0419
v 1435.9181 -143.9620 132.7875
v 1438.4207 -144.0382 132.6900
v 1437.7993 -181.0649 161.4356
v 1440.3018 -181.1411 161.3381
v 1439.6804 -218.1678 190.0837
v 1442.1830 -218.2440 189.9862
v 1441.5616 -255.2706 218.7318
v 1444.0641 -255.3468 218.6343
v 1443.4427 -292.3735 247.3799
v 1445.9452 -292.4497 247.2824
v 1428.5844 -2.8969 8.7921
v 1431.0811 -2.7670 8.9584
v 1430.4580 -39.7335 37.7811
v 1432.9547 -39.6036 37.9474
v 1432.3316 -76.5701 66.7700
v 1434.8283 -76.4402 66.9363
v 1434.2052 -113.4067 95.7589
v 1436.7019 -113.2767 95.9252
v 1436.0788 -150.2433 124.7479
v 1438.5755 -150.1133 124.9142
v 1437.9524 -187.0798 153.7368
v 1440.4491 -186.9499 153.9031
v 1439.8259 -223.9164 182.7258
v 1442.3226 -223.7865 182.8921
v 1441.6995 -260.7530 211.7147
v 1444.1962 -260.6231 211.8810
v 1443.5731 -297.5896 240.7036
v 1446.0698 -297.4597 240.8699
g wing_stbd
f 1 182 183
f 1 183 2
f 2 183 184
f 2 184 3
f 3 184 185
f 3 185 4
f 4 185 186
f 4 186 5
f 5 186 187
f 5 187 6
f 6 187 188
f 6 188 7
f 7 188 189
f 7 189 8
f 8 189 190
f 8 190 9
f 9 190 191
f 9 191 10
f 10 191 192
f 10 192 11
f 11 192 193
f 11 193 12
f 12 193 194
f 12 194 13
f 13 194 195
f 13 195 14
f 14 195 196
f 14 196 15
f 15 196 197
f 15 197 16
f 16 197 198
f 16 198 17
f 17 198 199
f 17 199 18
f 18 199 200
f 18 200 19
f 19 200 201
f 19 201 20
f 20 201 202
f 20 202 21
f 21 202 203
f 21 203 22
f 22 203 204
f 22 204 23
f 23 204 205
f 23 205 24
f 24 205 206
f 24 206 25
f 25 206 207
f 25 207 26
f 26 207 208
f 26 208 27
f 27 208 209
f 27 209 28
f 28 209 210
f 28 210 29
f 29 210 211
f 29 211 30
f 30 211 212
f 30 212 31
f 31 212 213
f 31 213 32
f 32 213 214
f 32 214 33
f 33 214 215
f 33 215 34
f 34 215 216
f 34 216 35
f 35 216 217
f 35 217 36
f 36 217 218
f 36 218 37
f 37 218 219
f 37 219 38
f 38 219 220
f 38 220 39
f 39 220 221
f 39 221 40
f 40 221 222
f 40 222 41
f 41 222 223
f 41 223 42
f 42 223 224
f 42 224 43
f 43 224 225
f 43 225 44
f 44 225 226
f 44 226 45
f 45 226 227
f 45 227 46
f 46 227 228
f 46 228 47
f 47 228 229
f 47 229 48
f 48 229 230
f 48 230 49
f 49 230 231
f 49 231 50
f 50 231 232
f 50 232 51
f 51 232 233
f 51 233 52
f 52 233 234
f 52 234 53
f 53 234 235
f 53 235 54
f 54 235 236
f 54 236 55
f 55 236 237
f 55 237 56
f 56 237 238
f 56 238 57
f 57 238 239
f 57 239 58
f 58 239 240
f 58 240 59
f 59 240 241
f 59 241 60
f 60 241 242
f 60 242 61
f 61 242 243
f 61 243 62
f 62 243 244
f 62 244 63
f 63 244 245
f 63 245 64
f 64 245 246
f 64 246 65
f 65 246 247
f 65 247 66
f 66 247 248
f 66 248 67
f 67 248 249
f 67 249 68
f 68 249 250
f 68 250 69
f 69 250 251
f 69 251 70
f 70 251 252
f 70 252 71
f 71 252 253
f 71 253 72
f 72 253 254
f 72 254 73
f 73 254 255
f 73 255 74
f 74 255 256
f 74 256 75
f 75 256 257
f 75 257 76
f 76 257 258
f 76 258 77
f 77 258 259
f 77 259 78
f 78 259 260
f 78 260 79
f 79 260 261
f 79 261 80
f 80 261 262
f 80 262 81
f 81 262 263
f 81 263 82
f 82 263 264
f 82 264 83
f 83 264 265
f 83 265 84
f 84 265 266
f 84 266 85
f 85 266 267
f 85 267 86
f 86 267 268
f 86 268 87
f 87 268 269
f 87 269 88
f 88 269 270
f 88 270 89
f 89 270 271
f 89 271 90
f 90 271 272
f 90 272 91
f 91 272 273
f 91 273 92
f 92 273 274
f 92 274 93
f 93 274 275
f 93 275 94
f 94 275 276
f 94 276 95
f 95 276 277
f 95 277 96
f 96 277 278
f 96 278 97
f 97 278 279
f 97 279 98
f 98 279 280
f 98 280 99
f 99 280 281
f 99 281 100
f 100 281 282
f 100 282 101
f 101 282 283
f 101 283 102
f 102 283 284
f 102 284 103
f 103 284 285
f 103 285 104
f 104 285 286
f 104 286 105
f 105 286 287
f 105 287 106
f 106 287 288
f 106 288 107
f 107 288 289
f 107 289 108
f 108 289 290
f 108 290 109
f 109 290 291
f 109 291 110
f 110 291 292
f 110 292 111
f 111 292 293
f 111 293 112
f 112 293 294
f 112 294 113
f 113 294 295
f 113 295 114
f 114 295 296
f 114 296 115
f 115 296 297
f 115 297 116
f 116 297 298
f 116 298 117
f 117 298 299
f 117 299 118
f 118 299 300
f 118 300 119
f 119 300 301
f 119 301 120
f 120 301 302
f 120 302 121
f 121 302 303
f 121 303 122
f 122 303 304
f 122 304 123
f 123 304 305
f 123 305 124
f 124 305 306
f 124 306 125
f 125 306 307
f 125 307 126
f 126 307 308
f 126 308 127
f 127 308 309
f 127 309 128
f 128 309 310
f 128 310 129
f 129 310 311
f 129 311 130
f 130 311 312
f 130 312 131
f 131 312 313
f 131 313 132
f 132 313 314
f 132 314 133
f 133 314 315
f 133 315 134
f 134 315 316
f 134 316 135
f 135 316 317
f 135 317 136
f 136 317 318
f 136 318 137
f 137 318 319
f 137 319 138
f 138 319 320
f 138 320 139
f 139 320 321
f 139 321 140
f 140 321 322
f 140 322 141
f 141 322 323
f 141 323 142
f 142 323 324
f 142 324 143
f 143 324 325
f 143 325 144
f 144 325 326
f 144 326 145
f 145 326 327
f 145 327 146
f 146 327 328
f 146 328 147
f 147 328 329
f 147 329 148
f 148 329 330
f 148 330 149
f 149 330 331
f 149 331 150
f 150 331 332
f 150 332 151
f 151 332 333
f 151 333 152
f 152 333 334
f 152 334 153
f 153 334 335
f 153 335 154
f 154 335 336
f 154 336 155
f 155 336 337
f 155 337 156
f 156 337 338
f 156 338 157
f 157 338 339
f 157 339 158
f 158 339 340
f 158 340 159
f 159 340 341
f 159 341 160
f 160 341 342
f 160 342 161
f 161 342 343
f 161 343 162
f 162 343 344
f 162 344 163
f 163 344 345
f 163 345 164
f 164 345 346
f 164 346 165
f 165 346 347
f 165 347 166
f 166 347 348
f 166 348 167
f 167 348 349
f 167 349 168
f 168 349 350
f 168 350 169
f 169 350 351
f 169 351 170
f 170 351 352
f 170 352 171
f 171 352 353
f 171 353 172
f 172 353 354
f 172 354 173
f 173 354 355
f 173 355 174
f 174 355 356
f 174 356 175
f 175 356 357
f 175 357 176
f 176 357 358
f 176 358 177
f 177 358 359
f 177 359 178
f 178 359 360
f 178 360 179
f 179 360 361
f 179 361 180
f 180 361 362
f 180 362 181
f 181 362 182
f 181 182 1
f 182 363 364
f 182 364 183
f 183 364 365
f 183 365 184
f 184 365 366
f 184 366 185
f 185 366 367
f 185 367 186
f 186 367 368
f 186 368 187
f 187 368 369
f 187 369 188
f 188 369 370
f 188 370 189
f 189 370 371
f 189 371 190
f 190 371 372
f 190 372 191
f 191 372 373
f 191 373 192
f 192 373 374
f 192 374 193
f 193 374 375
f 193 375 194
f 194 375 376
f 194 376 195
f 195 376 377
f 195 377 196
f 196 377 378
f 196 378 197
f 197 378 379
f 197 379 198
f 198 379 380
f 198 380 199
f 199 380 381
f 199 381 200
f 200 381 382
f 200 382 201
f 201 382 383
f 201 383 202
f 202 383 384
f 202 384 203
f 203 384 385
f 203 385 204
f 204 385 386
f 204 386 205
f 205 386 387
f 205 387 206
f 206 387 388
f 206 388 207
f 207 388 389
f 207 389 208
f 208 389 390
f 208 390 209
f 209 390 391
f 209 391 210
f 210 391 392
f 210 392 211
f 211 392 393
f 211 393 212
f 212 393 394
f 212 394 213
f 213 394 395
f 213 395 214
f 214 395 396
f 214 396 215
f 215 396 397
f 215 397 216
f 216 397 398
f 216 398 217
f 217 398 399
f 217 399 218
f 218 399 400
f 218 400 219
f 219 400 401
f 219 401 220
f 220 401 402
f 220 402 221
f 221 402 403
f 221 403 222
f 222 403 404
f 222 404 223
f 223 404 405
f 223 405 224
f 224 405 406
f 224 406 225
f 225 406 407
f 225 407 226
f 226 407 408
f 226 408 227
f 227 408 409
f 227 409 228
f 228 409 410
f 228 410 229
f 229 410 411
f 229 411 230
f 230 411 412
f 230 412 231
f 231 412 413
f 231 413 232
f 232 413 414
f 232 414 233
f 233 414 415
f 233 415 234
f 234 415 416
f 234 416 235
f 235 416 417
f 235 417 236
f 236 417 418
f 236 418 237
f 237 418 419
f 237 419 238
f 238 419 420
f 238 420 239
f 239 420 421
f 239 421 240
f 240 421 422
f 240 422 241
f 241 422 423
f 241 423 242
f 242 423 424
f 242 424 243
f 243 424 425
f 243 425 244
f 244 425 426
f 244 426 245
f 245 426 427
f 245 427 246
f 246 427 428
f 246 428 247
f 247 428 429
f 247 429 248
f 248 429 430
f 248 430 249
f 249 430 431
f 249 431 250
f 250 431 432
f 250 432 251
f 251 432 433
f 251 433 252
f 252 433 434
f 252 434 253
f 253 434 435
f 253 435 254
f 254 435 436
f 254 436 255
f 255 436 437
f 255 437 256
f 256 437 438
f 256 438 257
f 257 438 439
f 257 439 258
f 258 439 440
f 258 440 259
f 259 440 441
f 259 441 260
f 260 441 442
f 260 442 261
f 261 442 443
f 261 443 262
f 262 443 444
f 262 444 263
f 263 444 445
f 263 445 264
f 264 445 446
f 264 446 265
f 265 446 447
f 265 447 266
f 266 447 448
f 266 448 267
f 267 448 449
f 267 449 268
f 268 449 450
f 268 450 269
f 269 450 451
f 269 451 270
f 270 451 452
f 270 452 271
f 271 452 453
f 271 453 272
f 272 453 454
f 272 454 273
f 273 454 455
f 273 455 274
f 274 455 456
f 274 456 275
f 275 456 457
f 275 457 276
f 276 457 458
f 276 458 277
f 277 458 459
f 277 459 278
f 278 459 460
f 278 460 279
f 279 460 461
f 279 461 280
f 280 461 462
f 280 462 281
f 281 462 463
f 281 463 282
f 282 463 464
f 282 464 283
f 283 464 465
f 283 465 284
f 284 465 466
f 284 466 285
f 285 466 467
f 285 467 286
f 286 467 468
f 286 468 287
f 287 468 469
f 287 469 288
f 288 469 470
f 288 470 289
f 289 470 471
f 289 471 290
f 290 471 472
f 290 472 291
f 291 472 473
f 291 473 292
f 292 473 474
f 292 474 293
f 293 474 475
f 293 475 294
f 294 475 476
f 294 476 295
f 295 476 477
f 295 477 296
f 296 477 478
f 296 478 297
f 297 478 479
f 297 479 298
f 298 479 480
f 298 480 299
f 299 480 481
f 299 481 300
f 300 481 482
f 300 482 301
f 301 482 483
f 301 483 302
f 302 483 484
f 302 484 303
f 303 484 485
f 303 485 304
f 304 485 486
f 304 486 305
f 305 486 487
f 305 487 306
f 306 487 488
f 306 488 307
f 307 488 489
f 307 489 308
f 308 489 490
f 308 490 309
f 309 490 491
f 309 491 310
f 310 491 492
f 310 492 311
f 311 492 493
f 311 493 312
f 312 493 494
f 312 494 313
f 313 494 495
f 313 495 314
f 314 495 496
f 314 496 315
f 315 496 497
f 315 497 316
f 316 497 498
f 316 498 317
f 317 498 499
f 317 499 318
f 318 499 500
f 318 500 319
f 319 500 501
f 319 501 320
f 320 501 502
f 320 502 321
f 321 502 503
f 321 503 322
f 322 503 504
f 322 504 323
f 323 504 505
f 323 505 324
f 324 505 506
f 324 506 325
f 325 506 507
f 325 507 326
f 326 507 508
f 326 508 327
f 327 508 509
f 327 509 328
f 328 509 510
f 328 510 329
f 329 510 511
f 329 511 330
f 330 511 512
f 330 512 331
f 331 512 513
f 331 513 332
f 332 513 514
f 332 514 333
f 333 514 515
f 333 515 334
f 334 515 516
f 334 516 335
f 335 516 517
f 335 517 336
f 336 517 518
f 336 518 337
f 337 518 519
f 337 519 338
f 338 519 520
f 338 520 339
f 339 520 521
f 339 521 340
f 340 521 522
f 340 522 341
f 341 522 523
f 341 523 342
f 342 523 524
f 342 524 343
f 343 524 525
f 343 525 344
f 344 525 526
f 344 526 345
f 345 526 527
f 345 527 346
f 346 527 528
f 346 528 347
f 347 528 529
f 347 529 348
f 348 529 530
f 348 530 349
f 349 530 531
f 349 531 350
f 350 531 532
f 350 532 351
f 351 532 533
f 351 533 352
f 352 533 534
f 352 534 353
f 353 534 535
f 353 535 354
f 354 535 536
f 354 536 355
f 355 536 537
f 355 537 356
f 356 537 538
f 356 538 357
f 357 538 539
f 357 539 358
f 358 539 540
f 358 540 359
f 359 540 541
f 359 541 360
f 360 541 542
f 360 542 361
f 361 542 543
f 361 543 362
f 362 543 363
f 362 363 182
f 363 544 545
f 363 545 364
f 364 545 546
f 364 546 365
f 365 546 547
f 365 547 366
f 366 547 548
f 366 548 367
f 367 548 549
f 367 549 368
f 368 549 550
f 368 550 369
f 369 550 551
f 369 551 370
f 370 551 552
f 370 552 371
f 371 552 553
f 371 553 372
f 372 553 554
f 372 554 373
f 373 554 555
f 373 555 374
f 374 555 556
f 374 556 375
f 375 556 557
f 375 557 376
f 376 557 558
f 376 558 377
f 377 558 559
f 377 559 378
f 378 559 560
f 378 560 379
f 379 560 561
f 379 561 380
f 380 561 562
f 380 562 381
f 381 562 563
f 381 563 382
f 382 563 564
f 382 564 383
f 383 564 565
f 383 565 384
f 384 565 566
f 384 566 385
f 385 566 567
f 385 567 386
f 386 567 568
f 386 568 387
f 387 568 569
f 387 569 388
f 388 569 570
f 388 570 389
f 389 570 571
f 389 571 390
f 390 571 572
f 390 572 391
f 391 572 573
f 391 573 392
f 392 573 574
f 392 574 393
f 393 574 575
f 393 575 394
f 394 575 576
f 394 576 395
f 395 576 577
f 395 577 396
f 396 577 578
f 396 578 397
f 397 578 579
f 397 579 398
f 398 579 580
f 398 580 399
f 399 580 581
f 399 581 400
f 400 581 582
f 400 582 401
f 401 582 583
f 401 583 402
f 402 583 584
f 402 584 403
f 403 584 585
f 403 585 404
f 404 585 586
f 404 586 405
f 405 586 587
f 405 587 406
f 406 587 588
f 406 588 407
f 407 588 589
f 407 589 408
f 408 589 590
f 408 590 409
f 409 590 591
f 409 591 410
f 410 591 592
f 410 592 411
f 411 592 593
f 411 593 412
f 412 593 594
f 412 594 413
f 413 594 595
f 413 595 414
f 414 595 596
f 414 596 415
f 415 596 597
f 415 597 416
f 416 597 598
f 416 598 417
f 417 598 599
f 417 599 418
f 418 599 600
f 418 600 419
f 419 600 601
f 419 601 420
f 420 601 602
f 420 602 421
f 421 602 603
f 421 603 422
f 422 603 604
f 422 604 423
f 423 604 605
f 423 605 424
f 424 605 606
f 424 606 425
f 425 606 607
f 425 607 426
f 426 607 608
f 426 608 427
f 427 608 609
f 427 609 428
f 428 609 610
f 428 610 429
f 429 610 611
f 429 611 430
f 430 611 612
f 430 612 431
f 431 612 613
f 431 613 432
f 432 613 614
f 432 614 433
f 433 614 615
f 433 615 434
f 434 615 616
f 434 616 435
f 435 616 617
f 435 617 436
f 436 617 618
f 436 618 437
f 437 618 619
f 437 619 438
f 438 619 620
f 438 620 439
f 439 620 621
f 439 621 440
f 440 621 622
f 440 622 441
f 441 622 623
f 441 623 442
f 442 623 624
f 442 624 443
f 443 624 625
f 443 625 444
f 444 625 626
f 444 626 445
f 445 626 627
f 445 627 446
f 446 627 628
f 446 628 447
f 447 628 629
f 447 629 448
f 448 629 630
f 448 630 449
f 449 630 631
f 449 631 450
f 450 631 632
f 450 632 451
f 451 632 633
f 451 633 452
f 452 633 634
f 452 634 453
f 453 634 635
f 453 635 454
f 454 635 636
f 454 636 455
f 455 636 637
f 455 637 456
f 456 637 638
f 456 638 457
f 457 638 639
f 457 639 458
f 458 639 640
f 458 640 459
f 459 640 641
f 459 641 460
f 460 641 642
f 460 642 461
f 461 642 643
f 461 643 462
f 462 643 644
f 462 644 463
f 463 644 645
f 463 645 464
f 464 645 646
f 464 646 465
f 465 646 647
f 465 647 466
f 466 647 648
f 466 648 467
f 467 648 649
f 467 649 468
f 468 649 650
f 468 650 469
f 469 650 651
f 469 651 470
f 470 651 652
f 470 652 471
f 471 652 653
f 471 653 472
f 472 653 654
f 472 654 473
f 473 654 655
f 473 655 474
f 474 655 656
f 474 656 475
f 475 656 657
f 475 657 476
f 476 657 658
f 476 658 477
f 477 658 659
f 477 659 478
f 478 659 660
f 478 660 479
f 479 660 661
f 479 661 480
f 480 661 662
f 480 662 481
f 481 662 663
f 481 663 482
f 482 663 664
f 482 664 483
f 483 664 665
f 483 665 484
f 484 665 666
f 484 666 485
f 485 666 667
f 485 667 486
f 486 667 668
f 486 668 487
f 487 668 669
f 487 669 488
f 488 669 670
f 488 670 489
f 489 670 671
f 489 671 490
f 490 671 672
f 490 672 491
f 491 672 673
f 491 673 492
f 492 673 674
f 492 674 493
f 493 674 675
f 493 675 494
f 494 675 676
f 494 676 495
f 495 676 677
f 495 677 496
f 496 677 678
f 496 678 497
f 497 678 679
f 497 679 498
f 498 679 680
f 498 680 499
f 499 680 681
f 499 681 500
f 500 681 682
f 500 682 501
f 501 682 683
f 501 683 502
f 502 683 684
f 502 684 503
f 503 684 685
f 503 685 504
f 504 685 686
f 504 686 505
f 505 686 687
f 505 687 506
f 506 687 688
f 506 688 507
f 507 688 689
f 507 689 508
f 508 689 690
f 508 690 509
f 509 690 691
f 509 691 510
f 510 691 692
f 510 692 511
f 511 692 693
f 511 693 512
f 512 693 694
f 512 694 513
f 513 694 695
f 513 695 514
f 514 695 696
f 514 696 515
f 515 696 697
f 515 697 516
f 516 697 698
f 516 698 517
f 517 698 699
f 517 699 518
f 518 699 700
f 518 700 519
f 519 700 701
f 519 701 520
f 520 701 702
f 520 702 521
f 521 702 703
f 521 703 522
f 522 703 704
f 522 704 523
f 523 704 705
f 523 705 524
f 524 705 706
f 524 706 525
f 525 706 707
f 525 707 526
f 526 707 708
f 526 708 527
f 527 708 709
f 527 709 528
f 528 709 710
f 528 710 529
f 529 710 711
f 529 711 530
f 530 711 712
f 530 712 531
f 531 712 713
f 531 713 532
f 532 713 714
f 532 714 533
f 533 714 715
f 533 715 534
f 534 715 716
f 534 716 535
f 535 716 717
f 535 717 536
f 536 717 718
f 536 718 537
f 537 718 719
f 537 719 538
f 538 719 720
f 538 720 539
f 539 720 721
f 539 721 540
f 540 721 722
f 540 722 541
f 541 722 723
f 541 723 542
f 542 723 724
f 542 724 543
f 543 724 544
f 543 544 363
f 544 725 726
f 544 726 545
f 545 726 727
f 545 727 546
f 546 727 728
f 546 728 547
f 547 728 729
f 547 729 548
f 548 729 730
f 548 730 549
f 549 730 731
f 549 731 550
f 550 731 732
f 550 732 551
f 551 732 733
f 551 733 552
f 552 733 734
f 552 734 553
f 553 734 735
f 553 735 554
f 554 735 736
f 554 736 555
f 555 736 737
f 555 737 556
f 556 737 738
f 556 738 557
f 557 738 739
f 557 739 558
f 558 739 740
f 558 740 559
f 559 740 741
f 559 741 560
f 560 741 742
f 560 742 561
f 561 742 743
f 561 743 562
f 562 743 744
f 562 744 563
f 563 744 745
f 563 745 564
f 564 745 746
f 564 746 565
f 565 746 747
f 565 747 566
f 566 747 748
f 566 748 567
f 567 748 749
f 567 749 568
f 568 749 750
f 568 750 569
f 569 750 751
f 569 751 570
f 570 751 752
f 570 752 571
f 571 752 753
f 571 753 572
f 572 753 754
f 572 754 573
f 573 754 755
f 573 755 574
f 574 755 756
f 574 756 575
f 575 756 757
f 575 757 576
f 576 757 758
f 576 758 577
f 577 758 759
f 577 759 578
f 578 759 760
f 578 760 579
f 579 760 761
f 579 761 580
f 580 761 762
f 580 762 581
f 581 762 763
f 581 763 582
f 582 763 764
f 582 764 583
f 583 764 765
f 583 765 584
f 584 765 766
f 584 766 585
f 585 766 767
f 585 767 586
f 586 767 768
f 586 768 587
f 587 768 769
f 587 769 588
f 588 769 770
f 588 770 589
f 589 770 771
f 589 771 590
f 590 771 772
f 590 772 591
f 591 772 773
f 591 773 592
f 592 773 774
f 592 774 593
f 593 774 775
f 593 775 594
f 594 775 776
f 594 776 595
f 595 776 777
f 595 777 596
f 596 777 778
f 596 778 597
f 597 778 779
f 597 779 598
f 598 779 780
f 598 780 599
f 599 780 781
f 599 781 600
f 600 781 782
f 600 782 601
f 601 782 783
f 601 783 602
f 602 783 784
f 602 784 603
f 603 784 785
f 603 785 604
f 604 785 786
f 604 786 605
f 605 786 787
f 605 787 606
f 606 787 788
f 606 788 607
f 607 788 789
f 607 789 608
f 608 789 790
f 608 790 609
f 609 790 791
f 609 791 610
f 610 791 792
f 610 792 611
f 611 792 793
f 611 793 612
f 612 793 794
f 612 794 613
f 613 794 795
f 613 795 614
f 614 795 796
f 614 796 615
f 615 796 797
f 615 797 616
f 616 797 798
f 616 798 617
f 617 798 799
f 617 799 618
f 618 799 800
f 618 800 619
f 619 800 801
f 619 801 620
f 620 801 802
f 620 802 621
f 621 802 803
f 621 803 622
f 622 803 804
f 622 804 623
f 623 804 805
f 623 805 624
f 624 805 806
f 624 806 625
f 625 806 807
f 625 807 626
f 626 807 808
f 626 808 627
f 627 808 809
f 627 809 628
f 628 809 810
f 628 810 629
f 629 810 811
f 629 811 630
f 630 811 812
f 630 812 631
f 631 812 813
f 631 813 632
f 632 813 814
f 632 814 633
f 633 814 815
f 633 815 634
f 634 815 816
f 634 816 635
f 635 816 817
f 635 817 636
f 636 817 818
f 636 818 637
f 637 818 819
f 637 819 638
f 638 819 820
f 638 820 639
f 639 820 821
f 639 821 640
f 640 821 822
f 640 822 641
f 641 822 823
f 641 823 642
f 642 823 824
f 642 824 643
f 643 824 825
f 643 825 644
f 644 825 826
f 644 826 645
f 645 826 827
f 645 827 646
f 646 827 828
f 646 828 647
f 647 828 829
f 647 829 648
f 648 829 830
f 648 830 649
f 649 830 831
f 649 831 650
f 650 831 832
f 650 832 651
f 651 832 833
f 651 833 652
f 652 833 834
f 652 834 653
f 653 834 835
f 653 835 654
f 654 835 836
f 654 836 655
f 655 836 837
f 655 837 656
f 656 837 838
f 656 838 657
f 657 838 839
f 657 839 658
f 658 839 840
f 658 840 659
f 659 840 841
f 659 841 660
f 660 841 842
f 660 842 661
f 661 842 843
f 661 843 662
f 662 843 844
f 662 844 663
f 663 844 845
f 663 845 664
f 664 845 846
f 664 846 665
f 665 846 847
f 665 847 666
f 666 847 848
f 666 848 667
f 667 848 849
f 667 849 668
f 668 849 850
f 668 850 669
f 669 850 851
f 669 851 670
f 670 851 852
f 670 852 671
f 671 852 853
f 671 853 672
f 672 853 854
f 672 854 673
f 673 854 855
f 673 855 674
f 674 855 856
f 674 856 675
f 675 856 857
f 675 857 676
f 676 857 858
f 676 858 677
f 677 858 859
f 677 859 678
f 678 859 860
f 678 860 679
f 679 860 861
f 679 861 680
f 680 861 862
f 680 862 681
f 681 862 863
f 681 863 682
f 682 863 864
f 682 864 683
f 683 864 865
f 683 865 684
f 684 865 866
f 684 866 685
f 685 866 867
f 685 867 686
f 686 867 868
f 686 868 687
f 687 868 869
f 687 869 688
f 688 869 870
f 688 870 689
f 689 870 871
f 689 871 690
f 690 871 872
f 690 872 691
f 691 872 873
f 691 873 692
f 692 873 874
f 692 874 693
f 693 874 875
f 693 875 694
f 694 875 876
f 694 876 695
f 695 876 877
f 695 877 696
f 696 877 878
f 696 878 697
f 697 878 879
f 697 879 698
f 698 879 880
f 698 880 699
f 699 880 881
f 699 881 700
f 700 881 882
f 700 882 701
f 701 882 883
f 701 883 702
f 702 883 884
f 702 884 703
f 703 884 885
f 703 885 704
f 704 885 886
f 704 886 705
f 705 886 887
f 705 887 706
f 706 887 888
f 706 888 707
f 707 888 889
f 707 889 708
f 708 889 890
f 708 890 709
f 709 890 891
f 709 891 710
f 710 891 892
f 710 892 711
f 711 892 893
f 711 893 712
f 712 893 894
f 712 894 713
f 713 894 895
f 713 895 714
f 714 895 896
f 714 896 715
f 715 896 897
f 715 897 716
f 716 897 898
f 716 898 717
f 717 898 899
f 717 899 718
f 718 899 900
f 718 900 719
f 719 900 901
f 719 901 720
f 720 901 902
f 720 902 721
f 721 902 903
f 721 903 722
f 722 903 904
f 722 904 723
f 723 904 905
f 723 905 724
f 724 905 725
f 724 725 544
f 725 906 907
f 725 907 726
f 726 907 908
f 726 908 727
f 727 908 909
f 727 909 728
f 728 909 910
f 728 910 729
f 729 910 911
f 729 911 730
f 730 911 912
f 730 912 731
f 731 912 913
f 731 913 732
f 732 913 914
f 732 914 733
f 733 914 915
f 733 915 734
f 734 915 916
f 734 916 735
f 735 916 917
f 735 917 736
f 736 917 918
f 736 918 737
f 737 918 919
f 737 919 738
f 738 919 920
f 738 920 739
f 739 920 921
f 739 921 740
f 740 921 922
f 740 922 741
f 741 922 923
f 741 923 742
f 742 923 924
f 742 924 743
f 743 924 925
f 743 925 744
f 744 925 926
f 744 926 745
f 745 926 927
f 745 927 746
f 746 927 928
f 746 928 747
f 747 928 929
f 747 929 748
f 748 929 930
f 748 930 749
f 749 930 931
f 749 931 750
f 750 931 932
f 750 932 751
f 751 932 933
f 751 933 752
f 752 933 934
f 752 934 753
f 753 934 935
f 753 935 754
f 754 935 936
f 754 936 755
f 755 936 937
f 755 937 756
f 756 937 938
f 756 938 757
f 757 938 939
f 757 939 758
f 758 939 940
f 758 940 759
f 759 940 941
f 759 941 760
f 760 941 942
f 760 942 761
f 761 942 943
f 761 943 762
f 762 943 944
f 762 944 763
f 763 944 945
f 763 945 764
f 764 945 946
f 764 946 765
f 765 946 947
f 765 947 766
f 766 947 948
f 766 948 767
f 767 948 949
f 767 949 768
f 768 949 950
f 768 950 769
f 769 950 951
f 769 951 770
f 770 951 952
f 770 952 771
f 771 952 953
f 771 953 772
f 772 953 954
f 772 954 773
f 773 954 955
f 773 955 774
f 774 955 956
f 774 956 775
f 775 956 957
f 775 957 776
f 776 957 958
f 776 958 777
f 777 958 959
f 777 959 778
f 778 959 960
f 778 960 779
f 779 960 961
f 779 961 780
f 780 961 962
f 780 962 781
f 781 962 963
f 781 963 782
f 782 963 964
f 782 964 783
f 783 964 965
f 783 965 784
f 784 965 966
f 784 966 785
f 785 966 967
f 785 967 786
f 786 967 968
f 786 968 787
f 787 968 969
f 787 969 788
f 788 969 970
f 788 970 789
f 789 970 971
f 789 971 790
f 790 971 972
f 790 972 791
f 791 972 973
f 791 973 792
f 792 973 974
f 792 974 793
f 793 974 975
f 793 975 794
f 794 975 976
f 794 976 795
f 795 976 977
f 795 977 796
f 796 977 978
f 796 978 797
f 797 978 979
f 797 979 798
f 798 979 980
f 798 980 799
f 799 980 981
f 799 981 800
f 800 981 982
f 800 982 801
f 801 982 983
f 801 983 802
f 802 983 984
f 802 984 803
f 803 984 985
f 803 985 804
f 804 985 986
f 804 986 805
f 805 986 987
f 805 987 806
f 806 987 988
f 806 988 807
f 807 988 989
f 807 989 808
f 808 989 990
f 808 990 809
f 809 990 991
f 809 991 810
f 810 991 992
f 810 992 811
f 811 992 993
f 811 993 812
f 812 993 994
f 812 994 813
f 813 994 995
f 813 995 814
f 814 995 996
f 814 996 815
f 815 996 997
f 815 997 816
f 816 997 998
f 816 998 817
f 817 998 999
f 817 999 818
f 818 999 1000
f 818 1000 819
f 819 1000 1001
f 819 1001 820
f 820 1001 1002
f 820 1002 821
f 821 1002 1003
f 821 1003 822
f 822 1003 1004
f 822 1004 823
f 823 1004 1005
f 823 1005 824
f 824 1005 1006
f 824 1006 825
f 825 1006 1007
f 825 1007 826
f 826 1007 1008
f 826 1008 827
f 827 1008 1009
f 827 1009 828
f 828 1009 1010
f 828 1010 829
f 829 1010 1011
f 829 1011 830
f 830 1011 1012
f 830 1012 831
f 831 1012 1013
f 831 1013 832
f 832 1013 1014
f 832 1014 833
f 833 1014 1015
f 833 1015 834
f 834 1015 1016
f 834 1016 835
f 835 1016 1017
f 835 1017 836
f 836 1017 1018
f 836 1018 837
f 837 1018 1019
f 837 1019 838
f 838 1019 1020
f 838 1020 839
f 839 1020 1021
f 839 1021 840
f 840 1021 1022
f 840 1022 841
f 841 1022 1023
f 841 1023 842
f 842 1023 1024
f 842 1024 843
f 843 1024 1025
f 843 1025 844
f 844 1025 1026
f 844 1026 845
f 845 1026 1027
f 845 1027 846
f 846 1027 1028
f 846 1028 847
f 847 1028 1029
f 847 1029 848
f 848 1029 1030
f 848 1030 849
f 849 1030 1031
f 849 1031 850
f 850 1031 1032
f 850 1032 851
f 851 1032 1033
f 851 1033 852
f 852 1033 1034
f 852 1034 853
f 853 1034 1035
f 853 1035 854
f 854 1035 1036
f 854 1036 855
f 855 1036 1037
f 855 1037 856
f 856 1037 1038
f 856 1038 857
f 857 1038 1039
f 857 1039 858
f 858 1039 1040
f 858 1040 859
f 859 1040 1041
f 859 1041 860
f 860 1041 1042
f 860 1042 861
f 861 1042 1043
f 861 1043 862
f 862 1043 1044
f 862 1044 863
f 863 1044 1045
f 863 1045 864
f 864 1045 1046
f 864 1046 865
f 865 1046 1047
f 865 1047 866
f 866 1047 1048
f 866 1048 867
f 867 1048 1049
f 867 1049 868
f 868 1049 1050
f 868 1050 869
f 869 1050 1051
f 869 1051 870
f 870 1051 1052
f 870 1052 871
f 871 1052 1053
f 871 1053 872
f 872 1053 1054
f 872 1054 873
f 873 1054 1055
f 873 1055 874
f 874 1055 1056
f 874 1056 875
f 875 1056 1057
f 875 1057 876
f 876 1057 1058
f 876 1058 877
f 877 1058 1059
f 877 1059 878
f 878 1059 1060
f 878 1060 879
f 879 1060 1061
f 879 1061 880
f 880 1061 1062
f 880 1062 881
f 881 1062 1063
f 881 1063 882
f 882 1063 1064
f 882 1064 883
f 883 1064 1065
f 883 1065 884
f 884 1065 1066
f 884 1066 885
f 885 1066 1067
f 885 1067 886
f 886 1067 1068
f 886 1068 887
f 887 1068 1069
f 887 1069 888
f 888 1069 1070
f 888 1070 889
f 889 1070 1071
f 889 1071 890
f 890 1071 1072
f 890 1072 891
f 891 1072 1073
f 891 1073 892
f 892 1073 1074
f 892 1074 893
f 893 1074 1075
f 893 1075 894
f 894 1075 1076
f 894 1076 895
f 895 1076 1077
f 895 1077 896
f 896 1077 1078
f 896 1078 897
f 897 1078 1079
f 897 1079 898
f 898 1079 1080
f 898 1080 899
f 899 1080 1081
f 899 1081 900
f 900 1081 1082
f 900 1082 901
f 901 1082 1083
f 901 1083 902
f 902 1083 1084
f 902 1084 903
f 903 1084 1085
f 903 1085 904
f 904 1085 1086
f 904 1086 905
f 905 1086 906
f 905 906 725
f 906 1087 1088
f 906 1088 907
f 907 1088 1089
f 907 1089 908
f 908 1089 1090
f 908 1090 909
f 909 1090 1091
f 909 1091 910
f 910 1091 1092
f 910 1092 911
f 911 1092 1093
f 911 1093 912
f 912 1093 1094
f 912 1094 913
f 913 1094 1095
f 913 1095 914
f 914 1095 1096
f 914 1096 915
f 915 1096 1097
f 915 1097 916
f 916 1097 1098
f 916 1098 917
f 917 1098 1099
f 917 1099 918
f 918 1099 1100
f 918 1100 919
f 919 1100 1101
f 919 1101 920
f 920 1101 1102
f 920 1102 921
f 921 1102 1103
f 921 1103 922
f 922 1103 1104
f 922 1104 923
f 923 1104 1105
f 923 1105 924
f 924 1105 1106
f 924 1106 925
f 925 1106 1107
f 925 1107 926
f 926 1107 1108
f 926 1108 927
f 927 1108 1109
f 927 1109 928
f 928 1109 1110
f 928 1110 929
f 929 1110 1111
f 929 1111 930
f 930 1111 1112
f 930 1112 931
f 931 1112 1113
f 931 1113 932
f 932 1113 1114
f 932 1114 933
f 933 1114 1115
f 933 1115 934
f 934 1115 1116
f 934 1116 935
f 935 1116 1117
f 935 1117 936
f 936 1117 1118
f 936 1118 937
f 937 1118 1119
f 937 1119 938
f 938 1119 1120
f 938 1120 939
f 939 1120 1121
f 939 1121 940
f 940 1121 1122
f 940 1122 941
f 941 1122 1123
f 941 1123 942
f 942 1123 1124
f 942 1124 943
f 943 1124 1125
f 943 1125 944
f 944 1125 1126
f 944 1126 945
f 945 1126 1127
f 945 1127 946
f 946 1127 1128
f 946 1128 947
f 947 1128 1129
f 947 1129 948
f 948 1129 1130
f 948 1130 949
f 949 1130 1131
f 949 1131 950
f 950 1131 1132
f 950 1132 951
f 951 1132 1133
f 951 1133 952
f 952 1133 1134
f 952 1134 953
f 953 1134 1135
f 953 1135 954
f 954 1135 1136
f 954 1136 955
f 955 1136 1137
f 955 1137 956
f 956 1137 1138
f 956 1138 957
f 957 1138 1139
f 957 1139 958
f 958 1139 1140
f 958 1140 959
f 959 1140 1141
f 959 1141 960
f 960 1141 1142
f 960 1142 961
f 961 1142 1143
f 961 1143 962
f 962 1143 1144
f 962 1144 963
f 963 1144 1145
f 963 1145 964
f 964 1145 1146
f 964 1146 965
f 965 1146 1147
f 965 1147 966
f 966 1147 1148
f 966 1148 967
f 967 1148 1149
f 967 1149 968
f 968 1149 1150
f 968 1150 969
f 969 1150 1151
f 969 1151 970
f 970 1151 1152
f 970 1152 971
f 971 1152 1153
f 971 1153 972
f 972 1153 1154
f 972 1154 973
f 973 1154 1155
f 973 1155 974
f 974 1155 1156
f 974 1156 975
f 975 1156 1157
f 975 1157 976
f 976 1157 1158
f 976 1158 977
f 977 1158 1159
f 977 1159 978
f 978 1159 1160
f 978 1160 979
f 979 1160 1161
f 979 1161 980
f 980 1161 1162
f 980 1162 981
f 981 1162 1163
f 981 1163 982
f 982 1163 1164
f 982 1164 983
f 983 1164 1165
f 983 1165 984
f 984 1165 1166
f 984 1166 985
f 985 1166 1167
f 985 1167 986
f 986 1167 1168
f 986 1168 987
f 987 1168 1169
f 987 1169 988
f 988 1169 1170
f 988 1170 989
f 989 1170 1171
f 989 1171 990
f 990 1171 1172
f 990 1172 991
f 991 1172 1173
f 991 1173 992
f 992 1173 1174
f 992 1174 993
f 993 1174 1175
f 993 1175 994
f 994 1175 1176
f 994 1176 995
f 995 1176 1177
f 995 1177 996
f 996 1177 1178
f 996 1178 997
f 997 1178 1179
f 997 1179 998
f 998 1179 1180
f 998 1180 999
f 999 1180 1181
f 999 1181 1000
f 1000 1181 1182
f 1000 1182 1001
f 1001 1182 1183
f 1001 1183 1002
f 1002 1183 1184
f 1002 1184 1003
f 1003 1184 1185
f 1003 1185 1004
f 1004 1185 1186
f 1004 1186 1005
f 1005 1186 1187
f 1005 1187 1006
f 1006 1187 1188
f 1006 1188 1007
f 1007 1188 1189
f 1007 1189 1008
f 1008 1189 1190
f 1008 1190 1009
f 1009 1190 1191
f 1009 1191 1010
f 1010 1191 1192
f 1010 1192 1011
f 1011 1192 1193
f 1011 1193 1012
f 1012 1193 1194
f 1012 1194 1013
f 1013 1194 1195
f 1013 1195 1014
f 1014 1195 1196
f 1014 1196 1015
f 1015 1196 1197
f 1015 1197 1016
f 1016 1197 1198
f 1016 1198 1017
f 1017 1198 1199
f 1017 1199 1018
f 1018 1199 1200
f 1018 1200 1019
f 1019 1200 1201
f 1019 1201 1020
f 1020 1201 1202
f 1020 1202 1021
f 1021 1202 1203
f 1021 1203 1022
f 1022 1203 1204
f 1022 1204 1023
f 1023 1204 1205
f 1023 1205 1024
f 1024 1205 1206
f 1024 1206 1025
f 1025 1206 1207
f 1025 1207 1026
f 1026 1207 1208
f 1026 1208 1027
f 1027 1208 1209
f 1027 1209 1028
f 1028 1209 1210
f 1028 1210 1029
f 1029 1210 1211
f 1029 1211 1030
f 1030 1211 1212
f 1030 1212 1031
f 1031 1212 1213
f 1031 1213 1032
f 1032 1213 1214
f 1032 1214 1033
f 1033 1214 1215
f 1033 1215 1034
f 1034 1215 1216
f 1034 1216 1035
f 1035 1216 1217
f 1035 1217 1036
f 1036 1217 1218
f 1036 1218 1037
f 1037 1218 1219
f 1037 1219 1038
f 1038 1219 1220
f 1038 1220 1039
f 1039 1220 1221
f 1039 1221 1040
f 1040 1221 1222
f 1040 1222 1041
f 1041 1222 1223
f 1041 1223 1042
f 1042 1223 1224
f 1042 1224 1043
f 1043 1224 1225
f 1043 1225 1044
f 1044 1225 1226
f 1044 1226 1045
f 1045 1226 1227
f 1045 1227 1046
f 1046 1227 1228
f 1046 1228 1047
f 1047 1228 1229
f 1047 1229 1048
f 1048 1229 1230
f 1048 1230 1049
f 1049 1230 1231
f 1049 1231 1050
f 1050 1231 1232
f 1050 1232 1051
f 1051 1232 1233
f 1051 1233 1052
f 1052 1233 1234
f 1052 1234 1053
f 1053 1234 1235
f 1053 1235 1054
f 1054 1235 1236
f 1054 1236 1055
f 1055 1236 1237
f 1055 1237 1056
f 1056 1237 1238
f 1056 1238 1057
f 1057 1238 1239
f 1057 1239 1058
f 1058 1239 1240
f 1058 1240 1059
f 1059 1240 1241
f 1059 1241 1060
f 1060 1241 1242
f 1060 1242 1061
f 1061 1242 1243
f 1061 1243 1062
f 1062 1243 1244
f 1062 1244 1063
f 1063 1244 1245
f 1063 1245 1064
f 1064 1245 1246
f 1064 1246 1065
f 1065 1246 1247
f 1065 1247 1066
f 1066 1247 1248
f 1066 1248 1067
f 1067 1248 1249
f 1067 1249 1068
f 1068 1249 1250
f 1068 1250 1069
f 1069 1250 1251
f 1069 1251 1070
f 1070 1251 1252
f 1070 1252 1071
f 1071 1252 1253
f 1071 1253 1072
f 1072 1253 1254
f 1072 1254 1073
f 1073 1254 1255
f 1073 1255 1074
f 1074 1255 1256
f 1074 1256 1075
f 1075 1256 1257
f 1075 1257 1076
f 1076 1257 1258
f 1076 1258 1077
f 1077 1258 1259
f 1077 1259 1078
f 1078 1259 1260
f 1078 1260 1079
f 1079 1260 1261
f 1079 1261 1080
f 1080 1261 1262
f 1080 1262 1081
f 1081 1262 1263
f 1081 1263 1082
f 1082 1263 1264
f 1082 1264 1083
f 1083 1264 1265
f 1083 1265 1084
f 1084 1265 1266
f 1084 1266 1085
f 1085 1266 1267
f 1085 1267 1086
f 1086 1267 1087
f 1086 1087 906
f 1087 1268 1269
f 1087 1269 1088
f 1088 1269 1270
f 1088 1270 1089
f 1089 1270 1271
f 1089 1271 1090
f 1090 1271 1272
f 1090 1272 1091
f 1091 1272 1273
f 1091 1273 1092
f 1092 1273 1274
f 1092 1274 1093
f 1093 1274 1275
f 1093 1275 1094
f 1094 1275 1276
f 1094 1276 1095
f 1095 1276 1277
f 1095 1277 1096
f 1096 1277 1278
f 1096 1278 1097
f 1097 1278 1279
f 1097 1279 1098
f 1098 1279 1280
f 1098 1280 1099
f 1099 1280 1281
f 1099 1281 1100
f 1100 1281 1282
f 1100 1282 1101
f 1101 1282 1283
f 1101 1283 1102
f 1102 1283 1284
f 1102 1284 1103
f 1103 1284 1285
f 1103 1285 1104
f 1104 1285 1286
f 1104 1286 1105
f 1105 1286 1287
f 1105 1287 1106
f 1106 1287 1288
f 1106 1288 1107
f 1107 1288 1289
f 1107 1289 1108
f 1108 1289 1290
f 1108 1290 1109
f 1109 1290 1291
f 1109 1291 1110
f 1110 1291 1292
f 1110 1292 1111
f 1111 1292 1293
f 1111 1293 1112
f 1112 1293 1294
f 1112 1294 1113
f 1113 1294 1295
f 1113 1295 1114
f 1114 1295 1296
f 1114 1296 1115
f 1115 1296 1297
f 1115 1297 1116
f 1116 1297 1298
f 1116 1298 1117
f 1117 1298 1299
f 1117 1299 1118
f 1118 1299 1300
f 1118 1300 1119
f 1119 1300 1301
f 1119 1301 1120
f 1120 1301 1302
f 1120 1302 1121
f 1121 1302 1303
f 1121 1303 1122
f 1122 1303 1304
f 1122 1304 1123
f 1123 1304 1305
f 1123 1305 1124
f 1124 1305 1306
f 1124 1306 1125
f 1125 1306 1307
f 1125 1307 1126
f 1126 1307 1308
f 1126 1308 1127
f 1127 1308 1309
f 1127 1309 1128
f 1128 1309 1310
f 1128 1310 1129
f 1129 1310 1311
f 1129 1311 1130
f 1130 1311 1312
f 1130 1312 1131
f 1131 1312 1313
f 1131 1313 1132
f 1132 1313 1314
f 1132 1314 1133
f 1133 1314 1315
f 1133 1315 1134
f 1134 1315 1316
f 1134 1316 1135
f 1135 1316 1317
f 1135 1317 1136
f 1136 1317 1318
f 1136 1318 1137
f 1137 1318 1319
f 1137 1319 1138
f 1138 1319 1320
f 1138 1320 1139
f 1139 1320 1321
f 1139 1321 1140
f 1140 1321 1322
f 1140 1322 1141
f 1141 1322 1323
f 1141 1323 1142
f 1142 1323 1324
f 1142 1324 1143
f 1143 1324 1325
f 1143 1325 1144
f 1144 1325 1326
f 1144 1326 1145
f 1145 1326 1327
f 1145 1327 1146
f 1146 1327 1328
f 1146 1328 1147
f 1147 1328 1329
f 1147 1329 1148
f 1148 1329 1330
f 1148 1330 1149
f 1149 1330 1331
f 1149 1331 1150
f 1150 1331 1332
f 1150 1332 1151
f 1151 1332 1333
f 1151 1333 1152
f 1152 1333 1334
f 1152 1334 1153
f 1153 1334 1335
f 1153 1335 1154
f 1154 1335 1336
f 1154 1336 1155
f 1155 1336 1337
f 1155 1337 1156
f 1156 1337 1338
f 1156 1338 1157
f 1157 1338 1339
f 1157 1339 1158
f 1158 1339 1340
f 1158 1340 1159
f 1159 1340 1341
f 1159 1341 1160
f 1160 1341 1342
f 1160 1342 1161
f 1161 1342 1343
f 1161 1343 1162
f 1162 1343 1344
f 1162 1344 1163
f 1163 1344 1345
f 1163 1345 1164
f 1164 1345 1346
f 1164 1346 1165
f 1165 1346 1347
f 1165 1347 1166
f 1166 1347 1348
f 1166 1348 1167
f 1167 1348 1349
f 1167 1349 1168
f 1168 1349 1350
f 1168 1350 1169
f 1169 1350 1351
f 1169 1351 1170
f 1170 1351 1352
f 1170 1352 1171
f 1171 1352 1353
f 1171 1353 1172
f 1172 1353 1354
f 1172 1354 1173
f 1173 1354 1355
f 1173 1355 1174
f 1174 1355 1356
f 1174 1356 1175
f 1175 1356 1357
f 1175 1357 1176
f 1176 1357 1358
f 1176 1358 1177
f 1177 1358 1359
f 1177 1359 1178
f 1178 1359 1360
f 1178 1360 1179
f 1179 1360 1361
f 1179 1361 1180
f 1180 1361 1362
f 1180 1362 1181
f 1181 1362 1363
f 1181 1363 1182
f 1182 1363 1364
f 1182 1364 1183
f 1183 1364 1365
f 1183 1365 1184
f 1184 1365 1366
f 1184 1366 1185
f 1185 1366 1367
f 1185 1367 1186
f 1186 1367 1368
f 1186 1368 1187
f 1187 1368 1369
f 1187 1369 1188
f 1188 1369 1370
f 1188 1370 1189
f 1189 1370 1371
f 1189 1371 1190
f 1190 1371 1372
f 1190 1372 1191
f 1191 1372 1373
f 1191 1373 1192
f 1192 1373 1374
f 1192 1374 1193
f 1193 1374 1375
f 1193 1375 1194
f 1194 1375 1376
f 1194 1376 1195
f 1195 1376 1377
f 1195 1377 1196
f 1196 1377 1378
f 1196 1378 1197
f 1197 1378 1379
f 1197 1379 1198
f 1198 1379 1380
f 1198 1380 1199
f 1199 1380 1381
f 1199 1381 1200
f 1200 1381 1382
f 1200 1382 1201
f 1201 1382 1383
f 1201 1383 1202
f 1202 1383 1384
f 1202 1384 1203
f 1203 1384 1385
f 1203 1385 1204
f 1204 1385 1386
f 1204 1386 1205
f 1205 1386 1387
f 1205 1387 1206
f 1206 1387 1388
f 1206 1388 1207
f 1207 1388 1389
f 1207 1389 1208
f 1208 1389 1390
f 1208 1390 1209
f 1209 1390 1391
f 1209 1391 1210
f 1210 1391 1392
f 1210 1392 1211
f 1211 1392 1393
f 1211 1393 1212
f 1212 1393 1394
f 1212 1394 1213
f 1213 1394 1395
f 1213 1395 1214
f 1214 1395 1396
f 1214 1396 1215
f 1215 1396 1397
f 1215 1397 1216
f 1216 1397 1398
f 1216 1398 1217
f 1217 1398 1399
f 1217 1399 1218
f 1218 1399 1400
f 1218 1400 1219
f 1219 1400 1401
f 1219 1401 1220
f 1220 1401 1402
f 1220 1402 1221
f 1221 1402 1403
f 1221 1403 1222
f 1222 1403 1404
f 1222 1404 1223
f 1223 1404 1405
f 1223 1405 1224
f 1224 1405 1406
f 1224 1406 1225
f 1225 1406 1407
f 1225 1407 1226
f 1226 1407 1408
f 1226 1408 1227
f 1227 1408 1409
f 1227 1409 1228
f 1228 1409 1410
f 1228 1410 1229
f 1229 1410 1411
f 1229 1411 1230
f 1230 1411 1412
f 1230 1412 1231
f 1231 1412 1413
f 1231 1413 1232
f 1232 1413 1414
f 1232 1414 1233
f 1233 1414 1415
f 1233 1415 1234
f 1234 1415 1416
f 1234 1416 1235
f 1235 1416 1417
f 1235 1417 1236
f 1236 1417 1418
f 1236 1418 1237
f 1237 1418 1419
f 1237 1419 1238
f 1238 1419 1420
f 1238 1420 1239
f 1239 1420 1421
f 1239 1421 1240
f 1240 1421 1422
f 1240 1422 1241
f 1241 1422 1423
f 1241 1423 1242
f 1242 1423 1424
f 1242 1424 1243
f 1243 1424 1425
f 1243 1425 1244
f 1244 1425 1426
f 1244 1426 1245
f 1245 1426 1427
f 1245 1427 1246
f 1246 1427 1428
f 1246 1428 1247
f 1247 1428 1429
f 1247 1429 1248
f 1248 1429 1430
f 1248 1430 1249
f 1249 1430 1431
f 1249 1431 1250
f 1250 1431 1432
f 1250 1432 1251
f 1251 1432 1433
f 1251 1433 1252
f 1252 1433 1434
f 1252 1434 1253
f 1253 1434 1435
f 1253 1435 1254
f 1254 1435 1436
f 1254 1436 1255
f 1255 1436 1437
f 1255 1437 1256
f 1256 1437 1438
f 1256 1438 1257
f 1257 1438 1439
f 1257 1439 1258
f 1258 1439 1440
f 1258 1440 1259
f 1259 1440 1441
f 1259 1441 1260
f 1260 1441 1442
f 1260 1442 1261
f 1261 1442 1443
f 1261 1443 1262
f 1262 1443 1444
f 1262 1444 1263
f 1263 1444 1445
f 1263 1445 1264
f 1264 1445 1446
f 1264 1446 1265
f 1265 1446 1447
f 1265 1447 1266
f 1266 1447 1448
f 1266 1448 1267
f 1267 1448 1268
f 1267 1268 1087
f 1268 1449 1450
f 1268 1450 1269
f 1269 1450 1451
f 1269 1451 1270
f 1270 1451 1452
f 1270 1452 1271
f 1271 1452 1453
f 1271 1453 1272
f 1272 1453 1454
f 1272 1454 1273
f 1273 1454 1455
f 1273 1455 1274
f 1274 1455 1456
f 1274 1456 1275
f 1275 1456 1457
f 1275 1457 1276
f 1276 1457 1458
f 1276 1458 1277
f 1277 1458 1459
f 1277 1459 1278
f 1278 1459 1460
f 1278 1460 1279
f 1279 1460 1461
f 1279 1461 1280
f 1280 1461 1462
f 1280 1462 1281
f 1281 1462 1463
f 1281 1463 1282
f 1282 1463 1464
f 1282 1464 1283
f 1283 1464 1465
f 1283 1465 1284
f 1284 1465 1466
f 1284 1466 1285
f 1285 1466 1467
f 1285 1467 1286
f 1286 1467 1468
f 1286 1468 1287
f 1287 1468 1469
f 1287 1469 1288
f 1288 1469 1470
f 1288 1470 1289
f 1289 1470 1471
f 1289 1471 1290
f 1290 1471 1472
f 1290 1472 1291
f 1291 1472 1473
f 1291 1473 1292
f 1292 1473 1474
f 1292 1474 1293
f 1293 1474 1475
f 1293 1475 1294
f 1294 1475 1476
f 1294 1476 1295
f 1295 1476 1477
f 1295 1477 1296
f 1296 1477 1478
f 1296 1478 1297
f 1297 1478 1479
f 1297 1479 1298
f 1298 1479 1480
f 1298 1480 1299
f 1299 1480 1481
f 1299 1481 1300
f 1300 1481 1482
f 1300 1482 1301
f 1301 1482 1483
f 1301 1483 1302
f 1302 1483 1484
f 1302 1484 1303
f 1303 1484 1485
f 1303 1485 1304
f 1304 1485 1486
f 1304 1486 1305
f 1305 1486 1487
f 1305 1487 1306
f 1306 1487 1488
f 1306 1488 1307
f 1307 1488 1489
f 1307 1489 1308
f 1308 1489 1490
f 1308 1490 1309
f 1309 1490 1491
f 1309 1491 1310
f 1310 1491 1492
f 1310 1492 1311
f 1311 1492 1493
f 1311 1493 1312
f 1312 1493 1494
f 1312 1494 1313
f 1313 1494 1495
f 1313 1495 1314
f 1314 1495 1496
f 1314 1496 1315
f 1315 1496 1497
f 1315 1497 1316
f 1316 1497 1498
f 1316 1498 1317
f 1317 1498 1499
f 1317 1499 1318
f 1318 1499 1500
f 1318 1500 1319
f 1319 1500 1501
f 1319 1501 1320
f 1320 1501 1502
f 1320 1502 1321
f 1321 1502 1503
f 1321 1503 1322
f 1322 1503 1504
f 1322 1504 1323
f 1323 1504 1505
f 1323 1505 1324
f 1324 1505 1506
f 1324 1506 1325
f 1325 1506 1507
f 1325 1507 1326
f 1326 1507 1508
f 1326 1508 1327
f 1327 1508 1509
f 1327 1509 1328
f 1328 1509 1510
f 1328 1510 1329
f 1329 1510 1511
f 1329 1511 1330
f 1330 1511 1512
f 1330 1512 1331
f 1331 1512 1513
f 1331 1513 1332
f 1332 1513 1514
f 1332 1514 1333
f 1333 1514 1515
f 1333 1515 1334
f 1334 1515 1516
f 1334 1516 1335
f 1335 1516 1517
f 1335 1517 1336
f 1336 1517 1518
f 1336 1518 1337
f 1337 1518 1519
f 1337 1519 1338
f 1338 1519 1520
f 1338 1520 1339
f 1339 1520 1521
f 1339 1521 1340
f 1340 1521 1522
f 1340 1522 1341
f 1341 1522 1523
f 1341 1523 1342
f 1342 1523 1524
f 1342 1524 1343
f 1343 1524 1525
f 1343 1525 1344
f 1344 1525 1526
f 1344 1526 1345
f 1345 1526 1527
f 1345 1527 1346
f 1346 1527 1528
f 1346 1528 1347
f 1347 1528 1529
f 1347 1529 1348
f 1348 1529 1530
f 1348 1530 1349
f 1349 1530 1531
f 1349 1531 1350
f 1350 1531 1532
f 1350 1532 1351
f 1351 1532 1533
f 1351 1533 1352
f 1352 1533 1534
f 1352 1534 1353
f 1353 1534 1535
f 1353 1535 1354
f 1354 1535 1536
f 1354 1536 1355
f 1355 1536 1537
f 1355 1537 1356
f 1356 1537 1538
f 1356 1538 1357
f 1357 1538 1539
f 1357 1539 1358
f 1358 1539 1540
f 1358 1540 1359
f 1359 1540 1541
f 1359 1541 1360
f 1360 1541 1542
f 1360 1542 1361
f 1361 1542 1543
f 1361 1543 1362
f 1362 1543 1544
f 1362 1544 1363
f 1363 1544 1545
f 1363 1545 1364
f 1364 1545 1546
f 1364 1546 1365
f 1365 1546 1547
f 1365 1547 1366
f 1366 1547 1548
f 1366 1548 1367
f 1367 1548 1549
f 1367 1549 1368
f 1368 1549 1550
f 1368 1550 1369
f 1369 1550 1551
f 1369 1551 1370
f 1370 1551 1552
f 1370 1552 1371
f 1371 1552 1553
f 1371 1553 1372
f 1372 1553 1554
f 1372 1554 1373
f 1373 1554 1555
f 1373 1555 1374
f 1374 1555 1556
f 1374 1556 1375
f 1375 1556 1557
f 1375 1557 1376
f 1376 1557 1558
f 1376 1558 1377
f 1377 1558 1559
f 1377 1559 1378
f 1378 1559 1560
f 1378 1560 1379
f 1379 1560 1561
f 1379 1561 1380
f 1380 1561 1562
f 1380 1562 1381
f 1381 1562 1563
f 1381 1563 1382
f 1382 1563 1564
f 1382 1564 1383
f 1383 1564 1565
f 1383 1565 1384
f 1384 1565 1566
f 1384 1566 1385
f 1385 1566 1567
f 1385 1567 1386
f 1386 1567 1568
f 1386 1568 1387
f 1387 1568 1569
f 1387 1569 1388
f 1388 1569 1570
f 1388 1570 1389
f 1389 1570 1571
f 1389 1571 1390
f 1390 1571 1572
f 1390 1572 1391
f 1391 1572 1573
f 1391 1573 1392
f 1392 1573 1574
f 1392 1574 1393
f 1393 1574 1575
f 1393 1575 1394
f 1394 1575 1576
f 1394 1576 1395
f 1395 1576 1577
f 1395 1577 1396
f 1396 1577 1578
f 1396 1578 1397
f 1397 1578 1579
f 1397 1579 1398
f 1398 1579 1580
f 1398 1580 1399
f 1399 1580 1581
f 1399 1581 1400
f 1400 1581 1582
f 1400 1582 1401
f 1401 1582 1583
f 1401 1583 1402
f 1402 1583 1584
f 1402 1584 1403
f 1403 1584 1585
f 1403 1585 1404
f 1404 1585 1586
f 1404 1586 1405
f 1405 1586 1587
f 1405 1587 1406
f 1406 1587 1588
f 1406 1588 1407
f 1407 1588 1589
f 1407 1589 1408
f 1408 1589 1590
f 1408 1590 1409
f 1409 1590 1591
f 1409 1591 1410
f 1410 1591 1592
f 1410 1592 1411
f 1411 1592 1593
f 1411 1593 1412
f 1412 1593 1594
f 1412 1594 1413
f 1413 1594 1595
f 1413 1595 1414
f 1414 1595 1596
f 1414 1596 1415
f 1415 1596 1597
f 1415 1597 1416
f 1416 1597 1598
f 1416 1598 1417
f 1417 1598 1599
f 1417 1599 1418
f 1418 1599 1600
f 1418 1600 1419
f 1419 1600 1601
f 1419 1601 1420
f 1420 1601 1602
f 1420 1602 1421
f 1421 1602 1603
f 1421 1603 1422
f 1422 1603 1604
f 1422 1604 1423
f 1423 1604 1605
f 1423 1605 1424
f 1424 1605 1606
f 1424 1606 1425
f 1425 1606 1607
f 1425 1607 1426
f 1426 1607 1608
f 1426 1608 1427
f 1427 1608 1609
f 1427 1609 1428
f 1428 1609 1610
f 1428 1610 1429
f 1429 1610 1611
f 1429 1611 1430
f 1430 1611 1612
f 1430 1612 1431
f 1431 1612 1613
f 1431 1613 1432
f 1432 1613 1614
f 1432 1614 1433
f 1433 1614 1615
f 1433 1615 1434
f 1434 1615 1616
f 1434 1616 1435
f 1435 1616 1617
f 1435 1617 1436
f 1436 1617 1618
f 1436 1618 1437
f 1437 1618 1619
f 1437 1619 1438
f 1438 1619 1620
f 1438 1620 1439
f 1439 1620 1621
f 1439 1621 1440
f 1440 1621 1622
f 1440 1622 1441
f 1441 1622 1623
f 1441 1623 1442
f 1442 1623 1624
f 1442 1624 1443
f 1443 1624 1625
f 1443 1625 1444
f 1444 1625 1626
f 1444 1626 1445
f 1445 1626 1627
f 1445 1627 1446
f 1446 1627 1628
f 1446 1628 1447
f 1447 1628 1629
f 1447 1629 1448
f 1448 1629 1449
f 1448 1449 1268
f 1449 1630 1631
f 1449 1631 1450
f 1450 1631 1632
f 1450 1632 1451
f 1451 1632 1633
f 1451 1633 1452
f 1452 1633 1634
f 1452 1634 1453
f 1453 1634 1635
f 1453 1635 1454
f 1454 1635 1636
f 1454 1636 1455
f 1455 1636 1637
f 1455 1637 1456
f 1456 1637 1638
f 1456 1638 1457
f 1457 1638 1639
f 1457 1639 1458
f 1458 1639 1640
f 1458 1640 1459
f 1459 1640 1641
f 1459 1641 1460
f 1460 1641 1642
f 1460 1642 1461
f 1461 1642 1643
f 1461 1643 1462
f 1462 1643 1644
f 1462 1644 1463
f 1463 1644 1645
f 1463 1645 1464
f 1464 1645 1646
f 1464 1646 1465
f 1465 1646 1647
f 1465 1647 1466
f 1466 1647 1648
f 1466 1648 1467
f 1467 1648 1649
f 1467 1649 1468
f 1468 1649 1650
f 1468 1650 1469
f 1469 1650 1651
f 1469 1651 1470
f 1470 1651 1652
f 1470 1652 1471
f 1471 1652 1653
f 1471 1653 1472
f 1472 1653 1654
f 1472 1654 1473
f 1473 1654 1655
f 1473 1655 1474
f 1474 1655 1656
f 1474 1656 1475
f 1475 1656 1657
f 1475 1657 1476
f 1476 1657 1658
f 1476 1658 1477
f 1477 1658 1659
f 1477 1659 1478
f 1478 1659 1660
f 1478 1660 1479
f 1479 1660 1661
f 1479 1661 1480
f 1480 1661 1662
f 1480 1662 1481
f 1481 1662 1663
f 1481 1663 1482
f 1482 1663 1664
f 1482 1664 1483
f 1483 1664 1665
f 1483 1665 1484
f 1484 1665 1666
f 1484 1666 1485
f 1485 1666 1667
f 1485 1667 1486
f 1486 1667 1668
f 1486 1668 1487
f 1487 1668 1669
f 1487 1669 1488
f 1488 1669 1670
f 1488 1670 1489
f 1489 1670 1671
f 1489 1671 1490
f 1490 1671 1672
f 1490 1672 1491
f 1491 1672 1673
f 1491 1673 1492
f 1492 1673 1674
f 1492 1674 1493
f 1493 1674 1675
f 1493 1675 1494
f 1494 1675 1676
f 1494 1676 1495
f 1495 1676 1677
f 1495 1677 1496
f 1496 1677 1678
f 1496 1678 1497
f 1497 1678 1679
f 1497 1679 1498
f 1498 1679 1680
f 1498 1680 1499
f 1499 1680 1681
f 1499 1681 1500
f 1500 1681 1682
f 1500 1682 1501
f 1501 1682 1683
f 1501 1683 1502
f 1502 1683 1684
f 1502 1684 1503
f 1503 1684 1685
f 1503 1685 1504
f 1504 1685 1686
f 1504 1686 1505
f 1505 1686 1687
f 1505 1687 1506
f 1506 1687 1688
f 1506 1688 1507
f 1507 1688 1689
f 1507 1689 1508
f 1508 1689 1690
f 1508 1690 1509
f 1509 1690 1691
f 1509 1691 1510
f 1510 1691 1692
f 1510 1692 1511
f 1511 1692 1693
f 1511 1693 1512
f 1512 1693 1694
f 1512 1694 1513
f 1513 1694 1695
f 1513 1695 1514
f 1514 1695 1696
f 1514 1696 1515
f 1515 1696 1697
f 1515 1697 1516
f 1516 1697 1698
f 1516 1698 1517
f 1517 1698 1699
f 1517 1699 1518
f 1518 1699 1700
f 1518 1700 1519
f 1519 1700 1701
f 1519 1701 1520
f 1520 1701 1702
f 1520 1702 1521
f 1521 1702 1703
f 1521 1703 1522
f 1522 1703 1704
f 1522 1704 1523
f 1523 1704 1705
f 1523 1705 1524
f 1524 1705 1706
f 1524 1706 1525
f 1525 1706 1707
f 1525 1707 1526
f 1526 1707 1708
f 1526 1708 1527
f 1527 1708 1709
f 1527 1709 1528
f 1528 1709 1710
f 1528 1710 1529
f 1529 1710 1711
f 1529 1711 1530
f 1530 1711 1712
f 1530 1712 1531
f 1531 1712 1713
f 1531 1713 1532
f 1532 1713 1714
f 1532 1714 1533
f 1533 1714 1715
f 1533 1715 1534
f 1534 1715 1716
f 1534 1716 1535
f 1535 1716 1717
f 1535 1717 1536
f 1536 1717 1718
f 1536 1718 1537
f 1537 1718 1719
f 1537 1719 1538
f 1538 1719 1720
f 1538 1720 1539
f 1539 1720 1721
f 1539 1721 1540
f 1540 1721 1722
f 1540 1722 1541
f 1541 1722 1723
f 1541 1723 1542
f 1542 1723 1724
f 1542 1724 1543
f 1543 1724 1725
f 1543 1725 1544
f 1544 1725 1726
f 1544 1726 1545
f 1545 1726 1727
f 1545 1727 1546
f 1546 1727 1728
f 1546 1728 1547
f 1547 1728 1729
f 1547 1729 1548
f 1548 1729 1730
f 1548 1730 1549
f 1549 1730 1731
f 1549 1731 1550
f 1550 1731 1732
f 1550 1732 1551
f 1551 1732 1733
f 1551 1733 1552
f 1552 1733 1734
f 1552 1734 1553
f 1553 1734 1735
f 1553 1735 1554
f 1554 1735 1736
f 1554 1736 1555
f 1555 1736 1737
f 1555 1737 1556
f 1556 1737 1738
f 1556 1738 1557
f 1557 1738 1739
f 1557 1739 1558
f 1558 1739 1740
f 1558 1740 1559
f 1559 1740 1741
f 1559 1741 1560
f 1560 1741 1742
f 1560 1742 1561
f 1561 1742 1743
f 1561 1743 1562
f 1562 1743 1744
f 1562 1744 1563
f 1563 1744 1745
f 1563 1745 1564
f 1564 1745 1746
f 1564 1746 1565
f 1565 1746 1747
f 1565 1747 1566
f 1566 1747 1748
f 1566 1748 1567
f 1567 1748 1749
f 1567 1749 1568
f 1568 1749 1750
f 1568 1750 1569
f 1569 1750 1751
f 1569 1751 1570
f 1570 1751 1752
f 1570 1752 1571
f 1571 1752 1753
f 1571 1753 1572
f 1572 1753 1754
f 1572 1754 1573
f 1573 1754 1755
f 1573 1755 1574
f 1574 1755 1756
f 1574 1756 1575
f 1575 1756 1757
f 1575 1757 1576
f 1576 1757 1758
f 1576 1758 1577
f 1577 1758 1759
f 1577 1759 1578
f 1578 1759 1760
f 1578 1760 1579
f 1579 1760 1761
f 1579 1761 1580
f 1580 1761 1762
f 1580 1762 1581
f 1581 1762 1763
f 1581 1763 1582
f 1582 1763 1764
f 1582 1764 1583
f 1583 1764 1765
f 1583 1765 1584
f 1584 1765 1766
f 1584 1766 1585
f 1585 1766 1767
f 1585 1767 1586
f 1586 1767 1768
f 1586 1768 1587
f 1587 1768 1769
f 1587 1769 1588
f 1588 1769 1770
f 1588 1770 1589
f 1589 1770 1771
f 1589 1771 1590
f 1590 1771 1772
f 1590 1772 1591
f 1591 1772 1773
f 1591 1773 1592
f 1592 1773 1774
f 1592 1774 1593
f 1593 1774 1775
f 1593 1775 1594
f 1594 1775 1776
f 1594 1776 1595
f 1595 1776 1777
f 1595 1777 1596
f 1596 1777 1778
f 1596 1778 1597
f 1597 1778 1779
f 1597 1779 1598
f 1598 1779 1780
f 1598 1780 1599
f 1599 1780 1781
f 1599 1781 1600
f 1600 1781 1782
f 1600 1782 1601
f 1601 1782 1783
f 1601 1783 1602
f 1602 1783 1784
f 1602 1784 1603
f 1603 1784 1785
f 1603 1785 1604
f 1604 1785 1786
f 1604 1786 1605
f 1605 1786 1787
f 1605 1787 1606
f 1606 1787 1788
f 1606 1788 1607
f 1607 1788 1789
f 1607 1789 1608
f 1608 1789 1790
f 1608 1790 1609
f 1609 1790 1791
f 1609 1791 1610
f 1610 1791 1792
f 1610 1792 1611
f 1611 1792 1793
f 1611 1793 1612
f 1612 1793 1794
f 1612 1794 1613
f 1613 1794 1795
f 1613 1795 1614
f 1614 1795 1796
f 1614 1796 1615
f 1615 1796 1797
f 1615 1797 1616
f 1616 1797 1798
f 1616 1798 1617
f 1617 1798 1799
f 1617 1799 1618
f 1618 1799 1800
f 1618 1800 1619
f 1619 1800 1801
f 1619 1801 1620
f 1620 1801 1802
f 1620 1802 1621
f 1621 1802 1803
f 1621 1803 1622
f 1622 1803 1804
f 1622 1804 1623
f 1623 1804 1805
f 1623 1805 1624
f 1624 1805 1806
f 1624 1806 1625
f 1625 1806 1807
f 1625 1807 1626
f 1626 1807 1808
f 1626 1808 1627
f 1627 1808 1809
f 1627 1809 1628
f 1628 1809 1810
f 1628 1810 1629
f 1629 1810 1630
f 1629 1630 1449
f 1630 1811 1812
f 1630 1812 1631
f 1631 1812 1813
f 1631 1813 1632
f 1632 1813 1814
f 1632 1814 1633
f 1633 1814 1815
f 1633 1815 1634
f 1634 1815 1816
f 1634 1816 1635
f 1635 1816 1817
f 1635 1817 1636
f 1636 1817 1818
f 1636 1818 1637
f 1637 1818 1819
f 1637 1819 1638
f 1638 1819 1820
f 1638 1820 1639
f 1639 1820 1821
f 1639 1821 1640
f 1640 1821 1822
f 1640 1822 1641
f 1641 1822 1823
f 1641 1823 1642
f 1642 1823 1824
f 1642 1824 1643
f 1643 1824 1825
f 1643 1825 1644
f 1644 1825 1826
f 1644 1826 1645
f 1645 1826 1827
f 1645 1827 1646
f 1646 1827 1828
f 1646 1828 1647
f 1647 1828 1829
f 1647 1829 1648
f 1648 1829 1830
f 1648 1830 1649
f 1649 1830 1831
f 1649 1831 1650
f 1650 1831 1832
f 1650 1832 1651
f 1651 1832 1833
f 1651 1833 1652
f 1652 1833 1834
f 1652 1834 1653
f 1653 1834 1835
f 1653 1835 1654
f 1654 1835 1836
f 1654 1836 1655
f 1655 1836 1837
f 1655 1837 1656
f 1656 1837 1838
f 1656 1838 1657
f 1657 1838 1839
f 1657 1839 1658
f 1658 1839 1840
f 1658 1840 1659
f 1659 1840 1841
f 1659 1841 1660
f 1660 1841 1842
f 1660 1842 1661
f 1661 1842 1843
f 1661 1843 1662
f 1662 1843 1844
f 1662 1844 1663
f 1663 1844 1845
f 1663 1845 1664
f 1664 1845 1846
f 1664 1846 1665
f 1665 1846 1847
f 1665 1847 1666
f 1666 1847 1848
f 1666 1848 1667
f 1667 1848 1849
f 1667 1849 1668
f 1668 1849 1850
f 1668 1850 1669
f 1669 1850 1851
f 1669 1851 1670
f 1670 1851 1852
f 1670 1852 1671
f 1671 1852 1853
f 1671 1853 1672
f 1672 1853 1854
f 1672 1854 1673
f 1673 1854 1855
f 1673 1855 1674
f 1674 1855 1856
f 1674 1856 1675
f 1675 1856 1857
f 1675 1857 1676
f 1676 1857 1858
f 1676 1858 1677
f 1677 1858 1859
f 1677 1859 1678
f 1678 1859 1860
f 1678 1860 1679
f 1679 1860 1861
f 1679 1861 1680
f 1680 1861 1862
f 1680 1862 1681
f 1681 1862 1863
f 1681 1863 1682
f 1682 1863 1864
f 1682 1864 1683
f 1683 1864 1865
f 1683 1865 1684
f 1684 1865 1866
f 1684 1866 1685
f 1685 1866 1867
f 1685 1867 1686
f 1686 1867 1868
f 1686 1868 1687
f 1687 1868 1869
f 1687 1869 1688
f 1688 1869 1870
f 1688 1870 1689
f 1689 1870 1871
f 1689 1871 1690
f 1690 1871 1872
f 1690 1872 1691
f 1691 1872 1873
f 1691 1873 1692
f 1692 1873 1874
f 1692 1874 1693
f 1693 1874 1875
f 1693 1875 1694
f 1694 1875 1876
f 1694 1876 1695
f 1695 1876 1877
f 1695 1877 1696
f 1696 1877 1878
f 1696 1878 1697
f 1697 1878 1879
f 1697 1879 1698
f 1698 1879 1880
f 1698 1880 1699
f 1699 1880 1881
f 1699 1881 1700
f 1700 1881 1882
f 1700 1882 1701
f 1701 1882 1883
f 1701 1883 1702
f 1702 1883 1884
f 1702 1884 1703
f 1703 1884 1885
f 1703 1885 1704
f 1704 1885 1886
f 1704 1886 1705
f 1705 1886 1887
f 1705 1887 1706
f 1706 1887 1888
f 1706 1888 1707
f 1707 1888 1889
f 1707 1889 1708
f 1708 1889 1890
f 1708 1890 1709
f 1709 1890 1891
f 1709 1891 1710
f 1710 1891 1892
f 1710 1892 1711
f 1711 1892 1893
f 1711 1893 1712
f 1712 1893 1894
f 1712 1894 1713
f 1713 1894 1895
f 1713 1895 1714
f 1714 1895 1896
f 1714 1896 1715
f 1715 1896 1897
f 1715 1897 1716
f 1716 1897 1898
f 1716 1898 1717
f 1717 1898 1899
f 1717 1899 1718
f 1718 1899 1900
f 1718 1900 1719
f 1719 1900 1901
f 1719 1901 1720
f 1720 1901 1902
f 1720 1902 1721
f 1721 1902 1903
f 1721 1903 1722
f 1722 1903 1904
f 1722 1904 1723
f 1723 1904 1905
f 1723 1905 1724
f 1724 1905 1906
f 1724 1906 1725
f 1725 1906 1907
f 1725 1907 1726
f 1726 1907 1908
f 1726 1908 1727
f 1727 1908 1909
f 1727 1909 1728
f 1728 1909 1910
f 1728 1910 1729
f 1729 1910 1911
f 1729 1911 1730
f 1730 1911 1912
f 1730 1912 1731
f 1731 1912 1913
f 1731 1913 1732
f 1732 1913 1914
f 1732 1914 1733
f 1733 1914 1915
f 1733 1915 1734
f 1734 1915 1916
f 1734 1916 1735
f 1735 1916 1917
f 1735 1917 1736
f 1736 1917 1918
f 1736 1918 1737
f 1737 1918 1919
f 1737 1919 1738
f 1738 1919 1920
f 1738 1920 1739
f 1739 1920 1921
f 1739 1921 1740
f 1740 1921 1922
f 1740 1922 1741
f 1741 1922 1923
f 1741 1923 1742
f 1742 1923 1924
f 1742 1924 1743
f 1743 1924 1925
f 1743 1925 1744
f 1744 1925 1926
f 1744 1926 1745
f 1745 1926 1927
f 1745 1927 1746
f 1746 1927 1928
f 1746 1928 1747
f 1747 1928 1929
f 1747 1929 1748
f 1748 1929 1930
f 1748 1930 1749
f 1749 1930 1931
f 1749 1931 1750
f 1750 1931 1932
f 1750 1932 1751
f 1751 1932 1933
f 1751 1933 1752
f 1752 1933 1934
f 1752 1934 1753
f 1753 1934 1935
f 1753 1935 1754
f 1754 1935 1936
f 1754 1936 1755
f 1755 1936 1937
f 1755 1937 1756
f 1756 1937 1938
f 1756 1938 1757
f 1757 1938 1939
f 1757 1939 1758
f 1758 1939 1940
f 1758 1940 1759
f 1759 1940 1941
f 1759 1941 1760
f 1760 1941 1942
f 1760 1942 1761
f 1761 1942 1943
f 1761 1943 1762
f 1762 1943 1944
f 1762 1944 1763
f 1763 1944 1945
f 1763 1945 1764
f 1764 1945 1946
f 1764 1946 1765
f 1765 1946 1947
f 1765 1947 1766
f 1766 1947 1948
f 1766 1948 1767
f 1767 1948 1949
f 1767 1949 1768
f 1768 1949 1950
f 1768 1950 1769
f 1769 1950 1951
f 1769 1951 1770
f 1770 1951 1952
f 1770 1952 1771
f 1771 1952 1953
f 1771 1953 1772
f 1772 1953 1954
f 1772 1954 1773
f 1773 1954 1955
f 1773 1955 1774
f 1774 1955 1956
f 1774 1956 1775
f 1775 1956 1957
f 1775 1957 1776
f 1776 1957 1958
f 1776 1958 1777
f 1777 1958 1959
f 1777 1959 1778
f 1778 1959 1960
f 1778 1960 1779
f 1779 1960 1961
f 1779 1961 1780
f 1780 1961 1962
f 1780 1962 1781
f 1781 1962 1963
f 1781 1963 1782
f 1782 1963 1964
f 1782 1964 1783
f 1783 1964 1965
f 1783 1965 1784
f 1784 1965 1966
f 1784 1966 1785
f 1785 1966 1967
f 1785 1967 1786
f 1786 1967 1968
f 1786 1968 1787
f 1787 1968 1969
f 1787 1969 1788
f 1788 1969 1970
f 1788 1970 1789
f 1789 1970 1971
f 1789 1971 1790
f 1790 1971 1972
f 1790 1972 1791
f 1791 1972 1973
f 1791 1973 1792
f 1792 1973 1974
f 1792 1974 1793
f 1793 1974 1975
f 1793 1975 1794
f 1794 1975 1976
f 1794 1976 1795
f 1795 1976 1977
f 1795 1977 1796
f 1796 1977 1978
f 1796 1978 1797
f 1797 1978 1979
f 1797 1979 1798
f 1798 1979 1980
f 1798 1980 1799
f 1799 1980 1981
f 1799 1981 1800
f 1800 1981 1982
f 1800 1982 1801
f 1801 1982 1983
f 1801 1983 1802
f 1802 1983 1984
f 1802 1984 1803
f 1803 1984 1985
f 1803 1985 1804
f 1804 1985 1986
f 1804 1986 1805
f 1805 1986 1987
f 1805 1987 1806
f 1806 1987 1988
f 1806 1988 1807
f 1807 1988 1989
f 1807 1989 1808
f 1808 1989 1990
f 1808 1990 1809
f 1809 1990 1991
f 1809 1991 1810
f 1810 1991 1811
f 1810 1811 1630
f 1811 1992 1993
f 1811 1993 1812
f 1812 1993 1994
f 1812 1994 1813
f 1813 1994 1995
f 1813 1995 1814
f 1814 1995 1996
f 1814 1996 1815
f 1815 1996 1997
f 1815 1997 1816
f 1816 1997 1998
f 1816 1998 1817
f 1817 1998 1999
f 1817 1999 1818
f 1818 1999 2000
f 1818 2000 1819
f 1819 2000 2001
f 1819 2001 1820
f 1820 2001 2002
f 1820 2002 1821
f 1821 2002 2003
f 1821 2003 1822
f 1822 2003 2004
f 1822 2004 1823
f 1823 2004 2005
f 1823 2005 1824
f 1824 2005 2006
f 1824 2006 1825
f 1825 2006 2007
f 1825 2007 1826
f 1826 2007 2008
f 1826 2008 1827
f 1827 2008 2009
f 1827 2009 1828
f 1828 2009 2010
f 1828 2010 1829
f 1829 2010 2011
f 1829 2011 1830
f 1830 2011 2012
f 1830 2012 1831
f 1831 2012 2013
f 1831 2013 1832
f 1832 2013 2014
f 1832 2014 1833
f 1833 2014 2015
f 1833 2015 1834
f 1834 2015 2016
f 1834 2016 1835
f 1835 2016 2017
f 1835 2017 1836
f 1836 2017 2018
f 1836 2018 1837
f 1837 2018 2019
f 1837 2019 1838
f 1838 2019 2020
f 1838 2020 1839
f 1839 2020 2021
f 1839 2021 1840
f 1840 2021 2022
f 1840 2022 1841
f 1841 2022 2023
f 1841 2023 1842
f 1842 2023 2024
f 1842 2024 1843
f 1843 2024 2025
f 1843 2025 1844
f 1844 2025 2026
f 1844 2026 1845
f 1845 2026 2027
f 1845 2027 1846
f 1846 2027 2028
f 1846 2028 1847
f 1847 2028 2029
f 1847 2029 1848
f 1848 2029 2030
f 1848 2030 1849
f 1849 2030 2031
f 1849 2031 1850
f 1850 2031 2032
f 1850 2032 1851
f 1851 2032 2033
f 1851 2033 1852
f 1852 2033 2034
f 1852 2034 1853
f 1853 2034 2035
f 1853 2035 1854
f 1854 2035 2036
f 1854 2036 1855
f 1855 2036 2037
f 1855 2037 1856
f 1856 2037 2038
f 1856 2038 1857
f 1857 2038 2039
f 1857 2039 1858
f 1858 2039 2040
f 1858 2040 1859
f 1859 2040 2041
f 1859 2041 1860
f 1860 2041 2042
f 1860 2042 1861
f 1861 2042 2043
f 1861 2043 1862
f 1862 2043 2044
f 1862 2044 1863
f 1863 2044 2045
f 1863 2045 1864
f 1864 2045 2046
f 1864 2046 1865
f 1865 2046 2047
f 1865 2047 1866
f 1866 2047 2048
f 1866 2048 1867
f 1867 2048 2049
f 1867 2049 1868
f 1868 2049 2050
f 1868 2050 1869
f 1869 2050 2051
f 1869 2051 1870
f 1870 2051 2052
f 1870 2052 1871
f 1871 2052 2053
f 1871 2053 1872
f 1872 2053 2054
f 1872 2054 1873
f 1873 2054 2055
f 1873 2055 1874
f 1874 2055 2056
f 1874 2056 1875
f 1875 2056 2057
f 1875 2057 1876
f 1876 2057 2058
f 1876 2058 1877
f 1877 2058 2059
f 1877 2059 1878
f 1878 2059 2060
f 1878 2060 1879
f 1879 2060 2061
f 1879 2061 1880
f 1880 2061 2062
f 1880 2062 1881
f 1881 2062 2063
f 1881 2063 1882
f 1882 2063 2064
f 1882 2064 1883
f 1883 2064 2065
f 1883 2065 1884
f 1884 2065 2066
f 1884 2066 1885
f 1885 2066 2067
f 1885 2067 1886
f 1886 2067 2068
f 1886 2068 1887
f 1887 2068 2069
f 1887 2069 1888
f 1888 2069 2070
f 1888 2070 1889
f 1889 2070 2071
f 1889 2071 1890
f 1890 2071 2072
f 1890 2072 1891
f 1891 2072 2073
f 1891 2073 1892
f 1892 2073 2074
f 1892 2074 1893
f 1893 2074 2075
f 1893 2075 1894
f 1894 2075 2076
f 1894 2076 1895
f 1895 2076 2077
f 1895 2077 1896
f 1896 2077 2078
f 1896 2078 1897
f 1897 2078 2079
f 1897 2079 1898
f 1898 2079 2080
f 1898 2080 1899
f 1899 2080 2081
f 1899 2081 1900
f 1900 2081 2082
f 1900 2082 1901
f 1901 2082 2083
f 1901 2083 1902
f 1902 2083 2084
f 1902 2084 1903
f 1903 2084 2085
f 1903 2085 1904
f 1904 2085 2086
f 1904 2086 1905
f 1905 2086 2087
f 1905 2087 1906
f 1906 2087 2088
f 1906 2088 1907
f 1907 2088 2089
f 1907 2089 1908
f 1908 2089 2090
f 1908 2090 1909
f 1909 2090 2091
f 1909 2091 1910
f 1910 2091 2092
f 1910 2092 1911
f 1911 2092 2093
f 1911 2093 1912
f 1912 2093 2094
f 1912 2094 1913
f 1913 2094 2095
f 1913 2095 1914
f 1914 2095 2096
f 1914 2096 1915
f 1915 2096 2097
f 1915 2097 1916
f 1916 2097 2098
f 1916 2098 1917
f 1917 2098 2099
f 1917 2099 1918
f 1918 2099 2100
f 1918 2100 1919
f 1919 2100 2101
f 1919 2101 1920
f 1920 2101 2102
f 1920 2102 1921
f 1921 2102 2103
f 1921 2103 1922
f 1922 2103 2104
f 1922 2104 1923
f 1923 2104 2105
f 1923 2105 1924
f 1924 2105 2106
f 1924 2106 1925
f 1925 2106 2107
f 1925 2107 1926
f 1926 2107 2108
f 1926 2108 1927
f 1927 2108 2109
f 1927 2109 1928
f 1928 2109 2110
f 1928 2110 1929
f 1929 2110 2111
f 1929 2111 1930
f 1930 2111 2112
f 1930 2112 1931
f 1931 2112 2113
f 1931 2113 1932
f 1932 2113 2114
f 1932 2114 1933
f 1933 2114 2115
f 1933 2115 1934
f 1934 2115 2116
f 1934 2116 1935
f 1935 2116 2117
f 1935 2117 1936
f 1936 2117 2118
f 1936 2118 1937
f 1937 2118 2119
f 1937 2119 1938
f 1938 2119 2120
f 1938 2120 1939
f 1939 2120 2121
f 1939 2121 1940
f 1940 2121 2122
f 1940 2122 1941
f 1941 2122 2123
f 1941 2123 1942
f 1942 2123 2124
f 1942 2124 1943
f 1943 2124 2125
f 1943 2125 1944
f 1944 2125 2126
f 1944 2126 1945
f 1945 2126 2127
f 1945 2127 1946
f 1946 2127 2128
f 1946 2128 1947
f 1947 2128 2129
f 1947 2129 1948
f 1948 2129 2130
f 1948 2130 1949
f 1949 2130 2131
f 1949 2131 1950
f 1950 2131 2132
f 1950 2132 1951
f 1951 2132 2133
f 1951 2133 1952
f 1952 2133 2134
f 1952 2134 1953
f 1953 2134 2135
f 1953 2135 1954
f 1954 2135 2136
f 1954 2136 1955
f 1955 2136 2137
f 1955 2137 1956
f 1956 2137 2138
f 1956 2138 1957
f 1957 2138 2139
f 1957 2139 1958
f 1958 2139 2140
f 1958 2140 1959
f 1959 2140 2141
f 1959 2141 1960
f 1960 2141 2142
f 1960 2142 1961
f 1961 2142 2143
f 1961 2143 1962
f 1962 2143 2144
f 1962 2144 1963
f 1963 2144 2145
f 1963 2145 1964
f 1964 2145 2146
f 1964 2146 1965
f 1965 2146 2147
f 1965 2147 1966
f 1966 2147 2148
f 1966 2148 1967
f 1967 2148 2149
f 1967 2149 1968
f 1968 2149 2150
f 1968 2150 1969
f 1969 2150 2151
f 1969 2151 1970
f 1970 2151 2152
f 1970 2152 1971
f 1971 2152 2153
f 1971 2153 1972
f 1972 2153 2154
f 1972 2154 1973
f 1973 2154 2155
f 1973 2155 1974
f 1974 2155 2156
f 1974 2156 1975
f 1975 2156 2157
f 1975 2157 1976
f 1976 2157 2158
f 1976 2158 1977
f 1977 2158 2159
f 1977 2159 1978
f 1978 2159 2160
f 1978 2160 1979
f 1979 2160 2161
f 1979 2161 1980
f 1980 2161 2162
f 1980 2162 1981
f 1981 2162 2163
f 1981 2163 1982
f 1982 2163 2164
f 1982 2164 1983
f 1983 2164 2165
f 1983 2165 1984
f 1984 2165 2166
f 1984 2166 1985
f 1985 2166 2167
f 1985 2167 1986
f 1986 2167 2168
f 1986 2168 1987
f 1987 2168 2169
f 1987 2169 1988
f 1988 2169 2170
f 1988 2170 1989
f 1989 2170 2171
f 1989 2171 1990
f 1990 2171 2172
f 1990 2172 1991
f 1991 2172 1992
f 1991 1992 1811
f 1992 2173 2174
f 1992 2174 1993
f 1993 2174 2175
f 1993 2175 1994
f 1994 2175 2176
f 1994 2176 1995
f 1995 2176 2177
f 1995 2177 1996
f 1996 2177 2178
f 1996 2178 1997
f 1997 2178 2179
f 1997 2179 1998
f 1998 2179 2180
f 1998 2180 1999
f 1999 2180 2181
f 1999 2181 2000
f 2000 2181 2182
f 2000 2182 2001
f 2001 2182 2183
f 2001 2183 2002
f 2002 2183 2184
f 2002 2184 2003
f 2003 2184 2185
f 2003 2185 2004
f 2004 2185 2186
f 2004 2186 2005
f 2005 2186 2187
f 2005 2187 2006
f 2006 2187 2188
f 2006 2188 2007
f 2007 2188 2189
f 2007 2189 2008
f 2008 2189 2190
f 2008 2190 2009
f 2009 2190 2191
f 2009 2191 2010
f 2010 2191 2192
f 2010 2192 2011
f 2011 2192 2193
f 2011 2193 2012
f 2012 2193 2194
f 2012 2194 2013
f 2013 2194 2195
f 2013 2195 2014
f 2014 2195 2196
f 2014 2196 2015
f 2015 2196 2197
f 2015 2197 2016
f 2016 2197 2198
f 2016 2198 2017
f 2017 2198 2199
f 2017 2199 2018
f 2018 2199 2200
f 2018 2200 2019
f 2019 2200 2201
f 2019 2201 2020
f 2020 2201 2202
f 2020 2202 2021
f 2021 2202 2203
f 2021 2203 2022
f 2022 2203 2204
f 2022 2204 2023
f 2023 2204 2205
f 2023 2205 2024
f 2024 2205 2206
f 2024 2206 2025
f 2025 2206 2207
f 2025 2207 2026
f 2026 2207 2208
f 2026 2208 2027
f 2027 2208 2209
f 2027 2209 2028
f 2028 2209 2210
f 2028 2210 2029
f 2029 2210 2211
f 2029 2211 2030
f 2030 2211 2212
f 2030 2212 2031
f 2031 2212 2213
f 2031 2213 2032
f 2032 2213 2214
f 2032 2214 2033
f 2033 2214 2215
f 2033 2215 2034
f 2034 2215 2216
f 2034 2216 2035
f 2035 2216 2217
f 2035 2217 2036
f 2036 2217 2218
f 2036 2218 2037
f 2037 2218 2219
f 2037 2219 2038
f 2038 2219 2220
f 2038 2220 2039
f 2039 2220 2221
f 2039 2221 2040
f 2040 2221 2222
f 2040 2222 2041
f 2041 2222 2223
f 2041 2223 2042
f 2042 2223 2224
f 2042 2224 2043
f 2043 2224 2225
f 2043 2225 2044
f 2044 2225 2226
f 2044 2226 2045
f 2045 2226 2227
f 2045 2227 2046
f 2046 2227 2228
f 2046 2228 2047
f 2047 2228 2229
f 2047 2229 2048
f 2048 2229 2230
f 2048 2230 2049
f 2049 2230 2231
f 2049 2231 2050
f 2050 2231 2232
f 2050 2232 2051
f 2051 2232 2233
f 2051 2233 2052
f 2052 2233 2234
f 2052 2234 2053
f 2053 2234 2235
f 2053 2235 2054
f 2054 2235 2236
f 2054 2236 2055
f 2055 2236 2237
f 2055 2237 2056
f 2056 2237 2238
f 2056 2238 2057
f 2057 2238 2239
f 2057 2239 2058
f 2058 2239 2240
f 2058 2240 2059
f 2059 2240 2241
f 2059 2241 2060
f 2060 2241 2242
f 2060 2242 2061
f 2061 2242 2243
f 2061 2243 2062
f 2062 2243 2244
f 2062 2244 2063
f 2063 2244 2245
f 2063 2245 2064
f 2064 2245 2246
f 2064 2246 2065
f 2065 2246 2247
f 2065 2247 2066
f 2066 2247 2248
f 2066 2248 2067
f 2067 2248 2249
f 2067 2249 2068
f 2068 2249 2250
f 2068 2250 2069
f 2069 2250 2251
f 2069 2251 2070
f 2070 2251 2252
f 2070 2252 2071
f 2071 2252 2253
f 2071 2253 2072
f 2072 2253 2254
f 2072 2254 2073
f 2073 2254 2255
f 2073 2255 2074
f 2074 2255 2256
f 2074 2256 2075
f 2075 2256 2257
f 2075 2257 2076
f 2076 2257 2258
f 2076 2258 2077
f 2077 2258 2259
f 2077 2259 2078
f 2078 2259 2260
f 2078 2260 2079
f 2079 2260 2261
f 2079 2261 2080
f 2080 2261 2262
f 2080 2262 2081
f 2081 2262 2263
f 2081 2263 2082
f 2082 2263 2264
f 2082 2264 2083
f 2083 2264 2265
f 2083 2265 2084
f 2084 2265 2266
f 2084 2266 2085
f 2085 2266 2267
f 2085 2267 2086
f 2086 2267 2268
f 2086 2268 2087
f 2087 2268 2269
f 2087 2269 2088
f 2088 2269 2270
f 2088 2270 2089
f 2089 2270 2271
f 2089 2271 2090
f 2090 2271 2272
f 2090 2272 2091
f 2091 2272 2273
f 2091 2273 2092
f 2092 2273 2274
f 2092 2274 2093
f 2093 2274 2275
f 2093 2275 2094
f 2094 2275 2276
f 2094 2276 2095
f 2095 2276 2277
f 2095 2277 2096
f 2096 2277 2278
f 2096 2278 2097
f 2097 2278 2279
f 2097 2279 2098
f 2098 2279 2280
f 2098 2280 2099
f 2099 2280 2281
f 2099 2281 2100
f 2100 2281 2282
f 2100 2282 2101
f 2101 2282 2283
f 2101 2283 2102
f 2102 2283 2284
f 2102 2284 2103
f 2103 2284 2285
f 2103 2285 2104
f 2104 2285 2286
f 2104 2286 2105
f 2105 2286 2287
f 2105 2287 2106
f 2106 2287 2288
f 2106 2288 2107
f 2107 2288 2289
f 2107 2289 2108
f 2108 2289 2290
f 2108 2290 2109
f 2109 2290 2291
f 2109 2291 2110
f 2110 2291 2292
f 2110 2292 2111
f 2111 2292 2293
f 2111 2293 2112
f 2112 2293 2294
f 2112 2294 2113
f 2113 2294 2295
f 2113 2295 2114
f 2114 2295 2296
f 2114 2296 2115
f 2115 2296 2297
f 2115 2297 2116
f 2116 2297 2298
f 2116 2298 2117
f 2117 2298 2299
f 2117 2299 2118
f 2118 2299 2300
f 2118 2300 2119
f 2119 2300 2301
f 2119 2301 2120
f 2120 2301 2302
f 2120 2302 2121
f 2121 2302 2303
f 2121 2303 2122
f 2122 2303 2304
f 2122 2304 2123
f 2123 2304 2305
f 2123 2305 2124
f 2124 2305 2306
f 2124 2306 2125
f 2125 2306 2307
f 2125 2307 2126
f 2126 2307 2308
f 2126 2308 2127
f 2127 2308 2309
f 2127 2309 2128
f 2128 2309 2310
f 2128 2310 2129
f 2129 2310 2311
f 2129 2311 2130
f 2130 2311 2312
f 2130 2312 2131
f 2131 2312 2313
f 2131 2313 2132
f 2132 2313 2314
f 2132 2314 2133
f 2133 2314 2315
f 2133 2315 2134
f 2134 2315 2316
f 2134 2316 2135
f 2135 2316 2317
f 2135 2317 2136
f 2136 2317 2318
f 2136 2318 2137
f 2137 2318 2319
f 2137 2319 2138
f 2138 2319 2320
f 2138 2320 2139
f 2139 2320 2321
f 2139 2321 2140
f 2140 2321 2322
f 2140 2322 2141
f 2141 2322 2323
f 2141 2323 2142
f 2142 2323 2324
f 2142 2324 2143
f 2143 2324 2325
f 2143 2325 2144
f 2144 2325 2326
f 2144 2326 2145
f 2145 2326 2327
f 2145 2327 2146
f 2146 2327 2328
f 2146 2328 2147
f 2147 2328 2329
f 2147 2329 2148
f 2148 2329 2330
f 2148 2330 2149
f 2149 2330 2331
f 2149 2331 2150
f 2150 2331 2332
f 2150 2332 2151
f 2151 2332 2333
f 2151 2333 2152
f 2152 2333 2334
f 2152 2334 2153
f 2153 2334 2335
f 2153 2335 2154
f 2154 2335 2336
f 2154 2336 2155
f 2155 2336 2337
f 2155 2337 2156
f 2156 2337 2338
f 2156 2338 2157
f 2157 2338 2339
f 2157 2339 2158
f 2158 2339 2340
f 2158 2340 2159
f 2159 2340 2341
f 2159 2341 2160
f 2160 2341 2342
f 2160 2342 2161
f 2161 2342 2343
f 2161 2343 2162
f 2162 2343 2344
f 2162 2344 2163
f 2163 2344 2345
f 2163 2345 2164
f 2164 2345 2346
f 2164 2346 2165
f 2165 2346 2347
f 2165 2347 2166
f 2166 2347 2348
f 2166 2348 2167
f 2167 2348 2349
f 2167 2349 2168
f 2168 2349 2350
f 2168 2350 2169
f 2169 2350 2351
f 2169 2351 2170
f 2170 2351 2352
f 2170 2352 2171
f 2171 2352 2353
f 2171 2353 2172
f 2172 2353 2173
f 2172 2173 1992
f 2173 2354 2355
f 2173 2355 2174
f 2174 2355 2356
f 2174 2356 2175
f 2175 2356 2357
f 2175 2357 2176
f 2176 2357 2358
f 2176 2358 2177
f 2177 2358 2359
f 2177 2359 2178
f 2178 2359 2360
f 2178 2360 2179
f 2179 2360 2361
f 2179 2361 2180
f 2180 2361 2362
f 2180 2362 2181
f 2181 2362 2363
f 2181 2363 2182
f 2182 2363 2364
f 2182 2364 2183
f 2183 2364 2365
f 2183 2365 2184
f 2184 2365 2366
f 2184 2366 2185
f 2185 2366 2367
f 2185 2367 2186
f 2186 2367 2368
f 2186 2368 2187
f 2187 2368 2369
f 2187 2369 2188
f 2188 2369 2370
f 2188 2370 2189
f 2189 2370 2371
f 2189 2371 2190
f 2190 2371 2372
f 2190 2372 2191
f 2191 2372 2373
f 2191 2373 2192
f 2192 2373 2374
f 2192 2374 2193
f 2193 2374 2375
f 2193 2375 2194
f 2194 2375 2376
f 2194 2376 2195
f 2195 2376 2377
f 2195 2377 2196
f 2196 2377 2378
f 2196 2378 2197
f 2197 2378 2379
f 2197 2379 2198
f 2198 2379 2380
f 2198 2380 2199
f 2199 2380 2381
f 2199 2381 2200
f 2200 2381 2382
f 2200 2382 2201
f 2201 2382 2383
f 2201 2383 2202
f 2202 2383 2384
f 2202 2384 2203
f 2203 2384 2385
f 2203 2385 2204
f 2204 2385 2386
f 2204 2386 2205
f 2205 2386 2387
f 2205 2387 2206
f 2206 2387 2388
f 2206 2388 2207
f 2207 2388 2389
f 2207 2389 2208
f 2208 2389 2390
f 2208 2390 2209
f 2209 2390 2391
f 2209 2391 2210
f 2210 2391 2392
f 2210 2392 2211
f 2211 2392 2393
f 2211 2393 2212
f 2212 2393 2394
f 2212 2394 2213
f 2213 2394 2395
f 2213 2395 2214
f 2214 2395 2396
f 2214 2396 2215
f 2215 2396 2397
f 2215 2397 2216
f 2216 2397 2398
f 2216 2398 2217
f 2217 2398 2399
f 2217 2399 2218
f 2218 2399 2400
f 2218 2400 2219
f 2219 2400 2401
f 2219 2401 2220
f 2220 2401 2402
f 2220 2402 2221
f 2221 2402 2403
f 2221 2403 2222
f 2222 2403 2404
f 2222 2404 2223
f 2223 2404 2405
f 2223 2405 2224
f 2224 2405 2406
f 2224 2406 2225
f 2225 2406 2407
f 2225 2407 2226
f 2226 2407 2408
f 2226 2408 2227
f 2227 2408 2409
f 2227 2409 2228
f 2228 2409 2410
f 2228 2410 2229
f 2229 2410 2411
f 2229 2411 2230
f 2230 2411 2412
f 2230 2412 2231
f 2231 2412 2413
f 2231 2413 2232
f 2232 2413 2414
f 2232 2414 2233
f 2233 2414 2415
f 2233 2415 2234
f 2234 2415 2416
f 2234 2416 2235
f 2235 2416 2417
f 2235 2417 2236
f 2236 2417 2418
f 2236 2418 2237
f 2237 2418 2419
f 2237 2419 2238
f 2238 2419 2420
f 2238 2420 2239
f 2239 2420 2421
f 2239 2421 2240
f 2240 2421 2422
f 2240 2422 2241
f 2241 2422 2423
f 2241 2423 2242
f 2242 2423 2424
f 2242 2424 2243
f 2243 2424 2425
f 2243 2425 2244
f 2244 2425 2426
f 2244 2426 2245
f 2245 2426 2427
f 2245 2427 2246
f 2246 2427 2428
f 2246 2428 2247
f 2247 2428 2429
f 2247 2429 2248
f 2248 2429 2430
f 2248 2430 2249
f 2249 2430 2431
f 2249 2431 2250
f 2250 2431 2432
f 2250 2432 2251
f 2251 2432 2433
f 2251 2433 2252
f 2252 2433 2434
f 2252 2434 2253
f 2253 2434 2435
f 2253 2435 2254
f 2254 2435 2436
f 2254 2436 2255
f 2255 2436 2437
f 2255 2437 2256
f 2256 2437 2438
f 2256 2438 2257
f 2257 2438 2439
f 2257 2439 2258
f 2258 2439 2440
f 2258 2440 2259
f 2259 2440 2441
f 2259 2441 2260
f 2260 2441 2442
f 2260 2442 2261
f 2261 2442 2443
f 2261 2443 2262
f 2262 2443 2444
f 2262 2444 2263
f 2263 2444 2445
f 2263 2445 2264
f 2264 2445 2446
f 2264 2446 2265
f 2265 2446 2447
f 2265 2447 2266
f 2266 2447 2448
f 2266 2448 2267
f 2267 2448 2449
f 2267 2449 2268
f 2268 2449 2450
f 2268 2450 2269
f 2269 2450 2451
f 2269 2451 2270
f 2270 2451 2452
f 2270 2452 2271
f 2271 2452 2453
f 2271 2453 2272
f 2272 2453 2454
f 2272 2454 2273
f 2273 2454 2455
f 2273 2455 2274
f 2274 2455 2456
f 2274 2456 2275
f 2275 2456 2457
f 2275 2457 2276
f 2276 2457 2458
f 2276 2458 2277
f 2277 2458 2459
f 2277 2459 2278
f 2278 2459 2460
f 2278 2460 2279
f 2279 2460 2461
f 2279 2461 2280
f 2280 2461 2462
f 2280 2462 2281
f 2281 2462 2463
f 2281 2463 2282
f 2282 2463 2464
f 2282 2464 2283
f 2283 2464 2465
f 2283 2465 2284
f 2284 2465 2466
f 2284 2466 2285
f 2285 2466 2467
f 2285 2467 2286
f 2286 2467 2468
f 2286 2468 2287
f 2287 2468 2469
f 2287 2469 2288
f 2288 2469 2470
f 2288 2470 2289
f 2289 2470 2471
f 2289 2471 2290
f 2290 2471 2472
f 2290 2472 2291
f 2291 2472 2473
f 2291 2473 2292
f 2292 2473 2474
f 2292 2474 2293
f 2293 2474 2475
f 2293 2475 2294
f 2294 2475 2476
f 2294 2476 2295
f 2295 2476 2477
f 2295 2477 2296
f 2296 2477 2478
f 2296 2478 2297
f 2297 2478 2479
f 2297 2479 2298
f 2298 2479 2480
f 2298 2480 2299
f 2299 2480 2481
f 2299 2481 2300
f 2300 2481 2482
f 2300 2482 2301
f 2301 2482 2483
f 2301 2483 2302
f 2302 2483 2484
f 2302 2484 2303
f 2303 2484 2485
f 2303 2485 2304
f 2304 2485 2486
f 2304 2486 2305
f 2305 2486 2487
f 2305 2487 2306
f 2306 2487 2488
f 2306 2488 2307
f 2307 2488 2489
f 2307 2489 2308
f 2308 2489 2490
f 2308 2490 2309
f 2309 2490 2491
f 2309 2491 2310
f 2310 2491 2492
f 2310 2492 2311
f 2311 2492 2493
f 2311 2493 2312
f 2312 2493 2494
f 2312 2494 2313
f 2313 2494 2495
f 2313 2495 2314
f 2314 2495 2496
f 2314 2496 2315
f 2315 2496 2497
f 2315 2497 2316
f 2316 2497 2498
f 2316 2498 2317
f 2317 2498 2499
f 2317 2499 2318
f 2318 2499 2500
f 2318 2500 2319
f 2319 2500 2501
f 2319 2501 2320
f 2320 2501 2502
f 2320 2502 2321
f 2321 2502 2503
f 2321 2503 2322
f 2322 2503 2504
f 2322 2504 2323
f 2323 2504 2505
f 2323 2505 2324
f 2324 2505 2506
f 2324 2506 2325
f 2325 2506 2507
f 2325 2507 2326
f 2326 2507 2508
f 2326 2508 2327
f 2327 2508 2509
f 2327 2509 2328
f 2328 2509 2510
f 2328 2510 2329
f 2329 2510 2511
f 2329 2511 2330
f 2330 2511 2512
f 2330 2512 2331
f 2331 2512 2513
f 2331 2513 2332
f 2332 2513 2514
f 2332 2514 2333
f 2333 2514 2515
f 2333 2515 2334
f 2334 2515 2516
f 2334 2516 2335
f 2335 2516 2517
f 2335 2517 2336
f 2336 2517 2518
f 2336 2518 2337
f 2337 2518 2519
f 2337 2519 2338
f 2338 2519 2520
f 2338 2520 2339
f 2339 2520 2521
f 2339 2521 2340
f 2340 2521 2522
f 2340 2522 2341
f 2341 2522 2523
f 2341 2523 2342
f 2342 2523 2524
f 2342 2524 2343
f 2343 2524 2525
f 2343 2525 2344
f 2344 2525 2526
f 2344 2526 2345
f 2345 2526 2527
f 2345 2527 2346
f 2346 2527 2528
f 2346 2528 2347
f 2347 2528 2529
f 2347 2529 2348
f 2348 2529 2530
f 2348 2530 2349
f 2349 2530 2531
f 2349 2531 2350
f 2350 2531 2532
f 2350 2532 2351
f 2351 2532 2533
f 2351 2533 2352
f 2352 2533 2534
f 2352 2534 2353
f 2353 2534 2354
f 2353 2354 2173
f 2354 2535 2536
f 2354 2536 2355
f 2355 2536 2537
f 2355 2537 2356
f 2356 2537 2538
f 2356 2538 2357
f 2357 2538 2539
f 2357 2539 2358
f 2358 2539 2540
f 2358 2540 2359
f 2359 2540 2541
f 2359 2541 2360
f 2360 2541 2542
f 2360 2542 2361
f 2361 2542 2543
f 2361 2543 2362
f 2362 2543 2544
f 2362 2544 2363
f 2363 2544 2545
f 2363 2545 2364
f 2364 2545 2546
f 2364 2546 2365
f 2365 2546 2547
f 2365 2547 2366
f 2366 2547 2548
f 2366 2548 2367
f 2367 2548 2549
f 2367 2549 2368
f 2368 2549 2550
f 2368 2550 2369
f 2369 2550 2551
f 2369 2551 2370
f 2370 2551 2552
f 2370 2552 2371
f 2371 2552 2553
f 2371 2553 2372
f 2372 2553 2554
f 2372 2554 2373
f 2373 2554 2555
f 2373 2555 2374
f 2374 2555 2556
f 2374 2556 2375
f 2375 2556 2557
f 2375 2557 2376
f 2376 2557 2558
f 2376 2558 2377
f 2377 2558 2559
f 2377 2559 2378
f 2378 2559 2560
f 2378 2560 2379
f 2379 2560 2561
f 2379 2561 2380
f 2380 2561 2562
f 2380 2562 2381
f 2381 2562 2563
f 2381 2563 2382
f 2382 2563 2564
f 2382 2564 2383
f 2383 2564 2565
f 2383 2565 2384
f 2384 2565 2566
f 2384 2566 2385
f 2385 2566 2567
f 2385 2567 2386
f 2386 2567 2568
f 2386 2568 2387
f 2387 2568 2569
f 2387 2569 2388
f 2388 2569 2570
f 2388 2570 2389
f 2389 2570 2571
f 2389 2571 2390
f 2390 2571 2572
f 2390 2572 2391
f 2391 2572 2573
f 2391 2573 2392
f 2392 2573 2574
f 2392 2574 2393
f 2393 2574 2575
f 2393 2575 2394
f 2394 2575 2576
f 2394 2576 2395
f 2395 2576 2577
f 2395 2577 2396
f 2396 2577 2578
f 2396 2578 2397
f 2397 2578 2579
f 2397 2579 2398
f 2398 2579 2580
f 2398 2580 2399
f 2399 2580 2581
f 2399 2581 2400
f 2400 2581 2582
f 2400 2582 2401
f 2401 2582 2583
f 2401 2583 2402
f 2402 2583 2584
f 2402 2584 2403
f 2403 2584 2585
f 2403 2585 2404
f 2404 2585 2586
f 2404 2586 2405
f 2405 2586 2587
f 2405 2587 2406
f 2406 2587 2588
f 2406 2588 2407
f 2407 2588 2589
f 2407 2589 2408
f 2408 2589 2590
f 2408 2590 2409
f 2409 2590 2591
f 2409 2591 2410
f 2410 2591 2592
f 2410 2592 2411
f 2411 2592 2593
f 2411 2593 2412
f 2412 2593 2594
f 2412 2594 2413
f 2413 2594 2595
f 2413 2595 2414
f 2414 2595 2596
f 2414 2596 2415
f 2415 2596 2597
f 2415 2597 2416
f 2416 2597 2598
f 2416 2598 2417
f 2417 2598 2599
f 2417 2599 2418
f 2418 2599 2600
f 2418 2600 2419
f 2419 2600 2601
f 2419 2601 2420
f 2420 2601 2602
f 2420 2602 2421
f 2421 2602 2603
f 2421 2603 2422
f 2422 2603 2604
f 2422 2604 2423
f 2423 2604 2605
f 2423 2605 2424
f 2424 2605 2606
f 2424 2606 2425
f 2425 2606 2607
f 2425 2607 2426
f 2426 2607 2608
f 2426 2608 2427
f 2427 2608 2609
f 2427 2609 2428
f 2428 2609 2610
f 2428 2610 2429
f 2429 2610 2611
f 2429 2611 2430
f 2430 2611 2612
f 2430 2612 2431
f 2431 2612 2613
f 2431 2613 2432
f 2432 2613 2614
f 2432 2614 2433
f 2433 2614 2615
f 2433 2615 2434
f 2434 2615 2616
f 2434 2616 2435
f 2435 2616 2617
f 2435 2617 2436
f 2436 2617 2618
f 2436 2618 2437
f 2437 2618 2619
f 2437 2619 2438
f 2438 2619 2620
f 2438 2620 2439
f 2439 2620 2621
f 2439 2621 2440
f 2440 2621 2622
f 2440 2622 2441
f 2441 2622 2623
f 2441 2623 2442
f 2442 2623 2624
f 2442 2624 2443
f 2443 2624 2625
f 2443 2625 2444
f 2444 2625 2626
f 2444 2626 2445
f 2445 2626 2627
f 2445 2627 2446
f 2446 2627 2628
f 2446 2628 2447
f 2447 2628 2629
f 2447 2629 2448
f 2448 2629 2630
f 2448 2630 2449
f 2449 2630 2631
f 2449 2631 2450
f 2450 2631 2632
f 2450 2632 2451
f 2451 2632 2633
f 2451 2633 2452
f 2452 2633 2634
f 2452 2634 2453
f 2453 2634 2635
f 2453 2635 2454
f 2454 2635 2636
f 2454 2636 2455
f 2455 2636 2637
f 2455 2637 2456
f 2456 2637 2638
f 2456 2638 2457
f 2457 2638 2639
f 2457 2639 2458
f 2458 2639 2640
f 2458 2640 2459
f 2459 2640 2641
f 2459 2641 2460
f 2460 2641 2642
f 2460 2642 2461
f 2461 2642 2643
f 2461 2643 2462
f 2462 2643 2644
f 2462 2644 2463
f 2463 2644 2645
f 2463 2645 2464
f 2464 2645 2646
f 2464 2646 2465
f 2465 2646 2647
f 2465 2647 2466
f 2466 2647 2648
f 2466 2648 2467
f 2467 2648 2649
f 2467 2649 2468
f 2468 2649 2650
f 2468 2650 2469
f 2469 2650 2651
f 2469 2651 2470
f 2470 2651 2652
f 2470 2652 2471
f 2471 2652 2653
f 2471 2653 2472
f 2472 2653 2654
f 2472 2654 2473
f 2473 2654 2655
f 2473 2655 2474
f 2474 2655 2656
f 2474 2656 2475
f 2475 2656 2657
f 2475 2657 2476
f 2476 2657 2658
f 2476 2658 2477
f 2477 2658 2659
f 2477 2659 2478
f 2478 2659 2660
f 2478 2660 2479
f 2479 2660 2661
f 2479 2661 2480
f 2480 2661 2662
f 2480 2662 2481
f 2481 2662 2663
f 2481 2663 2482
f 2482 2663 2664
f 2482 2664 2483
f 2483 2664 2665
f 2483 2665 2484
f 2484 2665 2666
f 2484 2666 2485
f 2485 2666 2667
f 2485 2667 2486
f 2486 2667 2668
f 2486 2668 2487
f 2487 2668 2669
f 2487 2669 2488
f 2488 2669 2670
f 2488 2670 2489
f 2489 2670 2671
f 2489 2671 2490
f 2490 2671 2672
f 2490 2672 2491
f 2491 2672 2673
f 2491 2673 2492
f 2492 2673 2674
f 2492 2674 2493
f 2493 2674 2675
f 2493 2675 2494
f 2494 2675 2676
f 2494 2676 2495
f 2495 2676 2677
f 2495 2677 2496
f 2496 2677 2678
f 2496 2678 2497
f 2497 2678 2679
f 2497 2679 2498
f 2498 2679 2680
f 2498 2680 2499
f 2499 2680 2681
f 2499 2681 2500
f 2500 2681 2682
f 2500 2682 2501
f 2501 2682 2683
f 2501 2683 2502
f 2502 2683 2684
f 2502 2684 2503
f 2503 2684 2685
f 2503 2685 2504
f 2504 2685 2686
f 2504 2686 2505
f 2505 2686 2687
f 2505 2687 2506
f 2506 2687 2688
f 2506 2688 2507
f 2507 2688 2689
f 2507 2689 2508
f 2508 2689 2690
f 2508 2690 2509
f 2509 2690 2691
f 2509 2691 2510
f 2510 2691 2692
f 2510 2692 2511
f 2511 2692 2693
f 2511 2693 2512
f 2512 2693 2694
f 2512 2694 2513
f 2513 2694 2695
f 2513 2695 2514
f 2514 2695 2696
f 2514 2696 2515
f 2515 2696 2697
f 2515 2697 2516
f 2516 2697 2698
f 2516 2698 2517
f 2517 2698 2699
f 2517 2699 2518
f 2518 2699 2700
f 2518 2700 2519
f 2519 2700 2701
f 2519 2701 2520
f 2520 2701 2702
f 2520 2702 2521
f 2521 2702 2703
f 2521 2703 2522
f 2522 2703 2704
f 2522 2704 2523
f 2523 2704 2705
f 2523 2705 2524
f 2524 2705 2706
f 2524 2706 2525
f 2525 2706 2707
f 2525 2707 2526
f 2526 2707 2708
f 2526 2708 2527
f 2527 2708 2709
f 2527 2709 2528
f 2528 2709 2710
f 2528 2710 2529
f 2529 2710 2711
f 2529 2711 2530
f 2530 2711 2712
f 2530 2712 2531
f 2531 2712 2713
f 2531 2713 2532
f 2532 2713 2714
f 2532 2714 2533
f 2533 2714 2715
f 2533 2715 2534
f 2534 2715 2535
f 2534 2535 2354
f 2535 2716 2717
f 2535 2717 2536
f 2536 2717 2718
f 2536 2718 2537
f 2537 2718 2719
f 2537 2719 2538
f 2538 2719 2720
f 2538 2720 2539
f 2539 2720 2721
f 2539 2721 2540
f 2540 2721 2722
f 2540 2722 2541
f 2541 2722 2723
f 2541 2723 2542
f 2542 2723 2724
f 2542 2724 2543
f 2543 2724 2725
f 2543 2725 2544
f 2544 2725 2726
f 2544 2726 2545
f 2545 2726 2727
f 2545 2727 2546
f 2546 2727 2728
f 2546 2728 2547
f 2547 2728 2729
f 2547 2729 2548
f 2548 2729 2730
f 2548 2730 2549
f 2549 2730 2731
f 2549 2731 2550
f 2550 2731 2732
f 2550 2732 2551
f 2551 2732 2733
f 2551 2733 2552
f 2552 2733 2734
f 2552 2734 2553
f 2553 2734 2735
f 2553 2735 2554
f 2554 2735 2736
f 2554 2736 2555
f 2555 2736 2737
f 2555 2737 2556
f 2556 2737 2738
f 2556 2738 2557
f 2557 2738 2739
f 2557 2739 2558
f 2558 2739 2740
f 2558 2740 2559
f 2559 2740 2741
f 2559 2741 2560
f 2560 2741 2742
f 2560 2742 2561
f 2561 2742 2743
f 2561 2743 2562
f 2562 2743 2744
f 2562 2744 2563
f 2563 2744 2745
f 2563 2745 2564
f 2564 2745 2746
f 2564 2746 2565
f 2565 2746 2747
f 2565 2747 2566
f 2566 2747 2748
f 2566 2748 2567
f 2567 2748 2749
f 2567 2749 2568
f 2568 2749 2750
f 2568 2750 2569
f 2569 2750 2751
f 2569 2751 2570
f 2570 2751 2752
f 2570 2752 2571
f 2571 2752 2753
f 2571 2753 2572
f 2572 2753 2754
f 2572 2754 2573
f 2573 2754 2755
f 2573 2755 2574
f 2574 2755 2756
f 2574 2756 2575
f 2575 2756 2757
f 2575 2757 2576
f 2576 2757 2758
f 2576 2758 2577
f 2577 2758 2759
f 2577 2759 2578
f 2578 2759 2760
f 2578 2760 2579
f 2579 2760 2761
f 2579 2761 2580
f 2580 2761 2762
f 2580 2762 2581
f 2581 2762 2763
f 2581 2763 2582
f 2582 2763 2764
f 2582 2764 2583
f 2583 2764 2765
f 2583 2765 2584
f 2584 2765 2766
f 2584 2766 2585
f 2585 2766 2767
f 2585 2767 2586
f 2586 2767 2768
f 2586 2768 2587
f 2587 2768 2769
f 2587 2769 2588
f 2588 2769 2770
f 2588 2770 2589
f 2589 2770 2771
f 2589 2771 2590
f 2590 2771 2772
f 2590 2772 2591
f 2591 2772 2773
f 2591 2773 2592
f 2592 2773 2774
f 2592 2774 2593
f 2593 2774 2775
f 2593 2775 2594
f 2594 2775 2776
f 2594 2776 2595
f 2595 2776 2777
f 2595 2777 2596
f 2596 2777 2778
f 2596 2778 2597
f 2597 2778 2779
f 2597 2779 2598
f 2598 2779 2780
f 2598 2780 2599
f 2599 2780 2781
f 2599 2781 2600
f 2600 2781 2782
f 2600 2782 2601
f 2601 2782 2783
f 2601 2783 2602
f 2602 2783 2784
f 2602 2784 2603
f 2603 2784 2785
f 2603 2785 2604
f 2604 2785 2786
f 2604 2786 2605
f 2605 2786 2787
f 2605 2787 2606
f 2606 2787 2788
f 2606 2788 2607
f 2607 2788 2789
f 2607 2789 2608
f 2608 2789 2790
f 2608 2790 2609
f 2609 2790 2791
f 2609 2791 2610
f 2610 2791 2792
f 2610 2792 2611
f 2611 2792 2793
f 2611 2793 2612
f 2612 2793 2794
f 2612 2794 2613
f 2613 2794 2795
f 2613 2795 2614
f 2614 2795 2796
f 2614 2796 2615
f 2615 2796 2797
f 2615 2797 2616
f 2616 2797 2798
f 2616 2798 2617
f 2617 2798 2799
f 2617 2799 2618
f 2618 2799 2800
f 2618 2800 2619
f 2619 2800 2801
f 2619 2801 2620
f 2620 2801 2802
f 2620 2802 2621
f 2621 2802 2803
f 2621 2803 2622
f 2622 2803 2804
f 2622 2804 2623
f 2623 2804 2805
f 2623 2805 2624
f 2624 2805 2806
f 2624 2806 2625
f 2625 2806 2807
f 2625 2807 2626
f 2626 2807 2808
f 2626 2808 2627
f 2627 2808 2809
f 2627 2809 2628
f 2628 2809 2810
f 2628 2810 2629
f 2629 2810 2811
f 2629 2811 2630
f 2630 2811 2812
f 2630 2812 2631
f 2631 2812 2813
f 2631 2813 2632
f 2632 2813 2814
f 2632 2814 2633
f 2633 2814 2815
f 2633 2815 2634
f 2634 2815 2816
f 2634 2816 2635
f 2635 2816 2817
f 2635 2817 2636
f 2636 2817 2818
f 2636 2818 2637
f 2637 2818 2819
f 2637 2819 2638
f 2638 2819 2820
f 2638 2820 2639
f 2639 2820 2821
f 2639 2821 2640
f 2640 2821 2822
f 2640 2822 2641
f 2641 2822 2823
f 2641 2823 2642
f 2642 2823 2824
f 2642 2824 2643
f 2643 2824 2825
f 2643 2825 2644
f 2644 2825 2826
f 2644 2826 2645
f 2645 2826 2827
f 2645 2827 2646
f 2646 2827 2828
f 2646 2828 2647
f 2647 2828 2829
f 2647 2829 2648
f 2648 2829 2830
f 2648 2830 2649
f 2649 2830 2831
f 2649 2831 2650
f 2650 2831 2832
f 2650 2832 2651
f 2651 2832 2833
f 2651 2833 2652
f 2652 2833 2834
f 2652 2834 2653
f 2653 2834 2835
f 2653 2835 2654
f 2654 2835 2836
f 2654 2836 2655
f 2655 2836 2837
f 2655 2837 2656
f 2656 2837 2838
f 2656 2838 2657
f 2657 2838 2839
f 2657 2839 2658
f 2658 2839 2840
f 2658 2840 2659
f 2659 2840 2841
f 2659 2841 2660
f 2660 2841 2842
f 2660 2842 2661
f 2661 2842 2843
f 2661 2843 2662
f 2662 2843 2844
f 2662 2844 2663
f 2663 2844 2845
f 2663 2845 2664
f 2664 2845 2846
f 2664 2846 2665
f 2665 2846 2847
f 2665 2847 2666
f 2666 2847 2848
f 2666 2848 2667
f 2667 2848 2849
f 2667 2849 2668
f 2668 2849 2850
f 2668 2850 2669
f 2669 2850 2851
f 2669 2851 2670
f 2670 2851 2852
f 2670 2852 2671
f 2671 2852 2853
f 2671 2853 2672
f 2672 2853 2854
f 2672 2854 2673
f 2673 2854 2855
f 2673 2855 2674
f 2674 2855 2856
f 2674 2856 2675
f 2675 2856 2857
f 2675 2857 2676
f 2676 2857 2858
f 2676 2858 2677
f 2677 2858 2859
f 2677 2859 2678
f 2678 2859 2860
f 2678 2860 2679
f 2679 2860 2861
f 2679 2861 2680
f 2680 2861 2862
f 2680 2862 2681
f 2681 2862 2863
f 2681 2863 2682
f 2682 2863 2864
f 2682 2864 2683
f 2683 2864 2865
f 2683 2865 2684
f 2684 2865 2866
f 2684 2866 2685
f 2685 2866 2867
f 2685 2867 2686
f 2686 2867 2868
f 2686 2868 2687
f 2687 2868 2869
f 2687 2869 2688
f 2688 2869 2870
f 2688 2870 2689
f 2689 2870 2871
f 2689 2871 2690
f 2690 2871 2872
f 2690 2872 2691
f 2691 2872 2873
f 2691 2873 2692
f 2692 2873 2874
f 2692 2874 2693
f 2693 2874 2875
f 2693 2875 2694
f 2694 2875 2876
f 2694 2876 2695
f 2695 2876 2877
f 2695 2877 2696
f 2696 2877 2878
f 2696 2878 2697
f 2697 2878 2879
f 2697 2879 2698
f 2698 2879 2880
f 2698 2880 2699
f 2699 2880 2881
f 2699 2881 2700
f 2700 2881 2882
f 2700 2882 2701
f 2701 2882 2883
f 2701 2883 2702
f 2702 2883 2884
f 2702 2884 2703
f 2703 2884 2885
f 2703 2885 2704
f 2704 2885 2886
f 2704 2886 2705
f 2705 2886 2887
f 2705 2887 2706
f 2706 2887 2888
f 2706 2888 2707
f 2707 2888 2889
f 2707 2889 2708
f 2708 2889 2890
f 2708 2890 2709
f 2709 2890 2891
f 2709 2891 2710
f 2710 2891 2892
f 2710 2892 2711
f 2711 2892 2893
f 2711 2893 2712
f 2712 2893 2894
f 2712 2894 2713
f 2713 2894 2895
f 2713 2895 2714
f 2714 2895 2896
f 2714 2896 2715
f 2715 2896 2716
f 2715 2716 2535
f 2716 2897 2898
f 2716 2898 2717
f 2717 2898 2899
f 2717 2899 2718
f 2718 2899 2900
f 2718 2900 2719
f 2719 2900 2901
f 2719 2901 2720
f 2720 2901 2902
f 2720 2902 2721
f 2721 2902 2903
f 2721 2903 2722
f 2722 2903 2904
f 2722 2904 2723
f 2723 2904 2905
f 2723 2905 2724
f 2724 2905 2906
f 2724 2906 2725
f 2725 2906 2907
f 2725 2907 2726
f 2726 2907 2908
f 2726 2908 2727
f 2727 2908 2909
f 2727 2909 2728
f 2728 2909 2910
f 2728 2910 2729
f 2729 2910 2911
f 2729 2911 2730
f 2730 2911 2912
f 2730 2912 2731
f 2731 2912 2913
f 2731 2913 2732
f 2732 2913 2914
f 2732 2914 2733
f 2733 2914 2915
f 2733 2915 2734
f 2734 2915 2916
f 2734 2916 2735
f 2735 2916 2917
f 2735 2917 2736
f 2736 2917 2918
f 2736 2918 2737
f 2737 2918 2919
f 2737 2919 2738
f 2738 2919 2920
f 2738 2920 2739
f 2739 2920 2921
f 2739 2921 2740
f 2740 2921 2922
f 2740 2922 2741
f 2741 2922 2923
f 2741 2923 2742
f 2742 2923 2924
f 2742 2924 2743
f 2743 2924 2925
f 2743 2925 2744
f 2744 2925 2926
f 2744 2926 2745
f 2745 2926 2927
f 2745 2927 2746
f 2746 2927 2928
f 2746 2928 2747
f 2747 2928 2929
f 2747 2929 2748
f 2748 2929 2930
f 2748 2930 2749
f 2749 2930 2931
f 2749 2931 2750
f 2750 2931 2932
f 2750 2932 2751
f 2751 2932 2933
f 2751 2933 2752
f 2752 2933 2934
f 2752 2934 2753
f 2753 2934 2935
f 2753 2935 2754
f 2754 2935 2936
f 2754 2936 2755
f 2755 2936 2937
f 2755 2937 2756
f 2756 2937 2938
f 2756 2938 2757
f 2757 2938 2939
f 2757 2939 2758
f 2758 2939 2940
f 2758 2940 2759
f 2759 2940 2941
f 2759 2941 2760
f 2760 2941 2942
f 2760 2942 2761
f 2761 2942 2943
f 2761 2943 2762
f 2762 2943 2944
f 2762 2944 2763
f 2763 2944 2945
f 2763 2945 2764
f 2764 2945 2946
f 2764 2946 2765
f 2765 2946 2947
f 2765 2947 2766
f 2766 2947 2948
f 2766 2948 2767
f 2767 2948 2949
f 2767 2949 2768
f 2768 2949 2950
f 2768 2950 2769
f 2769 2950 2951
f 2769 2951 2770
f 2770 2951 2952
f 2770 2952 2771
f 2771 2952 2953
f 2771 2953 2772
f 2772 2953 2954
f 2772 2954 2773
f 2773 2954 2955
f 2773 2955 2774
f 2774 2955 2956
f 2774 2956 2775
f 2775 2956 2957
f 2775 2957 2776
f 2776 2957 2958
f 2776 2958 2777
f 2777 2958 2959
f 2777 2959 2778
f 2778 2959 2960
f 2778 2960 2779
f 2779 2960 2961
f 2779 2961 2780
f 2780 2961 2962
f 2780 2962 2781
f 2781 2962 2963
f 2781 2963 2782
f 2782 2963 2964
f 2782 2964 2783
f 2783 2964 2965
f 2783 2965 2784
f 2784 2965 2966
f 2784 2966 2785
f 2785 2966 2967
f 2785 2967 2786
f 2786 2967 2968
f 2786 2968 2787
f 2787 2968 2969
f 2787 2969 2788
f 2788 2969 2970
f 2788 2970 2789
f 2789 2970 2971
f 2789 2971 2790
f 2790 2971 2972
f 2790 2972 2791
f 2791 2972 2973
f 2791 2973 2792
f 2792 2973 2974
f 2792 2974 2793
f 2793 2974 2975
f 2793 2975 2794
f 2794 2975 2976
f 2794 2976 2795
f 2795 2976 2977
f 2795 2977 2796
f 2796 2977 2978
f 2796 2978 2797
f 2797 2978 2979
f 2797 2979 2798
f 2798 2979 2980
f 2798 2980 2799
f 2799 2980 2981
f 2799 2981 2800
f 2800 2981 2982
f 2800 2982 2801
f 2801 2982 2983
f 2801 2983 2802
f 2802 2983 2984
f 2802 2984 2803
f 2803 2984 2985
f 2803 2985 2804
f 2804 2985 2986
f 2804 2986 2805
f 2805 2986 2987
f 2805 2987 2806
f 2806 2987 2988
f 2806 2988 2807
f 2807 2988 2989
f 2807 2989 2808
f 2808 2989 2990
f 2808 2990 2809
f 2809 2990 2991
f 2809 2991 2810
f 2810 2991 2992
f 2810 2992 2811
f 2811 2992 2993
f 2811 2993 2812
f 2812 2993 2994
f 2812 2994 2813
f 2813 2994 2995
f 2813 2995 2814
f 2814 2995 2996
f 2814 2996 2815
f 2815 2996 2997
f 2815 2997 2816
f 2816 2997 2998
f 2816 2998 2817
f 2817 2998 2999
f 2817 2999 2818
f 2818 2999 3000
f 2818 3000 2819
f 2819 3000 3001
f 2819 3001 2820
f 2820 3001 3002
f 2820 3002 2821
f 2821 3002 3003
f 2821 3003 2822
f 2822 3003 3004
f 2822 3004 2823
f 2823 3004 3005
f 2823 3005 2824
f 2824 3005 3006
f 2824 3006 2825
f 2825 3006 3007
f 2825 3007 2826
f 2826 3007 3008
f 2826 3008 2827
f 2827 3008 3009
f 2827 3009 2828
f 2828 3009 3010
f 2828 3010 2829
f 2829 3010 3011
f 2829 3011 2830
f 2830 3011 3012
f 2830 3012 2831
f 2831 3012 3013
f 2831 3013 2832
f 2832 3013 3014
f 2832 3014 2833
f 2833 3014 3015
f 2833 3015 2834
f 2834 3015 3016
f 2834 3016 2835
f 2835 3016 3017
f 2835 3017 2836
f 2836 3017 3018
f 2836 3018 2837
f 2837 3018 3019
f 2837 3019 2838
f 2838 3019 3020
f 2838 3020 2839
f 2839 3020 3021
f 2839 3021 2840
f 2840 3021 3022
f 2840 3022 2841
f 2841 3022 3023
f 2841 3023 2842
f 2842 3023 3024
f 2842 3024 2843
f 2843 3024 3025
f 2843 3025 2844
f 2844 3025 3026
f 2844 3026 2845
f 2845 3026 3027
f 2845 3027 2846
f 2846 3027 3028
f 2846 3028 2847
f 2847 3028 3029
f 2847 3029 2848
f 2848 3029 3030
f 2848 3030 2849
f 2849 3030 3031
f 2849 3031 2850
f 2850 3031 3032
f 2850 3032 2851
f 2851 3032 3033
f 2851 3033 2852
f 2852 3033 3034
f 2852 3034 2853
f 2853 3034 3035
f 2853 3035 2854
f 2854 3035 3036
f 2854 3036 2855
f 2855 3036 3037
f 2855 3037 2856
f 2856 3037 3038
f 2856 3038 2857
f 2857 3038 3039
f 2857 3039 2858
f 2858 3039 3040
f 2858 3040 2859
f 2859 3040 3041
f 2859 3041 2860
f 2860 3041 3042
f 2860 3042 2861
f 2861 3042 3043
f 2861 3043 2862
f 2862 3043 3044
f 2862 3044 2863
f 2863 3044 3045
f 2863 3045 2864
f 2864 3045 3046
f 2864 3046 2865
f 2865 3046 3047
f 2865 3047 2866
f 2866 3047 3048
f 2866 3048 2867
f 2867 3048 3049
f 2867 3049 2868
f 2868 3049 3050
f 2868 3050 2869
f 2869 3050 3051
f 2869 3051 2870
f 2870 3051 3052
f 2870 3052 2871
f 2871 3052 3053
f 2871 3053 2872
f 2872 3053 3054
f 2872 3054 2873
f 2873 3054 3055
f 2873 3055 2874
f 2874 3055 3056
f 2874 3056 2875
f 2875 3056 3057
f 2875 3057 2876
f 2876 3057 3058
f 2876 3058 2877
f 2877 3058 3059
f 2877 3059 2878
f 2878 3059 3060
f 2878 3060 2879
f 2879 3060 3061
f 2879 3061 2880
f 2880 3061 3062
f 2880 3062 2881
f 2881 3062 3063
f 2881 3063 2882
f 2882 3063 3064
f 2882 3064 2883
f 2883 3064 3065
f 2883 3065 2884
f 2884 3065 3066
f 2884 3066 2885
f 2885 3066 3067
f 2885 3067 2886
f 2886 3067 3068
f 2886 3068 2887
f 2887 3068 3069
f 2887 3069 2888
f 2888 3069 3070
f 2888 3070 2889
f 2889 3070 3071
f 2889 3071 2890
f 2890 3071 3072
f 2890 3072 2891
f 2891 3072 3073
f 2891 3073 2892
f 2892 3073 3074
f 2892 3074 2893
f 2893 3074 3075
f 2893 3075 2894
f 2894 3075 3076
f 2894 3076 2895
f 2895 3076 3077
f 2895 3077 2896
f 2896 3077 2897
f 2896 2897 2716
f 2897 3078 3079
f 2897 3079 2898
f 2898 3079 3080
f 2898 3080 2899
f 2899 3080 3081
f 2899 3081 2900
f 2900 3081 3082
f 2900 3082 2901
f 2901 3082 3083
f 2901 3083 2902
f 2902 3083 3084
f 2902 3084 2903
f 2903 3084 3085
f 2903 3085 2904
f 2904 3085 3086
f 2904 3086 2905
f 2905 3086 3087
f 2905 3087 2906
f 2906 3087 3088
f 2906 3088 2907
f 2907 3088 3089
f 2907 3089 2908
f 2908 3089 3090
f 2908 3090 2909
f 2909 3090 3091
f 2909 3091 2910
f 2910 3091 3092
f 2910 3092 2911
f 2911 3092 3093
f 2911 3093 2912
f 2912 3093 3094
f 2912 3094 2913
f 2913 3094 3095
f 2913 3095 2914
f 2914 3095 3096
f 2914 3096 2915
f 2915 3096 3097
f 2915 3097 2916
f 2916 3097 3098
f 2916 3098 2917
f 2917 3098 3099
f 2917 3099 2918
f 2918 3099 3100
f 2918 3100 2919
f 2919 3100 3101
f 2919 3101 2920
f 2920 3101 3102
f 2920 3102 2921
f 2921 3102 3103
f 2921 3103 2922
f 2922 3103 3104
f 2922 3104 2923
f 2923 3104 3105
f 2923 3105 2924
f 2924 3105 3106
f 2924 3106 2925
f 2925 3106 3107
f 2925 3107 2926
f 2926 3107 3108
f 2926 3108 2927
f 2927 3108 3109
f 2927 3109 2928
f 2928 3109 3110
f 2928 3110 2929
f 2929 3110 3111
f 2929 3111 2930
f 2930 3111 3112
f 2930 3112 2931
f 2931 3112 3113
f 2931 3113 2932
f 2932 3113 3114
f 2932 3114 2933
f 2933 3114 3115
f 2933 3115 2934
f 2934 3115 3116
f 2934 3116 2935
f 2935 3116 3117
f 2935 3117 2936
f 2936 3117 3118
f 2936 3118 2937
f 2937 3118 3119
f 2937 3119 2938
f 2938 3119 3120
f 2938 3120 2939
f 2939 3120 3121
f 2939 3121 2940
f 2940 3121 3122
f 2940 3122 2941
f 2941 3122 3123
f 2941 3123 2942
f 2942 3123 3124
f 2942 3124 2943
f 2943 3124 3125
f 2943 3125 2944
f 2944 3125 3126
f 2944 3126 2945
f 2945 3126 3127
f 2945 3127 2946
f 2946 3127 3128
f 2946 3128 2947
f 2947 3128 3129
f 2947 3129 2948
f 2948 3129 3130
f 2948 3130 2949
f 2949 3130 3131
f 2949 3131 2950
f 2950 3131 3132
f 2950 3132 2951
f 2951 3132 3133
f 2951 3133 2952
f 2952 3133 3134
f 2952 3134 2953
f 2953 3134 3135
f 2953 3135 2954
f 2954 3135 3136
f 2954 3136 2955
f 2955 3136 3137
f 2955 3137 2956
f 2956 3137 3138
f 2956 3138 2957
f 2957 3138 3139
f 2957 3139 2958
f 2958 3139 3140
f 2958 3140 2959
f 2959 3140 3141
f 2959 3141 2960
f 2960 3141 3142
f 2960 3142 2961
f 2961 3142 3143
f 2961 3143 2962
f 2962 3143 3144
f 2962 3144 2963
f 2963 3144 3145
f 2963 3145 2964
f 2964 3145 3146
f 2964 3146 2965
f 2965 3146 3147
f 2965 3147 2966
f 2966 3147 3148
f 2966 3148 2967
f 2967 3148 3149
f 2967 3149 2968
f 2968 3149 3150
f 2968 3150 2969
f 2969 3150 3151
f 2969 3151 2970
f 2970 3151 3152
f 2970 3152 2971
f 2971 3152 3153
f 2971 3153 2972
f 2972 3153 3154
f 2972 3154 2973
f 2973 3154 3155
f 2973 3155 2974
f 2974 3155 3156
f 2974 3156 2975
f 2975 3156 3157
f 2975 3157 2976
f 2976 3157 3158
f 2976 3158 2977
f 2977 3158 3159
f 2977 3159 2978
f 2978 3159 3160
f 2978 3160 2979
f 2979 3160 3161
f 2979 3161 2980
f 2980 3161 3162
f 2980 3162 2981
f 2981 3162 3163
f 2981 3163 2982
f 2982 3163 3164
f 2982 3164 2983
f 2983 3164 3165
f 2983 3165 2984
f 2984 3165 3166
f 2984 3166 2985
f 2985 3166 3167
f 2985 3167 2986
f 2986 3167 3168
f 2986 3168 2987
f 2987 3168 3169
f 2987 3169 2988
f 2988 3169 3170
f 2988 3170 2989
f 2989 3170 3171
f 2989 3171 2990
f 2990 3171 3172
f 2990 3172 2991
f 2991 3172 3173
f 2991 3173 2992
f 2992 3173 3174
f 2992 3174 2993
f 2993 3174 3175
f 2993 3175 2994
f 2994 3175 3176
f 2994 3176 2995
f 2995 3176 3177
f 2995 3177 2996
f 2996 3177 3178
f 2996 3178 2997
f 2997 3178 3179
f 2997 3179 2998
f 2998 3179 3180
f 2998 3180 2999
f 2999 3180 3181
f 2999 3181 3000
f 3000 3181 3182
f 3000 3182 3001
f 3001 3182 3183
f 3001 3183 3002
f 3002 3183 3184
f 3002 3184 3003
f 3003 3184 3185
f 3003 3185 3004
f 3004 3185 3186
f 3004 3186 3005
f 3005 3186 3187
f 3005 3187 3006
f 3006 3187 3188
f 3006 3188 3007
f 3007 3188 3189
f 3007 3189 3008
f 3008 3189 3190
f 3008 3190 3009
f 3009 3190 3191
f 3009 3191 3010
f 3010 3191 3192
f 3010 3192 3011
f 3011 3192 3193
f 3011 3193 3012
f 3012 3193 3194
f 3012 3194 3013
f 3013 3194 3195
f 3013 3195 3014
f 3014 3195 3196
f 3014 3196 3015
f 3015 3196 3197
f 3015 3197 3016
f 3016 3197 3198
f 3016 3198 3017
f 3017 3198 3199
f 3017 3199 3018
f 3018 3199 3200
f 3018 3200 3019
f 3019 3200 3201
f 3019 3201 3020
f 3020 3201 3202
f 3020 3202 3021
f 3021 3202 3203
f 3021 3203 3022
f 3022 3203 3204
f 3022 3204 3023
f 3023 3204 3205
f 3023 3205 3024
f 3024 3205 3206
f 3024 3206 3025
f 3025 3206 3207
f 3025 3207 3026
f 3026 3207 3208
f 3026 3208 3027
f 3027 3208 3209
f 3027 3209 3028
f 3028 3209 3210
f 3028 3210 3029
f 3029 3210 3211
f 3029 3211 3030
f 3030 3211 3212
f 3030 3212 3031
f 3031 3212 3213
f 3031 3213 3032
f 3032 3213 3214
f 3032 3214 3033
f 3033 3214 3215
f 3033 3215 3034
f 3034 3215 3216
f 3034 3216 3035
f 3035 3216 3217
f 3035 3217 3036
f 3036 3217 3218
f 3036 3218 3037
f 3037 3218 3219
f 3037 3219 3038
f 3038 3219 3220
f 3038 3220 3039
f 3039 3220 3221
f 3039 3221 3040
f 3040 3221 3222
f 3040 3222 3041
f 3041 3222 3223
f 3041 3223 3042
f 3042 3223 3224
f 3042 3224 3043
f 3043 3224 3225
f 3043 3225 3044
f 3044 3225 3226
f 3044 3226 3045
f 3045 3226 3227
f 3045 3227 3046
f 3046 3227 3228
f 3046 3228 3047
f 3047 3228 3229
f 3047 3229 3048
f 3048 3229 3230
f 3048 3230 3049
f 3049 3230 3231
f 3049 3231 3050
f 3050 3231 3232
f 3050 3232 3051
f 3051 3232 3233
f 3051 3233 3052
f 3052 3233 3234
f 3052 3234 3053
f 3053 3234 3235
f 3053 3235 3054
f 3054 3235 3236
f 3054 3236 3055
f 3055 3236 3237
f 3055 3237 3056
f 3056 3237 3238
f 3056 3238 3057
f 3057 3238 3239
f 3057 3239 3058
f 3058 3239 3240
f 3058 3240 3059
f 3059 3240 3241
f 3059 3241 3060
f 3060 3241 3242
f 3060 3242 3061
f 3061 3242 3243
f 3061 3243 3062
f 3062 3243 3244
f 3062 3244 3063
f 3063 3244 3245
f 3063 3245 3064
f 3064 3245 3246
f 3064 3246 3065
f 3065 3246 3247
f 3065 3247 3066
f 3066 3247 3248
f 3066 3248 3067
f 3067 3248 3249
f 3067 3249 3068
f 3068 3249 3250
f 3068 3250 3069
f 3069 3250 3251
f 3069 3251 3070
f 3070 3251 3252
f 3070 3252 3071
f 3071 3252 3253
f 3071 3253 3072
f 3072 3253 3254
f 3072 3254 3073
f 3073 3254 3255
f 3073 3255 3074
f 3074 3255 3256
f 3074 3256 3075
f 3075 3256 3257
f 3075 3257 3076
f 3076 3257 3258
f 3076 3258 3077
f 3077 3258 3078
f 3077 3078 2897
f 3078 3259 3260
f 3078 3260 3079
f 3079 3260 3261
f 3079 3261 3080
f 3080 3261 3262
f 3080 3262 3081
f 3081 3262 3263
f 3081 3263 3082
f 3082 3263 3264
f 3082 3264 3083
f 3083 3264 3265
f 3083 3265 3084
f 3084 3265 3266
f 3084 3266 3085
f 3085 3266 3267
f 3085 3267 3086
f 3086 3267 3268
f 3086 3268 3087
f 3087 3268 3269
f 3087 3269 3088
f 3088 3269 3270
f 3088 3270 3089
f 3089 3270 3271
f 3089 3271 3090
f 3090 3271 3272
f 3090 3272 3091
f 3091 3272 3273
f 3091 3273 3092
f 3092 3273 3274
f 3092 3274 3093
f 3093 3274 3275
f 3093 3275 3094
f 3094 3275 3276
f 3094 3276 3095
f 3095 3276 3277
f 3095 3277 3096
f 3096 3277 3278
f 3096 3278 3097
f 3097 3278 3279
f 3097 3279 3098
f 3098 3279 3280
f 3098 3280 3099
f 3099 3280 3281
f 3099 3281 3100
f 3100 3281 3282
f 3100 3282 3101
f 3101 3282 3283
f 3101 3283 3102
f 3102 3283 3284
f 3102 3284 3103
f 3103 3284 3285
f 3103 3285 3104
f 3104 3285 3286
f 3104 3286 3105
f 3105 3286 3287
f 3105 3287 3106
f 3106 3287 3288
f 3106 3288 3107
f 3107 3288 3289
f 3107 3289 3108
f 3108 3289 3290
f 3108 3290 3109
f 3109 3290 3291
f 3109 3291 3110
f 3110 3291 3292
f 3110 3292 3111
f 3111 3292 3293
f 3111 3293 3112
f 3112 3293 3294
f 3112 3294 3113
f 3113 3294 3295
f 3113 3295 3114
f 3114 3295 3296
f 3114 3296 3115
f 3115 3296 3297
f 3115 3297 3116
f 3116 3297 3298
f 3116 3298 3117
f 3117 3298 3299
f 3117 3299 3118
f 3118 3299 3300
f 3118 3300 3119
f 3119 3300 3301
f 3119 3301 3120
f 3120 3301 3302
f 3120 3302 3121
f 3121 3302 3303
f 3121 3303 3122
f 3122 3303 3304
f 3122 3304 3123
f 3123 3304 3305
f 3123 3305 3124
f 3124 3305 3306
f 3124 3306 3125
f 3125 3306 3307
f 3125 3307 3126
f 3126 3307 3308
f 3126 3308 3127
f 3127 3308 3309
f 3127 3309 3128
f 3128 3309 3310
f 3128 3310 3129
f 3129 3310 3311
f 3129 3311 3130
f 3130 3311 3312
f 3130 3312 3131
f 3131 3312 3313
f 3131 3313 3132
f 3132 3313 3314
f 3132 3314 3133
f 3133 3314 3315
f 3133 3315 3134
f 3134 3315 3316
f 3134 3316 3135
f 3135 3316 3317
f 3135 3317 3136
f 3136 3317 3318
f 3136 3318 3137
f 3137 3318 3319
f 3137 3319 3138
f 3138 3319 3320
f 3138 3320 3139
f 3139 3320 3321
f 3139 3321 3140
f 3140 3321 3322
f 3140 3322 3141
f 3141 3322 3323
f 3141 3323 3142
f 3142 3323 3324
f 3142 3324 3143
f 3143 3324 3325
f 3143 3325 3144
f 3144 3325 3326
f 3144 3326 3145
f 3145 3326 3327
f 3145 3327 3146
f 3146 3327 3328
f 3146 3328 3147
f 3147 3328 3329
f 3147 3329 3148
f 3148 3329 3330
f 3148 3330 3149
f 3149 3330 3331
f 3149 3331 3150
f 3150 3331 3332
f 3150 3332 3151
f 3151 3332 3333
f 3151 3333 3152
f 3152 3333 3334
f 3152 3334 3153
f 3153 3334 3335
f 3153 3335 3154
f 3154 3335 3336
f 3154 3336 3155
f 3155 3336 3337
f 3155 3337 3156
f 3156 3337 3338
f 3156 3338 3157
f 3157 3338 3339
f 3157 3339 3158
f 3158 3339 3340
f 3158 3340 3159
f 3159 3340 3341
f 3159 3341 3160
f 3160 3341 3342
f 3160 3342 3161
f 3161 3342 3343
f 3161 3343 3162
f 3162 3343 3344
f 3162 3344 3163
f 3163 3344 3345
f 3163 3345 3164
f 3164 3345 3346
f 3164 3346 3165
f 3165 3346 3347
f 3165 3347 3166
f 3166 3347 3348
f 3166 3348 3167
f 3167 3348 3349
f 3167 3349 3168
f 3168 3349 3350
f 3168 3350 3169
f 3169 3350 3351
f 3169 3351 3170
f 3170 3351 3352
f 3170 3352 3171
f 3171 3352 3353
f 3171 3353 3172
f 3172 3353 3354
f 3172 3354 3173
f 3173 3354 3355
f 3173 3355 3174
f 3174 3355 3356
f 3174 3356 3175
f 3175 3356 3357
f 3175 3357 3176
f 3176 3357 3358
f 3176 3358 3177
f 3177 3358 3359
f 3177 3359 3178
f 3178 3359 3360
f 3178 3360 3179
f 3179 3360 3361
f 3179 3361 3180
f 3180 3361 3362
f 3180 3362 3181
f 3181 3362 3363
f 3181 3363 3182
f 3182 3363 3364
f 3182 3364 3183
f 3183 3364 3365
f 3183 3365 3184
f 3184 3365 3366
f 3184 3366 3185
f 3185 3366 3367
f 3185 3367 3186
f 3186 3367 3368
f 3186 3368 3187
f 3187 3368 3369
f 3187 3369 3188
f 3188 3369 3370
f 3188 3370 3189
f 3189 3370 3371
f 3189 3371 3190
f 3190 3371 3372
f 3190 3372 3191
f 3191 3372 3373
f 3191 3373 3192
f 3192 3373 3374
f 3192 3374 3193
f 3193 3374 3375
f 3193 3375 3194
f 3194 3375 3376
f 3194 3376 3195
f 3195 3376 3377
f 3195 3377 3196
f 3196 3377 3378
f 3196 3378 3197
f 3197 3378 3379
f 3197 3379 3198
f 3198 3379 3380
f 3198 3380 3199
f 3199 3380 3381
f 3199 3381 3200
f 3200 3381 3382
f 3200 3382 3201
f 3201 3382 3383
f 3201 3383 3202
f 3202 3383 3384
f 3202 3384 3203
f 3203 3384 3385
f 3203 3385 3204
f 3204 3385 3386
f 3204 3386 3205
f 3205 3386 3387
f 3205 3387 3206
f 3206 3387 3388
f 3206 3388 3207
f 3207 3388 3389
f 3207 3389 3208
f 3208 3389 3390
f 3208 3390 3209
f 3209 3390 3391
f 3209 3391 3210
f 3210 3391 3392
f 3210 3392 3211
f 3211 3392 3393
f 3211 3393 3212
f 3212 3393 3394
f 3212 3394 3213
f 3213 3394 3395
f 3213 3395 3214
f 3214 3395 3396
f 3214 3396 3215
f 3215 3396 3397
f 3215 3397 3216
f 3216 3397 3398
f 3216 3398 3217
f 3217 3398 3399
f 3217 3399 3218
f 3218 3399 3400
f 3218 3400 3219
f 3219 3400 3401
f 3219 3401 3220
f 3220 3401 3402
f 3220 3402 3221
f 3221 3402 3403
f 3221 3403 3222
f 3222 3403 3404
f 3222 3404 3223
f 3223 3404 3405
f 3223 3405 3224
f 3224 3405 3406
f 3224 3406 3225
f 3225 3406 3407
f 3225 3407 3226
f 3226 3407 3408
f 3226 3408 3227
f 3227 3408 3409
f 3227 3409 3228
f 3228 3409 3410
f 3228 3410 3229
f 3229 3410 3411
f 3229 3411 3230
f 3230 3411 3412
f 3230 3412 3231
f 3231 3412 3413
f 3231 3413 3232
f 3232 3413 3414
f 3232 3414 3233
f 3233 3414 3415
f 3233 3415 3234
f 3234 3415 3416
f 3234 3416 3235
f 3235 3416 3417
f 3235 3417 3236
f 3236 3417 3418
f 3236 3418 3237
f 3237 3418 3419
f 3237 3419 3238
f 3238 3419 3420
f 3238 3420 3239
f 3239 3420 3421
f 3239 3421 3240
f 3240 3421 3422
f 3240 3422 3241
f 3241 3422 3423
f 3241 3423 3242
f 3242 3423 3424
f 3242 3424 3243
f 3243 3424 3425
f 3243 3425 3244
f 3244 3425 3426
f 3244 3426 3245
f 3245 3426 3427
f 3245 3427 3246
f 3246 3427 3428
f 3246 3428 3247
f 3247 3428 3429
f 3247 3429 3248
f 3248 3429 3430
f 3248 3430 3249
f 3249 3430 3431
f 3249 3431 3250
f 3250 3431 3432
f 3250 3432 3251
f 3251 3432 3433
f 3251 3433 3252
f 3252 3433 3434
f 3252 3434 3253
f 3253 3434 3435
f 3253 3435 3254
f 3254 3435 3436
f 3254 3436 3255
f 3255 3436 3437
f 3255 3437 3256
f 3256 3437 3438
f 3256 3438 3257
f 3257 3438 3439
f 3257 3439 3258
f 3258 3439 3259
f 3258 3259 3078
f 3259 3440 3441
f 3259 3441 3260
f 3260 3441 3442
f 3260 3442 3261
f 3261 3442 3443
f 3261 3443 3262
f 3262 3443 3444
f 3262 3444 3263
f 3263 3444 3445
f 3263 3445 3264
f 3264 3445 3446
f 3264 3446 3265
f 3265 3446 3447
f 3265 3447 3266
f 3266 3447 3448
f 3266 3448 3267
f 3267 3448 3449
f 3267 3449 3268
f 3268 3449 3450
f 3268 3450 3269
f 3269 3450 3451
f 3269 3451 3270
f 3270 3451 3452
f 3270 3452 3271
f 3271 3452 3453
f 3271 3453 3272
f 3272 3453 3454
f 3272 3454 3273
f 3273 3454 3455
f 3273 3455 3274
f 3274 3455 3456
f 3274 3456 3275
f 3275 3456 3457
f 3275 3457 3276
f 3276 3457 3458
f 3276 3458 3277
f 3277 3458 3459
f 3277 3459 3278
f 3278 3459 3460
f 3278 3460 3279
f 3279 3460 3461
f 3279 3461 3280
f 3280 3461 3462
f 3280 3462 3281
f 3281 3462 3463
f 3281 3463 3282
f 3282 3463 3464
f 3282 3464 3283
f 3283 3464 3465
f 3283 3465 3284
f 3284 3465 3466
f 3284 3466 3285
f 3285 3466 3467
f 3285 3467 3286
f 3286 3467 3468
f 3286 3468 3287
f 3287 3468 3469
f 3287 3469 3288
f 3288 3469 3470
f 3288 3470 3289
f 3289 3470 3471
f 3289 3471 3290
f 3290 3471 3472
f 3290 3472 3291
f 3291 3472 3473
f 3291 3473 3292
f 3292 3473 3474
f 3292 3474 3293
f 3293 3474 3475
f 3293 3475 3294
f 3294 3475 3476
f 3294 3476 3295
f 3295 3476 3477
f 3295 3477 3296
f 3296 3477 3478
f 3296 3478 3297
f 3297 3478 3479
f 3297 3479 3298
f 3298 3479 3480
f 3298 3480 3299
f 3299 3480 3481
f 3299 3481 3300
f 3300 3481 3482
f 3300 3482 3301
f 3301 3482 3483
f 3301 3483 3302
f 3302 3483 3484
f 3302 3484 3303
f 3303 3484 3485
f 3303 3485 3304
f 3304 3485 3486
f 3304 3486 3305
f 3305 3486 3487
f 3305 3487 3306
f 3306 3487 3488
f 3306 3488 3307
f 3307 3488 3489
f 3307 3489 3308
f 3308 3489 3490
f 3308 3490 3309
f 3309 3490 3491
f 3309 3491 3310
f 3310 3491 3492
f 3310 3492 3311
f 3311 3492 3493
f 3311 3493 3312
f 3312 3493 3494
f 3312 3494 3313
f 3313 3494 3495
f 3313 3495 3314
f 3314 3495 3496
f 3314 3496 3315
f 3315 3496 3497
f 3315 3497 3316
f 3316 3497 3498
f 3316 3498 3317
f 3317 3498 3499
f 3317 3499 3318
f 3318 3499 3500
f 3318 3500 3319
f 3319 3500 3501
f 3319 3501 3320
f 3320 3501 3502
f 3320 3502 3321
f 3321 3502 3503
f 3321 3503 3322
f 3322 3503 3504
f 3322 3504 3323
f 3323 3504 3505
f 3323 3505 3324
f 3324 3505 3506
f 3324 3506 3325
f 3325 3506 3507
f 3325 3507 3326
f 3326 3507 3508
f 3326 3508 3327
f 3327 3508 3509
f 3327 3509 3328
f 3328 3509 3510
f 3328 3510 3329
f 3329 3510 3511
f 3329 3511 3330
f 3330 3511 3512
f 3330 3512 3331
f 3331 3512 3513
f 3331 3513 3332
f 3332 3513 3514
f 3332 3514 3333
f 3333 3514 3515
f 3333 3515 3334
f 3334 3515 3516
f 3334 3516 3335
f 3335 3516 3517
f 3335 3517 3336
f 3336 3517 3518
f 3336 3518 3337
f 3337 3518 3519
f 3337 3519 3338
f 3338 3519 3520
f 3338 3520 3339
f 3339 3520 3521
f 3339 3521 3340
f 3340 3521 3522
f 3340 3522 3341
f 3341 3522 3523
f 3341 3523 3342
f 3342 3523 3524
f 3342 3524 3343
f 3343 3524 3525
f 3343 3525 3344
f 3344 3525 3526
f 3344 3526 3345
f 3345 3526 3527
f 3345 3527 3346
f 3346 3527 3528
f 3346 3528 3347
f 3347 3528 3529
f 3347 3529 3348
f 3348 3529 3530
f 3348 3530 3349
f 3349 3530 3531
f 3349 3531 3350
f 3350 3531 3532
f 3350 3532 3351
f 3351 3532 3533
f 3351 3533 3352
f 3352 3533 3534
f 3352 3534 3353
f 3353 3534 3535
f 3353 3535 3354
f 3354 3535 3536
f 3354 3536 3355
f 3355 3536 3537
f 3355 3537 3356
f 3356 3537 3538
f 3356 3538 3357
f 3357 3538 3539
f 3357 3539 3358
f 3358 3539 3540
f 3358 3540 3359
f 3359 3540 3541
f 3359 3541 3360
f 3360 3541 3542
f 3360 3542 3361
f 3361 3542 3543
f 3361 3543 3362
f 3362 3543 3544
f 3362 3544 3363
f 3363 3544 3545
f 3363 3545 3364
f 3364 3545 3546
f 3364 3546 3365
f 3365 3546 3547
f 3365 3547 3366
f 3366 3547 3548
f 3366 3548 3367
f 3367 3548 3549
f 3367 3549 3368
f 3368 3549 3550
f 3368 3550 3369
f 3369 3550 3551
f 3369 3551 3370
f 3370 3551 3552
f 3370 3552 3371
f 3371 3552 3553
f 3371 3553 3372
f 3372 3553 3554
f 3372 3554 3373
f 3373 3554 3555
f 3373 3555 3374
f 3374 3555 3556
f 3374 3556 3375
f 3375 3556 3557
f 3375 3557 3376
f 3376 3557 3558
f 3376 3558 3377
f 3377 3558 3559
f 3377 3559 3378
f 3378 3559 3560
f 3378 3560 3379
f 3379 3560 3561
f 3379 3561 3380
f 3380 3561 3562
f 3380 3562 3381
f 3381 3562 3563
f 3381 3563 3382
f 3382 3563 3564
f 3382 3564 3383
f 3383 3564 3565
f 3383 3565 3384
f 3384 3565 3566
f 3384 3566 3385
f 3385 3566 3567
f 3385 3567 3386
f 3386 3567 3568
f 3386 3568 3387
f 3387 3568 3569
f 3387 3569 3388
f 3388 3569 3570
f 3388 3570 3389
f 3389 3570 3571
f 3389 3571 3390
f 3390 3571 3572
f 3390 3572 3391
f 3391 3572 3573
f 3391 3573 3392
f 3392 3573 3574
f 3392 3574 3393
f 3393 3574 3575
f 3393 3575 3394
f 3394 3575 3576
f 3394 3576 3395
f 3395 3576 3577
f 3395 3577 3396
f 3396 3577 3578
f 3396 3578 3397
f 3397 3578 3579
f 3397 3579 3398
f 3398 3579 3580
f 3398 3580 3399
f 3399 3580 3581
f 3399 3581 3400
f 3400 3581 3582
f 3400 3582 3401
f 3401 3582 3583
f 3401 3583 3402
f 3402 3583 3584
f 3402 3584 3403
f 3403 3584 3585
f 3403 3585 3404
f 3404 3585 3586
f 3404 3586 3405
f 3405 3586 3587
f 3405 3587 3406
f 3406 3587 3588
f 3406 3588 3407
f 3407 3588 3589
f 3407 3589 3408
f 3408 3589 3590
f 3408 3590 3409
f 3409 3590 3591
f 3409 3591 3410
f 3410 3591 3592
f 3410 3592 3411
f 3411 3592 3593
f 3411 3593 3412
f 3412 3593 3594
f 3412 3594 3413
f 3413 3594 3595
f 3413 3595 3414
f 3414 3595 3596
f 3414 3596 3415
f 3415 3596 3597
f 3415 3597 3416
f 3416 3597 3598
f 3416 3598 3417
f 3417 3598 3599
f 3417 3599 3418
f 3418 3599 3600
f 3418 3600 3419
f 3419 3600 3601
f 3419 3601 3420
f 3420 3601 3602
f 3420 3602 3421
f 3421 3602 3603
f 3421 3603 3422
f 3422 3603 3604
f 3422 3604 3423
f 3423 3604 3605
f 3423 3605 3424
f 3424 3605 3606
f 3424 3606 3425
f 3425 3606 3607
f 3425 3607 3426
f 3426 3607 3608
f 3426 3608 3427
f 3427 3608 3609
f 3427 3609 3428
f 3428 3609 3610
f 3428 3610 3429
f 3429 3610 3611
f 3429 3611 3430
f 3430 3611 3612
f 3430 3612 3431
f 3431 3612 3613
f 3431 3613 3432
f 3432 3613 3614
f 3432 3614 3433
f 3433 3614 3615
f 3433 3615 3434
f 3434 3615 3616
f 3434 3616 3435
f 3435 3616 3617
f 3435 3617 3436
f 3436 3617 3618
f 3436 3618 3437
f 3437 3618 3619
f 3437 3619 3438
f 3438 3619 3620
f 3438 3620 3439
f 3439 3620 3440
f 3439 3440 3259
f 3440 3621 3622
f 3440 3622 3441
f 3441 3622 3623
f 3441 3623 3442
f 3442 3623 3624
f 3442 3624 3443
f 3443 3624 3625
f 3443 3625 3444
f 3444 3625 3626
f 3444 3626 3445
f 3445 3626 3627
f 3445 3627 3446
f 3446 3627 3628
f 3446 3628 3447
f 3447 3628 3629
f 3447 3629 3448
f 3448 3629 3630
f 3448 3630 3449
f 3449 3630 3631
f 3449 3631 3450
f 3450 3631 3632
f 3450 3632 3451
f 3451 3632 3633
f 3451 3633 3452
f 3452 3633 3634
f 3452 3634 3453
f 3453 3634 3635
f 3453 3635 3454
f 3454 3635 3636
f 3454 3636 3455
f 3455 3636 3637
f 3455 3637 3456
f 3456 3637 3638
f 3456 3638 3457
f 3457 3638 3639
f 3457 3639 3458
f 3458 3639 3640
f 3458 3640 3459
f 3459 3640 3641
f 3459 3641 3460
f 3460 3641 3642
f 3460 3642 3461
f 3461 3642 3643
f 3461 3643 3462
f 3462 3643 3644
f 3462 3644 3463
f 3463 3644 3645
f 3463 3645 3464
f 3464 3645 3646
f 3464 3646 3465
f 3465 3646 3647
f 3465 3647 3466
f 3466 3647 3648
f 3466 3648 3467
f 3467 3648 3649
f 3467 3649 3468
f 3468 3649 3650
f 3468 3650 3469
f 3469 3650 3651
f 3469 3651 3470
f 3470 3651 3652
f 3470 3652 3471
f 3471 3652 3653
f 3471 3653 3472
f 3472 3653 3654
f 3472 3654 3473
f 3473 3654 3655
f 3473 3655 3474
f 3474 3655 3656
f 3474 3656 3475
f 3475 3656 3657
f 3475 3657 3476
f 3476 3657 3658
f 3476 3658 3477
f 3477 3658 3659
f 3477 3659 3478
f 3478 3659 3660
f 3478 3660 3479
f 3479 3660 3661
f 3479 3661 3480
f 3480 3661 3662
f 3480 3662 3481
f 3481 3662 3663
f 3481 3663 3482
f 3482 3663 3664
f 3482 3664 3483
f 3483 3664 3665
f 3483 3665 3484
f 3484 3665 3666
f 3484 3666 3485
f 3485 3666 3667
f 3485 3667 3486
f 3486 3667 3668
f 3486 3668 3487
f 3487 3668 3669
f 3487 3669 3488
f 3488 3669 3670
f 3488 3670 3489
f 3489 3670 3671
f 3489 3671 3490
f 3490 3671 3672
f 3490 3672 3491
f 3491 3672 3673
f 3491 3673 3492
f 3492 3673 3674
f 3492 3674 3493
f 3493 3674 3675
f 3493 3675 3494
f 3494 3675 3676
f 3494 3676 3495
f 3495 3676 3677
f 3495 3677 3496
f 3496 3677 3678
f 3496 3678 3497
f 3497 3678 3679
f 3497 3679 3498
f 3498 3679 3680
f 3498 3680 3499
f 3499 3680 3681
f 3499 3681 3500
f 3500 3681 3682
f 3500 3682 3501
f 3501 3682 3683
f 3501 3683 3502
f 3502 3683 3684
f 3502 3684 3503
f 3503 3684 3685
f 3503 3685 3504
f 3504 3685 3686
f 3504 3686 3505
f 3505 3686 3687
f 3505 3687 3506
f 3506 3687 3688
f 3506 3688 3507
f 3507 3688 3689
f 3507 3689 3508
f 3508 3689 3690
f 3508 3690 3509
f 3509 3690 3691
f 3509 3691 3510
f 3510 3691 3692
f 3510 3692 3511
f 3511 3692 3693
f 3511 3693 3512
f 3512 3693 3694
f 3512 3694 3513
f 3513 3694 3695
f 3513 3695 3514
f 3514 3695 3696
f 3514 3696 3515
f 3515 3696 3697
f 3515 3697 3516
f 3516 3697 3698
f 3516 3698 3517
f 3517 3698 3699
f 3517 3699 3518
f 3518 3699 3700
f 3518 3700 3519
f 3519 3700 3701
f 3519 3701 3520
f 3520 3701 3702
f 3520 3702 3521
f 3521 3702 3703
f 3521 3703 3522
f 3522 3703 3704
f 3522 3704 3523
f 3523 3704 3705
f 3523 3705 3524
f 3524 3705 3706
f 3524 3706 3525
f 3525 3706 3707
f 3525 3707 3526
f 3526 3707 3708
f 3526 3708 3527
f 3527 3708 3709
f 3527 3709 3528
f 3528 3709 3710
f 3528 3710 3529
f 3529 3710 3711
f 3529 3711 3530
f 3530 3711 3712
f 3530 3712 3531
f 3531 3712 3713
f 3531 3713 3532
f 3532 3713 3714
f 3532 3714 3533
f 3533 3714 3715
f 3533 3715 3534
f 3534 3715 3716
f 3534 3716 3535
f 3535 3716 3717
f 3535 3717 3536
f 3536 3717 3718
f 3536 3718 3537
f 3537 3718 3719
f 3537 3719 3538
f 3538 3719 3720
f 3538 3720 3539
f 3539 3720 3721
f 3539 3721 3540
f 3540 3721 3722
f 3540 3722 3541
f 3541 3722 3723
f 3541 3723 3542
f 3542 3723 3724
f 3542 3724 3543
f 3543 3724 3725
f 3543 3725 3544
f 3544 3725 3726
f 3544 3726 3545
f 3545 3726 3727
f 3545 3727 3546
f 3546 3727 3728
f 3546 3728 3547
f 3547 3728 3729
f 3547 3729 3548
f 3548 3729 3730
f 3548 3730 3549
f 3549 3730 3731
f 3549 3731 3550
f 3550 3731 3732
f 3550 3732 3551
f 3551 3732 3733
f 3551 3733 3552
f 3552 3733 3734
f 3552 3734 3553
f 3553 3734 3735
f 3553 3735 3554
f 3554 3735 3736
f 3554 3736 3555
f 3555 3736 3737
f 3555 3737 3556
f 3556 3737 3738
f 3556 3738 3557
f 3557 3738 3739
f 3557 3739 3558
f 3558 3739 3740
f 3558 3740 3559
f 3559 3740 3741
f 3559 3741 3560
f 3560 3741 3742
f 3560 3742 3561
f 3561 3742 3743
f 3561 3743 3562
f 3562 3743 3744
f 3562 3744 3563
f 3563 3744 3745
f 3563 3745 3564
f 3564 3745 3746
f 3564 3746 3565
f 3565 3746 3747
f 3565 3747 3566
f 3566 3747 3748
f 3566 3748 3567
f 3567 3748 3749
f 3567 3749 3568
f 3568 3749 3750
f 3568 3750 3569
f 3569 3750 3751
f 3569 3751 3570
f 3570 3751 3752
f 3570 3752 3571
f 3571 3752 3753
f 3571 3753 3572
f 3572 3753 3754
f 3572 3754 3573
f 3573 3754 3755
f 3573 3755 3574
f 3574 3755 3756
f 3574 3756 3575
f 3575 3756 3757
f 3575 3757 3576
f 3576 3757 3758
f 3576 3758 3577
f 3577 3758 3759
f 3577 3759 3578
f 3578 3759 3760
f 3578 3760 3579
f 3579 3760 3761
f 3579 3761 3580
f 3580 3761 3762
f 3580 3762 3581
f 3581 3762 3763
f 3581 3763 3582
f 3582 3763 3764
f 3582 3764 3583
f 3583 3764 3765
f 3583 3765 3584
f 3584 3765 3766
f 3584 3766 3585
f 3585 3766 3767
f 3585 3767 3586
f 3586 3767 3768
f 3586 3768 3587
f 3587 3768 3769
f 3587 3769 3588
f 3588 3769 3770
f 3588 3770 3589
f 3589 3770 3771
f 3589 3771 3590
f 3590 3771 3772
f 3590 3772 3591
f 3591 3772 3773
f 3591 3773 3592
f 3592 3773 3774
f 3592 3774 3593
f 3593 3774 3775
f 3593 3775 3594
f 3594 3775 3776
f 3594 3776 3595
f 3595 3776 3777
f 3595 3777 3596
f 3596 3777 3778
f 3596 3778 3597
f 3597 3778 3779
f 3597 3779 3598
f 3598 3779 3780
f 3598 3780 3599
f 3599 3780 3781
f 3599 3781 3600
f 3600 3781 3782
f 3600 3782 3601
f 3601 3782 3783
f 3601 3783 3602
f 3602 3783 3784
f 3602 3784 3603
f 3603 3784 3785
f 3603 3785 3604
f 3604 3785 3786
f 3604 3786 3605
f 3605 3786 3787
f 3605 3787 3606
f 3606 3787 3788
f 3606 3788 3607
f 3607 3788 3789
f 3607 3789 3608
f 3608 3789 3790
f 3608 3790 3609
f 3609 3790 3791
f 3609 3791 3610
f 3610 3791 3792
f 3610 3792 3611
f 3611 3792 3793
f 3611 3793 3612
f 3612 3793 3794
f 3612 3794 3613
f 3613 3794 3795
f 3613 3795 3614
f 3614 3795 3796
f 3614 3796 3615
f 3615 3796 3797
f 3615 3797 3616
f 3616 3797 3798
f 3616 3798 3617
f 3617 3798 3799
f 3617 3799 3618
f 3618 3799 3800
f 3618 3800 3619
f 3619 3800 3801
f 3619 3801 3620
f 3620 3801 3621
f 3620 3621 3440
f 3621 3802 3803
f 3621 3803 3622
f 3622 3803 3804
f 3622 3804 3623
f 3623 3804 3805
f 3623 3805 3624
f 3624 3805 3806
f 3624 3806 3625
f 3625 3806 3807
f 3625 3807 3626
f 3626 3807 3808
f 3626 3808 3627
f 3627 3808 3809
f 3627 3809 3628
f 3628 3809 3810
f 3628 3810 3629
f 3629 3810 3811
f 3629 3811 3630
f 3630 3811 3812
f 3630 3812 3631
f 3631 3812 3813
f 3631 3813 3632
f 3632 3813 3814
f 3632 3814 3633
f 3633 3814 3815
f 3633 3815 3634
f 3634 3815 3816
f 3634 3816 3635
f 3635 3816 3817
f 3635 3817 3636
f 3636 3817 3818
f 3636 3818 3637
f 3637 3818 3819
f 3637 3819 3638
f 3638 3819 3820
f 3638 3820 3639
f 3639 3820 3821
f 3639 3821 3640
f 3640 3821 3822
f 3640 3822 3641
f 3641 3822 3823
f 3641 3823 3642
f 3642 3823 3824
f 3642 3824 3643
f 3643 3824 3825
f 3643 3825 3644
f 3644 3825 3826
f 3644 3826 3645
f 3645 3826 3827
f 3645 3827 3646
f 3646 3827 3828
f 3646 3828 3647
f 3647 3828 3829
f 3647 3829 3648
f 3648 3829 3830
f 3648 3830 3649
f 3649 3830 3831
f 3649 3831 3650
f 3650 3831 3832
f 3650 3832 3651
f 3651 3832 3833
f 3651 3833 3652
f 3652 3833 3834
f 3652 3834 3653
f 3653 3834 3835
f 3653 3835 3654
f 3654 3835 3836
f 3654 3836 3655
f 3655 3836 3837
f 3655 3837 3656
f 3656 3837 3838
f 3656 3838 3657
f 3657 3838 3839
f 3657 3839 3658
f 3658 3839 3840
f 3658 3840 3659
f 3659 3840 3841
f 3659 3841 3660
f 3660 3841 3842
f 3660 3842 3661
f 3661 3842 3843
f 3661 3843 3662
f 3662 3843 3844
f 3662 3844 3663
f 3663 3844 3845
f 3663 3845 3664
f 3664 3845 3846
f 3664 3846 3665
f 3665 3846 3847
f 3665 3847 3666
f 3666 3847 3848
f 3666 3848 3667
f 3667 3848 3849
f 3667 3849 3668
f 3668 3849 3850
f 3668 3850 3669
f 3669 3850 3851
f 3669 3851 3670
f 3670 3851 3852
f 3670 3852 3671
f 3671 3852 3853
f 3671 3853 3672
f 3672 3853 3854
f 3672 3854 3673
f 3673 3854 3855
f 3673 3855 3674
f 3674 3855 3856
f 3674 3856 3675
f 3675 3856 3857
f 3675 3857 3676
f 3676 3857 3858
f 3676 3858 3677
f 3677 3858 3859
f 3677 3859 3678
f 3678 3859 3860
f 3678 3860 3679
f 3679 3860 3861
f 3679 3861 3680
f 3680 3861 3862
f 3680 3862 3681
f 3681 3862 3863
f 3681 3863 3682
f 3682 3863 3864
f 3682 3864 3683
f 3683 3864 3865
f 3683 3865 3684
f 3684 3865 3866
f 3684 3866 3685
f 3685 3866 3867
f 3685 3867 3686
f 3686 3867 3868
f 3686 3868 3687
f 3687 3868 3869
f 3687 3869 3688
f 3688 3869 3870
f 3688 3870 3689
f 3689 3870 3871
f 3689 3871 3690
f 3690 3871 3872
f 3690 3872 3691
f 3691 3872 3873
f 3691 3873 3692
f 3692 3873 3874
f 3692 3874 3693
f 3693 3874 3875
f 3693 3875 3694
f 3694 3875 3876
f 3694 3876 3695
f 3695 3876 3877
f 3695 3877 3696
f 3696 3877 3878
f 3696 3878 3697
f 3697 3878 3879
f 3697 3879 3698
f 3698 3879 3880
f 3698 3880 3699
f 3699 3880 3881
f 3699 3881 3700
f 3700 3881 3882
f 3700 3882 3701
f 3701 3882 3883
f 3701 3883 3702
f 3702 3883 3884
f 3702 3884 3703
f 3703 3884 3885
f 3703 3885 3704
f 3704 3885 3886
f 3704 3886 3705
f 3705 3886 3887
f 3705 3887 3706
f 3706 3887 3888
f 3706 3888 3707
f 3707 3888 3889
f 3707 3889 3708
f 3708 3889 3890
f 3708 3890 3709
f 3709 3890 3891
f 3709 3891 3710
f 3710 3891 3892
f 3710 3892 3711
f 3711 3892 3893
f 3711 3893 3712
f 3712 3893 3894
f 3712 3894 3713
f 3713 3894 3895
f 3713 3895 3714
f 3714 3895 3896
f 3714 3896 3715
f 3715 3896 3897
f 3715 3897 3716
f 3716 3897 3898
f 3716 3898 3717
f 3717 3898 3899
f 3717 3899 3718
f 3718 3899 3900
f 3718 3900 3719
f 3719 3900 3901
f 3719 3901 3720
f 3720 3901 3902
f 3720 3902 3721
f 3721 3902 3903
f 3721 3903 3722
f 3722 3903 3904
f 3722 3904 3723
f 3723 3904 3905
f 3723 3905 3724
f 3724 3905 3906
f 3724 3906 3725
f 3725 3906 3907
f 3725 3907 3726
f 3726 3907 3908
f 3726 3908 3727
f 3727 3908 3909
f 3727 3909 3728
f 3728 3909 3910
f 3728 3910 3729
f 3729 3910 3911
f 3729 3911 3730
f 3730 3911 3912
f 3730 3912 3731
f 3731 3912 3913
f 3731 3913 3732
f 3732 3913 3914
f 3732 3914 3733
f 3733 3914 3915
f 3733 3915 3734
f 3734 3915 3916
f 3734 3916 3735
f 3735 3916 3917
f 3735 3917 3736
f 3736 3917 3918
f 3736 3918 3737
f 3737 3918 3919
f 3737 3919 3738
f 3738 3919 3920
f 3738 3920 3739
f 3739 3920 3921
f 3739 3921 3740
f 3740 3921 3922
f 3740 3922 3741
f 3741 3922 3923
f 3741 3923 3742
f 3742 3923 3924
f 3742 3924 3743
f 3743 3924 3925
f 3743 3925 3744
f 3744 3925 3926
f 3744 3926 3745
f 3745 3926 3927
f 3745 3927 3746
f 3746 3927 3928
f 3746 3928 3747
f 3747 3928 3929
f 3747 3929 3748
f 3748 3929 3930
f 3748 3930 3749
f 3749 3930 3931
f 3749 3931 3750
f 3750 3931 3932
f 3750 3932 3751
f 3751 3932 3933
f 3751 3933 3752
f 3752 3933 3934
f 3752 3934 3753
f 3753 3934 3935
f 3753 3935 3754
f 3754 3935 3936
f 3754 3936 3755
f 3755 3936 3937
f 3755 3937 3756
f 3756 3937 3938
f 3756 3938 3757
f 3757 3938 3939
f 3757 3939 3758
f 3758 3939 3940
f 3758 3940 3759
f 3759 3940 3941
f 3759 3941 3760
f 3760 3941 3942
f 3760 3942 3761
f 3761 3942 3943
f 3761 3943 3762
f 3762 3943 3944
f 3762 3944 3763
f 3763 3944 3945
f 3763 3945 3764
f 3764 3945 3946
f 3764 3946 3765
f 3765 3946 3947
f 3765 3947 3766
f 3766 3947 3948
f 3766 3948 3767
f 3767 3948 3949
f 3767 3949 3768
f 3768 3949 3950
f 3768 3950 3769
f 3769 3950 3951
f 3769 3951 3770
f 3770 3951 3952
f 3770 3952 3771
f 3771 3952 3953
f 3771 3953 3772
f 3772 3953 3954
f 3772 3954 3773
f 3773 3954 3955
f 3773 3955 3774
f 3774 3955 3956
f 3774 3956 3775
f 3775 3956 3957
f 3775 3957 3776
f 3776 3957 3958
f 3776 3958 3777
f 3777 3958 3959
f 3777 3959 3778
f 3778 3959 3960
f 3778 3960 3779
f 3779 3960 3961
f 3779 3961 3780
f 3780 3961 3962
f 3780 3962 3781
f 3781 3962 3963
f 3781 3963 3782
f 3782 3963 3964
f 3782 3964 3783
f 3783 3964 3965
f 3783 3965 3784
f 3784 3965 3966
f 3784 3966 3785
f 3785 3966 3967
f 3785 3967 3786
f 3786 3967 3968
f 3786 3968 3787
f 3787 3968 3969
f 3787 3969 3788
f 3788 3969 3970
f 3788 3970 3789
f 3789 3970 3971
f 3789 3971 3790
f 3790 3971 3972
f 3790 3972 3791
f 3791 3972 3973
f 3791 3973 3792
f 3792 3973 3974
f 3792 3974 3793
f 3793 3974 3975
f 3793 3975 3794
f 3794 3975 3976
f 3794 3976 3795
f 3795 3976 3977
f 3795 3977 3796
f 3796 3977 3978
f 3796 3978 3797
f 3797 3978 3979
f 3797 3979 3798
f 3798 3979 3980
f 3798 3980 3799
f 3799 3980 3981
f 3799 3981 3800
f 3800 3981 3982
f 3800 3982 3801
f 3801 3982 3802
f 3801 3802 3621
f 3802 3983 3984
f 3802 3984 3803
f 3803 3984 3985
f 3803 3985 3804
f 3804 3985 3986
f 3804 3986 3805
f 3805 3986 3987
f 3805 3987 3806
f 3806 3987 3988
f 3806 3988 3807
f 3807 3988 3989
f 3807 3989 3808
f 3808 3989 3990
f 3808 3990 3809
f 3809 3990 3991
f 3809 3991 3810
f 3810 3991 3992
f 3810 3992 3811
f 3811 3992 3993
f 3811 3993 3812
f 3812 3993 3994
f 3812 3994 3813
f 3813 3994 3995
f 3813 3995 3814
f 3814 3995 3996
f 3814 3996 3815
f 3815 3996 3997
f 3815 3997 3816
f 3816 3997 3998
f 3816 3998 3817
f 3817 3998 3999
f 3817 3999 3818
f 3818 3999 4000
f 3818 4000 3819
f 3819 4000 4001
f 3819 4001 3820
f 3820 4001 4002
f 3820 4002 3821
f 3821 4002 4003
f 3821 4003 3822
f 3822 4003 4004
f 3822 4004 3823
f 3823 4004 4005
f 3823 4005 3824
f 3824 4005 4006
f 3824 4006 3825
f 3825 4006 4007
f 3825 4007 3826
f 3826 4007 4008
f 3826 4008 3827
f 3827 4008 4009
f 3827 4009 3828
f 3828 4009 4010
f 3828 4010 3829
f 3829 4010 4011
f 3829 4011 3830
f 3830 4011 4012
f 3830 4012 3831
f 3831 4012 4013
f 3831 4013 3832
f 3832 4013 4014
f 3832 4014 3833
f 3833 4014 4015
f 3833 4015 3834
f 3834 4015 4016
f 3834 4016 3835
f 3835 4016 4017
f 3835 4017 3836
f 3836 4017 4018
f 3836 4018 3837
f 3837 4018 4019
f 3837 4019 3838
f 3838 4019 4020
f 3838 4020 3839
f 3839 4020 4021
f 3839 4021 3840
f 3840 4021 4022
f 3840 4022 3841
f 3841 4022 4023
f 3841 4023 3842
f 3842 4023 4024
f 3842 4024 3843
f 3843 4024 4025
f 3843 4025 3844
f 3844 4025 4026
f 3844 4026 3845
f 3845 4026 4027
f 3845 4027 3846
f 3846 4027 4028
f 3846 4028 3847
f 3847 4028 4029
f 3847 4029 3848
f 3848 4029 4030
f 3848 4030 3849
f 3849 4030 4031
f 3849 4031 3850
f 3850 4031 4032
f 3850 4032 3851
f 3851 4032 4033
f 3851 4033 3852
f 3852 4033 4034
f 3852 4034 3853
f 3853 4034 4035
f 3853 4035 3854
f 3854 4035 4036
f 3854 4036 3855
f 3855 4036 4037
f 3855 4037 3856
f 3856 4037 4038
f 3856 4038 3857
f 3857 4038 4039
f 3857 4039 3858
f 3858 4039 4040
f 3858 4040 3859
f 3859 4040 4041
f 3859 4041 3860
f 3860 4041 4042
f 3860 4042 3861
f 3861 4042 4043
f 3861 4043 3862
f 3862 4043 4044
f 3862 4044 3863
f 3863 4044 4045
f 3863 4045 3864
f 3864 4045 4046
f 3864 4046 3865
f 3865 4046 4047
f 3865 4047 3866
f 3866 4047 4048
f 3866 4048 3867
f 3867 4048 4049
f 3867 4049 3868
f 3868 4049 4050
f 3868 4050 3869
f 3869 4050 4051
f 3869 4051 3870
f 3870 4051 4052
f 3870 4052 3871
f 3871 4052 4053
f 3871 4053 3872
f 3872 4053 4054
f 3872 4054 3873
f 3873 4054 4055
f 3873 4055 3874
f 3874 4055 4056
f 3874 4056 3875
f 3875 4056 4057
f 3875 4057 3876
f 3876 4057 4058
f 3876 4058 3877
f 3877 4058 4059
f 3877 4059 3878
f 3878 4059 4060
f 3878 4060 3879
f 3879 4060 4061
f 3879 4061 3880
f 3880 4061 4062
f 3880 4062 3881
f 3881 4062 4063
f 3881 4063 3882
f 3882 4063 4064
f 3882 4064 3883
f 3883 4064 4065
f 3883 4065 3884
f 3884 4065 4066
f 3884 4066 3885
f 3885 4066 4067
f 3885 4067 3886
f 3886 4067 4068
f 3886 4068 3887
f 3887 4068 4069
f 3887 4069 3888
f 3888 4069 4070
f 3888 4070 3889
f 3889 4070 4071
f 3889 4071 3890
f 3890 4071 4072
f 3890 4072 3891
f 3891 4072 4073
f 3891 4073 3892
f 3892 4073 4074
f 3892 4074 3893
f 3893 4074 4075
f 3893 4075 3894
f 3894 4075 4076
f 3894 4076 3895
f 3895 4076 4077
f 3895 4077 3896
f 3896 4077 4078
f 3896 4078 3897
f 3897 4078 4079
f 3897 4079 3898
f 3898 4079 4080
f 3898 4080 3899
f 3899 4080 4081
f 3899 4081 3900
f 3900 4081 4082
f 3900 4082 3901
f 3901 4082 4083
f 3901 4083 3902
f 3902 4083 4084
f 3902 4084 3903
f 3903 4084 4085
f 3903 4085 3904
f 3904 4085 4086
f 3904 4086 3905
f 3905 4086 4087
f 3905 4087 3906
f 3906 4087 4088
f 3906 4088 3907
f 3907 4088 4089
f 3907 4089 3908
f 3908 4089 4090
f 3908 4090 3909
f 3909 4090 4091
f 3909 4091 3910
f 3910 4091 4092
f 3910 4092 3911
f 3911 4092 4093
f 3911 4093 3912
f 3912 4093 4094
f 3912 4094 3913
f 3913 4094 4095
f 3913 4095 3914
f 3914 4095 4096
f 3914 4096 3915
f 3915 4096 4097
f 3915 4097 3916
f 3916 4097 4098
f 3916 4098 3917
f 3917 4098 4099
f 3917 4099 3918
f 3918 4099 4100
f 3918 4100 3919
f 3919 4100 4101
f 3919 4101 3920
f 3920 4101 4102
f 3920 4102 3921
f 3921 4102 4103
f 3921 4103 3922
f 3922 4103 4104
f 3922 4104 3923
f 3923 4104 4105
f 3923 4105 3924
f 3924 4105 4106
f 3924 4106 3925
f 3925 4106 4107
f 3925 4107 3926
f 3926 4107 4108
f 3926 4108 3927
f 3927 4108 4109
f 3927 4109 3928
f 3928 4109 4110
f 3928 4110 3929
f 3929 4110 4111
f 3929 4111 3930
f 3930 4111 4112
f 3930 4112 3931
f 3931 4112 4113
f 3931 4113 3932
f 3932 4113 4114
f 3932 4114 3933
f 3933 4114 4115
f 3933 4115 3934
f 3934 4115 4116
f 3934 4116 3935
f 3935 4116 4117
f 3935 4117 3936
f 3936 4117 4118
f 3936 4118 3937
f 3937 4118 4119
f 3937 4119 3938
f 3938 4119 4120
f 3938 4120 3939
f 3939 4120 4121
f 3939 4121 3940
f 3940 4121 4122
f 3940 4122 3941
f 3941 4122 4123
f 3941 4123 3942
f 3942 4123 4124
f 3942 4124 3943
f 3943 4124 4125
f 3943 4125 3944
f 3944 4125 4126
f 3944 4126 3945
f 3945 4126 4127
f 3945 4127 3946
f 3946 4127 4128
f 3946 4128 3947
f 3947 4128 4129
f 3947 4129 3948
f 3948 4129 4130
f 3948 4130 3949
f 3949 4130 4131
f 3949 4131 3950
f 3950 4131 4132
f 3950 4132 3951
f 3951 4132 4133
f 3951 4133 3952
f 3952 4133 4134
f 3952 4134 3953
f 3953 4134 4135
f 3953 4135 3954
f 3954 4135 4136
f 3954 4136 3955
f 3955 4136 4137
f 3955 4137 3956
f 3956 4137 4138
f 3956 4138 3957
f 3957 4138 4139
f 3957 4139 3958
f 3958 4139 4140
f 3958 4140 3959
f 3959 4140 4141
f 3959 4141 3960
f 3960 4141 4142
f 3960 4142 3961
f 3961 4142 4143
f 3961 4143 3962
f 3962 4143 4144
f 3962 4144 3963
f 3963 4144 4145
f 3963 4145 3964
f 3964 4145 4146
f 3964 4146 3965
f 3965 4146 4147
f 3965 4147 3966
f 3966 4147 4148
f 3966 4148 3967
f 3967 4148 4149
f 3967 4149 3968
f 3968 4149 4150
f 3968 4150 3969
f 3969 4150 4151
f 3969 4151 3970
f 3970 4151 4152
f 3970 4152 3971
f 3971 4152 4153
f 3971 4153 3972
f 3972 4153 4154
f 3972 4154 3973
f 3973 4154 4155
f 3973 4155 3974
f 3974 4155 4156
f 3974 4156 3975
f 3975 4156 4157
f 3975 4157 3976
f 3976 4157 4158
f 3976 4158 3977
f 3977 4158 4159
f 3977 4159 3978
f 3978 4159 4160
f 3978 4160 3979
f 3979 4160 4161
f 3979 4161 3980
f 3980 4161 4162
f 3980 4162 3981
f 3981 4162 4163
f 3981 4163 3982
f 3982 4163 3983
f 3982 3983 3802
f 3983 4164 4165
f 3983 4165 3984
f 3984 4165 4166
f 3984 4166 3985
f 3985 4166 4167
f 3985 4167 3986
f 3986 4167 4168
f 3986 4168 3987
f 3987 4168 4169
f 3987 4169 3988
f 3988 4169 4170
f 3988 4170 3989
f 3989 4170 4171
f 3989 4171 3990
f 3990 4171 4172
f 3990 4172 3991
f 3991 4172 4173
f 3991 4173 3992
f 3992 4173 4174
f 3992 4174 3993
f 3993 4174 4175
f 3993 4175 3994
f 3994 4175 4176
f 3994 4176 3995
f 3995 4176 4177
f 3995 4177 3996
f 3996 4177 4178
f 3996 4178 3997
f 3997 4178 4179
f 3997 4179 3998
f 3998 4179 4180
f 3998 4180 3999
f 3999 4180 4181
f 3999 4181 4000
f 4000 4181 4182
f 4000 4182 4001
f 4001 4182 4183
f 4001 4183 4002
f 4002 4183 4184
f 4002 4184 4003
f 4003 4184 4185
f 4003 4185 4004
f 4004 4185 4186
f 4004 4186 4005
f 4005 4186 4187
f 4005 4187 4006
f 4006 4187 4188
f 4006 4188 4007
f 4007 4188 4189
f 4007 4189 4008
f 4008 4189 4190
f 4008 4190 4009
f 4009 4190 4191
f 4009 4191 4010
f 4010 4191 4192
f 4010 4192 4011
f 4011 4192 4193
f 4011 4193 4012
f 4012 4193 4194
f 4012 4194 4013
f 4013 4194 4195
f 4013 4195 4014
f 4014 4195 4196
f 4014 4196 4015
f 4015 4196 4197
f 4015 4197 4016
f 4016 4197 4198
f 4016 4198 4017
f 4017 4198 4199
f 4017 4199 4018
f 4018 4199 4200
f 4018 4200 4019
f 4019 4200 4201
f 4019 4201 4020
f 4020 4201 4202
f 4020 4202 4021
f 4021 4202 4203
f 4021 4203 4022
f 4022 4203 4204
f 4022 4204 4023
f 4023 4204 4205
f 4023 4205 4024
f 4024 4205 4206
f 4024 4206 4025
f 4025 4206 4207
f 4025 4207 4026
f 4026 4207 4208
f 4026 4208 4027
f 4027 4208 4209
f 4027 4209 4028
f 4028 4209 4210
f 4028 4210 4029
f 4029 4210 4211
f 4029 4211 4030
f 4030 4211 4212
f 4030 4212 4031
f 4031 4212 4213
f 4031 4213 4032
f 4032 4213 4214
f 4032 4214 4033
f 4033 4214 4215
f 4033 4215 4034
f 4034 4215 4216
f 4034 4216 4035
f 4035 4216 4217
f 4035 4217 4036
f 4036 4217 4218
f 4036 4218 4037
f 4037 4218 4219
f 4037 4219 4038
f 4038 4219 4220
f 4038 4220 4039
f 4039 4220 4221
f 4039 4221 4040
f 4040 4221 4222
f 4040 4222 4041
f 4041 4222 4223
f 4041 4223 4042
f 4042 4223 4224
f 4042 4224 4043
f 4043 4224 4225
f 4043 4225 4044
f 4044 4225 4226
f 4044 4226 4045
f 4045 4226 4227
f 4045 4227 4046
f 4046 4227 4228
f 4046 4228 4047
f 4047 4228 4229
f 4047 4229 4048
f 4048 4229 4230
f 4048 4230 4049
f 4049 4230 4231
f 4049 4231 4050
f 4050 4231 4232
f 4050 4232 4051
f 4051 4232 4233
f 4051 4233 4052
f 4052 4233 4234
f 4052 4234 4053
f 4053 4234 4235
f 4053 4235 4054
f 4054 4235 4236
f 4054 4236 4055
f 4055 4236 4237
f 4055 4237 4056
f 4056 4237 4238
f 4056 4238 4057
f 4057 4238 4239
f 4057 4239 4058
f 4058 4239 4240
f 4058 4240 4059
f 4059 4240 4241
f 4059 4241 4060
f 4060 4241 4242
f 4060 4242 4061
f 4061 4242 4243
f 4061 4243 4062
f 4062 4243 4244
f 4062 4244 4063
f 4063 4244 4245
f 4063 4245 4064
f 4064 4245 4246
f 4064 4246 4065
f 4065 4246 4247
f 4065 4247 4066
f 4066 4247 4248
f 4066 4248 4067
f 4067 4248 4249
f 4067 4249 4068
f 4068 4249 4250
f 4068 4250 4069
f 4069 4250 4251
f 4069 4251 4070
f 4070 4251 4252
f 4070 4252 4071
f 4071 4252 4253
f 4071 4253 4072
f 4072 4253 4254
f 4072 4254 4073
f 4073 4254 4255
f 4073 4255 4074
f 4074 4255 4256
f 4074 4256 4075
f 4075 4256 4257
f 4075 4257 4076
f 4076 4257 4258
f 4076 4258 4077
f 4077 4258 4259
f 4077 4259 4078
f 4078 4259 4260
f 4078 4260 4079
f 4079 4260 4261
f 4079 4261 4080
f 4080 4261 4262
f 4080 4262 4081
f 4081 4262 4263
f 4081 4263 4082
f 4082 4263 4264
f 4082 4264 4083
f 4083 4264 4265
f 4083 4265 4084
f 4084 4265 4266
f 4084 4266 4085
f 4085 4266 4267
f 4085 4267 4086
f 4086 4267 4268
f 4086 4268 4087
f 4087 4268 4269
f 4087 4269 4088
f 4088 4269 4270
f 4088 4270 4089
f 4089 4270 4271
f 4089 4271 4090
f 4090 4271 4272
f 4090 4272 4091
f 4091 4272 4273
f 4091 4273 4092
f 4092 4273 4274
f 4092 4274 4093
f 4093 4274 4275
f 4093 4275 4094
f 4094 4275 4276
f 4094 4276 4095
f 4095 4276 4277
f 4095 4277 4096
f 4096 4277 4278
f 4096 4278 4097
f 4097 4278 4279
f 4097 4279 4098
f 4098 4279 4280
f 4098 4280 4099
f 4099 4280 4281
f 4099 4281 4100
f 4100 4281 4282
f 4100 4282 4101
f 4101 4282 4283
f 4101 4283 4102
f 4102 4283 4284
f 4102 4284 4103
f 4103 4284 4285
f 4103 4285 4104
f 4104 4285 4286
f 4104 4286 4105
f 4105 4286 4287
f 4105 4287 4106
f 4106 4287 4288
f 4106 4288 4107
f 4107 4288 4289
f 4107 4289 4108
f 4108 4289 4290
f 4108 4290 4109
f 4109 4290 4291
f 4109 4291 4110
f 4110 4291 4292
f 4110 4292 4111
f 4111 4292 4293
f 4111 4293 4112
f 4112 4293 4294
f 4112 4294 4113
f 4113 4294 4295
f 4113 4295 4114
f 4114 4295 4296
f 4114 4296 4115
f 4115 4296 4297
f 4115 4297 4116
f 4116 4297 4298
f 4116 4298 4117
f 4117 4298 4299
f 4117 4299 4118
f 4118 4299 4300
f 4118 4300 4119
f 4119 4300 4301
f 4119 4301 4120
f 4120 4301 4302
f 4120 4302 4121
f 4121 4302 4303
f 4121 4303 4122
f 4122 4303 4304
f 4122 4304 4123
f 4123 4304 4305
f 4123 4305 4124
f 4124 4305 4306
f 4124 4306 4125
f 4125 4306 4307
f 4125 4307 4126
f 4126 4307 4308
f 4126 4308 4127
f 4127 4308 4309
f 4127 4309 4128
f 4128 4309 4310
f 4128 4310 4129
f 4129 4310 4311
f 4129 4311 4130
f 4130 4311 4312
f 4130 4312 4131
f 4131 4312 4313
f 4131 4313 4132
f 4132 4313 4314
f 4132 4314 4133
f 4133 4314 4315
f 4133 4315 4134
f 4134 4315 4316
f 4134 4316 4135
f 4135 4316 4317
f 4135 4317 4136
f 4136 4317 4318
f 4136 4318 4137
f 4137 4318 4319
f 4137 4319 4138
f 4138 4319 4320
f 4138 4320 4139
f 4139 4320 4321
f 4139 4321 4140
f 4140 4321 4322
f 4140 4322 4141
f 4141 4322 4323
f 4141 4323 4142
f 4142 4323 4324
f 4142 4324 4143
f 4143 4324 4325
f 4143 4325 4144
f 4144 4325 4326
f 4144 4326 4145
f 4145 4326 4327
f 4145 4327 4146
f 4146 4327 4328
f 4146 4328 4147
f 4147 4328 4329
f 4147 4329 4148
f 4148 4329 4330
f 4148 4330 4149
f 4149 4330 4331
f 4149 4331 4150
f 4150 4331 4332
f 4150 4332 4151
f 4151 4332 4333
f 4151 4333 4152
f 4152 4333 4334
f 4152 4334 4153
f 4153 4334 4335
f 4153 4335 4154
f 4154 4335 4336
f 4154 4336 4155
f 4155 4336 4337
f 4155 4337 4156
f 4156 4337 4338
f 4156 4338 4157
f 4157 4338 4339
f 4157 4339 4158
f 4158 4339 4340
f 4158 4340 4159
f 4159 4340 4341
f 4159 4341 4160
f 4160 4341 4342
f 4160 4342 4161
f 4161 4342 4343
f 4161 4343 4162
f 4162 4343 4344
f 4162 4344 4163
f 4163 4344 4164
f 4163 4164 3983
f 4345 2 1
f 4345 3 2
f 4345 4 3
f 4345 5 4
f 4345 6 5
f 4345 7 6
f 4345 8 7
f 4345 9 8
f 4345 10 9
f 4345 11 10
f 4345 12 11
f 4345 13 12
f 4345 14 13
f 4345 15 14
f 4345 16 15
f 4345 17 16
f 4345 18 17
f 4345 19 18
f 4345 20 19
f 4345 21 20
f 4345 22 21
f 4345 23 22
f 4345 24 23
f 4345 25 24
f 4345 26 25
f 4345 27 26
f 4345 28 27
f 4345 29 28
f 4345 30 29
f 4345 31 30
f 4345 32 31
f 4345 33 32
f 4345 34 33
f 4345 35 34
f 4345 36 35
f 4345 37 36
f 4345 38 37
f 4345 39 38
f 4345 40 39
f 4345 41 40
f 4345 42 41
f 4345 43 42
f 4345 44 43
f 4345 45 44
f 4345 46 45
f 4345 47 46
f 4345 48 47
f 4345 49 48
f 4345 50 49
f 4345 51 50
f 4345 52 51
f 4345 53 52
f 4345 54 53
f 4345 55 54
f 4345 56 55
f 4345 57 56
f 4345 58 57
f 4345 59 58
f 4345 60 59
f 4345 61 60
f 4345 62 61
f 4345 63 62
f 4345 64 63
f 4345 65 64
f 4345 66 65
f 4345 67 66
f 4345 68 67
f 4345 69 68
f 4345 70 69
f 4345 71 70
f 4345 72 71
f 4345 73 72
f 4345 74 73
f 4345 75 74
f 4345 76 75
f 4345 77 76
f 4345 78 77
f 4345 79 78
f 4345 80 79
f 4345 81 80
f 4345 82 81
f 4345 83 82
f 4345 84 83
f 4345 85 84
f 4345 86 85
f 4345 87 86
f 4345 88 87
f 4345 89 88
f 4345 90 89
f 4345 91 90
f 4345 92 91
f 4345 93 92
f 4345 94 93
f 4345 95 94
f 4345 96 95
f 4345 97 96
f 4345 98 97
f 4345 99 98
f 4345 100 99
f 4345 101 100
f 4345 102 101
f 4345 103 102
f 4345 104 103
f 4345 105 104
f 4345 106 105
f 4345 107 106
f 4345 108 107
f 4345 109 108
f 4345 110 109
f 4345 111 110
f 4345 112 111
f 4345 113 112
f 4345 114 113
f 4345 115 114
f 4345 116 115
f 4345 117 116
f 4345 118 117
f 4345 119 118
f 4345 120 119
f 4345 121 120
f 4345 122 121
f 4345 123 122
f 4345 124 123
f 4345 125 124
f 4345 126 125
f 4345 127 126
f 4345 128 127
f 4345 129 128
f 4345 130 129
f 4345 131 130
f 4345 132 131
f 4345 133 132
f 4345 134 133
f 4345 135 134
f 4345 136 135
f 4345 137 136
f 4345 138 137
f 4345 139 138
f 4345 140 139
f 4345 141 140
f 4345 142 141
f 4345 143 142
f 4345 144 143
f 4345 145 144
f 4345 146 145
f 4345 147 146
f 4345 148 147
f 4345 149 148
f 4345 150 149
f 4345 151 150
f 4345 152 151
f 4345 153 152
f 4345 154 153
f 4345 155 154
f 4345 156 155
f 4345 157 156
f 4345 158 157
f 4345 159 158
f 4345 160 159
f 4345 161 160
f 4345 162 161
f 4345 163 162
f 4345 164 163
f 4345 165 164
f 4345 166 165
f 4345 167 166
f 4345 168 167
f 4345 169 168
f 4345 170 169
f 4345 171 170
f 4345 172 171
f 4345 173 172
f 4345 174 173
f 4345 175 174
f 4345 176 175
f 4345 177 176
f 4345 178 177
f 4345 179 178
f 4345 180 179
f 4345 181 180
f 4345 1 181
f 4346 4164 4165
f 4346 4165 4166
f 4346 4166 4167
f 4346 4167 4168
f 4346 4168 4169
f 4346 4169 4170
f 4346 4170 4171
f 4346 4171 4172
f 4346 4172 4173
f 4346 4173 4174
f 4346 4174 4175
f 4346 4175 4176
f 4346 4176 4177
f 4346 4177 4178
f 4346 4178 4179
f 4346 4179 4180
f 4346 4180 4181
f 4346 4181 4182
f 4346 4182 4183
f 4346 4183 4184
f 4346 4184 4185
f 4346 4185 4186
f 4346 4186 4187
f 4346 4187 4188
f 4346 4188 4189
f 4346 4189 4190
f 4346 4190 4191
f 4346 4191 4192
f 4346 4192 4193
f 4346 4193 4194
f 4346 4194 4195
f 4346 4195 4196
f 4346 4196 4197
f 4346 4197 4198
f 4346 4198 4199
f 4346 4199 4200
f 4346 4200 4201
f 4346 4201 4202
f 4346 4202 4203
f 4346 4203 4204
f 4346 4204 4205
f 4346 4205 4206
f 4346 4206 4207
f 4346 4207 4208
f 4346 4208 4209
f 4346 4209 4210
f 4346 4210 4211
f 4346 4211 4212
f 4346 4212 4213
f 4346 4213 4214
f 4346 4214 4215
f 4346 4215 4216
f 4346 4216 4217
f 4346 4217 4218
f 4346 4218 4219
f 4346 4219 4220
f 4346 4220 4221
f 4346 4221 4222
f 4346 4222 4223
f 4346 4223 4224
f 4346 4224 4225
f 4346 4225 4226
f 4346 4226 4227
f 4346 4227 4228
f 4346 4228 4229
f 4346 4229 4230
f 4346 4230 4231
f 4346 4231 4232
f 4346 4232 4233
f 4346 4233 4234
f 4346 4234 4235
f 4346 4235 4236
f 4346 4236 4237
f 4346 4237 4238
f 4346 4238 4239
f 4346 4239 4240
f 4346 4240 4241
f 4346 4241 4242
f 4346 4242 4243
f 4346 4243 4244
f 4346 4244 4245
f 4346 4245 4246
f 4346 4246 4247
f 4346 4247 4248
f 4346 4248 4249
f 4346 4249 4250
f 4346 4250 4251
f 4346 4251 4252
f 4346 4252 4253
f 4346 4253 4254
f 4346 4254 4255
f 4346 4255 4256
f 4346 4256 4257
f 4346 4257 4258
f 4346 4258 4259
f 4346 4259 4260
f 4346 4260 4261
f 4346 4261 4262
f 4346 4262 4263
f 4346 4263 4264
f 4346 4264 4265
f 4346 4265 4266
f 4346 4266 4267
f 4346 4267 4268
f 4346 4268 4269
f 4346 4269 4270
f 4346 4270 4271
f 4346 4271 4272
f 4346 4272 4273
f 4346 4273 4274
f 4346 4274 4275
f 4346 4275 4276
f 4346 4276 4277
f 4346 4277 4278
f 4346 4278 4279
f 4346 4279 4280
f 4346 4280 4281
f 4346 4281 4282
f 4346 4282 4283
f 4346 4283 4284
f 4346 4284 4285
f 4346 4285 4286
f 4346 4286 4287
f 4346 4287 4288
f 4346 4288 4289
f 4346 4289 4290
f 4346 4290 4291
f 4346 4291 4292
f 4346 4292 4293
f 4346 4293 4294
f 4346 4294 4295
f 4346 4295 4296
f 4346 4296 4297
f 4346 4297 4298
f 4346 4298 4299
f 4346 4299 4300
f 4346 4300 4301
f 4346 4301 4302
f 4346 4302 4303
f 4346 4303 4304
f 4346 4304 4305
f 4346 4305 4306
f 4346 4306 4307
f 4346 4307 4308
f 4346 4308 4309
f 4346 4309 4310
f 4346 4310 4311
f 4346 4311 4312
f 4346 4312 4313
f 4346 4313 4314
f 4346 4314 4315
f 4346 4315 4316
f 4346 4316 4317
f 4346 4317 4318
f 4346 4318 4319
f 4346 4319 4320
f 4346 4320 4321
f 4346 4321 4322
f 4346 4322 4323
f 4346 4323 4324
f 4346 4324 4325
f 4346 4325 4326
f 4346 4326 4327
f 4346 4327 4328
f 4346 4328 4329
f 4346 4329 4330
f 4346 4330 4331
f 4346 4331 4332
f 4346 4332 4333
f 4346 4333 4334
f 4346 4334 4335
f 4346 4335 4336
f 4346 4336 4337
f 4346 4337 4338
f 4346 4338 4339
f 4346 4339 4340
f 4346 4340 4341
f 4346 4341 4342
f 4346 4342 4343
f 4346 4343 4344
f 4346 4344 4164
g wing_port
f 4347 4529 4528
f 4347 4348 4529
f 4348 4530 4529
f 4348 4349 4530
f 4349 4531 4530
f 4349 4350 4531
f 4350 4532 4531
f 4350 4351 4532
f 4351 4533 4532
f 4351 4352 4533
f 4352 4534 4533
f 4352 4353 4534
f 4353 4535 4534
f 4353 4354 4535
f 4354 4536 4535
f 4354 4355 4536
f 4355 4537 4536
f 4355 4356 4537
f 4356 4538 4537
f 4356 4357 4538
f 4357 4539 4538
f 4357 4358 4539
f 4358 4540 4539
f 4358 4359 4540
f 4359 4541 4540
f 4359 4360 4541
f 4360 4542 4541
f 4360 4361 4542
f 4361 4543 4542
f 4361 4362 4543
f 4362 4544 4543
f 4362 4363 4544
f 4363 4545 4544
f 4363 4364 4545
f 4364 4546 4545
f 4364 4365 4546
f 4365 4547 4546
f 4365 4366 4547
f 4366 4548 4547
f 4366 4367 4548
f 4367 4549 4548
f 4367 4368 4549
f 4368 4550 4549
f 4368 4369 4550
f 4369 4551 4550
f 4369 4370 4551
f 4370 4552 4551
f 4370 4371 4552
f 4371 4553 4552
f 4371 4372 4553
f 4372 4554 4553
f 4372 4373 4554
f 4373 4555 4554
f 4373 4374 4555
f 4374 4556 4555
f 4374 4375 4556
f 4375 4557 4556
f 4375 4376 4557
f 4376 4558 4557
f 4376 4377 4558
f 4377 4559 4558
f 4377 4378 4559
f 4378 4560 4559
f 4378 4379 4560
f 4379 4561 4560
f 4379 4380 4561
f 4380 4562 4561
f 4380 4381 4562
f 4381 4563 4562
f 4381 4382 4563
f 4382 4564 4563
f 4382 4383 4564
f 4383 4565 4564
f 4383 4384 4565
f 4384 4566 4565
f 4384 4385 4566
f 4385 4567 4566
f 4385 4386 4567
f 4386 4568 4567
f 4386 4387 4568
f 4387 4569 4568
f 4387 4388 4569
f 4388 4570 4569
f 4388 4389 4570
f 4389 4571 4570
f 4389 4390 4571
f 4390 4572 4571
f 4390 4391 4572
f 4391 4573 4572
f 4391 4392 4573
f 4392 4574 4573
f 4392 4393 4574
f 4393 4575 4574
f 4393 4394 4575
f 4394 4576 4575
f 4394 4395 4576
f 4395 4577 4576
f 4395 4396 4577
f 4396 4578 4577
f 4396 4397 4578
f 4397 4579 4578
f 4397 4398 4579
f 4398 4580 4579
f 4398 4399 4580
f 4399 4581 4580
f 4399 4400 4581
f 4400 4582 4581
f 4400 4401 4582
f 4401 4583 4582
f 4401 4402 4583
f 4402 4584 4583
f 4402 4403 4584
f 4403 4585 4584
f 4403 4404 4585
f 4404 4586 4585
f 4404 4405 4586
f 4405 4587 4586
f 4405 4406 4587
f 4406 4588 4587
f 4406 4407 4588
f 4407 4589 4588
f 4407 4408 4589
f 4408 4590 4589
f 4408 4409 4590
f 4409 4591 4590
f 4409 4410 4591
f 4410 4592 4591
f 4410 4411 4592
f 4411 4593 4592
f 4411 4412 4593
f 4412 4594 4593
f 4412 4413 4594
f 4413 4595 4594
f 4413 4414 4595
f 4414 4596 4595
f 4414 4415 4596
f 4415 4597 4596
f 4415 4416 4597
f 4416 4598 4597
f 4416 4417 4598
f 4417 4599 4598
f 4417 4418 4599
f 4418 4600 4599
f 4418 4419 4600
f 4419 4601 4600
f 4419 4420 4601
f 4420 4602 4601
f 4420 4421 4602
f 4421 4603 4602
f 4421 4422 4603
f 4422 4604 4603
f 4422 4423 4604
f 4423 4605 4604
f 4423 4424 4605
f 4424 4606 4605
f 4424 4425 4606
f 4425 4607 4606
f 4425 4426 4607
f 4426 4608 4607
f 4426 4427 4608
f 4427 4609 4608
f 4427 4428 4609
f 4428 4610 4609
f 4428 4429 4610
f 4429 4611 4610
f 4429 4430 4611
f 4430 4612 4611
f 4430 4431 4612
f 4431 4613 4612
f 4431 4432 4613
f 4432 4614 4613
f 4432 4433 4614
f 4433 4615 4614
f 4433 4434 4615
f 4434 4616 4615
f 4434 4435 4616
f 4435 4617 4616
f 4435 4436 4617
f 4436 4618 4617
f 4436 4437 4618
f 4437 4619 4618
f 4437 4438 4619
f 4438 4620 4619
f 4438 4439 4620
f 4439 4621 4620
f 4439 4440 4621
f 4440 4622 4621
f 4440 4441 4622
f 4441 4623 4622
f 4441 4442 4623
f 4442 4624 4623
f 4442 4443 4624
f 4443 4625 4624
f 4443 4444 4625
f 4444 4626 4625
f 4444 4445 4626
f 4445 4627 4626
f 4445 4446 4627
f 4446 4628 4627
f 4446 4447 4628
f 4447 4629 4628
f 4447 4448 4629
f 4448 4630 4629
f 4448 4449 4630
f 4449 4631 4630
f 4449 4450 4631
f 4450 4632 4631
f 4450 4451 4632
f 4451 4633 4632
f 4451 4452 4633
f 4452 4634 4633
f 4452 4453 4634
f 4453 4635 4634
f 4453 4454 4635
f 4454 4636 4635
f 4454 4455 4636
f 4455 4637 4636
f 4455 4456 4637
f 4456 4638 4637
f 4456 4457 4638
f 4457 4639 4638
f 4457 4458 4639
f 4458 4640 4639
f 4458 4459 4640
f 4459 4641 4640
f 4459 4460 4641
f 4460 4642 4641
f 4460 4461 4642
f 4461 4643 4642
f 4461 4462 4643
f 4462 4644 4643
f 4462 4463 4644
f 4463 4645 4644
f 4463 4464 4645
f 4464 4646 4645
f 4464 4465 4646
f 4465 4647 4646
f 4465 4466 4647
f 4466 4648 4647
f 4466 4467 4648
f 4467 4649 4648
f 4467 4468 4649
f 4468 4650 4649
f 4468 4469 4650
f 4469 4651 4650
f 4469 4470 4651
f 4470 4652 4651
f 4470 4471 4652
f 4471 4653 4652
f 4471 4472 4653
f 4472 4654 4653
f 4472 4473 4654
f 4473 4655 4654
f 4473 4474 4655
f 4474 4656 4655
f 4474 4475 4656
f 4475 4657 4656
f 4475 4476 4657
f 4476 4658 4657
f 4476 4477 4658
f 4477 4659 4658
f 4477 4478 4659
f 4478 4660 4659
f 4478 4479 4660
f 4479 4661 4660
f 4479 4480 4661
f 4480 4662 4661
f 4480 4481 4662
f 4481 4663 4662
f 4481 4482 4663
f 4482 4664 4663
f 4482 4483 4664
f 4483 4665 4664
f 4483 4484 4665
f 4484 4666 4665
f 4484 4485 4666
f 4485 4667 4666
f 4485 4486 4667
f 4486 4668 4667
f 4486 4487 4668
f 4487 4669 4668
f 4487 4488 4669
f 4488 4670 4669
f 4488 4489 4670
f 4489 4671 4670
f 4489 4490 4671
f 4490 4672 4671
f 4490 4491 4672
f 4491 4673 4672
f 4491 4492 4673
f 4492 4674 4673
f 4492 4493 4674
f 4493 4675 4674
f 4493 4494 4675
f 4494 4676 4675
f 4494 4495 4676
f 4495 4677 4676
f 4495 4496 4677
f 4496 4678 4677
f 4496 4497 4678
f 4497 4679 4678
f 4497 4498 4679
f 4498 4680 4679
f 4498 4499 4680
f 4499 4681 4680
f 4499 4500 4681
f 4500 4682 4681
f 4500 4501 4682
f 4501 4683 4682
f 4501 4502 4683
f 4502 4684 4683
f 4502 4503 4684
f 4503 4685 4684
f 4503 4504 4685
f 4504 4686 4685
f 4504 4505 4686
f 4505 4687 4686
f 4505 4506 4687
f 4506 4688 4687
f 4506 4507 4688
f 4507 4689 4688
f 4507 4508 4689
f 4508 4690 4689
f 4508 4509 4690
f 4509 4691 4690
f 4509 4510 4691
f 4510 4692 4691
f 4510 4511 4692
f 4511 4693 4692
f 4511 4512 4693
f 4512 4694 4693
f 4512 4513 4694
f 4513 4695 4694
f 4513 4514 4695
f 4514 4696 4695
f 4514 4515 4696
f 4515 4697 4696
f 4515 4516 4697
f 4516 4698 4697
f 4516 4517 4698
f 4517 4699 4698
f 4517 4518 4699
f 4518 4700 4699
f 4518 4519 4700
f 4519 4701 4700
f 4519 4520 4701
f 4520 4702 4701
f 4520 4521 4702
f 4521 4703 4702
f 4521 4522 4703
f 4522 4704 4703
f 4522 4523 4704
f 4523 4705 4704
f 4523 4524 4705
f 4524 4706 4705
f 4524 4525 4706
f 4525 4707 4706
f 4525 4526 4707
f 4526 4708 4707
f 4526 4527 4708
f 4527 4528 4708
f 4527 4347 4528
f 4528 4710 4709
f 4528 4529 4710
f 4529 4711 4710
f 4529 4530 4711
f 4530 4712 4711
f 4530 4531 4712
f 4531 4713 4712
f 4531 4532 4713
f 4532 4714 4713
f 4532 4533 4714
f 4533 4715 4714
f 4533 4534 4715
f 4534 4716 4715
f 4534 4535 4716
f 4535 4717 4716
f 4535 4536 4717
f 4536 4718 4717
f 4536 4537 4718
f 4537 4719 4718
f 4537 4538 4719
f 4538 4720 4719
f 4538 4539 4720
f 4539 4721 4720
f 4539 4540 4721
f 4540 4722 4721
f 4540 4541 4722
f 4541 4723 4722
f 4541 4542 4723
f 4542 4724 4723
f 4542 4543 4724
f 4543 4725 4724
f 4543 4544 4725
f 4544 4726 4725
f 4544 4545 4726
f 4545 4727 4726
f 4545 4546 4727
f 4546 4728 4727
f 4546 4547 4728
f 4547 4729 4728
f 4547 4548 4729
f 4548 4730 4729
f 4548 4549 4730
f 4549 4731 4730
f 4549 4550 4731
f 4550 4732 4731
f 4550 4551 4732
f 4551 4733 4732
f 4551 4552 4733
f 4552 4734 4733
f 4552 4553 4734
f 4553 4735 4734
f 4553 4554 4735
f 4554 4736 4735
f 4554 4555 4736
f 4555 4737 4736
f 4555 4556 4737
f 4556 4738 4737
f 4556 4557 4738
f 4557 4739 4738
f 4557 4558 4739
f 4558 4740 4739
f 4558 4559 4740
f 4559 4741 4740
f 4559 4560 4741
f 4560 4742 4741
f 4560 4561 4742
f 4561 4743 4742
f 4561 4562 4743
f 4562 4744 4743
f 4562 4563 4744
f 4563 4745 4744
f 4563 4564 4745
f 4564 4746 4745
f 4564 4565 4746
f 4565 4747 4746
f 4565 4566 4747
f 4566 4748 4747
f 4566 4567 4748
f 4567 4749 4748
f 4567 4568 4749
f 4568 4750 4749
f 4568 4569 4750
f 4569 4751 4750
f 4569 4570 4751
f 4570 4752 4751
f 4570 4571 4752
f 4571 4753 4752
f 4571 4572 4753
f 4572 4754 4753
f 4572 4573 4754
f 4573 4755 4754
f 4573 4574 4755
f 4574 4756 4755
f 4574 4575 4756
f 4575 4757 4756
f 4575 4576 4757
f 4576 4758 4757
f 4576 4577 4758
f 4577 4759 4758
f 4577 4578 4759
f 4578 4760 4759
f 4578 4579 4760
f 4579 4761 4760
f 4579 4580 4761
f 4580 4762 4761
f 4580 4581 4762
f 4581 4763 4762
f 4581 4582 4763
f 4582 4764 4763
f 4582 4583 4764
f 4583 4765 4764
f 4583 4584 4765
f 4584 4766 4765
f 4584 4585 4766
f 4585 4767 4766
f 4585 4586 4767
f 4586 4768 4767
f 4586 4587 4768
f 4587 4769 4768
f 4587 4588 4769
f 4588 4770 4769
f 4588 4589 4770
f 4589 4771 4770
f 4589 4590 4771
f 4590 4772 4771
f 4590 4591 4772
f 4591 4773 4772
f 4591 4592 4773
f 4592 4774 4773
f 4592 4593 4774
f 4593 4775 4774
f 4593 4594 4775
f 4594 4776 4775
f 4594 4595 4776
f 4595 4777 4776
f 4595 4596 4777
f 4596 4778 4777
f 4596 4597 4778
f 4597 4779 4778
f 4597 4598 4779
f 4598 4780 4779
f 4598 4599 4780
f 4599 4781 4780
f 4599 4600 4781
f 4600 4782 4781
f 4600 4601 4782
f 4601 4783 4782
f 4601 4602 4783
f 4602 4784 4783
f 4602 4603 4784
f 4603 4785 4784
f 4603 4604 4785
f 4604 4786 4785
f 4604 4605 4786
f 4605 4787 4786
f 4605 4606 4787
f 4606 4788 4787
f 4606 4607 4788
f 4607 4789 4788
f 4607 4608 4789
f 4608 4790 4789
f 4608 4609 4790
f 4609 4791 4790
f 4609 4610 4791
f 4610 4792 4791
f 4610 4611 4792
f 4611 4793 4792
f 4611 4612 4793
f 4612 4794 4793
f 4612 4613 4794
f 4613 4795 4794
f 4613 4614 4795
f 4614 4796 4795
f 4614 4615 4796
f 4615 4797 4796
f 4615 4616 4797
f 4616 4798 4797
f 4616 4617 4798
f 4617 4799 4798
f 4617 4618 4799
f 4618 4800 4799
f 4618 4619 4800
f 4619 4801 4800
f 4619 4620 4801
f 4620 4802 4801
f 4620 4621 4802
f 4621 4803 4802
f 4621 4622 4803
f 4622 4804 4803
f 4622 4623 4804
f 4623 4805 4804
f 4623 4624 4805
f 4624 4806 4805
f 4624 4625 4806
f 4625 4807 4806
f 4625 4626 4807
f 4626 4808 4807
f 4626 4627 4808
f 4627 4809 4808
f 4627 4628 4809
f 4628 4810 4809
f 4628 4629 4810
f 4629 4811 4810
f 4629 4630 4811
f 4630 4812 4811
f 4630 4631 4812
f 4631 4813 4812
f 4631 4632 4813
f 4632 4814 4813
f 4632 4633 4814
f 4633 4815 4814
f 4633 4634 4815
f 4634 4816 4815
f 4634 4635 4816
f 4635 4817 4816
f 4635 4636 4817
f 4636 4818 4817
f 4636 4637 4818
f 4637 4819 4818
f 4637 4638 4819
f 4638 4820 4819
f 4638 4639 4820
f 4639 4821 4820
f 4639 4640 4821
f 4640 4822 4821
f 4640 4641 4822
f 4641 4823 4822
f 4641 4642 4823
f 4642 4824 4823
f 4642 4643 4824
f 4643 4825 4824
f 4643 4644 4825
f 4644 4826 4825
f 4644 4645 4826
f 4645 4827 4826
f 4645 4646 4827
f 4646 4828 4827
f 4646 4647 4828
f 4647 4829 4828
f 4647 4648 4829
f 4648 4830 4829
f 4648 4649 4830
f 4649 4831 4830
f 4649 4650 4831
f 4650 4832 4831
f 4650 4651 4832
f 4651 4833 4832
f 4651 4652 4833
f 4652 4834 4833
f 4652 4653 4834
f 4653 4835 4834
f 4653 4654 4835
f 4654 4836 4835
f 4654 4655 4836
f 4655 4837 4836
f 4655 4656 4837
f 4656 4838 4837
f 4656 4657 4838
f 4657 4839 4838
f 4657 4658 4839
f 4658 4840 4839
f 4658 4659 4840
f 4659 4841 4840
f 4659 4660 4841
f 4660 4842 4841
f 4660 4661 4842
f 4661 4843 4842
f 4661 4662 4843
f 4662 4844 4843
f 4662 4663 4844
f 4663 4845 4844
f 4663 4664 4845
f 4664 4846 4845
f 4664 4665 4846
f 4665 4847 4846
f 4665 4666 4847
f 4666 4848 4847
f 4666 4667 4848
f 4667 4849 4848
f 4667 4668 4849
f 4668 4850 4849
f 4668 4669 4850
f 4669 4851 4850
f 4669 4670 4851
f 4670 4852 4851
f 4670 4671 4852
f 4671 4853 4852
f 4671 4672 4853
f 4672 4854 4853
f 4672 4673 4854
f 4673 4855 4854
f 4673 4674 4855
f 4674 4856 4855
f 4674 4675 4856
f 4675 4857 4856
f 4675 4676 4857
f 4676 4858 4857
f 4676 4677 4858
f 4677 4859 4858
f 4677 4678 4859
f 4678 4860 4859
f 4678 4679 4860
f 4679 4861 4860
f 4679 4680 4861
f 4680 4862 4861
f 4680 4681 4862
f 4681 4863 4862
f 4681 4682 4863
f 4682 4864 4863
f 4682 4683 4864
f 4683 4865 4864
f 4683 4684 4865
f 4684 4866 4865
f 4684 4685 4866
f 4685 4867 4866
f 4685 4686 4867
f 4686 4868 4867
f 4686 4687 4868
f 4687 4869 4868
f 4687 4688 4869
f 4688 4870 4869
f 4688 4689 4870
f 4689 4871 4870
f 4689 4690 4871
f 4690 4872 4871
f 4690 4691 4872
f 4691 4873 4872
f 4691 4692 4873
f 4692 4874 4873
f 4692 4693 4874
f 4693 4875 4874
f 4693 4694 4875
f 4694 4876 4875
f 4694 4695 4876
f 4695 4877 4876
f 4695 4696 4877
f 4696 4878 4877
f 4696 4697 4878
f 4697 4879 4878
f 4697 4698 4879
f 4698 4880 4879
f 4698 4699 4880
f 4699 4881 4880
f 4699 4700 4881
f 4700 4882 4881
f 4700 4701 4882
f 4701 4883 4882
f 4701 4702 4883
f 4702 4884 4883
f 4702 4703 4884
f 4703 4885 4884
f 4703 4704 4885
f 4704 4886 4885
f 4704 4705 4886
f 4705 4887 4886
f 4705 4706 4887
f 4706 4888 4887
f 4706 4707 4888
f 4707 4889 4888
f 4707 4708 4889
f 4708 4709 4889
f 4708 4528 4709
f 4709 4891 4890
f 4709 4710 4891
f 4710 4892 4891
f 4710 4711 4892
f 4711 4893 4892
f 4711 4712 4893
f 4712 4894 4893
f 4712 4713 4894
f 4713 4895 4894
f 4713 4714 4895
f 4714 4896 4895
f 4714 4715 4896
f 4715 4897 4896
f 4715 4716 4897
f 4716 4898 4897
f 4716 4717 4898
f 4717 4899 4898
f 4717 4718 4899
f 4718 4900 4899
f 4718 4719 4900
f 4719 4901 4900
f 4719 4720 4901
f 4720 4902 4901
f 4720 4721 4902
f 4721 4903 4902
f 4721 4722 4903
f 4722 4904 4903
f 4722 4723 4904
f 4723 4905 4904
f 4723 4724 4905
f 4724 4906 4905
f 4724 4725 4906
f 4725 4907 4906
f 4725 4726 4907
f 4726 4908 4907
f 4726 4727 4908
f 4727 4909 4908
f 4727 4728 4909
f 4728 4910 4909
f 4728 4729 4910
f 4729 4911 4910
f 4729 4730 4911
f 4730 4912 4911
f 4730 4731 4912
f 4731 4913 4912
f 4731 4732 4913
f 4732 4914 4913
f 4732 4733 4914
f 4733 4915 4914
f 4733 4734 4915
f 4734 4916 4915
f 4734 4735 4916
f 4735 4917 4916
f 4735 4736 4917
f 4736 4918 4917
f 4736 4737 4918
f 4737 4919 4918
f 4737 4738 4919
f 4738 4920 4919
f 4738 4739 4920
f 4739 4921 4920
f 4739 4740 4921
f 4740 4922 4921
f 4740 4741 4922
f 4741 4923 4922
f 4741 4742 4923
f 4742 4924 4923
f 4742 4743 4924
f 4743 4925 4924
f 4743 4744 4925
f 4744 4926 4925
f 4744 4745 4926
f 4745 4927 4926
f 4745 4746 4927
f 4746 4928 4927
f 4746 4747 4928
f 4747 4929 4928
f 4747 4748 4929
f 4748 4930 4929
f 4748 4749 4930
f 4749 4931 4930
f 4749 4750 4931
f 4750 4932 4931
f 4750 4751 4932
f 4751 4933 4932
f 4751 4752 4933
f 4752 4934 4933
f 4752 4753 4934
f 4753 4935 4934
f 4753 4754 4935
f 4754 4936 4935
f 4754 4755 4936
f 4755 4937 4936
f 4755 4756 4937
f 4756 4938 4937
f 4756 4757 4938
f 4757 4939 4938
f 4757 4758 4939
f 4758 4940 4939
f 4758 4759 4940
f 4759 4941 4940
f 4759 4760 4941
f 4760 4942 4941
f 4760 4761 4942
f 4761 4943 4942
f 4761 4762 4943
f 4762 4944 4943
f 4762 4763 4944
f 4763 4945 4944
f 4763 4764 4945
f 4764 4946 4945
f 4764 4765 4946
f 4765 4947 4946
f 4765 4766 4947
f 4766 4948 4947
f 4766 4767 4948
f 4767 4949 4948
f 4767 4768 4949
f 4768 4950 4949
f 4768 4769 4950
f 4769 4951 4950
f 4769 4770 4951
f 4770 4952 4951
f 4770 4771 4952
f 4771 4953 4952
f 4771 4772 4953
f 4772 4954 4953
f 4772 4773 4954
f 4773 4955 4954
f 4773 4774 4955
f 4774 4956 4955
f 4774 4775 4956
f 4775 4957 4956
f 4775 4776 4957
f 4776 4958 4957
f 4776 4777 4958
f 4777 4959 4958
f 4777 4778 4959
f 4778 4960 4959
f 4778 4779 4960
f 4779 4961 4960
f 4779 4780 4961
f 4780 4962 4961
f 4780 4781 4962
f 4781 4963 4962
f 4781 4782 4963
f 4782 4964 4963
f 4782 4783 4964
f 4783 4965 4964
f 4783 4784 4965
f 4784 4966 4965
f 4784 4785 4966
f 4785 4967 4966
f 4785 4786 4967
f 4786 4968 4967
f 4786 4787 4968
f 4787 4969 4968
f 4787 4788 4969
f 4788 4970 4969
f 4788 4789 4970
f 4789 4971 4970
f 4789 4790 4971
f 4790 4972 4971
f 4790 4791 4972
f 4791 4973 4972
f 4791 4792 4973
f 4792 4974 4973
f 4792 4793 4974
f 4793 4975 4974
f 4793 4794 4975
f 4794 4976 4975
f 4794 4795 4976
f 4795 4977 4976
f 4795 4796 4977
f 4796 4978 4977
f 4796 4797 4978
f 4797 4979 4978
f 4797 4798 4979
f 4798 4980 4979
f 4798 4799 4980
f 4799 4981 4980
f 4799 4800 4981
f 4800 4982 4981
f 4800 4801 4982
f 4801 4983 4982
f 4801 4802 4983
f 4802 4984 4983
f 4802 4803 4984
f 4803 4985 4984
f 4803 4804 4985
f 4804 4986 4985
f 4804 4805 4986
f 4805 4987 4986
f 4805 4806 4987
f 4806 4988 4987
f 4806 4807 4988
f 4807 4989 4988
f 4807 4808 4989
f 4808 4990 4989
f 4808 4809 4990
f 4809 4991 4990
f 4809 4810 4991
f 4810 4992 4991
f 4810 4811 4992
f 4811 4993 4992
f 4811 4812 4993
f 4812 4994 4993
f 4812 4813 4994
f 4813 4995 4994
f 4813 4814 4995
f 4814 4996 4995
f 4814 4815 4996
f 4815 4997 4996
f 4815 4816 4997
f 4816 4998 4997
f 4816 4817 4998
f 4817 4999 4998
f 4817 4818 4999
f 4818 5000 4999
f 4818 4819 5000
f 4819 5001 5000
f 4819 4820 5001
f 4820 5002 5001
f 4820 4821 5002
f 4821 5003 5002
f 4821 4822 5003
f 4822 5004 5003
f 4822 4823 5004
f 4823 5005 5004
f 4823 4824 5005
f 4824 5006 5005
f 4824 4825 5006
f 4825 5007 5006
f 4825 4826 5007
f 4826 5008 5007
f 4826 4827 5008
f 4827 5009 5008
f 4827 4828 5009
f 4828 5010 5009
f 4828 4829 5010
f 4829 5011 5010
f 4829 4830 5011
f 4830 5012 5011
f 4830 4831 5012
f 4831 5013 5012
f 4831 4832 5013
f 4832 5014 5013
f 4832 4833 5014
f 4833 5015 5014
f 4833 4834 5015
f 4834 5016 5015
f 4834 4835 5016
f 4835 5017 5016
f 4835 4836 5017
f 4836 5018 5017
f 4836 4837 5018
f 4837 5019 5018
f 4837 4838 5019
f 4838 5020 5019
f 4838 4839 5020
f 4839 5021 5020
f 4839 4840 5021
f 4840 5022 5021
f 4840 4841 5022
f 4841 5023 5022
f 4841 4842 5023
f 4842 5024 5023
f 4842 4843 5024
f 4843 5025 5024
f 4843 4844 5025
f 4844 5026 5025
f 4844 4845 5026
f 4845 5027 5026
f 4845 4846 5027
f 4846 5028 5027
f 4846 4847 5028
f 4847 5029 5028
f 4847 4848 5029
f 4848 5030 5029
f 4848 4849 5030
f 4849 5031 5030
f 4849 4850 5031
f 4850 5032 5031
f 4850 4851 5032
f 4851 5033 5032
f 4851 4852 5033
f 4852 5034 5033
f 4852 4853 5034
f 4853 5035 5034
f 4853 4854 5035
f 4854 5036 5035
f 4854 4855 5036
f 4855 5037 5036
f 4855 4856 5037
f 4856 5038 5037
f 4856 4857 5038
f 4857 5039 5038
f 4857 4858 5039
f 4858 5040 5039
f 4858 4859 5040
f 4859 5041 5040
f 4859 4860 5041
f 4860 5042 5041
f 4860 4861 5042
f 4861 5043 5042
f 4861 4862 5043
f 4862 5044 5043
f 4862 4863 5044
f 4863 5045 5044
f 4863 4864 5045
f 4864 5046 5045
f 4864 4865 5046
f 4865 5047 5046
f 4865 4866 5047
f 4866 5048 5047
f 4866 4867 5048
f 4867 5049 5048
f 4867 4868 5049
f 4868 5050 5049
f 4868 4869 5050
f 4869 5051 5050
f 4869 4870 5051
f 4870 5052 5051
f 4870 4871 5052
f 4871 5053 5052
f 4871 4872 5053
f 4872 5054 5053
f 4872 4873 5054
f 4873 5055 5054
f 4873 4874 5055
f 4874 5056 5055
f 4874 4875 5056
f 4875 5057 5056
f 4875 4876 5057
f 4876 5058 5057
f 4876 4877 5058
f 4877 5059 5058
f 4877 4878 5059
f 4878 5060 5059
f 4878 4879 5060
f 4879 5061 5060
f 4879 4880 5061
f 4880 5062 5061
f 4880 4881 5062
f 4881 5063 5062
f 4881 4882 5063
f 4882 5064 5063
f 4882 4883 5064
f 4883 5065 5064
f 4883 4884 5065
f 4884 5066 5065
f 4884 4885 5066
f 4885 5067 5066
f 4885 4886 5067
f 4886 5068 5067
f 4886 4887 5068
f 4887 5069 5068
f 4887 4888 5069
f 4888 5070 5069
f 4888 4889 5070
f 4889 4890 5070
f 4889 4709 4890
f 4890 5072 5071
f 4890 4891 5072
f 4891 5073 5072
f 4891 4892 5073
f 4892 5074 5073
f 4892 4893 5074
f 4893 5075 5074
f 4893 4894 5075
f 4894 5076 5075
f 4894 4895 5076
f 4895 5077 5076
f 4895 4896 5077
f 4896 5078 5077
f 4896 4897 5078
f 4897 5079 5078
f 4897 4898 5079
f 4898 5080 5079
f 4898 4899 5080
f 4899 5081 5080
f 4899 4900 5081
f 4900 5082 5081
f 4900 4901 5082
f 4901 5083 5082
f 4901 4902 5083
f 4902 5084 5083
f 4902 4903 5084
f 4903 5085 5084
f 4903 4904 5085
f 4904 5086 5085
f 4904 4905 5086
f 4905 5087 5086
f 4905 4906 5087
f 4906 5088 5087
f 4906 4907 5088
f 4907 5089 5088
f 4907 4908 5089
f 4908 5090 5089
f 4908 4909 5090
f 4909 5091 5090
f 4909 4910 5091
f 4910 5092 5091
f 4910 4911 5092
f 4911 5093 5092
f 4911 4912 5093
f 4912 5094 5093
f 4912 4913 5094
f 4913 5095 5094
f 4913 4914 5095
f 4914 5096 5095
f 4914 4915 5096
f 4915 5097 5096
f 4915 4916 5097
f 4916 5098 5097
f 4916 4917 5098
f 4917 5099 5098
f 4917 4918 5099
f 4918 5100 5099
f 4918 4919 5100
f 4919 5101 5100
f 4919 4920 5101
f 4920 5102 5101
f 4920 4921 5102
f 4921 5103 5102
f 4921 4922 5103
f 4922 5104 5103
f 4922 4923 5104
f 4923 5105 5104
f 4923 4924 5105
f 4924 5106 5105
f 4924 4925 5106
f 4925 5107 5106
f 4925 4926 5107
f 4926 5108 5107
f 4926 4927 5108
f 4927 5109 5108
f 4927 4928 5109
f 4928 5110 5109
f 4928 4929 5110
f 4929 5111 5110
f 4929 4930 5111
f 4930 5112 5111
f 4930 4931 5112
f 4931 5113 5112
f 4931 4932 5113
f 4932 5114 5113
f 4932 4933 5114
f 4933 5115 5114
f 4933 4934 5115
f 4934 5116 5115
f 4934 4935 5116
f 4935 5117 5116
f 4935 4936 5117
f 4936 5118 5117
f 4936 4937 5118
f 4937 5119 5118
f 4937 4938 5119
f 4938 5120 5119
f 4938 4939 5120
f 4939 5121 5120
f 4939 4940 5121
f 4940 5122 5121
f 4940 4941 5122
f 4941 5123 5122
f 4941 4942 5123
f 4942 5124 5123
f 4942 4943 5124
f 4943 5125 5124
f 4943 4944 5125
f 4944 5126 5125
f 4944 4945 5126
f 4945 5127 5126
f 4945 4946 5127
f 4946 5128 5127
f 4946 4947 5128
f 4947 5129 5128
f 4947 4948 5129
f 4948 5130 5129
f 4948 4949 5130
f 4949 5131 5130
f 4949 4950 5131
f 4950 5132 5131
f 4950 4951 5132
f 4951 5133 5132
f 4951 4952 5133
f 4952 5134 5133
f 4952 4953 5134
f 4953 5135 5134
f 4953 4954 5135
f 4954 5136 5135
f 4954 4955 5136
f 4955 5137 5136
f 4955 4956 5137
f 4956 5138 5137
f 4956 4957 5138
f 4957 5139 5138
f 4957 4958 5139
f 4958 5140 5139
f 4958 4959 5140
f 4959 5141 5140
f 4959 4960 5141
f 4960 5142 5141
f 4960 4961 5142
f 4961 5143 5142
f 4961 4962 5143
f 4962 5144 5143
f 4962 4963 5144
f 4963 5145 5144
f 4963 4964 5145
f 4964 5146 5145
f 4964 4965 5146
f 4965 5147 5146
f 4965 4966 5147
f 4966 5148 5147
f 4966 4967 5148
f 4967 5149 5148
f 4967 4968 5149
f 4968 5150 5149
f 4968 4969 5150
f 4969 5151 5150
f 4969 4970 5151
f 4970 5152 5151
f 4970 4971 5152
f 4971 5153 5152
f 4971 4972 5153
f 4972 5154 5153
f 4972 4973 5154
f 4973 5155 5154
f 4973 4974 5155
f 4974 5156 5155
f 4974 4975 5156
f 4975 5157 5156
f 4975 4976 5157
f 4976 5158 5157
f 4976 4977 5158
f 4977 5159 5158
f 4977 4978 5159
f 4978 5160 5159
f 4978 4979 5160
f 4979 5161 5160
f 4979 4980 5161
f 4980 5162 5161
f 4980 4981 5162
f 4981 5163 5162
f 4981 4982 5163
f 4982 5164 5163
f 4982 4983 5164
f 4983 5165 5164
f 4983 4984 5165
f 4984 5166 5165
f 4984 4985 5166
f 4985 5167 5166
f 4985 4986 5167
f 4986 5168 5167
f 4986 4987 5168
f 4987 5169 5168
f 4987 4988 5169
f 4988 5170 5169
f 4988 4989 5170
f 4989 5171 5170
f 4989 4990 5171
f 4990 5172 5171
f 4990 4991 5172
f 4991 5173 5172
f 4991 4992 5173
f 4992 5174 5173
f 4992 4993 5174
f 4993 5175 5174
f 4993 4994 5175
f 4994 5176 5175
f 4994 4995 5176
f 4995 5177 5176
f 4995 4996 5177
f 4996 5178 5177
f 4996 4997 5178
f 4997 5179 5178
f 4997 4998 5179
f 4998 5180 5179
f 4998 4999 5180
f 4999 5181 5180
f 4999 5000 5181
f 5000 5182 5181
f 5000 5001 5182
f 5001 5183 5182
f 5001 5002 5183
f 5002 5184 5183
f 5002 5003 5184
f 5003 5185 5184
f 5003 5004 5185
f 5004 5186 5185
f 5004 5005 5186
f 5005 5187 5186
f 5005 5006 5187
f 5006 5188 5187
f 5006 5007 5188
f 5007 5189 5188
f 5007 5008 5189
f 5008 5190 5189
f 5008 5009 5190
f 5009 5191 5190
f 5009 5010 5191
f 5010 5192 5191
f 5010 5011 5192
f 5011 5193 5192
f 5011 5012 5193
f 5012 5194 5193
f 5012 5013 5194
f 5013 5195 5194
f 5013 5014 5195
f 5014 5196 5195
f 5014 5015 5196
f 5015 5197 5196
f 5015 5016 5197
f 5016 5198 5197
f 5016 5017 5198
f 5017 5199 5198
f 5017 5018 5199
f 5018 5200 5199
f 5018 5019 5200
f 5019 5201 5200
f 5019 5020 5201
f 5020 5202 5201
f 5020 5021 5202
f 5021 5203 5202
f 5021 5022 5203
f 5022 5204 5203
f 5022 5023 5204
f 5023 5205 5204
f 5023 5024 5205
f 5024 5206 5205
f 5024 5025 5206
f 5025 5207 5206
f 5025 5026 5207
f 5026 5208 5207
f 5026 5027 5208
f 5027 5209 5208
f 5027 5028 5209
f 5028 5210 5209
f 5028 5029 5210
f 5029 5211 5210
f 5029 5030 5211
f 5030 5212 5211
f 5030 5031 5212
f 5031 5213 5212
f 5031 5032 5213
f 5032 5214 5213
f 5032 5033 5214
f 5033 5215 5214
f 5033 5034 5215
f 5034 5216 5215
f 5034 5035 5216
f 5035 5217 5216
f 5035 5036 5217
f 5036 5218 5217
f 5036 5037 5218
f 5037 5219 5218
f 5037 5038 5219
f 5038 5220 5219
f 5038 5039 5220
f 5039 5221 5220
f 5039 5040 5221
f 5040 5222 5221
f 5040 5041 5222
f 5041 5223 5222
f 5041 5042 5223
f 5042 5224 5223
f 5042 5043 5224
f 5043 5225 5224
f 5043 5044 5225
f 5044 5226 5225
f 5044 5045 5226
f 5045 5227 5226
f 5045 5046 5227
f 5046 5228 5227
f 5046 5047 5228
f 5047 5229 5228
f 5047 5048 5229
f 5048 5230 5229
f 5048 5049 5230
f 5049 5231 5230
f 5049 5050 5231
f 5050 5232 5231
f 5050 5051 5232
f 5051 5233 5232
f 5051 5052 5233
f 5052 5234 5233
f 5052 5053 5234
f 5053 5235 5234
f 5053 5054 5235
f 5054 5236 5235
f 5054 5055 5236
f 5055 5237 5236
f 5055 5056 5237
f 5056 5238 5237
f 5056 5057 5238
f 5057 5239 5238
f 5057 5058 5239
f 5058 5240 5239
f 5058 5059 5240
f 5059 5241 5240
f 5059 5060 5241
f 5060 5242 5241
f 5060 5061 5242
f 5061 5243 5242
f 5061 5062 5243
f 5062 5244 5243
f 5062 5063 5244
f 5063 5245 5244
f 5063 5064 5245
f 5064 5246 5245
f 5064 5065 5246
f 5065 5247 5246
f 5065 5066 5247
f 5066 5248 5247
f 5066 5067 5248
f 5067 5249 5248
f 5067 5068 5249
f 5068 5250 5249
f 5068 5069 5250
f 5069 5251 5250
f 5069 5070 5251
f 5070 5071 5251
f 5070 4890 5071
f 5071 5253 5252
f 5071 5072 5253
f 5072 5254 5253
f 5072 5073 5254
f 5073 5255 5254
f 5073 5074 5255
f 5074 5256 5255
f 5074 5075 5256
f 5075 5257 5256
f 5075 5076 5257
f 5076 5258 5257
f 5076 5077 5258
f 5077 5259 5258
f 5077 5078 5259
f 5078 5260 5259
f 5078 5079 5260
f 5079 5261 5260
f 5079 5080 5261
f 5080 5262 5261
f 5080 5081 5262
f 5081 5263 5262
f 5081 5082 5263
f 5082 5264 5263
f 5082 5083 5264
f 5083 5265 5264
f 5083 5084 5265
f 5084 5266 5265
f 5084 5085 5266
f 5085 5267 5266
f 5085 5086 5267
f 5086 5268 5267
f 5086 5087 5268
f 5087 5269 5268
f 5087 5088 5269
f 5088 5270 5269
f 5088 5089 5270
f 5089 5271 5270
f 5089 5090 5271
f 5090 5272 5271
f 5090 5091 5272
f 5091 5273 5272
f 5091 5092 5273
f 5092 5274 5273
f 5092 5093 5274
f 5093 5275 5274
f 5093 5094 5275
f 5094 5276 5275
f 5094 5095 5276
f 5095 5277 5276
f 5095 5096 5277
f 5096 5278 5277
f 5096 5097 5278
f 5097 5279 5278
f 5097 5098 5279
f 5098 5280 5279
f 5098 5099 5280
f 5099 5281 5280
f 5099 5100 5281
f 5100 5282 5281
f 5100 5101 5282
f 5101 5283 5282
f 5101 5102 5283
f 5102 5284 5283
f 5102 5103 5284
f 5103 5285 5284
f 5103 5104 5285
f 5104 5286 5285
f 5104 5105 5286
f 5105 5287 5286
f 5105 5106 5287
f 5106 5288 5287
f 5106 5107 5288
f 5107 5289 5288
f 5107 5108 5289
f 5108 5290 5289
f 5108 5109 5290
f 5109 5291 5290
f 5109 5110 5291
f 5110 5292 5291
f 5110 5111 5292
f 5111 5293 5292
f 5111 5112 5293
f 5112 5294 5293
f 5112 5113 5294
f 5113 5295 5294
f 5113 5114 5295
f 5114 5296 5295
f 5114 5115 5296
f 5115 5297 5296
f 5115 5116 5297
f 5116 5298 5297
f 5116 5117 5298
f 5117 5299 5298
f 5117 5118 5299
f 5118 5300 5299
f 5118 5119 5300
f 5119 5301 5300
f 5119 5120 5301
f 5120 5302 5301
f 5120 5121 5302
f 5121 5303 5302
f 5121 5122 5303
f 5122 5304 5303
f 5122 5123 5304
f 5123 5305 5304
f 5123 5124 5305
f 5124 5306 5305
f 5124 5125 5306
f 5125 5307 5306
f 5125 5126 5307
f 5126 5308 5307
f 5126 5127 5308
f 5127 5309 5308
f 5127 5128 5309
f 5128 5310 5309
f 5128 5129 5310
f 5129 5311 5310
f 5129 5130 5311
f 5130 5312 5311
f 5130 5131 5312
f 5131 5313 5312
f 5131 5132 5313
f 5132 5314 5313
f 5132 5133 5314
f 5133 5315 5314
f 5133 5134 5315
f 5134 5316 5315
f 5134 5135 5316
f 5135 5317 5316
f 5135 5136 5317
f 5136 5318 5317
f 5136 5137 5318
f 5137 5319 5318
f 5137 5138 5319
f 5138 5320 5319
f 5138 5139 5320
f 5139 5321 5320
f 5139 5140 5321
f 5140 5322 5321
f 5140 5141 5322
f 5141 5323 5322
f 5141 5142 5323
f 5142 5324 5323
f 5142 5143 5324
f 5143 5325 5324
f 5143 5144 5325
f 5144 5326 5325
f 5144 5145 5326
f 5145 5327 5326
f 5145 5146 5327
f 5146 5328 5327
f 5146 5147 5328
f 5147 5329 5328
f 5147 5148 5329
f 5148 5330 5329
f 5148 5149 5330
f 5149 5331 5330
f 5149 5150 5331
f 5150 5332 5331
f 5150 5151 5332
f 5151 5333 5332
f 5151 5152 5333
f 5152 5334 5333
f 5152 5153 5334
f 5153 5335 5334
f 5153 5154 5335
f 5154 5336 5335
f 5154 5155 5336
f 5155 5337 5336
f 5155 5156 5337
f 5156 5338 5337
f 5156 5157 5338
f 5157 5339 5338
f 5157 5158 5339
f 5158 5340 5339
f 5158 5159 5340
f 5159 5341 5340
f 5159 5160 5341
f 5160 5342 5341
f 5160 5161 5342
f 5161 5343 5342
f 5161 5162 5343
f 5162 5344 5343
f 5162 5163 5344
f 5163 5345 5344
f 5163 5164 5345
f 5164 5346 5345
f 5164 5165 5346
f 5165 5347 5346
f 5165 5166 5347
f 5166 5348 5347
f 5166 5167 5348
f 5167 5349 5348
f 5167 5168 5349
f 5168 5350 5349
f 5168 5169 5350
f 5169 5351 5350
f 5169 5170 5351
f 5170 5352 5351
f 5170 5171 5352
f 5171 5353 5352
f 5171 5172 5353
f 5172 5354 5353
f 5172 5173 5354
f 5173 5355 5354
f 5173 5174 5355
f 5174 5356 5355
f 5174 5175 5356
f 5175 5357 5356
f 5175 5176 5357
f 5176 5358 5357
f 5176 5177 5358
f 5177 5359 5358
f 5177 5178 5359
f 5178 5360 5359
f 5178 5179 5360
f 5179 5361 5360
f 5179 5180 5361
f 5180 5362 5361
f 5180 5181 5362
f 5181 5363 5362
f 5181 5182 5363
f 5182 5364 5363
f 5182 5183 5364
f 5183 5365 5364
f 5183 5184 5365
f 5184 5366 5365
f 5184 5185 5366
f 5185 5367 5366
f 5185 5186 5367
f 5186 5368 5367
f 5186 5187 5368
f 5187 5369 5368
f 5187 5188 5369
f 5188 5370 5369
f 5188 5189 5370
f 5189 5371 5370
f 5189 5190 5371
f 5190 5372 5371
f 5190 5191 5372
f 5191 5373 5372
f 5191 5192 5373
f 5192 5374 5373
f 5192 5193 5374
f 5193 5375 5374
f 5193 5194 5375
f 5194 5376 5375
f 5194 5195 5376
f 5195 5377 5376
f 5195 5196 5377
f 5196 5378 5377
f 5196 5197 5378
f 5197 5379 5378
f 5197 5198 5379
f 5198 5380 5379
f 5198 5199 5380
f 5199 5381 5380
f 5199 5200 5381
f 5200 5382 5381
f 5200 5201 5382
f 5201 5383 5382
f 5201 5202 5383
f 5202 5384 5383
f 5202 5203 5384
f 5203 5385 5384
f 5203 5204 5385
f 5204 5386 5385
f 5204 5205 5386
f 5205 5387 5386
f 5205 5206 5387
f 5206 5388 5387
f 5206 5207 5388
f 5207 5389 5388
f 5207 5208 5389
f 5208 5390 5389
f 5208 5209 5390
f 5209 5391 5390
f 5209 5210 5391
f 5210 5392 5391
f 5210 5211 5392
f 5211 5393 5392
f 5211 5212 5393
f 5212 5394 5393
f 5212 5213 5394
f 5213 5395 5394
f 5213 5214 5395
f 5214 5396 5395
f 5214 5215 5396
f 5215 5397 5396
f 5215 5216 5397
f 5216 5398 5397
f 5216 5217 5398
f 5217 5399 5398
f 5217 5218 5399
f 5218 5400 5399
f 5218 5219 5400
f 5219 5401 5400
f 5219 5220 5401
f 5220 5402 5401
f 5220 5221 5402
f 5221 5403 5402
f 5221 5222 5403
f 5222 5404 5403
f 5222 5223 5404
f 5223 5405 5404
f 5223 5224 5405
f 5224 5406 5405
f 5224 5225 5406
f 5225 5407 5406
f 5225 5226 5407
f 5226 5408 5407
f 5226 5227 5408
f 5227 5409 5408
f 5227 5228 5409
f 5228 5410 5409
f 5228 5229 5410
f 5229 5411 5410
f 5229 5230 5411
f 5230 5412 5411
f 5230 5231 5412
f 5231 5413 5412
f 5231 5232 5413
f 5232 5414 5413
f 5232 5233 5414
f 5233 5415 5414
f 5233 5234 5415
f 5234 5416 5415
f 5234 5235 5416
f 5235 5417 5416
f 5235 5236 5417
f 5236 5418 5417
f 5236 5237 5418
f 5237 5419 5418
f 5237 5238 5419
f 5238 5420 5419
f 5238 5239 5420
f 5239 5421 5420
f 5239 5240 5421
f 5240 5422 5421
f 5240 5241 5422
f 5241 5423 5422
f 5241 5242 5423
f 5242 5424 5423
f 5242 5243 5424
f 5243 5425 5424
f 5243 5244 5425
f 5244 5426 5425
f 5244 5245 5426
f 5245 5427 5426
f 5245 5246 5427
f 5246 5428 5427
f 5246 5247 5428
f 5247 5429 5428
f 5247 5248 5429
f 5248 5430 5429
f 5248 5249 5430
f 5249 5431 5430
f 5249 5250 5431
f 5250 5432 5431
f 5250 5251 5432
f 5251 5252 5432
f 5251 5071 5252
f 5252 5434 5433
f 5252 5253 5434
f 5253 5435 5434
f 5253 5254 5435
f 5254 5436 5435
f 5254 5255 5436
f 5255 5437 5436
f 5255 5256 5437
f 5256 5438 5437
f 5256 5257 5438
f 5257 5439 5438
f 5257 5258 5439
f 5258 5440 5439
f 5258 5259 5440
f 5259 5441 5440
f 5259 5260 5441
f 5260 5442 5441
f 5260 5261 5442
f 5261 5443 5442
f 5261 5262 5443
f 5262 5444 5443
f 5262 5263 5444
f 5263 5445 5444
f 5263 5264 5445
f 5264 5446 5445
f 5264 5265 5446
f 5265 5447 5446
f 5265 5266 5447
f 5266 5448 5447
f 5266 5267 5448
f 5267 5449 5448
f 5267 5268 5449
f 5268 5450 5449
f 5268 5269 5450
f 5269 5451 5450
f 5269 5270 5451
f 5270 5452 5451
f 5270 5271 5452
f 5271 5453 5452
f 5271 5272 5453
f 5272 5454 5453
f 5272 5273 5454
f 5273 5455 5454
f 5273 5274 5455
f 5274 5456 5455
f 5274 5275 5456
f 5275 5457 5456
f 5275 5276 5457
f 5276 5458 5457
f 5276 5277 5458
f 5277 5459 5458
f 5277 5278 5459
f 5278 5460 5459
f 5278 5279 5460
f 5279 5461 5460
f 5279 5280 5461
f 5280 5462 5461
f 5280 5281 5462
f 5281 5463 5462
f 5281 5282 5463
f 5282 5464 5463
f 5282 5283 5464
f 5283 5465 5464
f 5283 5284 5465
f 5284 5466 5465
f 5284 5285 5466
f 5285 5467 5466
f 5285 5286 5467
f 5286 5468 5467
f 5286 5287 5468
f 5287 5469 5468
f 5287 5288 5469
f 5288 5470 5469
f 5288 5289 5470
f 5289 5471 5470
f 5289 5290 5471
f 5290 5472 5471
f 5290 5291 5472
f 5291 5473 5472
f 5291 5292 5473
f 5292 5474 5473
f 5292 5293 5474
f 5293 5475 5474
f 5293 5294 5475
f 5294 5476 5475
f 5294 5295 5476
f 5295 5477 5476
f 5295 5296 5477
f 5296 5478 5477
f 5296 5297 5478
f 5297 5479 5478
f 5297 5298 5479
f 5298 5480 5479
f 5298 5299 5480
f 5299 5481 5480
f 5299 5300 5481
f 5300 5482 5481
f 5300 5301 5482
f 5301 5483 5482
f 5301 5302 5483
f 5302 5484 5483
f 5302 5303 5484
f 5303 5485 5484
f 5303 5304 5485
f 5304 5486 5485
f 5304 5305 5486
f 5305 5487 5486
f 5305 5306 5487
f 5306 5488 5487
f 5306 5307 5488
f 5307 5489 5488
f 5307 5308 5489
f 5308 5490 5489
f 5308 5309 5490
f 5309 5491 5490
f 5309 5310 5491
f 5310 5492 5491
f 5310 5311 5492
f 5311 5493 5492
f 5311 5312 5493
f 5312 5494 5493
f 5312 5313 5494
f 5313 5495 5494
f 5313 5314 5495
f 5314 5496 5495
f 5314 5315 5496
f 5315 5497 5496
f 5315 5316 5497
f 5316 5498 5497
f 5316 5317 5498
f 5317 5499 5498
f 5317 5318 5499
f 5318 5500 5499
f 5318 5319 5500
f 5319 5501 5500
f 5319 5320 5501
f 5320 5502 5501
f 5320 5321 5502
f 5321 5503 5502
f 5321 5322 5503
f 5322 5504 5503
f 5322 5323 5504
f 5323 5505 5504
f 5323 5324 5505
f 5324 5506 5505
f 5324 5325 5506
f 5325 5507 5506
f 5325 5326 5507
f 5326 5508 5507
f 5326 5327 5508
f 5327 5509 5508
f 5327 5328 5509
f 5328 5510 5509
f 5328 5329 5510
f 5329 5511 5510
f 5329 5330 5511
f 5330 5512 5511
f 5330 5331 5512
f 5331 5513 5512
f 5331 5332 5513
f 5332 5514 5513
f 5332 5333 5514
f 5333 5515 5514
f 5333 5334 5515
f 5334 5516 5515
f 5334 5335 5516
f 5335 5517 5516
f 5335 5336 5517
f 5336 5518 5517
f 5336 5337 5518
f 5337 5519 5518
f 5337 5338 5519
f 5338 5520 5519
f 5338 5339 5520
f 5339 5521 5520
f 5339 5340 5521
f 5340 5522 5521
f 5340 5341 5522
f 5341 5523 5522
f 5341 5342 5523
f 5342 5524 5523
f 5342 5343 5524
f 5343 5525 5524
f 5343 5344 5525
f 5344 5526 5525
f 5344 5345 5526
f 5345 5527 5526
f 5345 5346 5527
f 5346 5528 5527
f 5346 5347 5528
f 5347 5529 5528
f 5347 5348 5529
f 5348 5530 5529
f 5348 5349 5530
f 5349 5531 5530
f 5349 5350 5531
f 5350 5532 5531
f 5350 5351 5532
f 5351 5533 5532
f 5351 5352 5533
f 5352 5534 5533
f 5352 5353 5534
f 5353 5535 5534
f 5353 5354 5535
f 5354 5536 5535
f 5354 5355 5536
f 5355 5537 5536
f 5355 5356 5537
f 5356 5538 5537
f 5356 5357 5538
f 5357 5539 5538
f 5357 5358 5539
f 5358 5540 5539
f 5358 5359 5540
f 5359 5541 5540
f 5359 5360 5541
f 5360 5542 5541
f 5360 5361 5542
f 5361 5543 5542
f 5361 5362 5543
f 5362 5544 5543
f 5362 5363 5544
f 5363 5545 5544
f 5363 5364 5545
f 5364 5546 5545
f 5364 5365 5546
f 5365 5547 5546
f 5365 5366 5547
f 5366 5548 5547
f 5366 5367 5548
f 5367 5549 5548
f 5367 5368 5549
f 5368 5550 5549
f 5368 5369 5550
f 5369 5551 5550
f 5369 5370 5551
f 5370 5552 5551
f 5370 5371 5552
f 5371 5553 5552
f 5371 5372 5553
f 5372 5554 5553
f 5372 5373 5554
f 5373 5555 5554
f 5373 5374 5555
f 5374 5556 5555
f 5374 5375 5556
f 5375 5557 5556
f 5375 5376 5557
f 5376 5558 5557
f 5376 5377 5558
f 5377 5559 5558
f 5377 5378 5559
f 5378 5560 5559
f 5378 5379 5560
f 5379 5561 5560
f 5379 5380 5561
f 5380 5562 5561
f 5380 5381 5562
f 5381 5563 5562
f 5381 5382 5563
f 5382 5564 5563
f 5382 5383 5564
f 5383 5565 5564
f 5383 5384 5565
f 5384 5566 5565
f 5384 5385 5566
f 5385 5567 5566
f 5385 5386 5567
f 5386 5568 5567
f 5386 5387 5568
f 5387 5569 5568
f 5387 5388 5569
f 5388 5570 5569
f 5388 5389 5570
f 5389 5571 5570
f 5389 5390 5571
f 5390 5572 5571
f 5390 5391 5572
f 5391 5573 5572
f 5391 5392 5573
f 5392 5574 5573
f 5392 5393 5574
f 5393 5575 5574
f 5393 5394 5575
f 5394 5576 5575
f 5394 5395 5576
f 5395 5577 5576
f 5395 5396 5577
f 5396 5578 5577
f 5396 5397 5578
f 5397 5579 5578
f 5397 5398 5579
f 5398 5580 5579
f 5398 5399 5580
f 5399 5581 5580
f 5399 5400 5581
f 5400 5582 5581
f 5400 5401 5582
f 5401 5583 5582
f 5401 5402 5583
f 5402 5584 5583
f 5402 5403 5584
f 5403 5585 5584
f 5403 5404 5585
f 5404 5586 5585
f 5404 5405 5586
f 5405 5587 5586
f 5405 5406 5587
f 5406 5588 5587
f 5406 5407 5588
f 5407 5589 5588
f 5407 5408 5589
f 5408 5590 5589
f 5408 5409 5590
f 5409 5591 5590
f 5409 5410 5591
f 5410 5592 5591
f 5410 5411 5592
f 5411 5593 5592
f 5411 5412 5593
f 5412 5594 5593
f 5412 5413 5594
f 5413 5595 5594
f 5413 5414 5595
f 5414 5596 5595
f 5414 5415 5596
f 5415 5597 5596
f 5415 5416 5597
f 5416 5598 5597
f 5416 5417 5598
f 5417 5599 5598
f 5417 5418 5599
f 5418 5600 5599
f 5418 5419 5600
f 5419 5601 5600
f 5419 5420 5601
f 5420 5602 5601
f 5420 5421 5602
f 5421 5603 5602
f 5421 5422 5603
f 5422 5604 5603
f 5422 5423 5604
f 5423 5605 5604
f 5423 5424 5605
f 5424 5606 5605
f 5424 5425 5606
f 5425 5607 5606
f 5425 5426 5607
f 5426 5608 5607
f 5426 5427 5608
f 5427 5609 5608
f 5427 5428 5609
f 5428 5610 5609
f 5428 5429 5610
f 5429 5611 5610
f 5429 5430 5611
f 5430 5612 5611
f 5430 5431 5612
f 5431 5613 5612
f 5431 5432 5613
f 5432 5433 5613
f 5432 5252 5433
f 5433 5615 5614
f 5433 5434 5615
f 5434 5616 5615
f 5434 5435 5616
f 5435 5617 5616
f 5435 5436 5617
f 5436 5618 5617
f 5436 5437 5618
f 5437 5619 5618
f 5437 5438 5619
f 5438 5620 5619
f 5438 5439 5620
f 5439 5621 5620
f 5439 5440 5621
f 5440 5622 5621
f 5440 5441 5622
f 5441 5623 5622
f 5441 5442 5623
f 5442 5624 5623
f 5442 5443 5624
f 5443 5625 5624
f 5443 5444 5625
f 5444 5626 5625
f 5444 5445 5626
f 5445 5627 5626
f 5445 5446 5627
f 5446 5628 5627
f 5446 5447 5628
f 5447 5629 5628
f 5447 5448 5629
f 5448 5630 5629
f 5448 5449 5630
f 5449 5631 5630
f 5449 5450 5631
f 5450 5632 5631
f 5450 5451 5632
f 5451 5633 5632
f 5451 5452 5633
f 5452 5634 5633
f 5452 5453 5634
f 5453 5635 5634
f 5453 5454 5635
f 5454 5636 5635
f 5454 5455 5636
f 5455 5637 5636
f 5455 5456 5637
f 5456 5638 5637
f 5456 5457 5638
f 5457 5639 5638
f 5457 5458 5639
f 5458 5640 5639
f 5458 5459 5640
f 5459 5641 5640
f 5459 5460 5641
f 5460 5642 5641
f 5460 5461 5642
f 5461 5643 5642
f 5461 5462 5643
f 5462 5644 5643
f 5462 5463 5644
f 5463 5645 5644
f 5463 5464 5645
f 5464 5646 5645
f 5464 5465 5646
f 5465 5647 5646
f 5465 5466 5647
f 5466 5648 5647
f 5466 5467 5648
f 5467 5649 5648
f 5467 5468 5649
f 5468 5650 5649
f 5468 5469 5650
f 5469 5651 5650
f 5469 5470 5651
f 5470 5652 5651
f 5470 5471 5652
f 5471 5653 5652
f 5471 5472 5653
f 5472 5654 5653
f 5472 5473 5654
f 5473 5655 5654
f 5473 5474 5655
f 5474 5656 5655
f 5474 5475 5656
f 5475 5657 5656
f 5475 5476 5657
f 5476 5658 5657
f 5476 5477 5658
f 5477 5659 5658
f 5477 5478 5659
f 5478 5660 5659
f 5478 5479 5660
f 5479 5661 5660
f 5479 5480 5661
f 5480 5662 5661
f 5480 5481 5662
f 5481 5663 5662
f 5481 5482 5663
f 5482 5664 5663
f 5482 5483 5664
f 5483 5665 5664
f 5483 5484 5665
f 5484 5666 5665
f 5484 5485 5666
f 5485 5667 5666
f 5485 5486 5667
f 5486 5668 5667
f 5486 5487 5668
f 5487 5669 5668
f 5487 5488 5669
f 5488 5670 5669
f 5488 5489 5670
f 5489 5671 5670
f 5489 5490 5671
f 5490 5672 5671
f 5490 5491 5672
f 5491 5673 5672
f 5491 5492 5673
f 5492 5674 5673
f 5492 5493 5674
f 5493 5675 5674
f 5493 5494 5675
f 5494 5676 5675
f 5494 5495 5676
f 5495 5677 5676
f 5495 5496 5677
f 5496 5678 5677
f 5496 5497 5678
f 5497 5679 5678
f 5497 5498 5679
f 5498 5680 5679
f 5498 5499 5680
f 5499 5681 5680
f 5499 5500 5681
f 5500 5682 5681
f 5500 5501 5682
f 5501 5683 5682
f 5501 5502 5683
f 5502 5684 5683
f 5502 5503 5684
f 5503 5685 5684
f 5503 5504 5685
f 5504 5686 5685
f 5504 5505 5686
f 5505 5687 5686
f 5505 5506 5687
f 5506 5688 5687
f 5506 5507 5688
f 5507 5689 5688
f 5507 5508 5689
f 5508 5690 5689
f 5508 5509 5690
f 5509 5691 5690
f 5509 5510 5691
f 5510 5692 5691
f 5510 5511 5692
f 5511 5693 5692
f 5511 5512 5693
f 5512 5694 5693
f 5512 5513 5694
f 5513 5695 5694
f 5513 5514 5695
f 5514 5696 5695
f 5514 5515 5696
f 5515 5697 5696
f 5515 5516 5697
f 5516 5698 5697
f 5516 5517 5698
f 5517 5699 5698
f 5517 5518 5699
f 5518 5700 5699
f 5518 5519 5700
f 5519 5701 5700
f 5519 5520 5701
f 5520 5702 5701
f 5520 5521 5702
f 5521 5703 5702
f 5521 5522 5703
f 5522 5704 5703
f 5522 5523 5704
f 5523 5705 5704
f 5523 5524 5705
f 5524 5706 5705
f 5524 5525 5706
f 5525 5707 5706
f 5525 5526 5707
f 5526 5708 5707
f 5526 5527 5708
f 5527 5709 5708
f 5527 5528 5709
f 5528 5710 5709
f 5528 5529 5710
f 5529 5711 5710
f 5529 5530 5711
f 5530 5712 5711
f 5530 5531 5712
f 5531 5713 5712
f 5531 5532 5713
f 5532 5714 5713
f 5532 5533 5714
f 5533 5715 5714
f 5533 5534 5715
f 5534 5716 5715
f 5534 5535 5716
f 5535 5717 5716
f 5535 5536 5717
f 5536 5718 5717
f 5536 5537 5718
f 5537 5719 5718
f 5537 5538 5719
f 5538 5720 5719
f 5538 5539 5720
f 5539 5721 5720
f 5539 5540 5721
f 5540 5722 5721
f 5540 5541 5722
f 5541 5723 5722
f 5541 5542 5723
f 5542 5724 5723
f 5542 5543 5724
f 5543 5725 5724
f 5543 5544 5725
f 5544 5726 5725
f 5544 5545 5726
f 5545 5727 5726
f 5545 5546 5727
f 5546 5728 5727
f 5546 5547 5728
f 5547 5729 5728
f 5547 5548 5729
f 5548 5730 5729
f 5548 5549 5730
f 5549 5731 5730
f 5549 5550 5731
f 5550 5732 5731
f 5550 5551 5732
f 5551 5733 5732
f 5551 5552 5733
f 5552 5734 5733
f 5552 5553 5734
f 5553 5735 5734
f 5553 5554 5735
f 5554 5736 5735
f 5554 5555 5736
f 5555 5737 5736
f 5555 5556 5737
f 5556 5738 5737
f 5556 5557 5738
f 5557 5739 5738
f 5557 5558 5739
f 5558 5740 5739
f 5558 5559 5740
f 5559 5741 5740
f 5559 5560 5741
f 5560 5742 5741
f 5560 5561 5742
f 5561 5743 5742
f 5561 5562 5743
f 5562 5744 5743
f 5562 5563 5744
f 5563 5745 5744
f 5563 5564 5745
f 5564 5746 5745
f 5564 5565 5746
f 5565 5747 5746
f 5565 5566 5747
f 5566 5748 5747
f 5566 5567 5748
f 5567 5749 5748
f 5567 5568 5749
f 5568 5750 5749
f 5568 5569 5750
f 5569 5751 5750
f 5569 5570 5751
f 5570 5752 5751
f 5570 5571 5752
f 5571 5753 5752
f 5571 5572 5753
f 5572 5754 5753
f 5572 5573 5754
f 5573 5755 5754
f 5573 5574 5755
f 5574 5756 5755
f 5574 5575 5756
f 5575 5757 5756
f 5575 5576 5757
f 5576 5758 5757
f 5576 5577 5758
f 5577 5759 5758
f 5577 5578 5759
f 5578 5760 5759
f 5578 5579 5760
f 5579 5761 5760
f 5579 5580 5761
f 5580 5762 5761
f 5580 5581 5762
f 5581 5763 5762
f 5581 5582 5763
f 5582 5764 5763
f 5582 5583 5764
f 5583 5765 5764
f 5583 5584 5765
f 5584 5766 5765
f 5584 5585 5766
f 5585 5767 5766
f 5585 5586 5767
f 5586 5768 5767
f 5586 5587 5768
f 5587 5769 5768
f 5587 5588 5769
f 5588 5770 5769
f 5588 5589 5770
f 5589 5771 5770
f 5589 5590 5771
f 5590 5772 5771
f 5590 5591 5772
f 5591 5773 5772
f 5591 5592 5773
f 5592 5774 5773
f 5592 5593 5774
f 5593 5775 5774
f 5593 5594 5775
f 5594 5776 5775
f 5594 5595 5776
f 5595 5777 5776
f 5595 5596 5777
f 5596 5778 5777
f 5596 5597 5778
f 5597 5779 5778
f 5597 5598 5779
f 5598 5780 5779
f 5598 5599 5780
f 5599 5781 5780
f 5599 5600 5781
f 5600 5782 5781
f 5600 5601 5782
f 5601 5783 5782
f 5601 5602 5783
f 5602 5784 5783
f 5602 5603 5784
f 5603 5785 5784
f 5603 5604 5785
f 5604 5786 5785
f 5604 5605 5786
f 5605 5787 5786
f 5605 5606 5787
f 5606 5788 5787
f 5606 5607 5788
f 5607 5789 5788
f 5607 5608 5789
f 5608 5790 5789
f 5608 5609 5790
f 5609 5791 5790
f 5609 5610 5791
f 5610 5792 5791
f 5610 5611 5792
f 5611 5793 5792
f 5611 5612 5793
f 5612 5794 5793
f 5612 5613 5794
f 5613 5614 5794
f 5613 5433 5614
f 5614 5796 5795
f 5614 5615 5796
f 5615 5797 5796
f 5615 5616 5797
f 5616 5798 5797
f 5616 5617 5798
f 5617 5799 5798
f 5617 5618 5799
f 5618 5800 5799
f 5618 5619 5800
f 5619 5801 5800
f 5619 5620 5801
f 5620 5802 5801
f 5620 5621 5802
f 5621 5803 5802
f 5621 5622 5803
f 5622 5804 5803
f 5622 5623 5804
f 5623 5805 5804
f 5623 5624 5805
f 5624 5806 5805
f 5624 5625 5806
f 5625 5807 5806
f 5625 5626 5807
f 5626 5808 5807
f 5626 5627 5808
f 5627 5809 5808
f 5627 5628 5809
f 5628 5810 5809
f 5628 5629 5810
f 5629 5811 5810
f 5629 5630 5811
f 5630 5812 5811
f 5630 5631 5812
f 5631 5813 5812
f 5631 5632 5813
f 5632 5814 5813
f 5632 5633 5814
f 5633 5815 5814
f 5633 5634 5815
f 5634 5816 5815
f 5634 5635 5816
f 5635 5817 5816
f 5635 5636 5817
f 5636 5818 5817
f 5636 5637 5818
f 5637 5819 5818
f 5637 5638 5819
f 5638 5820 5819
f 5638 5639 5820
f 5639 5821 5820
f 5639 5640 5821
f 5640 5822 5821
f 5640 5641 5822
f 5641 5823 5822
f 5641 5642 5823
f 5642 5824 5823
f 5642 5643 5824
f 5643 5825 5824
f 5643 5644 5825
f 5644 5826 5825
f 5644 5645 5826
f 5645 5827 5826
f 5645 5646 5827
f 5646 5828 5827
f 5646 5647 5828
f 5647 5829 5828
f 5647 5648 5829
f 5648 5830 5829
f 5648 5649 5830
f 5649 5831 5830
f 5649 5650 5831
f 5650 5832 5831
f 5650 5651 5832
f 5651 5833 5832
f 5651 5652 5833
f 5652 5834 5833
f 5652 5653 5834
f 5653 5835 5834
f 5653 5654 5835
f 5654 5836 5835
f 5654 5655 5836
f 5655 5837 5836
f 5655 5656 5837
f 5656 5838 5837
f 5656 5657 5838
f 5657 5839 5838
f 5657 5658 5839
f 5658 5840 5839
f 5658 5659 5840
f 5659 5841 5840
f 5659 5660 5841
f 5660 5842 5841
f 5660 5661 5842
f 5661 5843 5842
f 5661 5662 5843
f 5662 5844 5843
f 5662 5663 5844
f 5663 5845 5844
f 5663 5664 5845
f 5664 5846 5845
f 5664 5665 5846
f 5665 5847 5846
f 5665 5666 5847
f 5666 5848 5847
f 5666 5667 5848
f 5667 5849 5848
f 5667 5668 5849
f 5668 5850 5849
f 5668 5669 5850
f 5669 5851 5850
f 5669 5670 5851
f 5670 5852 5851
f 5670 5671 5852
f 5671 5853 5852
f 5671 5672 5853
f 5672 5854 5853
f 5672 5673 5854
f 5673 5855 5854
f 5673 5674 5855
f 5674 5856 5855
f 5674 5675 5856
f 5675 5857 5856
f 5675 5676 5857
f 5676 5858 5857
f 5676 5677 5858
f 5677 5859 5858
f 5677 5678 5859
f 5678 5860 5859
f 5678 5679 5860
f 5679 5861 5860
f 5679 5680 5861
f 5680 5862 5861
f 5680 5681 5862
f 5681 5863 5862
f 5681 5682 5863
f 5682 5864 5863
f 5682 5683 5864
f 5683 5865 5864
f 5683 5684 5865
f 5684 5866 5865
f 5684 5685 5866
f 5685 5867 5866
f 5685 5686 5867
f 5686 5868 5867
f 5686 5687 5868
f 5687 5869 5868
f 5687 5688 5869
f 5688 5870 5869
f 5688 5689 5870
f 5689 5871 5870
f 5689 5690 5871
f 5690 5872 5871
f 5690 5691 5872
f 5691 5873 5872
f 5691 5692 5873
f 5692 5874 5873
f 5692 5693 5874
f 5693 5875 5874
f 5693 5694 5875
f 5694 5876 5875
f 5694 5695 5876
f 5695 5877 5876
f 5695 5696 5877
f 5696 5878 5877
f 5696 5697 5878
f 5697 5879 5878
f 5697 5698 5879
f 5698 5880 5879
f 5698 5699 5880
f 5699 5881 5880
f 5699 5700 5881
f 5700 5882 5881
f 5700 5701 5882
f 5701 5883 5882
f 5701 5702 5883
f 5702 5884 5883
f 5702 5703 5884
f 5703 5885 5884
f 5703 5704 5885
f 5704 5886 5885
f 5704 5705 5886
f 5705 5887 5886
f 5705 5706 5887
f 5706 5888 5887
f 5706 5707 5888
f 5707 5889 5888
f 5707 5708 5889
f 5708 5890 5889
f 5708 5709 5890
f 5709 5891 5890
f 5709 5710 5891
f 5710 5892 5891
f 5710 5711 5892
f 5711 5893 5892
f 5711 5712 5893
f 5712 5894 5893
f 5712 5713 5894
f 5713 5895 5894
f 5713 5714 5895
f 5714 5896 5895
f 5714 5715 5896
f 5715 5897 5896
f 5715 5716 5897
f 5716 5898 5897
f 5716 5717 5898
f 5717 5899 5898
f 5717 5718 5899
f 5718 5900 5899
f 5718 5719 5900
f 5719 5901 5900
f 5719 5720 5901
f 5720 5902 5901
f 5720 5721 5902
f 5721 5903 5902
f 5721 5722 5903
f 5722 5904 5903
f 5722 5723 5904
f 5723 5905 5904
f 5723 5724 5905
f 5724 5906 5905
f 5724 5725 5906
f 5725 5907 5906
f 5725 5726 5907
f 5726 5908 5907
f 5726 5727 5908
f 5727 5909 5908
f 5727 5728 5909
f 5728 5910 5909
f 5728 5729 5910
f 5729 5911 5910
f 5729 5730 5911
f 5730 5912 5911
f 5730 5731 5912
f 5731 5913 5912
f 5731 5732 5913
f 5732 5914 5913
f 5732 5733 5914
f 5733 5915 5914
f 5733 5734 5915
f 5734 5916 5915
f 5734 5735 5916
f 5735 5917 5916
f 5735 5736 5917
f 5736 5918 5917
f 5736 5737 5918
f 5737 5919 5918
f 5737 5738 5919
f 5738 5920 5919
f 5738 5739 5920
f 5739 5921 5920
f 5739 5740 5921
f 5740 5922 5921
f 5740 5741 5922
f 5741 5923 5922
f 5741 5742 5923
f 5742 5924 5923
f 5742 5743 5924
f 5743 5925 5924
f 5743 5744 5925
f 5744 5926 5925
f 5744 5745 5926
f 5745 5927 5926
f 5745 5746 5927
f 5746 5928 5927
f 5746 5747 5928
f 5747 5929 5928
f 5747 5748 5929
f 5748 5930 5929
f 5748 5749 5930
f 5749 5931 5930
f 5749 5750 5931
f 5750 5932 5931
f 5750 5751 5932
f 5751 5933 5932
f 5751 5752 5933
f 5752 5934 5933
f 5752 5753 5934
f 5753 5935 5934
f 5753 5754 5935
f 5754 5936 5935
f 5754 5755 5936
f 5755 5937 5936
f 5755 5756 5937
f 5756 5938 5937
f 5756 5757 5938
f 5757 5939 5938
f 5757 5758 5939
f 5758 5940 5939
f 5758 5759 5940
f 5759 5941 5940
f 5759 5760 5941
f 5760 5942 5941
f 5760 5761 5942
f 5761 5943 5942
f 5761 5762 5943
f 5762 5944 5943
f 5762 5763 5944
f 5763 5945 5944
f 5763 5764 5945
f 5764 5946 5945
f 5764 5765 5946
f 5765 5947 5946
f 5765 5766 5947
f 5766 5948 5947
f 5766 5767 5948
f 5767 5949 5948
f 5767 5768 5949
f 5768 5950 5949
f 5768 5769 5950
f 5769 5951 5950
f 5769 5770 5951
f 5770 5952 5951
f 5770 5771 5952
f 5771 5953 5952
f 5771 5772 5953
f 5772 5954 5953
f 5772 5773 5954
f 5773 5955 5954
f 5773 5774 5955
f 5774 5956 5955
f 5774 5775 5956
f 5775 5957 5956
f 5775 5776 5957
f 5776 5958 5957
f 5776 5777 5958
f 5777 5959 5958
f 5777 5778 5959
f 5778 5960 5959
f 5778 5779 5960
f 5779 5961 5960
f 5779 5780 5961
f 5780 5962 5961
f 5780 5781 5962
f 5781 5963 5962
f 5781 5782 5963
f 5782 5964 5963
f 5782 5783 5964
f 5783 5965 5964
f 5783 5784 5965
f 5784 5966 5965
f 5784 5785 5966
f 5785 5967 5966
f 5785 5786 5967
f 5786 5968 5967
f 5786 5787 5968
f 5787 5969 5968
f 5787 5788 5969
f 5788 5970 5969
f 5788 5789 5970
f 5789 5971 5970
f 5789 5790 5971
f 5790 5972 5971
f 5790 5791 5972
f 5791 5973 5972
f 5791 5792 5973
f 5792 5974 5973
f 5792 5793 5974
f 5793 5975 5974
f 5793 5794 5975
f 5794 5795 5975
f 5794 5614 5795
f 5795 5977 5976
f 5795 5796 5977
f 5796 5978 5977
f 5796 5797 5978
f 5797 5979 5978
f 5797 5798 5979
f 5798 5980 5979
f 5798 5799 5980
f 5799 5981 5980
f 5799 5800 5981
f 5800 5982 5981
f 5800 5801 5982
f 5801 5983 5982
f 5801 5802 5983
f 5802 5984 5983
f 5802 5803 5984
f 5803 5985 5984
f 5803 5804 5985
f 5804 5986 5985
f 5804 5805 5986
f 5805 5987 5986
f 5805 5806 5987
f 5806 5988 5987
f 5806 5807 5988
f 5807 5989 5988
f 5807 5808 5989
f 5808 5990 5989
f 5808 5809 5990
f 5809 5991 5990
f 5809 5810 5991
f 5810 5992 5991
f 5810 5811 5992
f 5811 5993 5992
f 5811 5812 5993
f 5812 5994 5993
f 5812 5813 5994
f 5813 5995 5994
f 5813 5814 5995
f 5814 5996 5995
f 5814 5815 5996
f 5815 5997 5996
f 5815 5816 5997
f 5816 5998 5997
f 5816 5817 5998
f 5817 5999 5998
f 5817 5818 5999
f 5818 6000 5999
f 5818 5819 6000
f 5819 6001 6000
f 5819 5820 6001
f 5820 6002 6001
f 5820 5821 6002
f 5821 6003 6002
f 5821 5822 6003
f 5822 6004 6003
f 5822 5823 6004
f 5823 6005 6004
f 5823 5824 6005
f 5824 6006 6005
f 5824 5825 6006
f 5825 6007 6006
f 5825 5826 6007
f 5826 6008 6007
f 5826 5827 6008
f 5827 6009 6008
f 5827 5828 6009
f 5828 6010 6009
f 5828 5829 6010
f 5829 6011 6010
f 5829 5830 6011
f 5830 6012 6011
f 5830 5831 6012
f 5831 6013 6012
f 5831 5832 6013
f 5832 6014 6013
f 5832 5833 6014
f 5833 6015 6014
f 5833 5834 6015
f 5834 6016 6015
f 5834 5835 6016
f 5835 6017 6016
f 5835 5836 6017
f 5836 6018 6017
f 5836 5837 6018
f 5837 6019 6018
f 5837 5838 6019
f 5838 6020 6019
f 5838 5839 6020
f 5839 6021 6020
f 5839 5840 6021
f 5840 6022 6021
f 5840 5841 6022
f 5841 6023 6022
f 5841 5842 6023
f 5842 6024 6023
f 5842 5843 6024
f 5843 6025 6024
f 5843 5844 6025
f 5844 6026 6025
f 5844 5845 6026
f 5845 6027 6026
f 5845 5846 6027
f 5846 6028 6027
f 5846 5847 6028
f 5847 6029 6028
f 5847 5848 6029
f 5848 6030 6029
f 5848 5849 6030
f 5849 6031 6030
f 5849 5850 6031
f 5850 6032 6031
f 5850 5851 6032
f 5851 6033 6032
f 5851 5852 6033
f 5852 6034 6033
f 5852 5853 6034
f 5853 6035 6034
f 5853 5854 6035
f 5854 6036 6035
f 5854 5855 6036
f 5855 6037 6036
f 5855 5856 6037
f 5856 6038 6037
f 5856 5857 6038
f 5857 6039 6038
f 5857 5858 6039
f 5858 6040 6039
f 5858 5859 6040
f 5859 6041 6040
f 5859 5860 6041
f 5860 6042 6041
f 5860 5861 6042
f 5861 6043 6042
f 5861 5862 6043
f 5862 6044 6043
f 5862 5863 6044
f 5863 6045 6044
f 5863 5864 6045
f 5864 6046 6045
f 5864 5865 6046
f 5865 6047 6046
f 5865 5866 6047
f 5866 6048 6047
f 5866 5867 6048
f 5867 6049 6048
f 5867 5868 6049
f 5868 6050 6049
f 5868 5869 6050
f 5869 6051 6050
f 5869 5870 6051
f 5870 6052 6051
f 5870 5871 6052
f 5871 6053 6052
f 5871 5872 6053
f 5872 6054 6053
f 5872 5873 6054
f 5873 6055 6054
f 5873 5874 6055
f 5874 6056 6055
f 5874 5875 6056
f 5875 6057 6056
f 5875 5876 6057
f 5876 6058 6057
f 5876 5877 6058
f 5877 6059 6058
f 5877 5878 6059
f 5878 6060 6059
f 5878 5879 6060
f 5879 6061 6060
f 5879 5880 6061
f 5880 6062 6061
f 5880 5881 6062
f 5881 6063 6062
f 5881 5882 6063
f 5882 6064 6063
f 5882 5883 6064
f 5883 6065 6064
f 5883 5884 6065
f 5884 6066 6065
f 5884 5885 6066
f 5885 6067 6066
f 5885 5886 6067
f 5886 6068 6067
f 5886 5887 6068
f 5887 6069 6068
f 5887 5888 6069
f 5888 6070 6069
f 5888 5889 6070
f 5889 6071 6070
f 5889 5890 6071
f 5890 6072 6071
f 5890 5891 6072
f 5891 6073 6072
f 5891 5892 6073
f 5892 6074 6073
f 5892 5893 6074
f 5893 6075 6074
f 5893 5894 6075
f 5894 6076 6075
f 5894 5895 6076
f 5895 6077 6076
f 5895 5896 6077
f 5896 6078 6077
f 5896 5897 6078
f 5897 6079 6078
f 5897 5898 6079
f 5898 6080 6079
f 5898 5899 6080
f 5899 6081 6080
f 5899 5900 6081
f 5900 6082 6081
f 5900 5901 6082
f 5901 6083 6082
f 5901 5902 6083
f 5902 6084 6083
f 5902 5903 6084
f 5903 6085 6084
f 5903 5904 6085
f 5904 6086 6085
f 5904 5905 6086
f 5905 6087 6086
f 5905 5906 6087
f 5906 6088 6087
f 5906 5907 6088
f 5907 6089 6088
f 5907 5908 6089
f 5908 6090 6089
f 5908 5909 6090
f 5909 6091 6090
f 5909 5910 6091
f 5910 6092 6091
f 5910 5911 6092
f 5911 6093 6092
f 5911 5912 6093
f 5912 6094 6093
f 5912 5913 6094
f 5913 6095 6094
f 5913 5914 6095
f 5914 6096 6095
f 5914 5915 6096
f 5915 6097 6096
f 5915 5916 6097
f 5916 6098 6097
f 5916 5917 6098
f 5917 6099 6098
f 5917 5918 6099
f 5918 6100 6099
f 5918 5919 6100
f 5919 6101 6100
f 5919 5920 6101
f 5920 6102 6101
f 5920 5921 6102
f 5921 6103 6102
f 5921 5922 6103
f 5922 6104 6103
f 5922 5923 6104
f 5923 6105 6104
f 5923 5924 6105
f 5924 6106 6105
f 5924 5925 6106
f 5925 6107 6106
f 5925 5926 6107
f 5926 6108 6107
f 5926 5927 6108
f 5927 6109 6108
f 5927 5928 6109
f 5928 6110 6109
f 5928 5929 6110
f 5929 6111 6110
f 5929 5930 6111
f 5930 6112 6111
f 5930 5931 6112
f 5931 6113 6112
f 5931 5932 6113
f 5932 6114 6113
f 5932 5933 6114
f 5933 6115 6114
f 5933 5934 6115
f 5934 6116 6115
f 5934 5935 6116
f 5935 6117 6116
f 5935 5936 6117
f 5936 6118 6117
f 5936 5937 6118
f 5937 6119 6118
f 5937 5938 6119
f 5938 6120 6119
f 5938 5939 6120
f 5939 6121 6120
f 5939 5940 6121
f 5940 6122 6121
f 5940 5941 6122
f 5941 6123 6122
f 5941 5942 6123
f 5942 6124 6123
f 5942 5943 6124
f 5943 6125 6124
f 5943 5944 6125
f 5944 6126 6125
f 5944 5945 6126
f 5945 6127 6126
f 5945 5946 6127
f 5946 6128 6127
f 5946 5947 6128
f 5947 6129 6128
f 5947 5948 6129
f 5948 6130 6129
f 5948 5949 6130
f 5949 6131 6130
f 5949 5950 6131
f 5950 6132 6131
f 5950 5951 6132
f 5951 6133 6132
f 5951 5952 6133
f 5952 6134 6133
f 5952 5953 6134
f 5953 6135 6134
f 5953 5954 6135
f 5954 6136 6135
f 5954 5955 6136
f 5955 6137 6136
f 5955 5956 6137
f 5956 6138 6137
f 5956 5957 6138
f 5957 6139 6138
f 5957 5958 6139
f 5958 6140 6139
f 5958 5959 6140
f 5959 6141 6140
f 5959 5960 6141
f 5960 6142 6141
f 5960 5961 6142
f 5961 6143 6142
f 5961 5962 6143
f 5962 6144 6143
f 5962 5963 6144
f 5963 6145 6144
f 5963 5964 6145
f 5964 6146 6145
f 5964 5965 6146
f 5965 6147 6146
f 5965 5966 6147
f 5966 6148 6147
f 5966 5967 6148
f 5967 6149 6148
f 5967 5968 6149
f 5968 6150 6149
f 5968 5969 6150
f 5969 6151 6150
f 5969 5970 6151
f 5970 6152 6151
f 5970 5971 6152
f 5971 6153 6152
f 5971 5972 6153
f 5972 6154 6153
f 5972 5973 6154
f 5973 6155 6154
f 5973 5974 6155
f 5974 6156 6155
f 5974 5975 6156
f 5975 5976 6156
f 5975 5795 5976
f 5976 6158 6157
f 5976 5977 6158
f 5977 6159 6158
f 5977 5978 6159
f 5978 6160 6159
f 5978 5979 6160
f 5979 6161 6160
f 5979 5980 6161
f 5980 6162 6161
f 5980 5981 6162
f 5981 6163 6162
f 5981 5982 6163
f 5982 6164 6163
f 5982 5983 6164
f 5983 6165 6164
f 5983 5984 6165
f 5984 6166 6165
f 5984 5985 6166
f 5985 6167 6166
f 5985 5986 6167
f 5986 6168 6167
f 5986 5987 6168
f 5987 6169 6168
f 5987 5988 6169
f 5988 6170 6169
f 5988 5989 6170
f 5989 6171 6170
f 5989 5990 6171
f 5990 6172 6171
f 5990 5991 6172
f 5991 6173 6172
f 5991 5992 6173
f 5992 6174 6173
f 5992 5993 6174
f 5993 6175 6174
f 5993 5994 6175
f 5994 6176 6175
f 5994 5995 6176
f 5995 6177 6176
f 5995 5996 6177
f 5996 6178 6177
f 5996 5997 6178
f 5997 6179 6178
f 5997 5998 6179
f 5998 6180 6179
f 5998 5999 6180
f 5999 6181 6180
f 5999 6000 6181
f 6000 6182 6181
f 6000 6001 6182
f 6001 6183 6182
f 6001 6002 6183
f 6002 6184 6183
f 6002 6003 6184
f 6003 6185 6184
f 6003 6004 6185
f 6004 6186 6185
f 6004 6005 6186
f 6005 6187 6186
f 6005 6006 6187
f 6006 6188 6187
f 6006 6007 6188
f 6007 6189 6188
f 6007 6008 6189
f 6008 6190 6189
f 6008 6009 6190
f 6009 6191 6190
f 6009 6010 6191
f 6010 6192 6191
f 6010 6011 6192
f 6011 6193 6192
f 6011 6012 6193
f 6012 6194 6193
f 6012 6013 6194
f 6013 6195 6194
f 6013 6014 6195
f 6014 6196 6195
f 6014 6015 6196
f 6015 6197 6196
f 6015 6016 6197
f 6016 6198 6197
f 6016 6017 6198
f 6017 6199 6198
f 6017 6018 6199
f 6018 6200 6199
f 6018 6019 6200
f 6019 6201 6200
f 6019 6020 6201
f 6020 6202 6201
f 6020 6021 6202
f 6021 6203 6202
f 6021 6022 6203
f 6022 6204 6203
f 6022 6023 6204
f 6023 6205 6204
f 6023 6024 6205
f 6024 6206 6205
f 6024 6025 6206
f 6025 6207 6206
f 6025 6026 6207
f 6026 6208 6207
f 6026 6027 6208
f 6027 6209 6208
f 6027 6028 6209
f 6028 6210 6209
f 6028 6029 6210
f 6029 6211 6210
f 6029 6030 6211
f 6030 6212 6211
f 6030 6031 6212
f 6031 6213 6212
f 6031 6032 6213
f 6032 6214 6213
f 6032 6033 6214
f 6033 6215 6214
f 6033 6034 6215
f 6034 6216 6215
f 6034 6035 6216
f 6035 6217 6216
f 6035 6036 6217
f 6036 6218 6217
f 6036 6037 6218
f 6037 6219 6218
f 6037 6038 6219
f 6038 6220 6219
f 6038 6039 6220
f 6039 6221 6220
f 6039 6040 6221
f 6040 6222 6221
f 6040 6041 6222
f 6041 6223 6222
f 6041 6042 6223
f 6042 6224 6223
f 6042 6043 6224
f 6043 6225 6224
f 6043 6044 6225
f 6044 6226 6225
f 6044 6045 6226
f 6045 6227 6226
f 6045 6046 6227
f 6046 6228 6227
f 6046 6047 6228
f 6047 6229 6228
f 6047 6048 6229
f 6048 6230 6229
f 6048 6049 6230
f 6049 6231 6230
f 6049 6050 6231
f 6050 6232 6231
f 6050 6051 6232
f 6051 6233 6232
f 6051 6052 6233
f 6052 6234 6233
f 6052 6053 6234
f 6053 6235 6234
f 6053 6054 6235
f 6054 6236 6235
f 6054 6055 6236
f 6055 6237 6236
f 6055 6056 6237
f 6056 6238 6237
f 6056 6057 6238
f 6057 6239 6238
f 6057 6058 6239
f 6058 6240 6239
f 6058 6059 6240
f 6059 6241 6240
f 6059 6060 6241
f 6060 6242 6241
f 6060 6061 6242
f 6061 6243 6242
f 6061 6062 6243
f 6062 6244 6243
f 6062 6063 6244
f 6063 6245 6244
f 6063 6064 6245
f 6064 6246 6245
f 6064 6065 6246
f 6065 6247 6246
f 6065 6066 6247
f 6066 6248 6247
f 6066 6067 6248
f 6067 6249 6248
f 6067 6068 6249
f 6068 6250 6249
f 6068 6069 6250
f 6069 6251 6250
f 6069 6070 6251
f 6070 6252 6251
f 6070 6071 6252
f 6071 6253 6252
f 6071 6072 6253
f 6072 6254 6253
f 6072 6073 6254
f 6073 6255 6254
f 6073 6074 6255
f 6074 6256 6255
f 6074 6075 6256
f 6075 6257 6256
f 6075 6076 6257
f 6076 6258 6257
f 6076 6077 6258
f 6077 6259 6258
f 6077 6078 6259
f 6078 6260 6259
f 6078 6079 6260
f 6079 6261 6260
f 6079 6080 6261
f 6080 6262 6261
f 6080 6081 6262
f 6081 6263 6262
f 6081 6082 6263
f 6082 6264 6263
f 6082 6083 6264
f 6083 6265 6264
f 6083 6084 6265
f 6084 6266 6265
f 6084 6085 6266
f 6085 6267 6266
f 6085 6086 6267
f 6086 6268 6267
f 6086 6087 6268
f 6087 6269 6268
f 6087 6088 6269
f 6088 6270 6269
f 6088 6089 6270
f 6089 6271 6270
f 6089 6090 6271
f 6090 6272 6271
f 6090 6091 6272
f 6091 6273 6272
f 6091 6092 6273
f 6092 6274 6273
f 6092 6093 6274
f 6093 6275 6274
f 6093 6094 6275
f 6094 6276 6275
f 6094 6095 6276
f 6095 6277 6276
f 6095 6096 6277
f 6096 6278 6277
f 6096 6097 6278
f 6097 6279 6278
f 6097 6098 6279
f 6098 6280 6279
f 6098 6099 6280
f 6099 6281 6280
f 6099 6100 6281
f 6100 6282 6281
f 6100 6101 6282
f 6101 6283 6282
f 6101 6102 6283
f 6102 6284 6283
f 6102 6103 6284
f 6103 6285 6284
f 6103 6104 6285
f 6104 6286 6285
f 6104 6105 6286
f 6105 6287 6286
f 6105 6106 6287
f 6106 6288 6287
f 6106 6107 6288
f 6107 6289 6288
f 6107 6108 6289
f 6108 6290 6289
f 6108 6109 6290
f 6109 6291 6290
f 6109 6110 6291
f 6110 6292 6291
f 6110 6111 6292
f 6111 6293 6292
f 6111 6112 6293
f 6112 6294 6293
f 6112 6113 6294
f 6113 6295 6294
f 6113 6114 6295
f 6114 6296 6295
f 6114 6115 6296
f 6115 6297 6296
f 6115 6116 6297
f 6116 6298 6297
f 6116 6117 6298
f 6117 6299 6298
f 6117 6118 6299
f 6118 6300 6299
f 6118 6119 6300
f 6119 6301 6300
f 6119 6120 6301
f 6120 6302 6301
f 6120 6121 6302
f 6121 6303 6302
f 6121 6122 6303
f 6122 6304 6303
f 6122 6123 6304
f 6123 6305 6304
f 6123 6124 6305
f 6124 6306 6305
f 6124 6125 6306
f 6125 6307 6306
f 6125 6126 6307
f 6126 6308 6307
f 6126 6127 6308
f 6127 6309 6308
f 6127 6128 6309
f 6128 6310 6309
f 6128 6129 6310
f 6129 6311 6310
f 6129 6130 6311
f 6130 6312 6311
f 6130 6131 6312
f 6131 6313 6312
f 6131 6132 6313
f 6132 6314 6313
f 6132 6133 6314
f 6133 6315 6314
f 6133 6134 6315
f 6134 6316 6315
f 6134 6135 6316
f 6135 6317 6316
f 6135 6136 6317
f 6136 6318 6317
f 6136 6137 6318
f 6137 6319 6318
f 6137 6138 6319
f 6138 6320 6319
f 6138 6139 6320
f 6139 6321 6320
f 6139 6140 6321
f 6140 6322 6321
f 6140 6141 6322
f 6141 6323 6322
f 6141 6142 6323
f 6142 6324 6323
f 6142 6143 6324
f 6143 6325 6324
f 6143 6144 6325
f 6144 6326 6325
f 6144 6145 6326
f 6145 6327 6326
f 6145 6146 6327
f 6146 6328 6327
f 6146 6147 6328
f 6147 6329 6328
f 6147 6148 6329
f 6148 6330 6329
f 6148 6149 6330
f 6149 6331 6330
f 6149 6150 6331
f 6150 6332 6331
f 6150 6151 6332
f 6151 6333 6332
f 6151 6152 6333
f 6152 6334 6333
f 6152 6153 6334
f 6153 6335 6334
f 6153 6154 6335
f 6154 6336 6335
f 6154 6155 6336
f 6155 6337 6336
f 6155 6156 6337
f 6156 6157 6337
f 6156 5976 6157
f 6157 6339 6338
f 6157 6158 6339
f 6158 6340 6339
f 6158 6159 6340
f 6159 6341 6340
f 6159 6160 6341
f 6160 6342 6341
f 6160 6161 6342
f 6161 6343 6342
f 6161 6162 6343
f 6162 6344 6343
f 6162 6163 6344
f 6163 6345 6344
f 6163 6164 6345
f 6164 6346 6345
f 6164 6165 6346
f 6165 6347 6346
f 6165 6166 6347
f 6166 6348 6347
f 6166 6167 6348
f 6167 6349 6348
f 6167 6168 6349
f 6168 6350 6349
f 6168 6169 6350
f 6169 6351 6350
f 6169 6170 6351
f 6170 6352 6351
f 6170 6171 6352
f 6171 6353 6352
f 6171 6172 6353
f 6172 6354 6353
f 6172 6173 6354
f 6173 6355 6354
f 6173 6174 6355
f 6174 6356 6355
f 6174 6175 6356
f 6175 6357 6356
f 6175 6176 6357
f 6176 6358 6357
f 6176 6177 6358
f 6177 6359 6358
f 6177 6178 6359
f 6178 6360 6359
f 6178 6179 6360
f 6179 6361 6360
f 6179 6180 6361
f 6180 6362 6361
f 6180 6181 6362
f 6181 6363 6362
f 6181 6182 6363
f 6182 6364 6363
f 6182 6183 6364
f 6183 6365 6364
f 6183 6184 6365
f 6184 6366 6365
f 6184 6185 6366
f 6185 6367 6366
f 6185 6186 6367
f 6186 6368 6367
f 6186 6187 6368
f 6187 6369 6368
f 6187 6188 6369
f 6188 6370 6369
f 6188 6189 6370
f 6189 6371 6370
f 6189 6190 6371
f 6190 6372 6371
f 6190 6191 6372
f 6191 6373 6372
f 6191 6192 6373
f 6192 6374 6373
f 6192 6193 6374
f 6193 6375 6374
f 6193 6194 6375
f 6194 6376 6375
f 6194 6195 6376
f 6195 6377 6376
f 6195 6196 6377
f 6196 6378 6377
f 6196 6197 6378
f 6197 6379 6378
f 6197 6198 6379
f 6198 6380 6379
f 6198 6199 6380
f 6199 6381 6380
f 6199 6200 6381
f 6200 6382 6381
f 6200 6201 6382
f 6201 6383 6382
f 6201 6202 6383
f 6202 6384 6383
f 6202 6203 6384
f 6203 6385 6384
f 6203 6204 6385
f 6204 6386 6385
f 6204 6205 6386
f 6205 6387 6386
f 6205 6206 6387
f 6206 6388 6387
f 6206 6207 6388
f 6207 6389 6388
f 6207 6208 6389
f 6208 6390 6389
f 6208 6209 6390
f 6209 6391 6390
f 6209 6210 6391
f 6210 6392 6391
f 6210 6211 6392
f 6211 6393 6392
f 6211 6212 6393
f 6212 6394 6393
f 6212 6213 6394
f 6213 6395 6394
f 6213 6214 6395
f 6214 6396 6395
f 6214 6215 6396
f 6215 6397 6396
f 6215 6216 6397
f 6216 6398 6397
f 6216 6217 6398
f 6217 6399 6398
f 6217 6218 6399
f 6218 6400 6399
f 6218 6219 6400
f 6219 6401 6400
f 6219 6220 6401
f 6220 6402 6401
f 6220 6221 6402
f 6221 6403 6402
f 6221 6222 6403
f 6222 6404 6403
f 6222 6223 6404
f 6223 6405 6404
f 6223 6224 6405
f 6224 6406 6405
f 6224 6225 6406
f 6225 6407 6406
f 6225 6226 6407
f 6226 6408 6407
f 6226 6227 6408
f 6227 6409 6408
f 6227 6228 6409
f 6228 6410 6409
f 6228 6229 6410
f 6229 6411 6410
f 6229 6230 6411
f 6230 6412 6411
f 6230 6231 6412
f 6231 6413 6412
f 6231 6232 6413
f 6232 6414 6413
f 6232 6233 6414
f 6233 6415 6414
f 6233 6234 6415
f 6234 6416 6415
f 6234 6235 6416
f 6235 6417 6416
f 6235 6236 6417
f 6236 6418 6417
f 6236 6237 6418
f 6237 6419 6418
f 6237 6238 6419
f 6238 6420 6419
f 6238 6239 6420
f 6239 6421 6420
f 6239 6240 6421
f 6240 6422 6421
f 6240 6241 6422
f 6241 6423 6422
f 6241 6242 6423
f 6242 6424 6423
f 6242 6243 6424
f 6243 6425 6424
f 6243 6244 6425
f 6244 6426 6425
f 6244 6245 6426
f 6245 6427 6426
f 6245 6246 6427
f 6246 6428 6427
f 6246 6247 6428
f 6247 6429 6428
f 6247 6248 6429
f 6248 6430 6429
f 6248 6249 6430
f 6249 6431 6430
f 6249 6250 6431
f 6250 6432 6431
f 6250 6251 6432
f 6251 6433 6432
f 6251 6252 6433
f 6252 6434 6433
f 6252 6253 6434
f 6253 6435 6434
f 6253 6254 6435
f 6254 6436 6435
f 6254 6255 6436
f 6255 6437 6436
f 6255 6256 6437
f 6256 6438 6437
f 6256 6257 6438
f 6257 6439 6438
f 6257 6258 6439
f 6258 6440 6439
f 6258 6259 6440
f 6259 6441 6440
f 6259 6260 6441
f 6260 6442 6441
f 6260 6261 6442
f 6261 6443 6442
f 6261 6262 6443
f 6262 6444 6443
f 6262 6263 6444
f 6263 6445 6444
f 6263 6264 6445
f 6264 6446 6445
f 6264 6265 6446
f 6265 6447 6446
f 6265 6266 6447
f 6266 6448 6447
f 6266 6267 6448
f 6267 6449 6448
f 6267 6268 6449
f 6268 6450 6449
f 6268 6269 6450
f 6269 6451 6450
f 6269 6270 6451
f 6270 6452 6451
f 6270 6271 6452
f 6271 6453 6452
f 6271 6272 6453
f 6272 6454 6453
f 6272 6273 6454
f 6273 6455 6454
f 6273 6274 6455
f 6274 6456 6455
f 6274 6275 6456
f 6275 6457 6456
f 6275 6276 6457
f 6276 6458 6457
f 6276 6277 6458
f 6277 6459 6458
f 6277 6278 6459
f 6278 6460 6459
f 6278 6279 6460
f 6279 6461 6460
f 6279 6280 6461
f 6280 6462 6461
f 6280 6281 6462
f 6281 6463 6462
f 6281 6282 6463
f 6282 6464 6463
f 6282 6283 6464
f 6283 6465 6464
f 6283 6284 6465
f 6284 6466 6465
f 6284 6285 6466
f 6285 6467 6466
f 6285 6286 6467
f 6286 6468 6467
f 6286 6287 6468
f 6287 6469 6468
f 6287 6288 6469
f 6288 6470 6469
f 6288 6289 6470
f 6289 6471 6470
f 6289 6290 6471
f 6290 6472 6471
f 6290 6291 6472
f 6291 6473 6472
f 6291 6292 6473
f 6292 6474 6473
f 6292 6293 6474
f 6293 6475 6474
f 6293 6294 6475
f 6294 6476 6475
f 6294 6295 6476
f 6295 6477 6476
f 6295 6296 6477
f 6296 6478 6477
f 6296 6297 6478
f 6297 6479 6478
f 6297 6298 6479
f 6298 6480 6479
f 6298 6299 6480
f 6299 6481 6480
f 6299 6300 6481
f 6300 6482 6481
f 6300 6301 6482
f 6301 6483 6482
f 6301 6302 6483
f 6302 6484 6483
f 6302 6303 6484
f 6303 6485 6484
f 6303 6304 6485
f 6304 6486 6485
f 6304 6305 6486
f 6305 6487 6486
f 6305 6306 6487
f 6306 6488 6487
f 6306 6307 6488
f 6307 6489 6488
f 6307 6308 6489
f 6308 6490 6489
f 6308 6309 6490
f 6309 6491 6490
f 6309 6310 6491
f 6310 6492 6491
f 6310 6311 6492
f 6311 6493 6492
f 6311 6312 6493
f 6312 6494 6493
f 6312 6313 6494
f 6313 6495 6494
f 6313 6314 6495
f 6314 6496 6495
f 6314 6315 6496
f 6315 6497 6496
f 6315 6316 6497
f 6316 6498 6497
f 6316 6317 6498
f 6317 6499 6498
f 6317 6318 6499
f 6318 6500 6499
f 6318 6319 6500
f 6319 6501 6500
f 6319 6320 6501
f 6320 6502 6501
f 6320 6321 6502
f 6321 6503 6502
f 6321 6322 6503
f 6322 6504 6503
f 6322 6323 6504
f 6323 6505 6504
f 6323 6324 6505
f 6324 6506 6505
f 6324 6325 6506
f 6325 6507 6506
f 6325 6326 6507
f 6326 6508 6507
f 6326 6327 6508
f 6327 6509 6508
f 6327 6328 6509
f 6328 6510 6509
f 6328 6329 6510
f 6329 6511 6510
f 6329 6330 6511
f 6330 6512 6511
f 6330 6331 6512
f 6331 6513 6512
f 6331 6332 6513
f 6332 6514 6513
f 6332 6333 6514
f 6333 6515 6514
f 6333 6334 6515
f 6334 6516 6515
f 6334 6335 6516
f 6335 6517 6516
f 6335 6336 6517
f 6336 6518 6517
f 6336 6337 6518
f 6337 6338 6518
f 6337 6157 6338
f 6338 6520 6519
f 6338 6339 6520
f 6339 6521 6520
f 6339 6340 6521
f 6340 6522 6521
f 6340 6341 6522
f 6341 6523 6522
f 6341 6342 6523
f 6342 6524 6523
f 6342 6343 6524
f 6343 6525 6524
f 6343 6344 6525
f 6344 6526 6525
f 6344 6345 6526
f 6345 6527 6526
f 6345 6346 6527
f 6346 6528 6527
f 6346 6347 6528
f 6347 6529 6528
f 6347 6348 6529
f 6348 6530 6529
f 6348 6349 6530
f 6349 6531 6530
f 6349 6350 6531
f 6350 6532 6531
f 6350 6351 6532
f 6351 6533 6532
f 6351 6352 6533
f 6352 6534 6533
f 6352 6353 6534
f 6353 6535 6534
f 6353 6354 6535
f 6354 6536 6535
f 6354 6355 6536
f 6355 6537 6536
f 6355 6356 6537
f 6356 6538 6537
f 6356 6357 6538
f 6357 6539 6538
f 6357 6358 6539
f 6358 6540 6539
f 6358 6359 6540
f 6359 6541 6540
f 6359 6360 6541
f 6360 6542 6541
f 6360 6361 6542
f 6361 6543 6542
f 6361 6362 6543
f 6362 6544 6543
f 6362 6363 6544
f 6363 6545 6544
f 6363 6364 6545
f 6364 6546 6545
f 6364 6365 6546
f 6365 6547 6546
f 6365 6366 6547
f 6366 6548 6547
f 6366 6367 6548
f 6367 6549 6548
f 6367 6368 6549
f 6368 6550 6549
f 6368 6369 6550
f 6369 6551 6550
f 6369 6370 6551
f 6370 6552 6551
f 6370 6371 6552
f 6371 6553 6552
f 6371 6372 6553
f 6372 6554 6553
f 6372 6373 6554
f 6373 6555 6554
f 6373 6374 6555
f 6374 6556 6555
f 6374 6375 6556
f 6375 6557 6556
f 6375 6376 6557
f 6376 6558 6557
f 6376 6377 6558
f 6377 6559 6558
f 6377 6378 6559
f 6378 6560 6559
f 6378 6379 6560
f 6379 6561 6560
f 6379 6380 6561
f 6380 6562 6561
f 6380 6381 6562
f 6381 6563 6562
f 6381 6382 6563
f 6382 6564 6563
f 6382 6383 6564
f 6383 6565 6564
f 6383 6384 6565
f 6384 6566 6565
f 6384 6385 6566
f 6385 6567 6566
f 6385 6386 6567
f 6386 6568 6567
f 6386 6387 6568
f 6387 6569 6568
f 6387 6388 6569
f 6388 6570 6569
f 6388 6389 6570
f 6389 6571 6570
f 6389 6390 6571
f 6390 6572 6571
f 6390 6391 6572
f 6391 6573 6572
f 6391 6392 6573
f 6392 6574 6573
f 6392 6393 6574
f 6393 6575 6574
f 6393 6394 6575
f 6394 6576 6575
f 6394 6395 6576
f 6395 6577 6576
f 6395 6396 6577
f 6396 6578 6577
f 6396 6397 6578
f 6397 6579 6578
f 6397 6398 6579
f 6398 6580 6579
f 6398 6399 6580
f 6399 6581 6580
f 6399 6400 6581
f 6400 6582 6581
f 6400 6401 6582
f 6401 6583 6582
f 6401 6402 6583
f 6402 6584 6583
f 6402 6403 6584
f 6403 6585 6584
f 6403 6404 6585
f 6404 6586 6585
f 6404 6405 6586
f 6405 6587 6586
f 6405 6406 6587
f 6406 6588 6587
f 6406 6407 6588
f 6407 6589 6588
f 6407 6408 6589
f 6408 6590 6589
f 6408 6409 6590
f 6409 6591 6590
f 6409 6410 6591
f 6410 6592 6591
f 6410 6411 6592
f 6411 6593 6592
f 6411 6412 6593
f 6412 6594 6593
f 6412 6413 6594
f 6413 6595 6594
f 6413 6414 6595
f 6414 6596 6595
f 6414 6415 6596
f 6415 6597 6596
f 6415 6416 6597
f 6416 6598 6597
f 6416 6417 6598
f 6417 6599 6598
f 6417 6418 6599
f 6418 6600 6599
f 6418 6419 6600
f 6419 6601 6600
f 6419 6420 6601
f 6420 6602 6601
f 6420 6421 6602
f 6421 6603 6602
f 6421 6422 6603
f 6422 6604 6603
f 6422 6423 6604
f 6423 6605 6604
f 6423 6424 6605
f 6424 6606 6605
f 6424 6425 6606
f 6425 6607 6606
f 6425 6426 6607
f 6426 6608 6607
f 6426 6427 6608
f 6427 6609 6608
f 6427 6428 6609
f 6428 6610 6609
f 6428 6429 6610
f 6429 6611 6610
f 6429 6430 6611
f 6430 6612 6611
f 6430 6431 6612
f 6431 6613 6612
f 6431 6432 6613
f 6432 6614 6613
f 6432 6433 6614
f 6433 6615 6614
f 6433 6434 6615
f 6434 6616 6615
f 6434 6435 6616
f 6435 6617 6616
f 6435 6436 6617
f 6436 6618 6617
f 6436 6437 6618
f 6437 6619 6618
f 6437 6438 6619
f 6438 6620 6619
f 6438 6439 6620
f 6439 6621 6620
f 6439 6440 6621
f 6440 6622 6621
f 6440 6441 6622
f 6441 6623 6622
f 6441 6442 6623
f 6442 6624 6623
f 6442 6443 6624
f 6443 6625 6624
f 6443 6444 6625
f 6444 6626 6625
f 6444 6445 6626
f 6445 6627 6626
f 6445 6446 6627
f 6446 6628 6627
f 6446 6447 6628
f 6447 6629 6628
f 6447 6448 6629
f 6448 6630 6629
f 6448 6449 6630
f 6449 6631 6630
f 6449 6450 6631
f 6450 6632 6631
f 6450 6451 6632
f 6451 6633 6632
f 6451 6452 6633
f 6452 6634 6633
f 6452 6453 6634
f 6453 6635 6634
f 6453 6454 6635
f 6454 6636 6635
f 6454 6455 6636
f 6455 6637 6636
f 6455 6456 6637
f 6456 6638 6637
f 6456 6457 6638
f 6457 6639 6638
f 6457 6458 6639
f 6458 6640 6639
f 6458 6459 6640
f 6459 6641 6640
f 6459 6460 6641
f 6460 6642 6641
f 6460 6461 6642
f 6461 6643 6642
f 6461 6462 6643
f 6462 6644 6643
f 6462 6463 6644
f 6463 6645 6644
f 6463 6464 6645
f 6464 6646 6645
f 6464 6465 6646
f 6465 6647 6646
f 6465 6466 6647
f 6466 6648 6647
f 6466 6467 6648
f 6467 6649 6648
f 6467 6468 6649
f 6468 6650 6649
f 6468 6469 6650
f 6469 6651 6650
f 6469 6470 6651
f 6470 6652 6651
f 6470 6471 6652
f 6471 6653 6652
f 6471 6472 6653
f 6472 6654 6653
f 6472 6473 6654
f 6473 6655 6654
f 6473 6474 6655
f 6474 6656 6655
f 6474 6475 6656
f 6475 6657 6656
f 6475 6476 6657
f 6476 6658 6657
f 6476 6477 6658
f 6477 6659 6658
f 6477 6478 6659
f 6478 6660 6659
f 6478 6479 6660
f 6479 6661 6660
f 6479 6480 6661
f 6480 6662 6661
f 6480 6481 6662
f 6481 6663 6662
f 6481 6482 6663
f 6482 6664 6663
f 6482 6483 6664
f 6483 6665 6664
f 6483 6484 6665
f 6484 6666 6665
f 6484 6485 6666
f 6485 6667 6666
f 6485 6486 6667
f 6486 6668 6667
f 6486 6487 6668
f 6487 6669 6668
f 6487 6488 6669
f 6488 6670 6669
f 6488 6489 6670
f 6489 6671 6670
f 6489 6490 6671
f 6490 6672 6671
f 6490 6491 6672
f 6491 6673 6672
f 6491 6492 6673
f 6492 6674 6673
f 6492 6493 6674
f 6493 6675 6674
f 6493 6494 6675
f 6494 6676 6675
f 6494 6495 6676
f 6495 6677 6676
f 6495 6496 6677
f 6496 6678 6677
f 6496 6497 6678
f 6497 6679 6678
f 6497 6498 6679
f 6498 6680 6679
f 6498 6499 6680
f 6499 6681 6680
f 6499 6500 6681
f 6500 6682 6681
f 6500 6501 6682
f 6501 6683 6682
f 6501 6502 6683
f 6502 6684 6683
f 6502 6503 6684
f 6503 6685 6684
f 6503 6504 6685
f 6504 6686 6685
f 6504 6505 6686
f 6505 6687 6686
f 6505 6506 6687
f 6506 6688 6687
f 6506 6507 6688
f 6507 6689 6688
f 6507 6508 6689
f 6508 6690 6689
f 6508 6509 6690
f 6509 6691 6690
f 6509 6510 6691
f 6510 6692 6691
f 6510 6511 6692
f 6511 6693 6692
f 6511 6512 6693
f 6512 6694 6693
f 6512 6513 6694
f 6513 6695 6694
f 6513 6514 6695
f 6514 6696 6695
f 6514 6515 6696
f 6515 6697 6696
f 6515 6516 6697
f 6516 6698 6697
f 6516 6517 6698
f 6517 6699 6698
f 6517 6518 6699
f 6518 6519 6699
f 6518 6338 6519
f 6519 6701 6700
f 6519 6520 6701
f 6520 6702 6701
f 6520 6521 6702
f 6521 6703 6702
f 6521 6522 6703
f 6522 6704 6703
f 6522 6523 6704
f 6523 6705 6704
f 6523 6524 6705
f 6524 6706 6705
f 6524 6525 6706
f 6525 6707 6706
f 6525 6526 6707
f 6526 6708 6707
f 6526 6527 6708
f 6527 6709 6708
f 6527 6528 6709
f 6528 6710 6709
f 6528 6529 6710
f 6529 6711 6710
f 6529 6530 6711
f 6530 6712 6711
f 6530 6531 6712
f 6531 6713 6712
f 6531 6532 6713
f 6532 6714 6713
f 6532 6533 6714
f 6533 6715 6714
f 6533 6534 6715
f 6534 6716 6715
f 6534 6535 6716
f 6535 6717 6716
f 6535 6536 6717
f 6536 6718 6717
f 6536 6537 6718
f 6537 6719 6718
f 6537 6538 6719
f 6538 6720 6719
f 6538 6539 6720
f 6539 6721 6720
f 6539 6540 6721
f 6540 6722 6721
f 6540 6541 6722
f 6541 6723 6722
f 6541 6542 6723
f 6542 6724 6723
f 6542 6543 6724
f 6543 6725 6724
f 6543 6544 6725
f 6544 6726 6725
f 6544 6545 6726
f 6545 6727 6726
f 6545 6546 6727
f 6546 6728 6727
f 6546 6547 6728
f 6547 6729 6728
f 6547 6548 6729
f 6548 6730 6729
f 6548 6549 6730
f 6549 6731 6730
f 6549 6550 6731
f 6550 6732 6731
f 6550 6551 6732
f 6551 6733 6732
f 6551 6552 6733
f 6552 6734 6733
f 6552 6553 6734
f 6553 6735 6734
f 6553 6554 6735
f 6554 6736 6735
f 6554 6555 6736
f 6555 6737 6736
f 6555 6556 6737
f 6556 6738 6737
f 6556 6557 6738
f 6557 6739 6738
f 6557 6558 6739
f 6558 6740 6739
f 6558 6559 6740
f 6559 6741 6740
f 6559 6560 6741
f 6560 6742 6741
f 6560 6561 6742
f 6561 6743 6742
f 6561 6562 6743
f 6562 6744 6743
f 6562 6563 6744
f 6563 6745 6744
f 6563 6564 6745
f 6564 6746 6745
f 6564 6565 6746
f 6565 6747 6746
f 6565 6566 6747
f 6566 6748 6747
f 6566 6567 6748
f 6567 6749 6748
f 6567 6568 6749
f 6568 6750 6749
f 6568 6569 6750
f 6569 6751 6750
f 6569 6570 6751
f 6570 6752 6751
f 6570 6571 6752
f 6571 6753 6752
f 6571 6572 6753
f 6572 6754 6753
f 6572 6573 6754
f 6573 6755 6754
f 6573 6574 6755
f 6574 6756 6755
f 6574 6575 6756
f 6575 6757 6756
f 6575 6576 6757
f 6576 6758 6757
f 6576 6577 6758
f 6577 6759 6758
f 6577 6578 6759
f 6578 6760 6759
f 6578 6579 6760
f 6579 6761 6760
f 6579 6580 6761
f 6580 6762 6761
f 6580 6581 6762
f 6581 6763 6762
f 6581 6582 6763
f 6582 6764 6763
f 6582 6583 6764
f 6583 6765 6764
f 6583 6584 6765
f 6584 6766 6765
f 6584 6585 6766
f 6585 6767 6766
f 6585 6586 6767
f 6586 6768 6767
f 6586 6587 6768
f 6587 6769 6768
f 6587 6588 6769
f 6588 6770 6769
f 6588 6589 6770
f 6589 6771 6770
f 6589 6590 6771
f 6590 6772 6771
f 6590 6591 6772
f 6591 6773 6772
f 6591 6592 6773
f 6592 6774 6773
f 6592 6593 6774
f 6593 6775 6774
f 6593 6594 6775
f 6594 6776 6775
f 6594 6595 6776
f 6595 6777 6776
f 6595 6596 6777
f 6596 6778 6777
f 6596 6597 6778
f 6597 6779 6778
f 6597 6598 6779
f 6598 6780 6779
f 6598 6599 6780
f 6599 6781 6780
f 6599 6600 6781
f 6600 6782 6781
f 6600 6601 6782
f 6601 6783 6782
f 6601 6602 6783
f 6602 6784 6783
f 6602 6603 6784
f 6603 6785 6784
f 6603 6604 6785
f 6604 6786 6785
f 6604 6605 6786
f 6605 6787 6786
f 6605 6606 6787
f 6606 6788 6787
f 6606 6607 6788
f 6607 6789 6788
f 6607 6608 6789
f 6608 6790 6789
f 6608 6609 6790
f 6609 6791 6790
f 6609 6610 6791
f 6610 6792 6791
f 6610 6611 6792
f 6611 6793 6792
f 6611 6612 6793
f 6612 6794 6793
f 6612 6613 6794
f 6613 6795 6794
f 6613 6614 6795
f 6614 6796 6795
f 6614 6615 6796
f 6615 6797 6796
f 6615 6616 6797
f 6616 6798 6797
f 6616 6617 6798
f 6617 6799 6798
f 6617 6618 6799
f 6618 6800 6799
f 6618 6619 6800
f 6619 6801 6800
f 6619 6620 6801
f 6620 6802 6801
f 6620 6621 6802
f 6621 6803 6802
f 6621 6622 6803
f 6622 6804 6803
f 6622 6623 6804
f 6623 6805 6804
f 6623 6624 6805
f 6624 6806 6805
f 6624 6625 6806
f 6625 6807 6806
f 6625 6626 6807
f 6626 6808 6807
f 6626 6627 6808
f 6627 6809 6808
f 6627 6628 6809
f 6628 6810 6809
f 6628 6629 6810
f 6629 6811 6810
f 6629 6630 6811
f 6630 6812 6811
f 6630 6631 6812
f 6631 6813 6812
f 6631 6632 6813
f 6632 6814 6813
f 6632 6633 6814
f 6633 6815 6814
f 6633 6634 6815
f 6634 6816 6815
f 6634 6635 6816
f 6635 6817 6816
f 6635 6636 6817
f 6636 6818 6817
f 6636 6637 6818
f 6637 6819 6818
f 6637 6638 6819
f 6638 6820 6819
f 6638 6639 6820
f 6639 6821 6820
f 6639 6640 6821
f 6640 6822 6821
f 6640 6641 6822
f 6641 6823 6822
f 6641 6642 6823
f 6642 6824 6823
f 6642 6643 6824
f 6643 6825 6824
f 6643 6644 6825
f 6644 6826 6825
f 6644 6645 6826
f 6645 6827 6826
f 6645 6646 6827
f 6646 6828 6827
f 6646 6647 6828
f 6647 6829 6828
f 6647 6648 6829
f 6648 6830 6829
f 6648 6649 6830
f 6649 6831 6830
f 6649 6650 6831
f 6650 6832 6831
f 6650 6651 6832
f 6651 6833 6832
f 6651 6652 6833
f 6652 6834 6833
f 6652 6653 6834
f 6653 6835 6834
f 6653 6654 6835
f 6654 6836 6835
f 6654 6655 6836
f 6655 6837 6836
f 6655 6656 6837
f 6656 6838 6837
f 6656 6657 6838
f 6657 6839 6838
f 6657 6658 6839
f 6658 6840 6839
f 6658 6659 6840
f 6659 6841 6840
f 6659 6660 6841
f 6660 6842 6841
f 6660 6661 6842
f 6661 6843 6842
f 6661 6662 6843
f 6662 6844 6843
f 6662 6663 6844
f 6663 6845 6844
f 6663 6664 6845
f 6664 6846 6845
f 6664 6665 6846
f 6665 6847 6846
f 6665 6666 6847
f 6666 6848 6847
f 6666 6667 6848
f 6667 6849 6848
f 6667 6668 6849
f 6668 6850 6849
f 6668 6669 6850
f 6669 6851 6850
f 6669 6670 6851
f 6670 6852 6851
f 6670 6671 6852
f 6671 6853 6852
f 6671 6672 6853
f 6672 6854 6853
f 6672 6673 6854
f 6673 6855 6854
f 6673 6674 6855
f 6674 6856 6855
f 6674 6675 6856
f 6675 6857 6856
f 6675 6676 6857
f 6676 6858 6857
f 6676 6677 6858
f 6677 6859 6858
f 6677 6678 6859
f 6678 6860 6859
f 6678 6679 6860
f 6679 6861 6860
f 6679 6680 6861
f 6680 6862 6861
f 6680 6681 6862
f 6681 6863 6862
f 6681 6682 6863
f 6682 6864 6863
f 6682 6683 6864
f 6683 6865 6864
f 6683 6684 6865
f 6684 6866 6865
f 6684 6685 6866
f 6685 6867 6866
f 6685 6686 6867
f 6686 6868 6867
f 6686 6687 6868
f 6687 6869 6868
f 6687 6688 6869
f 6688 6870 6869
f 6688 6689 6870
f 6689 6871 6870
f 6689 6690 6871
f 6690 6872 6871
f 6690 6691 6872
f 6691 6873 6872
f 6691 6692 6873
f 6692 6874 6873
f 6692 6693 6874
f 6693 6875 6874
f 6693 6694 6875
f 6694 6876 6875
f 6694 6695 6876
f 6695 6877 6876
f 6695 6696 6877
f 6696 6878 6877
f 6696 6697 6878
f 6697 6879 6878
f 6697 6698 6879
f 6698 6880 6879
f 6698 6699 6880
f 6699 6700 6880
f 6699 6519 6700
f 6700 6882 6881
f 6700 6701 6882
f 6701 6883 6882
f 6701 6702 6883
f 6702 6884 6883
f 6702 6703 6884
f 6703 6885 6884
f 6703 6704 6885
f 6704 6886 6885
f 6704 6705 6886
f 6705 6887 6886
f 6705 6706 6887
f 6706 6888 6887
f 6706 6707 6888
f 6707 6889 6888
f 6707 6708 6889
f 6708 6890 6889
f 6708 6709 6890
f 6709 6891 6890
f 6709 6710 6891
f 6710 6892 6891
f 6710 6711 6892
f 6711 6893 6892
f 6711 6712 6893
f 6712 6894 6893
f 6712 6713 6894
f 6713 6895 6894
f 6713 6714 6895
f 6714 6896 6895
f 6714 6715 6896
f 6715 6897 6896
f 6715 6716 6897
f 6716 6898 6897
f 6716 6717 6898
f 6717 6899 6898
f 6717 6718 6899
f 6718 6900 6899
f 6718 6719 6900
f 6719 6901 6900
f 6719 6720 6901
f 6720 6902 6901
f 6720 6721 6902
f 6721 6903 6902
f 6721 6722 6903
f 6722 6904 6903
f 6722 6723 6904
f 6723 6905 6904
f 6723 6724 6905
f 6724 6906 6905
f 6724 6725 6906
f 6725 6907 6906
f 6725 6726 6907
f 6726 6908 6907
f 6726 6727 6908
f 6727 6909 6908
f 6727 6728 6909
f 6728 6910 6909
f 6728 6729 6910
f 6729 6911 6910
f 6729 6730 6911
f 6730 6912 6911
f 6730 6731 6912
f 6731 6913 6912
f 6731 6732 6913
f 6732 6914 6913
f 6732 6733 6914
f 6733 6915 6914
f 6733 6734 6915
f 6734 6916 6915
f 6734 6735 6916
f 6735 6917 6916
f 6735 6736 6917
f 6736 6918 6917
f 6736 6737 6918
f 6737 6919 6918
f 6737 6738 6919
f 6738 6920 6919
f 6738 6739 6920
f 6739 6921 6920
f 6739 6740 6921
f 6740 6922 6921
f 6740 6741 6922
f 6741 6923 6922
f 6741 6742 6923
f 6742 6924 6923
f 6742 6743 6924
f 6743 6925 6924
f 6743 6744 6925
f 6744 6926 6925
f 6744 6745 6926
f 6745 6927 6926
f 6745 6746 6927
f 6746 6928 6927
f 6746 6747 6928
f 6747 6929 6928
f 6747 6748 6929
f 6748 6930 6929
f 6748 6749 6930
f 6749 6931 6930
f 6749 6750 6931
f 6750 6932 6931
f 6750 6751 6932
f 6751 6933 6932
f 6751 6752 6933
f 6752 6934 6933
f 6752 6753 6934
f 6753 6935 6934
f 6753 6754 6935
f 6754 6936 6935
f 6754 6755 6936
f 6755 6937 6936
f 6755 6756 6937
f 6756 6938 6937
f 6756 6757 6938
f 6757 6939 6938
f 6757 6758 6939
f 6758 6940 6939
f 6758 6759 6940
f 6759 6941 6940
f 6759 6760 6941
f 6760 6942 6941
f 6760 6761 6942
f 6761 6943 6942
f 6761 6762 6943
f 6762 6944 6943
f 6762 6763 6944
f 6763 6945 6944
f 6763 6764 6945
f 6764 6946 6945
f 6764 6765 6946
f 6765 6947 6946
f 6765 6766 6947
f 6766 6948 6947
f 6766 6767 6948
f 6767 6949 6948
f 6767 6768 6949
f 6768 6950 6949
f 6768 6769 6950
f 6769 6951 6950
f 6769 6770 6951
f 6770 6952 6951
f 6770 6771 6952
f 6771 6953 6952
f 6771 6772 6953
f 6772 6954 6953
f 6772 6773 6954
f 6773 6955 6954
f 6773 6774 6955
f 6774 6956 6955
f 6774 6775 6956
f 6775 6957 6956
f 6775 6776 6957
f 6776 6958 6957
f 6776 6777 6958
f 6777 6959 6958
f 6777 6778 6959
f 6778 6960 6959
f 6778 6779 6960
f 6779 6961 6960
f 6779 6780 6961
f 6780 6962 6961
f 6780 6781 6962
f 6781 6963 6962
f 6781 6782 6963
f 6782 6964 6963
f 6782 6783 6964
f 6783 6965 6964
f 6783 6784 6965
f 6784 6966 6965
f 6784 6785 6966
f 6785 6967 6966
f 6785 6786 6967
f 6786 6968 6967
f 6786 6787 6968
f 6787 6969 6968
f 6787 6788 6969
f 6788 6970 6969
f 6788 6789 6970
f 6789 6971 6970
f 6789 6790 6971
f 6790 6972 6971
f 6790 6791 6972
f 6791 6973 6972
f 6791 6792 6973
f 6792 6974 6973
f 6792 6793 6974
f 6793 6975 6974
f 6793 6794 6975
f 6794 6976 6975
f 6794 6795 6976
f 6795 6977 6976
f 6795 6796 6977
f 6796 6978 6977
f 6796 6797 6978
f 6797 6979 6978
f 6797 6798 6979
f 6798 6980 6979
f 6798 6799 6980
f 6799 6981 6980
f 6799 6800 6981
f 6800 6982 6981
f 6800 6801 6982
f 6801 6983 6982
f 6801 6802 6983
f 6802 6984 6983
f 6802 6803 6984
f 6803 6985 6984
f 6803 6804 6985
f 6804 6986 6985
f 6804 6805 6986
f 6805 6987 6986
f 6805 6806 6987
f 6806 6988 6987
f 6806 6807 6988
f 6807 6989 6988
f 6807 6808 6989
f 6808 6990 6989
f 6808 6809 6990
f 6809 6991 6990
f 6809 6810 6991
f 6810 6992 6991
f 6810 6811 6992
f 6811 6993 6992
f 6811 6812 6993
f 6812 6994 6993
f 6812 6813 6994
f 6813 6995 6994
f 6813 6814 6995
f 6814 6996 6995
f 6814 6815 6996
f 6815 6997 6996
f 6815 6816 6997
f 6816 6998 6997
f 6816 6817 6998
f 6817 6999 6998
f 6817 6818 6999
f 6818 7000 6999
f 6818 6819 7000
f 6819 7001 7000
f 6819 6820 7001
f 6820 7002 7001
f 6820 6821 7002
f 6821 7003 7002
f 6821 6822 7003
f 6822 7004 7003
f 6822 6823 7004
f 6823 7005 7004
f 6823 6824 7005
f 6824 7006 7005
f 6824 6825 7006
f 6825 7007 7006
f 6825 6826 7007
f 6826 7008 7007
f 6826 6827 7008
f 6827 7009 7008
f 6827 6828 7009
f 6828 7010 7009
f 6828 6829 7010
f 6829 7011 7010
f 6829 6830 7011
f 6830 7012 7011
f 6830 6831 7012
f 6831 7013 7012
f 6831 6832 7013
f 6832 7014 7013
f 6832 6833 7014
f 6833 7015 7014
f 6833 6834 7015
f 6834 7016 7015
f 6834 6835 7016
f 6835 7017 7016
f 6835 6836 7017
f 6836 7018 7017
f 6836 6837 7018
f 6837 7019 7018
f 6837 6838 7019
f 6838 7020 7019
f 6838 6839 7020
f 6839 7021 7020
f 6839 6840 7021
f 6840 7022 7021
f 6840 6841 7022
f 6841 7023 7022
f 6841 6842 7023
f 6842 7024 7023
f 6842 6843 7024
f 6843 7025 7024
f 6843 6844 7025
f 6844 7026 7025
f 6844 6845 7026
f 6845 7027 7026
f 6845 6846 7027
f 6846 7028 7027
f 6846 6847 7028
f 6847 7029 7028
f 6847 6848 7029
f 6848 7030 7029
f 6848 6849 7030
f 6849 7031 7030
f 6849 6850 7031
f 6850 7032 7031
f 6850 6851 7032
f 6851 7033 7032
f 6851 6852 7033
f 6852 7034 7033
f 6852 6853 7034
f 6853 7035 7034
f 6853 6854 7035
f 6854 7036 7035
f 6854 6855 7036
f 6855 7037 7036
f 6855 6856 7037
f 6856 7038 7037
f 6856 6857 7038
f 6857 7039 7038
f 6857 6858 7039
f 6858 7040 7039
f 6858 6859 7040
f 6859 7041 7040
f 6859 6860 7041
f 6860 7042 7041
f 6860 6861 7042
f 6861 7043 7042
f 6861 6862 7043
f 6862 7044 7043
f 6862 6863 7044
f 6863 7045 7044
f 6863 6864 7045
f 6864 7046 7045
f 6864 6865 7046
f 6865 7047 7046
f 6865 6866 7047
f 6866 7048 7047
f 6866 6867 7048
f 6867 7049 7048
f 6867 6868 7049
f 6868 7050 7049
f 6868 6869 7050
f 6869 7051 7050
f 6869 6870 7051
f 6870 7052 7051
f 6870 6871 7052
f 6871 7053 7052
f 6871 6872 7053
f 6872 7054 7053
f 6872 6873 7054
f 6873 7055 7054
f 6873 6874 7055
f 6874 7056 7055
f 6874 6875 7056
f 6875 7057 7056
f 6875 6876 7057
f 6876 7058 7057
f 6876 6877 7058
f 6877 7059 7058
f 6877 6878 7059
f 6878 7060 7059
f 6878 6879 7060
f 6879 7061 7060
f 6879 6880 7061
f 6880 6881 7061
f 6880 6700 6881
f 6881 7063 7062
f 6881 6882 7063
f 6882 7064 7063
f 6882 6883 7064
f 6883 7065 7064
f 6883 6884 7065
f 6884 7066 7065
f 6884 6885 7066
f 6885 7067 7066
f 6885 6886 7067
f 6886 7068 7067
f 6886 6887 7068
f 6887 7069 7068
f 6887 6888 7069
f 6888 7070 7069
f 6888 6889 7070
f 6889 7071 7070
f 6889 6890 7071
f 6890 7072 7071
f 6890 6891 7072
f 6891 7073 7072
f 6891 6892 7073
f 6892 7074 7073
f 6892 6893 7074
f 6893 7075 7074
f 6893 6894 7075
f 6894 7076 7075
f 6894 6895 7076
f 6895 7077 7076
f 6895 6896 7077
f 6896 7078 7077
f 6896 6897 7078
f 6897 7079 7078
f 6897 6898 7079
f 6898 7080 7079
f 6898 6899 7080
f 6899 7081 7080
f 6899 6900 7081
f 6900 7082 7081
f 6900 6901 7082
f 6901 7083 7082
f 6901 6902 7083
f 6902 7084 7083
f 6902 6903 7084
f 6903 7085 7084
f 6903 6904 7085
f 6904 7086 7085
f 6904 6905 7086
f 6905 7087 7086
f 6905 6906 7087
f 6906 7088 7087
f 6906 6907 7088
f 6907 7089 7088
f 6907 6908 7089
f 6908 7090 7089
f 6908 6909 7090
f 6909 7091 7090
f 6909 6910 7091
f 6910 7092 7091
f 6910 6911 7092
f 6911 7093 7092
f 6911 6912 7093
f 6912 7094 7093
f 6912 6913 7094
f 6913 7095 7094
f 6913 6914 7095
f 6914 7096 7095
f 6914 6915 7096
f 6915 7097 7096
f 6915 6916 7097
f 6916 7098 7097
f 6916 6917 7098
f 6917 7099 7098
f 6917 6918 7099
f 6918 7100 7099
f 6918 6919 7100
f 6919 7101 7100
f 6919 6920 7101
f 6920 7102 7101
f 6920 6921 7102
f 6921 7103 7102
f 6921 6922 7103
f 6922 7104 7103
f 6922 6923 7104
f 6923 7105 7104
f 6923 6924 7105
f 6924 7106 7105
f 6924 6925 7106
f 6925 7107 7106
f 6925 6926 7107
f 6926 7108 7107
f 6926 6927 7108
f 6927 7109 7108
f 6927 6928 7109
f 6928 7110 7109
f 6928 6929 7110
f 6929 7111 7110
f 6929 6930 7111
f 6930 7112 7111
f 6930 6931 7112
f 6931 7113 7112
f 6931 6932 7113
f 6932 7114 7113
f 6932 6933 7114
f 6933 7115 7114
f 6933 6934 7115
f 6934 7116 7115
f 6934 6935 7116
f 6935 7117 7116
f 6935 6936 7117
f 6936 7118 7117
f 6936 6937 7118
f 6937 7119 7118
f 6937 6938 7119
f 6938 7120 7119
f 6938 6939 7120
f 6939 7121 7120
f 6939 6940 7121
f 6940 7122 7121
f 6940 6941 7122
f 6941 7123 7122
f 6941 6942 7123
f 6942 7124 7123
f 6942 6943 7124
f 6943 7125 7124
f 6943 6944 7125
f 6944 7126 7125
f 6944 6945 7126
f 6945 7127 7126
f 6945 6946 7127
f 6946 7128 7127
f 6946 6947 7128
f 6947 7129 7128
f 6947 6948 7129
f 6948 7130 7129
f 6948 6949 7130
f 6949 7131 7130
f 6949 6950 7131
f 6950 7132 7131
f 6950 6951 7132
f 6951 7133 7132
f 6951 6952 7133
f 6952 7134 7133
f 6952 6953 7134
f 6953 7135 7134
f 6953 6954 7135
f 6954 7136 7135
f 6954 6955 7136
f 6955 7137 7136
f 6955 6956 7137
f 6956 7138 7137
f 6956 6957 7138
f 6957 7139 7138
f 6957 6958 7139
f 6958 7140 7139
f 6958 6959 7140
f 6959 7141 7140
f 6959 6960 7141
f 6960 7142 7141
f 6960 6961 7142
f 6961 7143 7142
f 6961 6962 7143
f 6962 7144 7143
f 6962 6963 7144
f 6963 7145 7144
f 6963 6964 7145
f 6964 7146 7145
f 6964 6965 7146
f 6965 7147 7146
f 6965 6966 7147
f 6966 7148 7147
f 6966 6967 7148
f 6967 7149 7148
f 6967 6968 7149
f 6968 7150 7149
f 6968 6969 7150
f 6969 7151 7150
f 6969 6970 7151
f 6970 7152 7151
f 6970 6971 7152
f 6971 7153 7152
f 6971 6972 7153
f 6972 7154 7153
f 6972 6973 7154
f 6973 7155 7154
f 6973 6974 7155
f 6974 7156 7155
f 6974 6975 7156
f 6975 7157 7156
f 6975 6976 7157
f 6976 7158 7157
f 6976 6977 7158
f 6977 7159 7158
f 6977 6978 7159
f 6978 7160 7159
f 6978 6979 7160
f 6979 7161 7160
f 6979 6980 7161
f 6980 7162 7161
f 6980 6981 7162
f 6981 7163 7162
f 6981 6982 7163
f 6982 7164 7163
f 6982 6983 7164
f 6983 7165 7164
f 6983 6984 7165
f 6984 7166 7165
f 6984 6985 7166
f 6985 7167 7166
f 6985 6986 7167
f 6986 7168 7167
f 6986 6987 7168
f 6987 7169 7168
f 6987 6988 7169
f 6988 7170 7169
f 6988 6989 7170
f 6989 7171 7170
f 6989 6990 7171
f 6990 7172 7171
f 6990 6991 7172
f 6991 7173 7172
f 6991 6992 7173
f 6992 7174 7173
f 6992 6993 7174
f 6993 7175 7174
f 6993 6994 7175
f 6994 7176 7175
f 6994 6995 7176
f 6995 7177 7176
f 6995 6996 7177
f 6996 7178 7177
f 6996 6997 7178
f 6997 7179 7178
f 6997 6998 7179
f 6998 7180 7179
f 6998 6999 7180
f 6999 7181 7180
f 6999 7000 7181
f 7000 7182 7181
f 7000 7001 7182
f 7001 7183 7182
f 7001 7002 7183
f 7002 7184 7183
f 7002 7003 7184
f 7003 7185 7184
f 7003 7004 7185
f 7004 7186 7185
f 7004 7005 7186
f 7005 7187 7186
f 7005 7006 7187
f 7006 7188 7187
f 7006 7007 7188
f 7007 7189 7188
f 7007 7008 7189
f 7008 7190 7189
f 7008 7009 7190
f 7009 7191 7190
f 7009 7010 7191
f 7010 7192 7191
f 7010 7011 7192
f 7011 7193 7192
f 7011 7012 7193
f 7012 7194 7193
f 7012 7013 7194
f 7013 7195 7194
f 7013 7014 7195
f 7014 7196 7195
f 7014 7015 7196
f 7015 7197 7196
f 7015 7016 7197
f 7016 7198 7197
f 7016 7017 7198
f 7017 7199 7198
f 7017 7018 7199
f 7018 7200 7199
f 7018 7019 7200
f 7019 7201 7200
f 7019 7020 7201
f 7020 7202 7201
f 7020 7021 7202
f 7021 7203 7202
f 7021 7022 7203
f 7022 7204 7203
f 7022 7023 7204
f 7023 7205 7204
f 7023 7024 7205
f 7024 7206 7205
f 7024 7025 7206
f 7025 7207 7206
f 7025 7026 7207
f 7026 7208 7207
f 7026 7027 7208
f 7027 7209 7208
f 7027 7028 7209
f 7028 7210 7209
f 7028 7029 7210
f 7029 7211 7210
f 7029 7030 7211
f 7030 7212 7211
f 7030 7031 7212
f 7031 7213 7212
f 7031 7032 7213
f 7032 7214 7213
f 7032 7033 7214
f 7033 7215 7214
f 7033 7034 7215
f 7034 7216 7215
f 7034 7035 7216
f 7035 7217 7216
f 7035 7036 7217
f 7036 7218 7217
f 7036 7037 7218
f 7037 7219 7218
f 7037 7038 7219
f 7038 7220 7219
f 7038 7039 7220
f 7039 7221 7220
f 7039 7040 7221
f 7040 7222 7221
f 7040 7041 7222
f 7041 7223 7222
f 7041 7042 7223
f 7042 7224 7223
f 7042 7043 7224
f 7043 7225 7224
f 7043 7044 7225
f 7044 7226 7225
f 7044 7045 7226
f 7045 7227 7226
f 7045 7046 7227
f 7046 7228 7227
f 7046 7047 7228
f 7047 7229 7228
f 7047 7048 7229
f 7048 7230 7229
f 7048 7049 7230
f 7049 7231 7230
f 7049 7050 7231
f 7050 7232 7231
f 7050 7051 7232
f 7051 7233 7232
f 7051 7052 7233
f 7052 7234 7233
f 7052 7053 7234
f 7053 7235 7234
f 7053 7054 7235
f 7054 7236 7235
f 7054 7055 7236
f 7055 7237 7236
f 7055 7056 7237
f 7056 7238 7237
f 7056 7057 7238
f 7057 7239 7238
f 7057 7058 7239
f 7058 7240 7239
f 7058 7059 7240
f 7059 7241 7240
f 7059 7060 7241
f 7060 7242 7241
f 7060 7061 7242
f 7061 7062 7242
f 7061 6881 7062
f 7062 7244 7243
f 7062 7063 7244
f 7063 7245 7244
f 7063 7064 7245
f 7064 7246 7245
f 7064 7065 7246
f 7065 7247 7246
f 7065 7066 7247
f 7066 7248 7247
f 7066 7067 7248
f 7067 7249 7248
f 7067 7068 7249
f 7068 7250 7249
f 7068 7069 7250
f 7069 7251 7250
f 7069 7070 7251
f 7070 7252 7251
f 7070 7071 7252
f 7071 7253 7252
f 7071 7072 7253
f 7072 7254 7253
f 7072 7073 7254
f 7073 7255 7254
f 7073 7074 7255
f 7074 7256 7255
f 7074 7075 7256
f 7075 7257 7256
f 7075 7076 7257
f 7076 7258 7257
f 7076 7077 7258
f 7077 7259 7258
f 7077 7078 7259
f 7078 7260 7259
f 7078 7079 7260
f 7079 7261 7260
f 7079 7080 7261
f 7080 7262 7261
f 7080 7081 7262
f 7081 7263 7262
f 7081 7082 7263
f 7082 7264 7263
f 7082 7083 7264
f 7083 7265 7264
f 7083 7084 7265
f 7084 7266 7265
f 7084 7085 7266
f 7085 7267 7266
f 7085 7086 7267
f 7086 7268 7267
f 7086 7087 7268
f 7087 7269 7268
f 7087 7088 7269
f 7088 7270 7269
f 7088 7089 7270
f 7089 7271 7270
f 7089 7090 7271
f 7090 7272 7271
f 7090 7091 7272
f 7091 7273 7272
f 7091 7092 7273
f 7092 7274 7273
f 7092 7093 7274
f 7093 7275 7274
f 7093 7094 7275
f 7094 7276 7275
f 7094 7095 7276
f 7095 7277 7276
f 7095 7096 7277
f 7096 7278 7277
f 7096 7097 7278
f 7097 7279 7278
f 7097 7098 7279
f 7098 7280 7279
f 7098 7099 7280
f 7099 7281 7280
f 7099 7100 7281
f 7100 7282 7281
f 7100 7101 7282
f 7101 7283 7282
f 7101 7102 7283
f 7102 7284 7283
f 7102 7103 7284
f 7103 7285 7284
f 7103 7104 7285
f 7104 7286 7285
f 7104 7105 7286
f 7105 7287 7286
f 7105 7106 7287
f 7106 7288 7287
f 7106 7107 7288
f 7107 7289 7288
f 7107 7108 7289
f 7108 7290 7289
f 7108 7109 7290
f 7109 7291 7290
f 7109 7110 7291
f 7110 7292 7291
f 7110 7111 7292
f 7111 7293 7292
f 7111 7112 7293
f 7112 7294 7293
f 7112 7113 7294
f 7113 7295 7294
f 7113 7114 7295
f 7114 7296 7295
f 7114 7115 7296
f 7115 7297 7296
f 7115 7116 7297
f 7116 7298 7297
f 7116 7117 7298
f 7117 7299 7298
f 7117 7118 7299
f 7118 7300 7299
f 7118 7119 7300
f 7119 7301 7300
f 7119 7120 7301
f 7120 7302 7301
f 7120 7121 7302
f 7121 7303 7302
f 7121 7122 7303
f 7122 7304 7303
f 7122 7123 7304
f 7123 7305 7304
f 7123 7124 7305
f 7124 7306 7305
f 7124 7125 7306
f 7125 7307 7306
f 7125 7126 7307
f 7126 7308 7307
f 7126 7127 7308
f 7127 7309 7308
f 7127 7128 7309
f 7128 7310 7309
f 7128 7129 7310
f 7129 7311 7310
f 7129 7130 7311
f 7130 7312 7311
f 7130 7131 7312
f 7131 7313 7312
f 7131 7132 7313
f 7132 7314 7313
f 7132 7133 7314
f 7133 7315 7314
f 7133 7134 7315
f 7134 7316 7315
f 7134 7135 7316
f 7135 7317 7316
f 7135 7136 7317
f 7136 7318 7317
f 7136 7137 7318
f 7137 7319 7318
f 7137 7138 7319
f 7138 7320 7319
f 7138 7139 7320
f 7139 7321 7320
f 7139 7140 7321
f 7140 7322 7321
f 7140 7141 7322
f 7141 7323 7322
f 7141 7142 7323
f 7142 7324 7323
f 7142 7143 7324
f 7143 7325 7324
f 7143 7144 7325
f 7144 7326 7325
f 7144 7145 7326
f 7145 7327 7326
f 7145 7146 7327
f 7146 7328 7327
f 7146 7147 7328
f 7147 7329 7328
f 7147 7148 7329
f 7148 7330 7329
f 7148 7149 7330
f 7149 7331 7330
f 7149 7150 7331
f 7150 7332 7331
f 7150 7151 7332
f 7151 7333 7332
f 7151 7152 7333
f 7152 7334 7333
f 7152 7153 7334
f 7153 7335 7334
f 7153 7154 7335
f 7154 7336 7335
f 7154 7155 7336
f 7155 7337 7336
f 7155 7156 7337
f 7156 7338 7337
f 7156 7157 7338
f 7157 7339 7338
f 7157 7158 7339
f 7158 7340 7339
f 7158 7159 7340
f 7159 7341 7340
f 7159 7160 7341
f 7160 7342 7341
f 7160 7161 7342
f 7161 7343 7342
f 7161 7162 7343
f 7162 7344 7343
f 7162 7163 7344
f 7163 7345 7344
f 7163 7164 7345
f 7164 7346 7345
f 7164 7165 7346
f 7165 7347 7346
f 7165 7166 7347
f 7166 7348 7347
f 7166 7167 7348
f 7167 7349 7348
f 7167 7168 7349
f 7168 7350 7349
f 7168 7169 7350
f 7169 7351 7350
f 7169 7170 7351
f 7170 7352 7351
f 7170 7171 7352
f 7171 7353 7352
f 7171 7172 7353
f 7172 7354 7353
f 7172 7173 7354
f 7173 7355 7354
f 7173 7174 7355
f 7174 7356 7355
f 7174 7175 7356
f 7175 7357 7356
f 7175 7176 7357
f 7176 7358 7357
f 7176 7177 7358
f 7177 7359 7358
f 7177 7178 7359
f 7178 7360 7359
f 7178 7179 7360
f 7179 7361 7360
f 7179 7180 7361
f 7180 7362 7361
f 7180 7181 7362
f 7181 7363 7362
f 7181 7182 7363
f 7182 7364 7363
f 7182 7183 7364
f 7183 7365 7364
f 7183 7184 7365
f 7184 7366 7365
f 7184 7185 7366
f 7185 7367 7366
f 7185 7186 7367
f 7186 7368 7367
f 7186 7187 7368
f 7187 7369 7368
f 7187 7188 7369
f 7188 7370 7369
f 7188 7189 7370
f 7189 7371 7370
f 7189 7190 7371
f 7190 7372 7371
f 7190 7191 7372
f 7191 7373 7372
f 7191 7192 7373
f 7192 7374 7373
f 7192 7193 7374
f 7193 7375 7374
f 7193 7194 7375
f 7194 7376 7375
f 7194 7195 7376
f 7195 7377 7376
f 7195 7196 7377
f 7196 7378 7377
f 7196 7197 7378
f 7197 7379 7378
f 7197 7198 7379
f 7198 7380 7379
f 7198 7199 7380
f 7199 7381 7380
f 7199 7200 7381
f 7200 7382 7381
f 7200 7201 7382
f 7201 7383 7382
f 7201 7202 7383
f 7202 7384 7383
f 7202 7203 7384
f 7203 7385 7384
f 7203 7204 7385
f 7204 7386 7385
f 7204 7205 7386
f 7205 7387 7386
f 7205 7206 7387
f 7206 7388 7387
f 7206 7207 7388
f 7207 7389 7388
f 7207 7208 7389
f 7208 7390 7389
f 7208 7209 7390
f 7209 7391 7390
f 7209 7210 7391
f 7210 7392 7391
f 7210 7211 7392
f 7211 7393 7392
f 7211 7212 7393
f 7212 7394 7393
f 7212 7213 7394
f 7213 7395 7394
f 7213 7214 7395
f 7214 7396 7395
f 7214 7215 7396
f 7215 7397 7396
f 7215 7216 7397
f 7216 7398 7397
f 7216 7217 7398
f 7217 7399 7398
f 7217 7218 7399
f 7218 7400 7399
f 7218 7219 7400
f 7219 7401 7400
f 7219 7220 7401
f 7220 7402 7401
f 7220 7221 7402
f 7221 7403 7402
f 7221 7222 7403
f 7222 7404 7403
f 7222 7223 7404
f 7223 7405 7404
f 7223 7224 7405
f 7224 7406 7405
f 7224 7225 7406
f 7225 7407 7406
f 7225 7226 7407
f 7226 7408 7407
f 7226 7227 7408
f 7227 7409 7408
f 7227 7228 7409
f 7228 7410 7409
f 7228 7229 7410
f 7229 7411 7410
f 7229 7230 7411
f 7230 7412 7411
f 7230 7231 7412
f 7231 7413 7412
f 7231 7232 7413
f 7232 7414 7413
f 7232 7233 7414
f 7233 7415 7414
f 7233 7234 7415
f 7234 7416 7415
f 7234 7235 7416
f 7235 7417 7416
f 7235 7236 7417
f 7236 7418 7417
f 7236 7237 7418
f 7237 7419 7418
f 7237 7238 7419
f 7238 7420 7419
f 7238 7239 7420
f 7239 7421 7420
f 7239 7240 7421
f 7240 7422 7421
f 7240 7241 7422
f 7241 7423 7422
f 7241 7242 7423
f 7242 7243 7423
f 7242 7062 7243
f 7243 7425 7424
f 7243 7244 7425
f 7244 7426 7425
f 7244 7245 7426
f 7245 7427 7426
f 7245 7246 7427
f 7246 7428 7427
f 7246 7247 7428
f 7247 7429 7428
f 7247 7248 7429
f 7248 7430 7429
f 7248 7249 7430
f 7249 7431 7430
f 7249 7250 7431
f 7250 7432 7431
f 7250 7251 7432
f 7251 7433 7432
f 7251 7252 7433
f 7252 7434 7433
f 7252 7253 7434
f 7253 7435 7434
f 7253 7254 7435
f 7254 7436 7435
f 7254 7255 7436
f 7255 7437 7436
f 7255 7256 7437
f 7256 7438 7437
f 7256 7257 7438
f 7257 7439 7438
f 7257 7258 7439
f 7258 7440 7439
f 7258 7259 7440
f 7259 7441 7440
f 7259 7260 7441
f 7260 7442 7441
f 7260 7261 7442
f 7261 7443 7442
f 7261 7262 7443
f 7262 7444 7443
f 7262 7263 7444
f 7263 7445 7444
f 7263 7264 7445
f 7264 7446 7445
f 7264 7265 7446
f 7265 7447 7446
f 7265 7266 7447
f 7266 7448 7447
f 7266 7267 7448
f 7267 7449 7448
f 7267 7268 7449
f 7268 7450 7449
f 7268 7269 7450
f 7269 7451 7450
f 7269 7270 7451
f 7270 7452 7451
f 7270 7271 7452
f 7271 7453 7452
f 7271 7272 7453
f 7272 7454 7453
f 7272 7273 7454
f 7273 7455 7454
f 7273 7274 7455
f 7274 7456 7455
f 7274 7275 7456
f 7275 7457 7456
f 7275 7276 7457
f 7276 7458 7457
f 7276 7277 7458
f 7277 7459 7458
f 7277 7278 7459
f 7278 7460 7459
f 7278 7279 7460
f 7279 7461 7460
f 7279 7280 7461
f 7280 7462 7461
f 7280 7281 7462
f 7281 7463 7462
f 7281 7282 7463
f 7282 7464 7463
f 7282 7283 7464
f 7283 7465 7464
f 7283 7284 7465
f 7284 7466 7465
f 7284 7285 7466
f 7285 7467 7466
f 7285 7286 7467
f 7286 7468 7467
f 7286 7287 7468
f 7287 7469 7468
f 7287 7288 7469
f 7288 7470 7469
f 7288 7289 7470
f 7289 7471 7470
f 7289 7290 7471
f 7290 7472 7471
f 7290 7291 7472
f 7291 7473 7472
f 7291 7292 7473
f 7292 7474 7473
f 7292 7293 7474
f 7293 7475 7474
f 7293 7294 7475
f 7294 7476 7475
f 7294 7295 7476
f 7295 7477 7476
f 7295 7296 7477
f 7296 7478 7477
f 7296 7297 7478
f 7297 7479 7478
f 7297 7298 7479
f 7298 7480 7479
f 7298 7299 7480
f 7299 7481 7480
f 7299 7300 7481
f 7300 7482 7481
f 7300 7301 7482
f 7301 7483 7482
f 7301 7302 7483
f 7302 7484 7483
f 7302 7303 7484
f 7303 7485 7484
f 7303 7304 7485
f 7304 7486 7485
f 7304 7305 7486
f 7305 7487 7486
f 7305 7306 7487
f 7306 7488 7487
f 7306 7307 7488
f 7307 7489 7488
f 7307 7308 7489
f 7308 7490 7489
f 7308 7309 7490
f 7309 7491 7490
f 7309 7310 7491
f 7310 7492 7491
f 7310 7311 7492
f 7311 7493 7492
f 7311 7312 7493
f 7312 7494 7493
f 7312 7313 7494
f 7313 7495 7494
f 7313 7314 7495
f 7314 7496 7495
f 7314 7315 7496
f 7315 7497 7496
f 7315 7316 7497
f 7316 7498 7497
f 7316 7317 7498
f 7317 7499 7498
f 7317 7318 7499
f 7318 7500 7499
f 7318 7319 7500
f 7319 7501 7500
f 7319 7320 7501
f 7320 7502 7501
f 7320 7321 7502
f 7321 7503 7502
f 7321 7322 7503
f 7322 7504 7503
f 7322 7323 7504
f 7323 7505 7504
f 7323 7324 7505
f 7324 7506 7505
f 7324 7325 7506
f 7325 7507 7506
f 7325 7326 7507
f 7326 7508 7507
f 7326 7327 7508
f 7327 7509 7508
f 7327 7328 7509
f 7328 7510 7509
f 7328 7329 7510
f 7329 7511 7510
f 7329 7330 7511
f 7330 7512 7511
f 7330 7331 7512
f 7331 7513 7512
f 7331 7332 7513
f 7332 7514 7513
f 7332 7333 7514
f 7333 7515 7514
f 7333 7334 7515
f 7334 7516 7515
f 7334 7335 7516
f 7335 7517 7516
f 7335 7336 7517
f 7336 7518 7517
f 7336 7337 7518
f 7337 7519 7518
f 7337 7338 7519
f 7338 7520 7519
f 7338 7339 7520
f 7339 7521 7520
f 7339 7340 7521
f 7340 7522 7521
f 7340 7341 7522
f 7341 7523 7522
f 7341 7342 7523
f 7342 7524 7523
f 7342 7343 7524
f 7343 7525 7524
f 7343 7344 7525
f 7344 7526 7525
f 7344 7345 7526
f 7345 7527 7526
f 7345 7346 7527
f 7346 7528 7527
f 7346 7347 7528
f 7347 7529 7528
f 7347 7348 7529
f 7348 7530 7529
f 7348 7349 7530
f 7349 7531 7530
f 7349 7350 7531
f 7350 7532 7531
f 7350 7351 7532
f 7351 7533 7532
f 7351 7352 7533
f 7352 7534 7533
f 7352 7353 7534
f 7353 7535 7534
f 7353 7354 7535
f 7354 7536 7535
f 7354 7355 7536
f 7355 7537 7536
f 7355 7356 7537
f 7356 7538 7537
f 7356 7357 7538
f 7357 7539 7538
f 7357 7358 7539
f 7358 7540 7539
f 7358 7359 7540
f 7359 7541 7540
f 7359 7360 7541
f 7360 7542 7541
f 7360 7361 7542
f 7361 7543 7542
f 7361 7362 7543
f 7362 7544 7543
f 7362 7363 7544
f 7363 7545 7544
f 7363 7364 7545
f 7364 7546 7545
f 7364 7365 7546
f 7365 7547 7546
f 7365 7366 7547
f 7366 7548 7547
f 7366 7367 7548
f 7367 7549 7548
f 7367 7368 7549
f 7368 7550 7549
f 7368 7369 7550
f 7369 7551 7550
f 7369 7370 7551
f 7370 7552 7551
f 7370 7371 7552
f 7371 7553 7552
f 7371 7372 7553
f 7372 7554 7553
f 7372 7373 7554
f 7373 7555 7554
f 7373 7374 7555
f 7374 7556 7555
f 7374 7375 7556
f 7375 7557 7556
f 7375 7376 7557
f 7376 7558 7557
f 7376 7377 7558
f 7377 7559 7558
f 7377 7378 7559
f 7378 7560 7559
f 7378 7379 7560
f 7379 7561 7560
f 7379 7380 7561
f 7380 7562 7561
f 7380 7381 7562
f 7381 7563 7562
f 7381 7382 7563
f 7382 7564 7563
f 7382 7383 7564
f 7383 7565 7564
f 7383 7384 7565
f 7384 7566 7565
f 7384 7385 7566
f 7385 7567 7566
f 7385 7386 7567
f 7386 7568 7567
f 7386 7387 7568
f 7387 7569 7568
f 7387 7388 7569
f 7388 7570 7569
f 7388 7389 7570
f 7389 7571 7570
f 7389 7390 7571
f 7390 7572 7571
f 7390 7391 7572
f 7391 7573 7572
f 7391 7392 7573
f 7392 7574 7573
f 7392 7393 7574
f 7393 7575 7574
f 7393 7394 7575
f 7394 7576 7575
f 7394 7395 7576
f 7395 7577 7576
f 7395 7396 7577
f 7396 7578 7577
f 7396 7397 7578
f 7397 7579 7578
f 7397 7398 7579
f 7398 7580 7579
f 7398 7399 7580
f 7399 7581 7580
f 7399 7400 7581
f 7400 7582 7581
f 7400 7401 7582
f 7401 7583 7582
f 7401 7402 7583
f 7402 7584 7583
f 7402 7403 7584
f 7403 7585 7584
f 7403 7404 7585
f 7404 7586 7585
f 7404 7405 7586
f 7405 7587 7586
f 7405 7406 7587
f 7406 7588 7587
f 7406 7407 7588
f 7407 7589 7588
f 7407 7408 7589
f 7408 7590 7589
f 7408 7409 7590
f 7409 7591 7590
f 7409 7410 7591
f 7410 7592 7591
f 7410 7411 7592
f 7411 7593 7592
f 7411 7412 7593
f 7412 7594 7593
f 7412 7413 7594
f 7413 7595 7594
f 7413 7414 7595
f 7414 7596 7595
f 7414 7415 7596
f 7415 7597 7596
f 7415 7416 7597
f 7416 7598 7597
f 7416 7417 7598
f 7417 7599 7598
f 7417 7418 7599
f 7418 7600 7599
f 7418 7419 7600
f 7419 7601 7600
f 7419 7420 7601
f 7420 7602 7601
f 7420 7421 7602
f 7421 7603 7602
f 7421 7422 7603
f 7422 7604 7603
f 7422 7423 7604
f 7423 7424 7604
f 7423 7243 7424
f 7424 7606 7605
f 7424 7425 7606
f 7425 7607 7606
f 7425 7426 7607
f 7426 7608 7607
f 7426 7427 7608
f 7427 7609 7608
f 7427 7428 7609
f 7428 7610 7609
f 7428 7429 7610
f 7429 7611 7610
f 7429 7430 7611
f 7430 7612 7611
f 7430 7431 7612
f 7431 7613 7612
f 7431 7432 7613
f 7432 7614 7613
f 7432 7433 7614
f 7433 7615 7614
f 7433 7434 7615
f 7434 7616 7615
f 7434 7435 7616
f 7435 7617 7616
f 7435 7436 7617
f 7436 7618 7617
f 7436 7437 7618
f 7437 7619 7618
f 7437 7438 7619
f 7438 7620 7619
f 7438 7439 7620
f 7439 7621 7620
f 7439 7440 7621
f 7440 7622 7621
f 7440 7441 7622
f 7441 7623 7622
f 7441 7442 7623
f 7442 7624 7623
f 7442 7443 7624
f 7443 7625 7624
f 7443 7444 7625
f 7444 7626 7625
f 7444 7445 7626
f 7445 7627 7626
f 7445 7446 7627
f 7446 7628 7627
f 7446 7447 7628
f 7447 7629 7628
f 7447 7448 7629
f 7448 7630 7629
f 7448 7449 7630
f 7449 7631 7630
f 7449 7450 7631
f 7450 7632 7631
f 7450 7451 7632
f 7451 7633 7632
f 7451 7452 7633
f 7452 7634 7633
f 7452 7453 7634
f 7453 7635 7634
f 7453 7454 7635
f 7454 7636 7635
f 7454 7455 7636
f 7455 7637 7636
f 7455 7456 7637
f 7456 7638 7637
f 7456 7457 7638
f 7457 7639 7638
f 7457 7458 7639
f 7458 7640 7639
f 7458 7459 7640
f 7459 7641 7640
f 7459 7460 7641
f 7460 7642 7641
f 7460 7461 7642
f 7461 7643 7642
f 7461 7462 7643
f 7462 7644 7643
f 7462 7463 7644
f 7463 7645 7644
f 7463 7464 7645
f 7464 7646 7645
f 7464 7465 7646
f 7465 7647 7646
f 7465 7466 7647
f 7466 7648 7647
f 7466 7467 7648
f 7467 7649 7648
f 7467 7468 7649
f 7468 7650 7649
f 7468 7469 7650
f 7469 7651 7650
f 7469 7470 7651
f 7470 7652 7651
f 7470 7471 7652
f 7471 7653 7652
f 7471 7472 7653
f 7472 7654 7653
f 7472 7473 7654
f 7473 7655 7654
f 7473 7474 7655
f 7474 7656 7655
f 7474 7475 7656
f 7475 7657 7656
f 7475 7476 7657
f 7476 7658 7657
f 7476 7477 7658
f 7477 7659 7658
f 7477 7478 7659
f 7478 7660 7659
f 7478 7479 7660
f 7479 7661 7660
f 7479 7480 7661
f 7480 7662 7661
f 7480 7481 7662
f 7481 7663 7662
f 7481 7482 7663
f 7482 7664 7663
f 7482 7483 7664
f 7483 7665 7664
f 7483 7484 7665
f 7484 7666 7665
f 7484 7485 7666
f 7485 7667 7666
f 7485 7486 7667
f 7486 7668 7667
f 7486 7487 7668
f 7487 7669 7668
f 7487 7488 7669
f 7488 7670 7669
f 7488 7489 7670
f 7489 7671 7670
f 7489 7490 7671
f 7490 7672 7671
f 7490 7491 7672
f 7491 7673 7672
f 7491 7492 7673
f 7492 7674 7673
f 7492 7493 7674
f 7493 7675 7674
f 7493 7494 7675
f 7494 7676 7675
f 7494 7495 7676
f 7495 7677 7676
f 7495 7496 7677
f 7496 7678 7677
f 7496 7497 7678
f 7497 7679 7678
f 7497 7498 7679
f 7498 7680 7679
f 7498 7499 7680
f 7499 7681 7680
f 7499 7500 7681
f 7500 7682 7681
f 7500 7501 7682
f 7501 7683 7682
f 7501 7502 7683
f 7502 7684 7683
f 7502 7503 7684
f 7503 7685 7684
f 7503 7504 7685
f 7504 7686 7685
f 7504 7505 7686
f 7505 7687 7686
f 7505 7506 7687
f 7506 7688 7687
f 7506 7507 7688
f 7507 7689 7688
f 7507 7508 7689
f 7508 7690 7689
f 7508 7509 7690
f 7509 7691 7690
f 7509 7510 7691
f 7510 7692 7691
f 7510 7511 7692
f 7511 7693 7692
f 7511 7512 7693
f 7512 7694 7693
f 7512 7513 7694
f 7513 7695 7694
f 7513 7514 7695
f 7514 7696 7695
f 7514 7515 7696
f 7515 7697 7696
f 7515 7516 7697
f 7516 7698 7697
f 7516 7517 7698
f 7517 7699 7698
f 7517 7518 7699
f 7518 7700 7699
f 7518 7519 7700
f 7519 7701 7700
f 7519 7520 7701
f 7520 7702 7701
f 7520 7521 7702
f 7521 7703 7702
f 7521 7522 7703
f 7522 7704 7703
f 7522 7523 7704
f 7523 7705 7704
f 7523 7524 7705
f 7524 7706 7705
f 7524 7525 7706
f 7525 7707 7706
f 7525 7526 7707
f 7526 7708 7707
f 7526 7527 7708
f 7527 7709 7708
f 7527 7528 7709
f 7528 7710 7709
f 7528 7529 7710
f 7529 7711 7710
f 7529 7530 7711
f 7530 7712 7711
f 7530 7531 7712
f 7531 7713 7712
f 7531 7532 7713
f 7532 7714 7713
f 7532 7533 7714
f 7533 7715 7714
f 7533 7534 7715
f 7534 7716 7715
f 7534 7535 7716
f 7535 7717 7716
f 7535 7536 7717
f 7536 7718 7717
f 7536 7537 7718
f 7537 7719 7718
f 7537 7538 7719
f 7538 7720 7719
f 7538 7539 7720
f 7539 7721 7720
f 7539 7540 7721
f 7540 7722 7721
f 7540 7541 7722
f 7541 7723 7722
f 7541 7542 7723
f 7542 7724 7723
f 7542 7543 7724
f 7543 7725 7724
f 7543 7544 7725
f 7544 7726 7725
f 7544 7545 7726
f 7545 7727 7726
f 7545 7546 7727
f 7546 7728 7727
f 7546 7547 7728
f 7547 7729 7728
f 7547 7548 7729
f 7548 7730 7729
f 7548 7549 7730
f 7549 7731 7730
f 7549 7550 7731
f 7550 7732 7731
f 7550 7551 7732
f 7551 7733 7732
f 7551 7552 7733
f 7552 7734 7733
f 7552 7553 7734
f 7553 7735 7734
f 7553 7554 7735
f 7554 7736 7735
f 7554 7555 7736
f 7555 7737 7736
f 7555 7556 7737
f 7556 7738 7737
f 7556 7557 7738
f 7557 7739 7738
f 7557 7558 7739
f 7558 7740 7739
f 7558 7559 7740
f 7559 7741 7740
f 7559 7560 7741
f 7560 7742 7741
f 7560 7561 7742
f 7561 7743 7742
f 7561 7562 7743
f 7562 7744 7743
f 7562 7563 7744
f 7563 7745 7744
f 7563 7564 7745
f 7564 7746 7745
f 7564 7565 7746
f 7565 7747 7746
f 7565 7566 7747
f 7566 7748 7747
f 7566 7567 7748
f 7567 7749 7748
f 7567 7568 7749
f 7568 7750 7749
f 7568 7569 7750
f 7569 7751 7750
f 7569 7570 7751
f 7570 7752 7751
f 7570 7571 7752
f 7571 7753 7752
f 7571 7572 7753
f 7572 7754 7753
f 7572 7573 7754
f 7573 7755 7754
f 7573 7574 7755
f 7574 7756 7755
f 7574 7575 7756
f 7575 7757 7756
f 7575 7576 7757
f 7576 7758 7757
f 7576 7577 7758
f 7577 7759 7758
f 7577 7578 7759
f 7578 7760 7759
f 7578 7579 7760
f 7579 7761 7760
f 7579 7580 7761
f 7580 7762 7761
f 7580 7581 7762
f 7581 7763 7762
f 7581 7582 7763
f 7582 7764 7763
f 7582 7583 7764
f 7583 7765 7764
f 7583 7584 7765
f 7584 7766 7765
f 7584 7585 7766
f 7585 7767 7766
f 7585 7586 7767
f 7586 7768 7767
f 7586 7587 7768
f 7587 7769 7768
f 7587 7588 7769
f 7588 7770 7769
f 7588 7589 7770
f 7589 7771 7770
f 7589 7590 7771
f 7590 7772 7771
f 7590 7591 7772
f 7591 7773 7772
f 7591 7592 7773
f 7592 7774 7773
f 7592 7593 7774
f 7593 7775 7774
f 7593 7594 7775
f 7594 7776 7775
f 7594 7595 7776
f 7595 7777 7776
f 7595 7596 7777
f 7596 7778 7777
f 7596 7597 7778
f 7597 7779 7778
f 7597 7598 7779
f 7598 7780 7779
f 7598 7599 7780
f 7599 7781 7780
f 7599 7600 7781
f 7600 7782 7781
f 7600 7601 7782
f 7601 7783 7782
f 7601 7602 7783
f 7602 7784 7783
f 7602 7603 7784
f 7603 7785 7784
f 7603 7604 7785
f 7604 7605 7785
f 7604 7424 7605
f 7605 7787 7786
f 7605 7606 7787
f 7606 7788 7787
f 7606 7607 7788
f 7607 7789 7788
f 7607 7608 7789
f 7608 7790 7789
f 7608 7609 7790
f 7609 7791 7790
f 7609 7610 7791
f 7610 7792 7791
f 7610 7611 7792
f 7611 7793 7792
f 7611 7612 7793
f 7612 7794 7793
f 7612 7613 7794
f 7613 7795 7794
f 7613 7614 7795
f 7614 7796 7795
f 7614 7615 7796
f 7615 7797 7796
f 7615 7616 7797
f 7616 7798 7797
f 7616 7617 7798
f 7617 7799 7798
f 7617 7618 7799
f 7618 7800 7799
f 7618 7619 7800
f 7619 7801 7800
f 7619 7620 7801
f 7620 7802 7801
f 7620 7621 7802
f 7621 7803 7802
f 7621 7622 7803
f 7622 7804 7803
f 7622 7623 7804
f 7623 7805 7804
f 7623 7624 7805
f 7624 7806 7805
f 7624 7625 7806
f 7625 7807 7806
f 7625 7626 7807
f 7626 7808 7807
f 7626 7627 7808
f 7627 7809 7808
f 7627 7628 7809
f 7628 7810 7809
f 7628 7629 7810
f 7629 7811 7810
f 7629 7630 7811
f 7630 7812 7811
f 7630 7631 7812
f 7631 7813 7812
f 7631 7632 7813
f 7632 7814 7813
f 7632 7633 7814
f 7633 7815 7814
f 7633 7634 7815
f 7634 7816 7815
f 7634 7635 7816
f 7635 7817 7816
f 7635 7636 7817
f 7636 7818 7817
f 7636 7637 7818
f 7637 7819 7818
f 7637 7638 7819
f 7638 7820 7819
f 7638 7639 7820
f 7639 7821 7820
f 7639 7640 7821
f 7640 7822 7821
f 7640 7641 7822
f 7641 7823 7822
f 7641 7642 7823
f 7642 7824 7823
f 7642 7643 7824
f 7643 7825 7824
f 7643 7644 7825
f 7644 7826 7825
f 7644 7645 7826
f 7645 7827 7826
f 7645 7646 7827
f 7646 7828 7827
f 7646 7647 7828
f 7647 7829 7828
f 7647 7648 7829
f 7648 7830 7829
f 7648 7649 7830
f 7649 7831 7830
f 7649 7650 7831
f 7650 7832 7831
f 7650 7651 7832
f 7651 7833 7832
f 7651 7652 7833
f 7652 7834 7833
f 7652 7653 7834
f 7653 7835 7834
f 7653 7654 7835
f 7654 7836 7835
f 7654 7655 7836
f 7655 7837 7836
f 7655 7656 7837
f 7656 7838 7837
f 7656 7657 7838
f 7657 7839 7838
f 7657 7658 7839
f 7658 7840 7839
f 7658 7659 7840
f 7659 7841 7840
f 7659 7660 7841
f 7660 7842 7841
f 7660 7661 7842
f 7661 7843 7842
f 7661 7662 7843
f 7662 7844 7843
f 7662 7663 7844
f 7663 7845 7844
f 7663 7664 7845
f 7664 7846 7845
f 7664 7665 7846
f 7665 7847 7846
f 7665 7666 7847
f 7666 7848 7847
f 7666 7667 7848
f 7667 7849 7848
f 7667 7668 7849
f 7668 7850 7849
f 7668 7669 7850
f 7669 7851 7850
f 7669 7670 7851
f 7670 7852 7851
f 7670 7671 7852
f 7671 7853 7852
f 7671 7672 7853
f 7672 7854 7853
f 7672 7673 7854
f 7673 7855 7854
f 7673 7674 7855
f 7674 7856 7855
f 7674 7675 7856
f 7675 7857 7856
f 7675 7676 7857
f 7676 7858 7857
f 7676 7677 7858
f 7677 7859 7858
f 7677 7678 7859
f 7678 7860 7859
f 7678 7679 7860
f 7679 7861 7860
f 7679 7680 7861
f 7680 7862 7861
f 7680 7681 7862
f 7681 7863 7862
f 7681 7682 7863
f 7682 7864 7863
f 7682 7683 7864
f 7683 7865 7864
f 7683 7684 7865
f 7684 7866 7865
f 7684 7685 7866
f 7685 7867 7866
f 7685 7686 7867
f 7686 7868 7867
f 7686 7687 7868
f 7687 7869 7868
f 7687 7688 7869
f 7688 7870 7869
f 7688 7689 7870
f 7689 7871 7870
f 7689 7690 7871
f 7690 7872 7871
f 7690 7691 7872
f 7691 7873 7872
f 7691 7692 7873
f 7692 7874 7873
f 7692 7693 7874
f 7693 7875 7874
f 7693 7694 7875
f 7694 7876 7875
f 7694 7695 7876
f 7695 7877 7876
f 7695 7696 7877
f 7696 7878 7877
f 7696 7697 7878
f 7697 7879 7878
f 7697 7698 7879
f 7698 7880 7879
f 7698 7699 7880
f 7699 7881 7880
f 7699 7700 7881
f 7700 7882 7881
f 7700 7701 7882
f 7701 7883 7882
f 7701 7702 7883
f 7702 7884 7883
f 7702 7703 7884
f 7703 7885 7884
f 7703 7704 7885
f 7704 7886 7885
f 7704 7705 7886
f 7705 7887 7886
f 7705 7706 7887
f 7706 7888 7887
f 7706 7707 7888
f 7707 7889 7888
f 7707 7708 7889
f 7708 7890 7889
f 7708 7709 7890
f 7709 7891 7890
f 7709 7710 7891
f 7710 7892 7891
f 7710 7711 7892
f 7711 7893 7892
f 7711 7712 7893
f 7712 7894 7893
f 7712 7713 7894
f 7713 7895 7894
f 7713 7714 7895
f 7714 7896 7895
f 7714 7715 7896
f 7715 7897 7896
f 7715 7716 7897
f 7716 7898 7897
f 7716 7717 7898
f 7717 7899 7898
f 7717 7718 7899
f 7718 7900 7899
f 7718 7719 7900
f 7719 7901 7900
f 7719 7720 7901
f 7720 7902 7901
f 7720 7721 7902
f 7721 7903 7902
f 7721 7722 7903
f 7722 7904 7903
f 7722 7723 7904
f 7723 7905 7904
f 7723 7724 7905
f 7724 7906 7905
f 7724 7725 7906
f 7725 7907 7906
f 7725 7726 7907
f 7726 7908 7907
f 7726 7727 7908
f 7727 7909 7908
f 7727 7728 7909
f 7728 7910 7909
f 7728 7729 7910
f 7729 7911 7910
f 7729 7730 7911
f 7730 7912 7911
f 7730 7731 7912
f 7731 7913 7912
f 7731 7732 7913
f 7732 7914 7913
f 7732 7733 7914
f 7733 7915 7914
f 7733 7734 7915
f 7734 7916 7915
f 7734 7735 7916
f 7735 7917 7916
f 7735 7736 7917
f 7736 7918 7917
f 7736 7737 7918
f 7737 7919 7918
f 7737 7738 7919
f 7738 7920 7919
f 7738 7739 7920
f 7739 7921 7920
f 7739 7740 7921
f 7740 7922 7921
f 7740 7741 7922
f 7741 7923 7922
f 7741 7742 7923
f 7742 7924 7923
f 7742 7743 7924
f 7743 7925 7924
f 7743 7744 7925
f 7744 7926 7925
f 7744 7745 7926
f 7745 7927 7926
f 7745 7746 7927
f 7746 7928 7927
f 7746 7747 7928
f 7747 7929 7928
f 7747 7748 7929
f 7748 7930 7929
f 7748 7749 7930
f 7749 7931 7930
f 7749 7750 7931
f 7750 7932 7931
f 7750 7751 7932
f 7751 7933 7932
f 7751 7752 7933
f 7752 7934 7933
f 7752 7753 7934
f 7753 7935 7934
f 7753 7754 7935
f 7754 7936 7935
f 7754 7755 7936
f 7755 7937 7936
f 7755 7756 7937
f 7756 7938 7937
f 7756 7757 7938
f 7757 7939 7938
f 7757 7758 7939
f 7758 7940 7939
f 7758 7759 7940
f 7759 7941 7940
f 7759 7760 7941
f 7760 7942 7941
f 7760 7761 7942
f 7761 7943 7942
f 7761 7762 7943
f 7762 7944 7943
f 7762 7763 7944
f 7763 7945 7944
f 7763 7764 7945
f 7764 7946 7945
f 7764 7765 7946
f 7765 7947 7946
f 7765 7766 7947
f 7766 7948 7947
f 7766 7767 7948
f 7767 7949 7948
f 7767 7768 7949
f 7768 7950 7949
f 7768 7769 7950
f 7769 7951 7950
f 7769 7770 7951
f 7770 7952 7951
f 7770 7771 7952
f 7771 7953 7952
f 7771 7772 7953
f 7772 7954 7953
f 7772 7773 7954
f 7773 7955 7954
f 7773 7774 7955
f 7774 7956 7955
f 7774 7775 7956
f 7775 7957 7956
f 7775 7776 7957
f 7776 7958 7957
f 7776 7777 7958
f 7777 7959 7958
f 7777 7778 7959
f 7778 7960 7959
f 7778 7779 7960
f 7779 7961 7960
f 7779 7780 7961
f 7780 7962 7961
f 7780 7781 7962
f 7781 7963 7962
f 7781 7782 7963
f 7782 7964 7963
f 7782 7783 7964
f 7783 7965 7964
f 7783 7784 7965
f 7784 7966 7965
f 7784 7785 7966
f 7785 7786 7966
f 7785 7605 7786
f 7786 7968 7967
f 7786 7787 7968
f 7787 7969 7968
f 7787 7788 7969
f 7788 7970 7969
f 7788 7789 7970
f 7789 7971 7970
f 7789 7790 7971
f 7790 7972 7971
f 7790 7791 7972
f 7791 7973 7972
f 7791 7792 7973
f 7792 7974 7973
f 7792 7793 7974
f 7793 7975 7974
f 7793 7794 7975
f 7794 7976 7975
f 7794 7795 7976
f 7795 7977 7976
f 7795 7796 7977
f 7796 7978 7977
f 7796 7797 7978
f 7797 7979 7978
f 7797 7798 7979
f 7798 7980 7979
f 7798 7799 7980
f 7799 7981 7980
f 7799 7800 7981
f 7800 7982 7981
f 7800 7801 7982
f 7801 7983 7982
f 7801 7802 7983
f 7802 7984 7983
f 7802 7803 7984
f 7803 7985 7984
f 7803 7804 7985
f 7804 7986 7985
f 7804 7805 7986
f 7805 7987 7986
f 7805 7806 7987
f 7806 7988 7987
f 7806 7807 7988
f 7807 7989 7988
f 7807 7808 7989
f 7808 7990 7989
f 7808 7809 7990
f 7809 7991 7990
f 7809 7810 7991
f 7810 7992 7991
f 7810 7811 7992
f 7811 7993 7992
f 7811 7812 7993
f 7812 7994 7993
f 7812 7813 7994
f 7813 7995 7994
f 7813 7814 7995
f 7814 7996 7995
f 7814 7815 7996
f 7815 7997 7996
f 7815 7816 7997
f 7816 7998 7997
f 7816 7817 7998
f 7817 7999 7998
f 7817 7818 7999
f 7818 8000 7999
f 7818 7819 8000
f 7819 8001 8000
f 7819 7820 8001
f 7820 8002 8001
f 7820 7821 8002
f 7821 8003 8002
f 7821 7822 8003
f 7822 8004 8003
f 7822 7823 8004
f 7823 8005 8004
f 7823 7824 8005
f 7824 8006 8005
f 7824 7825 8006
f 7825 8007 8006
f 7825 7826 8007
f 7826 8008 8007
f 7826 7827 8008
f 7827 8009 8008
f 7827 7828 8009
f 7828 8010 8009
f 7828 7829 8010
f 7829 8011 8010
f 7829 7830 8011
f 7830 8012 8011
f 7830 7831 8012
f 7831 8013 8012
f 7831 7832 8013
f 7832 8014 8013
f 7832 7833 8014
f 7833 8015 8014
f 7833 7834 8015
f 7834 8016 8015
f 7834 7835 8016
f 7835 8017 8016
f 7835 7836 8017
f 7836 8018 8017
f 7836 7837 8018
f 7837 8019 8018
f 7837 7838 8019
f 7838 8020 8019
f 7838 7839 8020
f 7839 8021 8020
f 7839 7840 8021
f 7840 8022 8021
f 7840 7841 8022
f 7841 8023 8022
f 7841 7842 8023
f 7842 8024 8023
f 7842 7843 8024
f 7843 8025 8024
f 7843 7844 8025
f 7844 8026 8025
f 7844 7845 8026
f 7845 8027 8026
f 7845 7846 8027
f 7846 8028 8027
f 7846 7847 8028
f 7847 8029 8028
f 7847 7848 8029
f 7848 8030 8029
f 7848 7849 8030
f 7849 8031 8030
f 7849 7850 8031
f 7850 8032 8031
f 7850 7851 8032
f 7851 8033 8032
f 7851 7852 8033
f 7852 8034 8033
f 7852 7853 8034
f 7853 8035 8034
f 7853 7854 8035
f 7854 8036 8035
f 7854 7855 8036
f 7855 8037 8036
f 7855 7856 8037
f 7856 8038 8037
f 7856 7857 8038
f 7857 8039 8038
f 7857 7858 8039
f 7858 8040 8039
f 7858 7859 8040
f 7859 8041 8040
f 7859 7860 8041
f 7860 8042 8041
f 7860 7861 8042
f 7861 8043 8042
f 7861 7862 8043
f 7862 8044 8043
f 7862 7863 8044
f 7863 8045 8044
f 7863 7864 8045
f 7864 8046 8045
f 7864 7865 8046
f 7865 8047 8046
f 7865 7866 8047
f 7866 8048 8047
f 7866 7867 8048
f 7867 8049 8048
f 7867 7868 8049
f 7868 8050 8049
f 7868 7869 8050
f 7869 8051 8050
f 7869 7870 8051
f 7870 8052 8051
f 7870 7871 8052
f 7871 8053 8052
f 7871 7872 8053
f 7872 8054 8053
f 7872 7873 8054
f 7873 8055 8054
f 7873 7874 8055
f 7874 8056 8055
f 7874 7875 8056
f 7875 8057 8056
f 7875 7876 8057
f 7876 8058 8057
f 7876 7877 8058
f 7877 8059 8058
f 7877 7878 8059
f 7878 8060 8059
f 7878 7879 8060
f 7879 8061 8060
f 7879 7880 8061
f 7880 8062 8061
f 7880 7881 8062
f 7881 8063 8062
f 7881 7882 8063
f 7882 8064 8063
f 7882 7883 8064
f 7883 8065 8064
f 7883 7884 8065
f 7884 8066 8065
f 7884 7885 8066
f 7885 8067 8066
f 7885 7886 8067
f 7886 8068 8067
f 7886 7887 8068
f 7887 8069 8068
f 7887 7888 8069
f 7888 8070 8069
f 7888 7889 8070
f 7889 8071 8070
f 7889 7890 8071
f 7890 8072 8071
f 7890 7891 8072
f 7891 8073 8072
f 7891 7892 8073
f 7892 8074 8073
f 7892 7893 8074
f 7893 8075 8074
f 7893 7894 8075
f 7894 8076 8075
f 7894 7895 8076
f 7895 8077 8076
f 7895 7896 8077
f 7896 8078 8077
f 7896 7897 8078
f 7897 8079 8078
f 7897 7898 8079
f 7898 8080 8079
f 7898 7899 8080
f 7899 8081 8080
f 7899 7900 8081
f 7900 8082 8081
f 7900 7901 8082
f 7901 8083 8082
f 7901 7902 8083
f 7902 8084 8083
f 7902 7903 8084
f 7903 8085 8084
f 7903 7904 8085
f 7904 8086 8085
f 7904 7905 8086
f 7905 8087 8086
f 7905 7906 8087
f 7906 8088 8087
f 7906 7907 8088
f 7907 8089 8088
f 7907 7908 8089
f 7908 8090 8089
f 7908 7909 8090
f 7909 8091 8090
f 7909 7910 8091
f 7910 8092 8091
f 7910 7911 8092
f 7911 8093 8092
f 7911 7912 8093
f 7912 8094 8093
f 7912 7913 8094
f 7913 8095 8094
f 7913 7914 8095
f 7914 8096 8095
f 7914 7915 8096
f 7915 8097 8096
f 7915 7916 8097
f 7916 8098 8097
f 7916 7917 8098
f 7917 8099 8098
f 7917 7918 8099
f 7918 8100 8099
f 7918 7919 8100
f 7919 8101 8100
f 7919 7920 8101
f 7920 8102 8101
f 7920 7921 8102
f 7921 8103 8102
f 7921 7922 8103
f 7922 8104 8103
f 7922 7923 8104
f 7923 8105 8104
f 7923 7924 8105
f 7924 8106 8105
f 7924 7925 8106
f 7925 8107 8106
f 7925 7926 8107
f 7926 8108 8107
f 7926 7927 8108
f 7927 8109 8108
f 7927 7928 8109
f 7928 8110 8109
f 7928 7929 8110
f 7929 8111 8110
f 7929 7930 8111
f 7930 8112 8111
f 7930 7931 8112
f 7931 8113 8112
f 7931 7932 8113
f 7932 8114 8113
f 7932 7933 8114
f 7933 8115 8114
f 7933 7934 8115
f 7934 8116 8115
f 7934 7935 8116
f 7935 8117 8116
f 7935 7936 8117
f 7936 8118 8117
f 7936 7937 8118
f 7937 8119 8118
f 7937 7938 8119
f 7938 8120 8119
f 7938 7939 8120
f 7939 8121 8120
f 7939 7940 8121
f 7940 8122 8121
f 7940 7941 8122
f 7941 8123 8122
f 7941 7942 8123
f 7942 8124 8123
f 7942 7943 8124
f 7943 8125 8124
f 7943 7944 8125
f 7944 8126 8125
f 7944 7945 8126
f 7945 8127 8126
f 7945 7946 8127
f 7946 8128 8127
f 7946 7947 8128
f 7947 8129 8128
f 7947 7948 8129
f 7948 8130 8129
f 7948 7949 8130
f 7949 8131 8130
f 7949 7950 8131
f 7950 8132 8131
f 7950 7951 8132
f 7951 8133 8132
f 7951 7952 8133
f 7952 8134 8133
f 7952 7953 8134
f 7953 8135 8134
f 7953 7954 8135
f 7954 8136 8135
f 7954 7955 8136
f 7955 8137 8136
f 7955 7956 8137
f 7956 8138 8137
f 7956 7957 8138
f 7957 8139 8138
f 7957 7958 8139
f 7958 8140 8139
f 7958 7959 8140
f 7959 8141 8140
f 7959 7960 8141
f 7960 8142 8141
f 7960 7961 8142
f 7961 8143 8142
f 7961 7962 8143
f 7962 8144 8143
f 7962 7963 8144
f 7963 8145 8144
f 7963 7964 8145
f 7964 8146 8145
f 7964 7965 8146
f 7965 8147 8146
f 7965 7966 8147
f 7966 7967 8147
f 7966 7786 7967
f 7967 8149 8148
f 7967 7968 8149
f 7968 8150 8149
f 7968 7969 8150
f 7969 8151 8150
f 7969 7970 8151
f 7970 8152 8151
f 7970 7971 8152
f 7971 8153 8152
f 7971 7972 8153
f 7972 8154 8153
f 7972 7973 8154
f 7973 8155 8154
f 7973 7974 8155
f 7974 8156 8155
f 7974 7975 8156
f 7975 8157 8156
f 7975 7976 8157
f 7976 8158 8157
f 7976 7977 8158
f 7977 8159 8158
f 7977 7978 8159
f 7978 8160 8159
f 7978 7979 8160
f 7979 8161 8160
f 7979 7980 8161
f 7980 8162 8161
f 7980 7981 8162
f 7981 8163 8162
f 7981 7982 8163
f 7982 8164 8163
f 7982 7983 8164
f 7983 8165 8164
f 7983 7984 8165
f 7984 8166 8165
f 7984 7985 8166
f 7985 8167 8166
f 7985 7986 8167
f 7986 8168 8167
f 7986 7987 8168
f 7987 8169 8168
f 7987 7988 8169
f 7988 8170 8169
f 7988 7989 8170
f 7989 8171 8170
f 7989 7990 8171
f 7990 8172 8171
f 7990 7991 8172
f 7991 8173 8172
f 7991 7992 8173
f 7992 8174 8173
f 7992 7993 8174
f 7993 8175 8174
f 7993 7994 8175
f 7994 8176 8175
f 7994 7995 8176
f 7995 8177 8176
f 7995 7996 8177
f 7996 8178 8177
f 7996 7997 8178
f 7997 8179 8178
f 7997 7998 8179
f 7998 8180 8179
f 7998 7999 8180
f 7999 8181 8180
f 7999 8000 8181
f 8000 8182 8181
f 8000 8001 8182
f 8001 8183 8182
f 8001 8002 8183
f 8002 8184 8183
f 8002 8003 8184
f 8003 8185 8184
f 8003 8004 8185
f 8004 8186 8185
f 8004 8005 8186
f 8005 8187 8186
f 8005 8006 8187
f 8006 8188 8187
f 8006 8007 8188
f 8007 8189 8188
f 8007 8008 8189
f 8008 8190 8189
f 8008 8009 8190
f 8009 8191 8190
f 8009 8010 8191
f 8010 8192 8191
f 8010 8011 8192
f 8011 8193 8192
f 8011 8012 8193
f 8012 8194 8193
f 8012 8013 8194
f 8013 8195 8194
f 8013 8014 8195
f 8014 8196 8195
f 8014 8015 8196
f 8015 8197 8196
f 8015 8016 8197
f 8016 8198 8197
f 8016 8017 8198
f 8017 8199 8198
f 8017 8018 8199
f 8018 8200 8199
f 8018 8019 8200
f 8019 8201 8200
f 8019 8020 8201
f 8020 8202 8201
f 8020 8021 8202
f 8021 8203 8202
f 8021 8022 8203
f 8022 8204 8203
f 8022 8023 8204
f 8023 8205 8204
f 8023 8024 8205
f 8024 8206 8205
f 8024 8025 8206
f 8025 8207 8206
f 8025 8026 8207
f 8026 8208 8207
f 8026 8027 8208
f 8027 8209 8208
f 8027 8028 8209
f 8028 8210 8209
f 8028 8029 8210
f 8029 8211 8210
f 8029 8030 8211
f 8030 8212 8211
f 8030 8031 8212
f 8031 8213 8212
f 8031 8032 8213
f 8032 8214 8213
f 8032 8033 8214
f 8033 8215 8214
f 8033 8034 8215
f 8034 8216 8215
f 8034 8035 8216
f 8035 8217 8216
f 8035 8036 8217
f 8036 8218 8217
f 8036 8037 8218
f 8037 8219 8218
f 8037 8038 8219
f 8038 8220 8219
f 8038 8039 8220
f 8039 8221 8220
f 8039 8040 8221
f 8040 8222 8221
f 8040 8041 8222
f 8041 8223 8222
f 8041 8042 8223
f 8042 8224 8223
f 8042 8043 8224
f 8043 8225 8224
f 8043 8044 8225
f 8044 8226 8225
f 8044 8045 8226
f 8045 8227 8226
f 8045 8046 8227
f 8046 8228 8227
f 8046 8047 8228
f 8047 8229 8228
f 8047 8048 8229
f 8048 8230 8229
f 8048 8049 8230
f 8049 8231 8230
f 8049 8050 8231
f 8050 8232 8231
f 8050 8051 8232
f 8051 8233 8232
f 8051 8052 8233
f 8052 8234 8233
f 8052 8053 8234
f 8053 8235 8234
f 8053 8054 8235
f 8054 8236 8235
f 8054 8055 8236
f 8055 8237 8236
f 8055 8056 8237
f 8056 8238 8237
f 8056 8057 8238
f 8057 8239 8238
f 8057 8058 8239
f 8058 8240 8239
f 8058 8059 8240
f 8059 8241 8240
f 8059 8060 8241
f 8060 8242 8241
f 8060 8061 8242
f 8061 8243 8242
f 8061 8062 8243
f 8062 8244 8243
f 8062 8063 8244
f 8063 8245 8244
f 8063 8064 8245
f 8064 8246 8245
f 8064 8065 8246
f 8065 8247 8246
f 8065 8066 8247
f 8066 8248 8247
f 8066 8067 8248
f 8067 8249 8248
f 8067 8068 8249
f 8068 8250 8249
f 8068 8069 8250
f 8069 8251 8250
f 8069 8070 8251
f 8070 8252 8251
f 8070 8071 8252
f 8071 8253 8252
f 8071 8072 8253
f 8072 8254 8253
f 8072 8073 8254
f 8073 8255 8254
f 8073 8074 8255
f 8074 8256 8255
f 8074 8075 8256
f 8075 8257 8256
f 8075 8076 8257
f 8076 8258 8257
f 8076 8077 8258
f 8077 8259 8258
f 8077 8078 8259
f 8078 8260 8259
f 8078 8079 8260
f 8079 8261 8260
f 8079 8080 8261
f 8080 8262 8261
f 8080 8081 8262
f 8081 8263 8262
f 8081 8082 8263
f 8082 8264 8263
f 8082 8083 8264
f 8083 8265 8264
f 8083 8084 8265
f 8084 8266 8265
f 8084 8085 8266
f 8085 8267 8266
f 8085 8086 8267
f 8086 8268 8267
f 8086 8087 8268
f 8087 8269 8268
f 8087 8088 8269
f 8088 8270 8269
f 8088 8089 8270
f 8089 8271 8270
f 8089 8090 8271
f 8090 8272 8271
f 8090 8091 8272
f 8091 8273 8272
f 8091 8092 8273
f 8092 8274 8273
f 8092 8093 8274
f 8093 8275 8274
f 8093 8094 8275
f 8094 8276 8275
f 8094 8095 8276
f 8095 8277 8276
f 8095 8096 8277
f 8096 8278 8277
f 8096 8097 8278
f 8097 8279 8278
f 8097 8098 8279
f 8098 8280 8279
f 8098 8099 8280
f 8099 8281 8280
f 8099 8100 8281
f 8100 8282 8281
f 8100 8101 8282
f 8101 8283 8282
f 8101 8102 8283
f 8102 8284 8283
f 8102 8103 8284
f 8103 8285 8284
f 8103 8104 8285
f 8104 8286 8285
f 8104 8105 8286
f 8105 8287 8286
f 8105 8106 8287
f 8106 8288 8287
f 8106 8107 8288
f 8107 8289 8288
f 8107 8108 8289
f 8108 8290 8289
f 8108 8109 8290
f 8109 8291 8290
f 8109 8110 8291
f 8110 8292 8291
f 8110 8111 8292
f 8111 8293 8292
f 8111 8112 8293
f 8112 8294 8293
f 8112 8113 8294
f 8113 8295 8294
f 8113 8114 8295
f 8114 8296 8295
f 8114 8115 8296
f 8115 8297 8296
f 8115 8116 8297
f 8116 8298 8297
f 8116 8117 8298
f 8117 8299 8298
f 8117 8118 8299
f 8118 8300 8299
f 8118 8119 8300
f 8119 8301 8300
f 8119 8120 8301
f 8120 8302 8301
f 8120 8121 8302
f 8121 8303 8302
f 8121 8122 8303
f 8122 8304 8303
f 8122 8123 8304
f 8123 8305 8304
f 8123 8124 8305
f 8124 8306 8305
f 8124 8125 8306
f 8125 8307 8306
f 8125 8126 8307
f 8126 8308 8307
f 8126 8127 8308
f 8127 8309 8308
f 8127 8128 8309
f 8128 8310 8309
f 8128 8129 8310
f 8129 8311 8310
f 8129 8130 8311
f 8130 8312 8311
f 8130 8131 8312
f 8131 8313 8312
f 8131 8132 8313
f 8132 8314 8313
f 8132 8133 8314
f 8133 8315 8314
f 8133 8134 8315
f 8134 8316 8315
f 8134 8135 8316
f 8135 8317 8316
f 8135 8136 8317
f 8136 8318 8317
f 8136 8137 8318
f 8137 8319 8318
f 8137 8138 8319
f 8138 8320 8319
f 8138 8139 8320
f 8139 8321 8320
f 8139 8140 8321
f 8140 8322 8321
f 8140 8141 8322
f 8141 8323 8322
f 8141 8142 8323
f 8142 8324 8323
f 8142 8143 8324
f 8143 8325 8324
f 8143 8144 8325
f 8144 8326 8325
f 8144 8145 8326
f 8145 8327 8326
f 8145 8146 8327
f 8146 8328 8327
f 8146 8147 8328
f 8147 8148 8328
f 8147 7967 8148
f 8148 8330 8329
f 8148 8149 8330
f 8149 8331 8330
f 8149 8150 8331
f 8150 8332 8331
f 8150 8151 8332
f 8151 8333 8332
f 8151 8152 8333
f 8152 8334 8333
f 8152 8153 8334
f 8153 8335 8334
f 8153 8154 8335
f 8154 8336 8335
f 8154 8155 8336
f 8155 8337 8336
f 8155 8156 8337
f 8156 8338 8337
f 8156 8157 8338
f 8157 8339 8338
f 8157 8158 8339
f 8158 8340 8339
f 8158 8159 8340
f 8159 8341 8340
f 8159 8160 8341
f 8160 8342 8341
f 8160 8161 8342
f 8161 8343 8342
f 8161 8162 8343
f 8162 8344 8343
f 8162 8163 8344
f 8163 8345 8344
f 8163 8164 8345
f 8164 8346 8345
f 8164 8165 8346
f 8165 8347 8346
f 8165 8166 8347
f 8166 8348 8347
f 8166 8167 8348
f 8167 8349 8348
f 8167 8168 8349
f 8168 8350 8349
f 8168 8169 8350
f 8169 8351 8350
f 8169 8170 8351
f 8170 8352 8351
f 8170 8171 8352
f 8171 8353 8352
f 8171 8172 8353
f 8172 8354 8353
f 8172 8173 8354
f 8173 8355 8354
f 8173 8174 8355
f 8174 8356 8355
f 8174 8175 8356
f 8175 8357 8356
f 8175 8176 8357
f 8176 8358 8357
f 8176 8177 8358
f 8177 8359 8358
f 8177 8178 8359
f 8178 8360 8359
f 8178 8179 8360
f 8179 8361 8360
f 8179 8180 8361
f 8180 8362 8361
f 8180 8181 8362
f 8181 8363 8362
f 8181 8182 8363
f 8182 8364 8363
f 8182 8183 8364
f 8183 8365 8364
f 8183 8184 8365
f 8184 8366 8365
f 8184 8185 8366
f 8185 8367 8366
f 8185 8186 8367
f 8186 8368 8367
f 8186 8187 8368
f 8187 8369 8368
f 8187 8188 8369
f 8188 8370 8369
f 8188 8189 8370
f 8189 8371 8370
f 8189 8190 8371
f 8190 8372 8371
f 8190 8191 8372
f 8191 8373 8372
f 8191 8192 8373
f 8192 8374 8373
f 8192 8193 8374
f 8193 8375 8374
f 8193 8194 8375
f 8194 8376 8375
f 8194 8195 8376
f 8195 8377 8376
f 8195 8196 8377
f 8196 8378 8377
f 8196 8197 8378
f 8197 8379 8378
f 8197 8198 8379
f 8198 8380 8379
f 8198 8199 8380
f 8199 8381 8380
f 8199 8200 8381
f 8200 8382 8381
f 8200 8201 8382
f 8201 8383 8382
f 8201 8202 8383
f 8202 8384 8383
f 8202 8203 8384
f 8203 8385 8384
f 8203 8204 8385
f 8204 8386 8385
f 8204 8205 8386
f 8205 8387 8386
f 8205 8206 8387
f 8206 8388 8387
f 8206 8207 8388
f 8207 8389 8388
f 8207 8208 8389
f 8208 8390 8389
f 8208 8209 8390
f 8209 8391 8390
f 8209 8210 8391
f 8210 8392 8391
f 8210 8211 8392
f 8211 8393 8392
f 8211 8212 8393
f 8212 8394 8393
f 8212 8213 8394
f 8213 8395 8394
f 8213 8214 8395
f 8214 8396 8395
f 8214 8215 8396
f 8215 8397 8396
f 8215 8216 8397
f 8216 8398 8397
f 8216 8217 8398
f 8217 8399 8398
f 8217 8218 8399
f 8218 8400 8399
f 8218 8219 8400
f 8219 8401 8400
f 8219 8220 8401
f 8220 8402 8401
f 8220 8221 8402
f 8221 8403 8402
f 8221 8222 8403
f 8222 8404 8403
f 8222 8223 8404
f 8223 8405 8404
f 8223 8224 8405
f 8224 8406 8405
f 8224 8225 8406
f 8225 8407 8406
f 8225 8226 8407
f 8226 8408 8407
f 8226 8227 8408
f 8227 8409 8408
f 8227 8228 8409
f 8228 8410 8409
f 8228 8229 8410
f 8229 8411 8410
f 8229 8230 8411
f 8230 8412 8411
f 8230 8231 8412
f 8231 8413 8412
f 8231 8232 8413
f 8232 8414 8413
f 8232 8233 8414
f 8233 8415 8414
f 8233 8234 8415
f 8234 8416 8415
f 8234 8235 8416
f 8235 8417 8416
f 8235 8236 8417
f 8236 8418 8417
f 8236 8237 8418
f 8237 8419 8418
f 8237 8238 8419
f 8238 8420 8419
f 8238 8239 8420
f 8239 8421 8420
f 8239 8240 8421
f 8240 8422 8421
f 8240 8241 8422
f 8241 8423 8422
f 8241 8242 8423
f 8242 8424 8423
f 8242 8243 8424
f 8243 8425 8424
f 8243 8244 8425
f 8244 8426 8425
f 8244 8245 8426
f 8245 8427 8426
f 8245 8246 8427
f 8246 8428 8427
f 8246 8247 8428
f 8247 8429 8428
f 8247 8248 8429
f 8248 8430 8429
f 8248 8249 8430
f 8249 8431 8430
f 8249 8250 8431
f 8250 8432 8431
f 8250 8251 8432
f 8251 8433 8432
f 8251 8252 8433
f 8252 8434 8433
f 8252 8253 8434
f 8253 8435 8434
f 8253 8254 8435
f 8254 8436 8435
f 8254 8255 8436
f 8255 8437 8436
f 8255 8256 8437
f 8256 8438 8437
f 8256 8257 8438
f 8257 8439 8438
f 8257 8258 8439
f 8258 8440 8439
f 8258 8259 8440
f 8259 8441 8440
f 8259 8260 8441
f 8260 8442 8441
f 8260 8261 8442
f 8261 8443 8442
f 8261 8262 8443
f 8262 8444 8443
f 8262 8263 8444
f 8263 8445 8444
f 8263 8264 8445
f 8264 8446 8445
f 8264 8265 8446
f 8265 8447 8446
f 8265 8266 8447
f 8266 8448 8447
f 8266 8267 8448
f 8267 8449 8448
f 8267 8268 8449
f 8268 8450 8449
f 8268 8269 8450
f 8269 8451 8450
f 8269 8270 8451
f 8270 8452 8451
f 8270 8271 8452
f 8271 8453 8452
f 8271 8272 8453
f 8272 8454 8453
f 8272 8273 8454
f 8273 8455 8454
f 8273 8274 8455
f 8274 8456 8455
f 8274 8275 8456
f 8275 8457 8456
f 8275 8276 8457
f 8276 8458 8457
f 8276 8277 8458
f 8277 8459 8458
f 8277 8278 8459
f 8278 8460 8459
f 8278 8279 8460
f 8279 8461 8460
f 8279 8280 8461
f 8280 8462 8461
f 8280 8281 8462
f 8281 8463 8462
f 8281 8282 8463
f 8282 8464 8463
f 8282 8283 8464
f 8283 8465 8464
f 8283 8284 8465
f 8284 8466 8465
f 8284 8285 8466
f 8285 8467 8466
f 8285 8286 8467
f 8286 8468 8467
f 8286 8287 8468
f 8287 8469 8468
f 8287 8288 8469
f 8288 8470 8469
f 8288 8289 8470
f 8289 8471 8470
f 8289 8290 8471
f 8290 8472 8471
f 8290 8291 8472
f 8291 8473 8472
f 8291 8292 8473
f 8292 8474 8473
f 8292 8293 8474
f 8293 8475 8474
f 8293 8294 8475
f 8294 8476 8475
f 8294 8295 8476
f 8295 8477 8476
f 8295 8296 8477
f 8296 8478 8477
f 8296 8297 8478
f 8297 8479 8478
f 8297 8298 8479
f 8298 8480 8479
f 8298 8299 8480
f 8299 8481 8480
f 8299 8300 8481
f 8300 8482 8481
f 8300 8301 8482
f 8301 8483 8482
f 8301 8302 8483
f 8302 8484 8483
f 8302 8303 8484
f 8303 8485 8484
f 8303 8304 8485
f 8304 8486 8485
f 8304 8305 8486
f 8305 8487 8486
f 8305 8306 8487
f 8306 8488 8487
f 8306 8307 8488
f 8307 8489 8488
f 8307 8308 8489
f 8308 8490 8489
f 8308 8309 8490
f 8309 8491 8490
f 8309 8310 8491
f 8310 8492 8491
f 8310 8311 8492
f 8311 8493 8492
f 8311 8312 8493
f 8312 8494 8493
f 8312 8313 8494
f 8313 8495 8494
f 8313 8314 8495
f 8314 8496 8495
f 8314 8315 8496
f 8315 8497 8496
f 8315 8316 8497
f 8316 8498 8497
f 8316 8317 8498
f 8317 8499 8498
f 8317 8318 8499
f 8318 8500 8499
f 8318 8319 8500
f 8319 8501 8500
f 8319 8320 8501
f 8320 8502 8501
f 8320 8321 8502
f 8321 8503 8502
f 8321 8322 8503
f 8322 8504 8503
f 8322 8323 8504
f 8323 8505 8504
f 8323 8324 8505
f 8324 8506 8505
f 8324 8325 8506
f 8325 8507 8506
f 8325 8326 8507
f 8326 8508 8507
f 8326 8327 8508
f 8327 8509 8508
f 8327 8328 8509
f 8328 8329 8509
f 8328 8148 8329
f 8329 8511 8510
f 8329 8330 8511
f 8330 8512 8511
f 8330 8331 8512
f 8331 8513 8512
f 8331 8332 8513
f 8332 8514 8513
f 8332 8333 8514
f 8333 8515 8514
f 8333 8334 8515
f 8334 8516 8515
f 8334 8335 8516
f 8335 8517 8516
f 8335 8336 8517
f 8336 8518 8517
f 8336 8337 8518
f 8337 8519 8518
f 8337 8338 8519
f 8338 8520 8519
f 8338 8339 8520
f 8339 8521 8520
f 8339 8340 8521
f 8340 8522 8521
f 8340 8341 8522
f 8341 8523 8522
f 8341 8342 8523
f 8342 8524 8523
f 8342 8343 8524
f 8343 8525 8524
f 8343 8344 8525
f 8344 8526 8525
f 8344 8345 8526
f 8345 8527 8526
f 8345 8346 8527
f 8346 8528 8527
f 8346 8347 8528
f 8347 8529 8528
f 8347 8348 8529
f 8348 8530 8529
f 8348 8349 8530
f 8349 8531 8530
f 8349 8350 8531
f 8350 8532 8531
f 8350 8351 8532
f 8351 8533 8532
f 8351 8352 8533
f 8352 8534 8533
f 8352 8353 8534
f 8353 8535 8534
f 8353 8354 8535
f 8354 8536 8535
f 8354 8355 8536
f 8355 8537 8536
f 8355 8356 8537
f 8356 8538 8537
f 8356 8357 8538
f 8357 8539 8538
f 8357 8358 8539
f 8358 8540 8539
f 8358 8359 8540
f 8359 8541 8540
f 8359 8360 8541
f 8360 8542 8541
f 8360 8361 8542
f 8361 8543 8542
f 8361 8362 8543
f 8362 8544 8543
f 8362 8363 8544
f 8363 8545 8544
f 8363 8364 8545
f 8364 8546 8545
f 8364 8365 8546
f 8365 8547 8546
f 8365 8366 8547
f 8366 8548 8547
f 8366 8367 8548
f 8367 8549 8548
f 8367 8368 8549
f 8368 8550 8549
f 8368 8369 8550
f 8369 8551 8550
f 8369 8370 8551
f 8370 8552 8551
f 8370 8371 8552
f 8371 8553 8552
f 8371 8372 8553
f 8372 8554 8553
f 8372 8373 8554
f 8373 8555 8554
f 8373 8374 8555
f 8374 8556 8555
f 8374 8375 8556
f 8375 8557 8556
f 8375 8376 8557
f 8376 8558 8557
f 8376 8377 8558
f 8377 8559 8558
f 8377 8378 8559
f 8378 8560 8559
f 8378 8379 8560
f 8379 8561 8560
f 8379 8380 8561
f 8380 8562 8561
f 8380 8381 8562
f 8381 8563 8562
f 8381 8382 8563
f 8382 8564 8563
f 8382 8383 8564
f 8383 8565 8564
f 8383 8384 8565
f 8384 8566 8565
f 8384 8385 8566
f 8385 8567 8566
f 8385 8386 8567
f 8386 8568 8567
f 8386 8387 8568
f 8387 8569 8568
f 8387 8388 8569
f 8388 8570 8569
f 8388 8389 8570
f 8389 8571 8570
f 8389 8390 8571
f 8390 8572 8571
f 8390 8391 8572
f 8391 8573 8572
f 8391 8392 8573
f 8392 8574 8573
f 8392 8393 8574
f 8393 8575 8574
f 8393 8394 8575
f 8394 8576 8575
f 8394 8395 8576
f 8395 8577 8576
f 8395 8396 8577
f 8396 8578 8577
f 8396 8397 8578
f 8397 8579 8578
f 8397 8398 8579
f 8398 8580 8579
f 8398 8399 8580
f 8399 8581 8580
f 8399 8400 8581
f 8400 8582 8581
f 8400 8401 8582
f 8401 8583 8582
f 8401 8402 8583
f 8402 8584 8583
f 8402 8403 8584
f 8403 8585 8584
f 8403 8404 8585
f 8404 8586 8585
f 8404 8405 8586
f 8405 8587 8586
f 8405 8406 8587
f 8406 8588 8587
f 8406 8407 8588
f 8407 8589 8588
f 8407 8408 8589
f 8408 8590 8589
f 8408 8409 8590
f 8409 8591 8590
f 8409 8410 8591
f 8410 8592 8591
f 8410 8411 8592
f 8411 8593 8592
f 8411 8412 8593
f 8412 8594 8593
f 8412 8413 8594
f 8413 8595 8594
f 8413 8414 8595
f 8414 8596 8595
f 8414 8415 8596
f 8415 8597 8596
f 8415 8416 8597
f 8416 8598 8597
f 8416 8417 8598
f 8417 8599 8598
f 8417 8418 8599
f 8418 8600 8599
f 8418 8419 8600
f 8419 8601 8600
f 8419 8420 8601
f 8420 8602 8601
f 8420 8421 8602
f 8421 8603 8602
f 8421 8422 8603
f 8422 8604 8603
f 8422 8423 8604
f 8423 8605 8604
f 8423 8424 8605
f 8424 8606 8605
f 8424 8425 8606
f 8425 8607 8606
f 8425 8426 8607
f 8426 8608 8607
f 8426 8427 8608
f 8427 8609 8608
f 8427 8428 8609
f 8428 8610 8609
f 8428 8429 8610
f 8429 8611 8610
f 8429 8430 8611
f 8430 8612 8611
f 8430 8431 8612
f 8431 8613 8612
f 8431 8432 8613
f 8432 8614 8613
f 8432 8433 8614
f 8433 8615 8614
f 8433 8434 8615
f 8434 8616 8615
f 8434 8435 8616
f 8435 8617 8616
f 8435 8436 8617
f 8436 8618 8617
f 8436 8437 8618
f 8437 8619 8618
f 8437 8438 8619
f 8438 8620 8619
f 8438 8439 8620
f 8439 8621 8620
f 8439 8440 8621
f 8440 8622 8621
f 8440 8441 8622
f 8441 8623 8622
f 8441 8442 8623
f 8442 8624 8623
f 8442 8443 8624
f 8443 8625 8624
f 8443 8444 8625
f 8444 8626 8625
f 8444 8445 8626
f 8445 8627 8626
f 8445 8446 8627
f 8446 8628 8627
f 8446 8447 8628
f 8447 8629 8628
f 8447 8448 8629
f 8448 8630 8629
f 8448 8449 8630
f 8449 8631 8630
f 8449 8450 8631
f 8450 8632 8631
f 8450 8451 8632
f 8451 8633 8632
f 8451 8452 8633
f 8452 8634 8633
f 8452 8453 8634
f 8453 8635 8634
f 8453 8454 8635
f 8454 8636 8635
f 8454 8455 8636
f 8455 8637 8636
f 8455 8456 8637
f 8456 8638 8637
f 8456 8457 8638
f 8457 8639 8638
f 8457 8458 8639
f 8458 8640 8639
f 8458 8459 8640
f 8459 8641 8640
f 8459 8460 8641
f 8460 8642 8641
f 8460 8461 8642
f 8461 8643 8642
f 8461 8462 8643
f 8462 8644 8643
f 8462 8463 8644
f 8463 8645 8644
f 8463 8464 8645
f 8464 8646 8645
f 8464 8465 8646
f 8465 8647 8646
f 8465 8466 8647
f 8466 8648 8647
f 8466 8467 8648
f 8467 8649 8648
f 8467 8468 8649
f 8468 8650 8649
f 8468 8469 8650
f 8469 8651 8650
f 8469 8470 8651
f 8470 8652 8651
f 8470 8471 8652
f 8471 8653 8652
f 8471 8472 8653
f 8472 8654 8653
f 8472 8473 8654
f 8473 8655 8654
f 8473 8474 8655
f 8474 8656 8655
f 8474 8475 8656
f 8475 8657 8656
f 8475 8476 8657
f 8476 8658 8657
f 8476 8477 8658
f 8477 8659 8658
f 8477 8478 8659
f 8478 8660 8659
f 8478 8479 8660
f 8479 8661 8660
f 8479 8480 8661
f 8480 8662 8661
f 8480 8481 8662
f 8481 8663 8662
f 8481 8482 8663
f 8482 8664 8663
f 8482 8483 8664
f 8483 8665 8664
f 8483 8484 8665
f 8484 8666 8665
f 8484 8485 8666
f 8485 8667 8666
f 8485 8486 8667
f 8486 8668 8667
f 8486 8487 8668
f 8487 8669 8668
f 8487 8488 8669
f 8488 8670 8669
f 8488 8489 8670
f 8489 8671 8670
f 8489 8490 8671
f 8490 8672 8671
f 8490 8491 8672
f 8491 8673 8672
f 8491 8492 8673
f 8492 8674 8673
f 8492 8493 8674
f 8493 8675 8674
f 8493 8494 8675
f 8494 8676 8675
f 8494 8495 8676
f 8495 8677 8676
f 8495 8496 8677
f 8496 8678 8677
f 8496 8497 8678
f 8497 8679 8678
f 8497 8498 8679
f 8498 8680 8679
f 8498 8499 8680
f 8499 8681 8680
f 8499 8500 8681
f 8500 8682 8681
f 8500 8501 8682
f 8501 8683 8682
f 8501 8502 8683
f 8502 8684 8683
f 8502 8503 8684
f 8503 8685 8684
f 8503 8504 8685
f 8504 8686 8685
f 8504 8505 8686
f 8505 8687 8686
f 8505 8506 8687
f 8506 8688 8687
f 8506 8507 8688
f 8507 8689 8688
f 8507 8508 8689
f 8508 8690 8689
f 8508 8509 8690
f 8509 8510 8690
f 8509 8329 8510
f 8691 4347 4348
f 8691 4348 4349
f 8691 4349 4350
f 8691 4350 4351
f 8691 4351 4352
f 8691 4352 4353
f 8691 4353 4354
f 8691 4354 4355
f 8691 4355 4356
f 8691 4356 4357
f 8691 4357 4358
f 8691 4358 4359
f 8691 4359 4360
f 8691 4360 4361
f 8691 4361 4362
f 8691 4362 4363
f 8691 4363 4364
f 8691 4364 4365
f 8691 4365 4366
f 8691 4366 4367
f 8691 4367 4368
f 8691 4368 4369
f 8691 4369 4370
f 8691 4370 4371
f 8691 4371 4372
f 8691 4372 4373
f 8691 4373 4374
f 8691 4374 4375
f 8691 4375 4376
f 8691 4376 4377
f 8691 4377 4378
f 8691 4378 4379
f 8691 4379 4380
f 8691 4380 4381
f 8691 4381 4382
f 8691 4382 4383
f 8691 4383 4384
f 8691 4384 4385
f 8691 4385 4386
f 8691 4386 4387
f 8691 4387 4388
f 8691 4388 4389
f 8691 4389 4390
f 8691 4390 4391
f 8691 4391 4392
f 8691 4392 4393
f 8691 4393 4394
f 8691 4394 4395
f 8691 4395 4396
f 8691 4396 4397
f 8691 4397 4398
f 8691 4398 4399
f 8691 4399 4400
f 8691 4400 4401
f 8691 4401 4402
f 8691 4402 4403
f 8691 4403 4404
f 8691 4404 4405
f 8691 4405 4406
f 8691 4406 4407
f 8691 4407 4408
f 8691 4408 4409
f 8691 4409 4410
f 8691 4410 4411
f 8691 4411 4412
f 8691 4412 4413
f 8691 4413 4414
f 8691 4414 4415
f 8691 4415 4416
f 8691 4416 4417
f 8691 4417 4418
f 8691 4418 4419
f 8691 4419 4420
f 8691 4420 4421
f 8691 4421 4422
f 8691 4422 4423
f 8691 4423 4424
f 8691 4424 4425
f 8691 4425 4426
f 8691 4426 4427
f 8691 4427 4428
f 8691 4428 4429
f 8691 4429 4430
f 8691 4430 4431
f 8691 4431 4432
f 8691 4432 4433
f 8691 4433 4434
f 8691 4434 4435
f 8691 4435 4436
f 8691 4436 4437
f 8691 4437 4438
f 8691 4438 4439
f 8691 4439 4440
f 8691 4440 4441
f 8691 4441 4442
f 8691 4442 4443
f 8691 4443 4444
f 8691 4444 4445
f 8691 4445 4446
f 8691 4446 4447
f 8691 4447 4448
f 8691 4448 4449
f 8691 4449 4450
f 8691 4450 4451
f 8691 4451 4452
f 8691 4452 4453
f 8691 4453 4454
f 8691 4454 4455
f 8691 4455 4456
f 8691 4456 4457
f 8691 4457 4458
f 8691 4458 4459
f 8691 4459 4460
f 8691 4460 4461
f 8691 4461 4462
f 8691 4462 4463
f 8691 4463 4464
f 8691 4464 4465
f 8691 4465 4466
f 8691 4466 4467
f 8691 4467 4468
f 8691 4468 4469
f 8691 4469 4470
f 8691 4470 4471
f 8691 4471 4472
f 8691 4472 4473
f 8691 4473 4474
f 8691 4474 4475
f 8691 4475 4476
f 8691 4476 4477
f 8691 4477 4478
f 8691 4478 4479
f 8691 4479 4480
f 8691 4480 4481
f 8691 4481 4482
f 8691 4482 4483
f 8691 4483 4484
f 8691 4484 4485
f 8691 4485 4486
f 8691 4486 4487
f 8691 4487 4488
f 8691 4488 4489
f 8691 4489 4490
f 8691 4490 4491
f 8691 4491 4492
f 8691 4492 4493
f 8691 4493 4494
f 8691 4494 4495
f 8691 4495 4496
f 8691 4496 4497
f 8691 4497 4498
f 8691 4498 4499
f 8691 4499 4500
f 8691 4500 4501
f 8691 4501 4502
f 8691 4502 4503
f 8691 4503 4504
f 8691 4504 4505
f 8691 4505 4506
f 8691 4506 4507
f 8691 4507 4508
f 8691 4508 4509
f 8691 4509 4510
f 8691 4510 4511
f 8691 4511 4512
f 8691 4512 4513
f 8691 4513 4514
f 8691 4514 4515
f 8691 4515 4516
f 8691 4516 4517
f 8691 4517 4518
f 8691 4518 4519
f 8691 4519 4520
f 8691 4520 4521
f 8691 4521 4522
f 8691 4522 4523
f 8691 4523 4524
f 8691 4524 4525
f 8691 4525 4526
f 8691 4526 4527
f 8691 4527 4347
f 8692 8511 8510
f 8692 8512 8511
f 8692 8513 8512
f 8692 8514 8513
f 8692 8515 8514
f 8692 8516 8515
f 8692 8517 8516
f 8692 8518 8517
f 8692 8519 8518
f 8692 8520 8519
f 8692 8521 8520
f 8692 8522 8521
f 8692 8523 8522
f 8692 8524 8523
f 8692 8525 8524
f 8692 8526 8525
f 8692 8527 8526
f 8692 8528 8527
f 8692 8529 8528
f 8692 8530 8529
f 8692 8531 8530
f 8692 8532 8531
f 8692 8533 8532
f 8692 8534 8533
f 8692 8535 8534
f 8692 8536 8535
f 8692 8537 8536
f 8692 8538 8537
f 8692 8539 8538
f 8692 8540 8539
f 8692 8541 8540
f 8692 8542 8541
f 8692 8543 8542
f 8692 8544 8543
f 8692 8545 8544
f 8692 8546 8545
f 8692 8547 8546
f 8692 8548 8547
f 8692 8549 8548
f 8692 8550 8549
f 8692 8551 8550
f 8692 8552 8551
f 8692 8553 8552
f 8692 8554 8553
f 8692 8555 8554
f 8692 8556 8555
f 8692 8557 8556
f 8692 8558 8557
f 8692 8559 8558
f 8692 8560 8559
f 8692 8561 8560
f 8692 8562 8561
f 8692 8563 8562
f 8692 8564 8563
f 8692 8565 8564
f 8692 8566 8565
f 8692 8567 8566
f 8692 8568 8567
f 8692 8569 8568
f 8692 8570 8569
f 8692 8571 8570
f 8692 8572 8571
f 8692 8573 8572
f 8692 8574 8573
f 8692 8575 8574
f 8692 8576 8575
f 8692 8577 8576
f 8692 8578 8577
f 8692 8579 8578
f 8692 8580 8579
f 8692 8581 8580
f 8692 8582 8581
f 8692 8583 8582
f 8692 8584 8583
f 8692 8585 8584
f 8692 8586 8585
f 8692 8587 8586
f 8692 8588 8587
f 8692 8589 8588
f 8692 8590 8589
f 8692 8591 8590
f 8692 8592 8591
f 8692 8593 8592
f 8692 8594 8593
f 8692 8595 8594
f 8692 8596 8595
f 8692 8597 8596
f 8692 8598 8597
f 8692 8599 8598
f 8692 8600 8599
f 8692 8601 8600
f 8692 8602 8601
f 8692 8603 8602
f 8692 8604 8603
f 8692 8605 8604
f 8692 8606 8605
f 8692 8607 8606
f 8692 8608 8607
f 8692 8609 8608
f 8692 8610 8609
f 8692 8611 8610
f 8692 8612 8611
f 8692 8613 8612
f 8692 8614 8613
f 8692 8615 8614
f 8692 8616 8615
f 8692 8617 8616
f 8692 8618 8617
f 8692 8619 8618
f 8692 8620 8619
f 8692 8621 8620
f 8692 8622 8621
f 8692 8623 8622
f 8692 8624 8623
f 8692 8625 8624
f 8692 8626 8625
f 8692 8627 8626
f 8692 8628 8627
f 8692 8629 8628
f 8692 8630 8629
f 8692 8631 8630
f 8692 8632 8631
f 8692 8633 8632
f 8692 8634 8633
f 8692 8635 8634
f 8692 8636 8635
f 8692 8637 8636
f 8692 8638 8637
f 8692 8639 8638
f 8692 8640 8639
f 8692 8641 8640
f 8692 8642 8641
f 8692 8643 8642
f 8692 8644 8643
f 8692 8645 8644
f 8692 8646 8645
f 8692 8647 8646
f 8692 8648 8647
f 8692 8649 8648
f 8692 8650 8649
f 8692 8651 8650
f 8692 8652 8651
f 8692 8653 8652
f 8692 8654 8653
f 8692 8655 8654
f 8692 8656 8655
f 8692 8657 8656
f 8692 8658 8657
f 8692 8659 8658
f 8692 8660 8659
f 8692 8661 8660
f 8692 8662 8661
f 8692 8663 8662
f 8692 8664 8663
f 8692 8665 8664
f 8692 8666 8665
f 8692 8667 8666
f 8692 8668 8667
f 8692 8669 8668
f 8692 8670 8669
f 8692 8671 8670
f 8692 8672 8671
f 8692 8673 8672
f 8692 8674 8673
f 8692 8675 8674
f 8692 8676 8675
f 8692 8677 8676
f 8692 8678 8677
f 8692 8679 8678
f 8692 8680 8679
f 8692 8681 8680
f 8692 8682 8681
f 8692 8683 8682
f 8692 8684 8683
f 8692 8685 8684
f 8692 8686 8685
f 8692 8687 8686
f 8692 8688 8687
f 8692 8689 8688
f 8692 8690 8689
f 8692 8510 8690
g fuselage
f 8693 8725 8726
f 8693 8726 8694
f 8694 8726 8727
f 8694 8727 8695
f 8695 8727 8728
f 8695 8728 8696
f 8696 8728 8729
f 8696 8729 8697
f 8697 8729 8730
f 8697 8730 8698
f 8698 8730 8731
f 8698 8731 8699
f 8699 8731 8732
f 8699 8732 8700
f 8700 8732 8733
f 8700 8733 8701
f 8701 8733 8734
f 8701 8734 8702
f 8702 8734 8735
f 8702 8735 8703
f 8703 8735 8736
f 8703 8736 8704
f 8704 8736 8737
f 8704 8737 8705
f 8705 8737 8738
f 8705 8738 8706
f 8706 8738 8739
f 8706 8739 8707
f 8707 8739 8740
f 8707 8740 8708
f 8708 8740 8741
f 8708 8741 8709
f 8709 8741 8742
f 8709 8742 8710
f 8710 8742 8743
f 8710 8743 8711
f 8711 8743 8744
f 8711 8744 8712
f 8712 8744 8745
f 8712 8745 8713
f 8713 8745 8746
f 8713 8746 8714
f 8714 8746 8747
f 8714 8747 8715
f 8715 8747 8748
f 8715 8748 8716
f 8716 8748 8749
f 8716 8749 8717
f 8717 8749 8750
f 8717 8750 8718
f 8718 8750 8751
f 8718 8751 8719
f 8719 8751 8752
f 8719 8752 8720
f 8720 8752 8753
f 8720 8753 8721
f 8721 8753 8754
f 8721 8754 8722
f 8722 8754 8755
f 8722 8755 8723
f 8723 8755 8756
f 8723 8756 8724
f 8724 8756 8725
f 8724 8725 8693
f 8725 8757 8758
f 8725 8758 8726
f 8726 8758 8759
f 8726 8759 8727
f 8727 8759 8760
f 8727 8760 8728
f 8728 8760 8761
f 8728 8761 8729
f 8729 8761 8762
f 8729 8762 8730
f 8730 8762 8763
f 8730 8763 8731
f 8731 8763 8764
f 8731 8764 8732
f 8732 8764 8765
f 8732 8765 8733
f 8733 8765 8766
f 8733 8766 8734
f 8734 8766 8767
f 8734 8767 8735
f 8735 8767 8768
f 8735 8768 8736
f 8736 8768 8769
f 8736 8769 8737
f 8737 8769 8770
f 8737 8770 8738
f 8738 8770 8771
f 8738 8771 8739
f 8739 8771 8772
f 8739 8772 8740
f 8740 8772 8773
f 8740 8773 8741
f 8741 8773 8774
f 8741 8774 8742
f 8742 8774 8775
f 8742 8775 8743
f 8743 8775 8776
f 8743 8776 8744
f 8744 8776 8777
f 8744 8777 8745
f 8745 8777 8778
f 8745 8778 8746
f 8746 8778 8779
f 8746 8779 8747
f 8747 8779 8780
f 8747 8780 8748
f 8748 8780 8781
f 8748 8781 8749
f 8749 8781 8782
f 8749 8782 8750
f 8750 8782 8783
f 8750 8783 8751
f 8751 8783 8784
f 8751 8784 8752
f 8752 8784 8785
f 8752 8785 8753
f 8753 8785 8786
f 8753 8786 8754
f 8754 8786 8787
f 8754 8787 8755
f 8755 8787 8788
f 8755 8788 8756
f 8756 8788 8757
f 8756 8757 8725
f 8757 8789 8790
f 8757 8790 8758
f 8758 8790 8791
f 8758 8791 8759
f 8759 8791 8792
f 8759 8792 8760
f 8760 8792 8793
f 8760 8793 8761
f 8761 8793 8794
f 8761 8794 8762
f 8762 8794 8795
f 8762 8795 8763
f 8763 8795 8796
f 8763 8796 8764
f 8764 8796 8797
f 8764 8797 8765
f 8765 8797 8798
f 8765 8798 8766
f 8766 8798 8799
f 8766 8799 8767
f 8767 8799 8800
f 8767 8800 8768
f 8768 8800 8801
f 8768 8801 8769
f 8769 8801 8802
f 8769 8802 8770
f 8770 8802 8803
f 8770 8803 8771
f 8771 8803 8804
f 8771 8804 8772
f 8772 8804 8805
f 8772 8805 8773
f 8773 8805 8806
f 8773 8806 8774
f 8774 8806 8807
f 8774 8807 8775
f 8775 8807 8808
f 8775 8808 8776
f 8776 8808 8809
f 8776 8809 8777
f 8777 8809 8810
f 8777 8810 8778
f 8778 8810 8811
f 8778 8811 8779
f 8779 8811 8812
f 8779 8812 8780
f 8780 8812 8813
f 8780 8813 8781
f 8781 8813 8814
f 8781 8814 8782
f 8782 8814 8815
f 8782 8815 8783
f 8783 8815 8816
f 8783 8816 8784
f 8784 8816 8817
f 8784 8817 8785
f 8785 8817 8818
f 8785 8818 8786
f 8786 8818 8819
f 8786 8819 8787
f 8787 8819 8820
f 8787 8820 8788
f 8788 8820 8789
f 8788 8789 8757
f 8789 8821 8822
f 8789 8822 8790
f 8790 8822 8823
f 8790 8823 8791
f 8791 8823 8824
f 8791 8824 8792
f 8792 8824 8825
f 8792 8825 8793
f 8793 8825 8826
f 8793 8826 8794
f 8794 8826 8827
f 8794 8827 8795
f 8795 8827 8828
f 8795 8828 8796
f 8796 8828 8829
f 8796 8829 8797
f 8797 8829 8830
f 8797 8830 8798
f 8798 8830 8831
f 8798 8831 8799
f 8799 8831 8832
f 8799 8832 8800
f 8800 8832 8833
f 8800 8833 8801
f 8801 8833 8834
f 8801 8834 8802
f 8802 8834 8835
f 8802 8835 8803
f 8803 8835 8836
f 8803 8836 8804
f 8804 8836 8837
f 8804 8837 8805
f 8805 8837 8838
f 8805 8838 8806
f 8806 8838 8839
f 8806 8839 8807
f 8807 8839 8840
f 8807 8840 8808
f 8808 8840 8841
f 8808 8841 8809
f 8809 8841 8842
f 8809 8842 8810
f 8810 8842 8843
f 8810 8843 8811
f 8811 8843 8844
f 8811 8844 8812
f 8812 8844 8845
f 8812 8845 8813
f 8813 8845 8846
f 8813 8846 8814
f 8814 8846 8847
f 8814 8847 8815
f 8815 8847 8848
f 8815 8848 8816
f 8816 8848 8849
f 8816 8849 8817
f 8817 8849 8850
f 8817 8850 8818
f 8818 8850 8851
f 8818 8851 8819
f 8819 8851 8852
f 8819 8852 8820
f 8820 8852 8821
f 8820 8821 8789
f 8821 8853 8854
f 8821 8854 8822
f 8822 8854 8855
f 8822 8855 8823
f 8823 8855 8856
f 8823 8856 8824
f 8824 8856 8857
f 8824 8857 8825
f 8825 8857 8858
f 8825 8858 8826
f 8826 8858 8859
f 8826 8859 8827
f 8827 8859 8860
f 8827 8860 8828
f 8828 8860 8861
f 8828 8861 8829
f 8829 8861 8862
f 8829 8862 8830
f 8830 8862 8863
f 8830 8863 8831
f 8831 8863 8864
f 8831 8864 8832
f 8832 8864 8865
f 8832 8865 8833
f 8833 8865 8866
f 8833 8866 8834
f 8834 8866 8867
f 8834 8867 8835
f 8835 8867 8868
f 8835 8868 8836
f 8836 8868 8869
f 8836 8869 8837
f 8837 8869 8870
f 8837 8870 8838
f 8838 8870 8871
f 8838 8871 8839
f 8839 8871 8872
f 8839 8872 8840
f 8840 8872 8873
f 8840 8873 8841
f 8841 8873 8874
f 8841 8874 8842
f 8842 8874 8875
f 8842 8875 8843
f 8843 8875 8876
f 8843 8876 8844
f 8844 8876 8877
f 8844 8877 8845
f 8845 8877 8878
f 8845 8878 8846
f 8846 8878 8879
f 8846 8879 8847
f 8847 8879 8880
f 8847 8880 8848
f 8848 8880 8881
f 8848 8881 8849
f 8849 8881 8882
f 8849 8882 8850
f 8850 8882 8883
f 8850 8883 8851
f 8851 8883 8884
f 8851 8884 8852
f 8852 8884 8853
f 8852 8853 8821
f 8853 8885 8886
f 8853 8886 8854
f 8854 8886 8887
f 8854 8887 8855
f 8855 8887 8888
f 8855 8888 8856
f 8856 8888 8889
f 8856 8889 8857
f 8857 8889 8890
f 8857 8890 8858
f 8858 8890 8891
f 8858 8891 8859
f 8859 8891 8892
f 8859 8892 8860
f 8860 8892 8893
f 8860 8893 8861
f 8861 8893 8894
f 8861 8894 8862
f 8862 8894 8895
f 8862 8895 8863
f 8863 8895 8896
f 8863 8896 8864
f 8864 8896 8897
f 8864 8897 8865
f 8865 8897 8898
f 8865 8898 8866
f 8866 8898 8899
f 8866 8899 8867
f 8867 8899 8900
f 8867 8900 8868
f 8868 8900 8901
f 8868 8901 8869
f 8869 8901 8902
f 8869 8902 8870
f 8870 8902 8903
f 8870 8903 8871
f 8871 8903 8904
f 8871 8904 8872
f 8872 8904 8905
f 8872 8905 8873
f 8873 8905 8906
f 8873 8906 8874
f 8874 8906 8907
f 8874 8907 8875
f 8875 8907 8908
f 8875 8908 8876
f 8876 8908 8909
f 8876 8909 8877
f 8877 8909 8910
f 8877 8910 8878
f 8878 8910 8911
f 8878 8911 8879
f 8879 8911 8912
f 8879 8912 8880
f 8880 8912 8913
f 8880 8913 8881
f 8881 8913 8914
f 8881 8914 8882
f 8882 8914 8915
f 8882 8915 8883
f 8883 8915 8916
f 8883 8916 8884
f 8884 8916 8885
f 8884 8885 8853
f 8885 8917 8918
f 8885 8918 8886
f 8886 8918 8919
f 8886 8919 8887
f 8887 8919 8920
f 8887 8920 8888
f 8888 8920 8921
f 8888 8921 8889
f 8889 8921 8922
f 8889 8922 8890
f 8890 8922 8923
f 8890 8923 8891
f 8891 8923 8924
f 8891 8924 8892
f 8892 8924 8925
f 8892 8925 8893
f 8893 8925 8926
f 8893 8926 8894
f 8894 8926 8927
f 8894 8927 8895
f 8895 8927 8928
f 8895 8928 8896
f 8896 8928 8929
f 8896 8929 8897
f 8897 8929 8930
f 8897 8930 8898
f 8898 8930 8931
f 8898 8931 8899
f 8899 8931 8932
f 8899 8932 8900
f 8900 8932 8933
f 8900 8933 8901
f 8901 8933 8934
f 8901 8934 8902
f 8902 8934 8935
f 8902 8935 8903
f 8903 8935 8936
f 8903 8936 8904
f 8904 8936 8937
f 8904 8937 8905
f 8905 8937 8938
f 8905 8938 8906
f 8906 8938 8939
f 8906 8939 8907
f 8907 8939 8940
f 8907 8940 8908
f 8908 8940 8941
f 8908 8941 8909
f 8909 8941 8942
f 8909 8942 8910
f 8910 8942 8943
f 8910 8943 8911
f 8911 8943 8944
f 8911 8944 8912
f 8912 8944 8945
f 8912 8945 8913
f 8913 8945 8946
f 8913 8946 8914
f 8914 8946 8947
f 8914 8947 8915
f 8915 8947 8948
f 8915 8948 8916
f 8916 8948 8917
f 8916 8917 8885
f 8917 8949 8950
f 8917 8950 8918
f 8918 8950 8951
f 8918 8951 8919
f 8919 8951 8952
f 8919 8952 8920
f 8920 8952 8953
f 8920 8953 8921
f 8921 8953 8954
f 8921 8954 8922
f 8922 8954 8955
f 8922 8955 8923
f 8923 8955 8956
f 8923 8956 8924
f 8924 8956 8957
f 8924 8957 8925
f 8925 8957 8958
f 8925 8958 8926
f 8926 8958 8959
f 8926 8959 8927
f 8927 8959 8960
f 8927 8960 8928
f 8928 8960 8961
f 8928 8961 8929
f 8929 8961 8962
f 8929 8962 8930
f 8930 8962 8963
f 8930 8963 8931
f 8931 8963 8964
f 8931 8964 8932
f 8932 8964 8965
f 8932 8965 8933
f 8933 8965 8966
f 8933 8966 8934
f 8934 8966 8967
f 8934 8967 8935
f 8935 8967 8968
f 8935 8968 8936
f 8936 8968 8969
f 8936 8969 8937
f 8937 8969 8970
f 8937 8970 8938
f 8938 8970 8971
f 8938 8971 8939
f 8939 8971 8972
f 8939 8972 8940
f 8940 8972 8973
f 8940 8973 8941
f 8941 8973 8974
f 8941 8974 8942
f 8942 8974 8975
f 8942 8975 8943
f 8943 8975 8976
f 8943 8976 8944
f 8944 8976 8977
f 8944 8977 8945
f 8945 8977 8978
f 8945 8978 8946
f 8946 8978 8979
f 8946 8979 8947
f 8947 8979 8980
f 8947 8980 8948
f 8948 8980 8949
f 8948 8949 8917
f 8949 8981 8982
f 8949 8982 8950
f 8950 8982 8983
f 8950 8983 8951
f 8951 8983 8984
f 8951 8984 8952
f 8952 8984 8985
f 8952 8985 8953
f 8953 8985 8986
f 8953 8986 8954
f 8954 8986 8987
f 8954 8987 8955
f 8955 8987 8988
f 8955 8988 8956
f 8956 8988 8989
f 8956 8989 8957
f 8957 8989 8990
f 8957 8990 8958
f 8958 8990 8991
f 8958 8991 8959
f 8959 8991 8992
f 8959 8992 8960
f 8960 8992 8993
f 8960 8993 8961
f 8961 8993 8994
f 8961 8994 8962
f 8962 8994 8995
f 8962 8995 8963
f 8963 8995 8996
f 8963 8996 8964
f 8964 8996 8997
f 8964 8997 8965
f 8965 8997 8998
f 8965 8998 8966
f 8966 8998 8999
f 8966 8999 8967
f 8967 8999 9000
f 8967 9000 8968
f 8968 9000 9001
f 8968 9001 8969
f 8969 9001 9002
f 8969 9002 8970
f 8970 9002 9003
f 8970 9003 8971
f 8971 9003 9004
f 8971 9004 8972
f 8972 9004 9005
f 8972 9005 8973
f 8973 9005 9006
f 8973 9006 8974
f 8974 9006 9007
f 8974 9007 8975
f 8975 9007 9008
f 8975 9008 8976
f 8976 9008 9009
f 8976 9009 8977
f 8977 9009 9010
f 8977 9010 8978
f 8978 9010 9011
f 8978 9011 8979
f 8979 9011 9012
f 8979 9012 8980
f 8980 9012 8981
f 8980 8981 8949
f 8981 9013 9014
f 8981 9014 8982
f 8982 9014 9015
f 8982 9015 8983
f 8983 9015 9016
f 8983 9016 8984
f 8984 9016 9017
f 8984 9017 8985
f 8985 9017 9018
f 8985 9018 8986
f 8986 9018 9019
f 8986 9019 8987
f 8987 9019 9020
f 8987 9020 8988
f 8988 9020 9021
f 8988 9021 8989
f 8989 9021 9022
f 8989 9022 8990
f 8990 9022 9023
f 8990 9023 8991
f 8991 9023 9024
f 8991 9024 8992
f 8992 9024 9025
f 8992 9025 8993
f 8993 9025 9026
f 8993 9026 8994
f 8994 9026 9027
f 8994 9027 8995
f 8995 9027 9028
f 8995 9028 8996
f 8996 9028 9029
f 8996 9029 8997
f 8997 9029 9030
f 8997 9030 8998
f 8998 9030 9031
f 8998 9031 8999
f 8999 9031 9032
f 8999 9032 9000
f 9000 9032 9033
f 9000 9033 9001
f 9001 9033 9034
f 9001 9034 9002
f 9002 9034 9035
f 9002 9035 9003
f 9003 9035 9036
f 9003 9036 9004
f 9004 9036 9037
f 9004 9037 9005
f 9005 9037 9038
f 9005 9038 9006
f 9006 9038 9039
f 9006 9039 9007
f 9007 9039 9040
f 9007 9040 9008
f 9008 9040 9041
f 9008 9041 9009
f 9009 9041 9042
f 9009 9042 9010
f 9010 9042 9043
f 9010 9043 9011
f 9011 9043 9044
f 9011 9044 9012
f 9012 9044 9013
f 9012 9013 8981
f 9013 9045 9046
f 9013 9046 9014
f 9014 9046 9047
f 9014 9047 9015
f 9015 9047 9048
f 9015 9048 9016
f 9016 9048 9049
f 9016 9049 9017
f 9017 9049 9050
f 9017 9050 9018
f 9018 9050 9051
f 9018 9051 9019
f 9019 9051 9052
f 9019 9052 9020
f 9020 9052 9053
f 9020 9053 9021
f 9021 9053 9054
f 9021 9054 9022
f 9022 9054 9055
f 9022 9055 9023
f 9023 9055 9056
f 9023 9056 9024
f 9024 9056 9057
f 9024 9057 9025
f 9025 9057 9058
f 9025 9058 9026
f 9026 9058 9059
f 9026 9059 9027
f 9027 9059 9060
f 9027 9060 9028
f 9028 9060 9061
f 9028 9061 9029
f 9029 9061 9062
f 9029 9062 9030
f 9030 9062 9063
f 9030 9063 9031
f 9031 9063 9064
f 9031 9064 9032
f 9032 9064 9065
f 9032 9065 9033
f 9033 9065 9066
f 9033 9066 9034
f 9034 9066 9067
f 9034 9067 9035
f 9035 9067 9068
f 9035 9068 9036
f 9036 9068 9069
f 9036 9069 9037
f 9037 9069 9070
f 9037 9070 9038
f 9038 9070 9071
f 9038 9071 9039
f 9039 9071 9072
f 9039 9072 9040
f 9040 9072 9073
f 9040 9073 9041
f 9041 9073 9074
f 9041 9074 9042
f 9042 9074 9075
f 9042 9075 9043
f 9043 9075 9076
f 9043 9076 9044
f 9044 9076 9045
f 9044 9045 9013
f 9045 9077 9078
f 9045 9078 9046
f 9046 9078 9079
f 9046 9079 9047
f 9047 9079 9080
f 9047 9080 9048
f 9048 9080 9081
f 9048 9081 9049
f 9049 9081 9082
f 9049 9082 9050
f 9050 9082 9083
f 9050 9083 9051
f 9051 9083 9084
f 9051 9084 9052
f 9052 9084 9085
f 9052 9085 9053
f 9053 9085 9086
f 9053 9086 9054
f 9054 9086 9087
f 9054 9087 9055
f 9055 9087 9088
f 9055 9088 9056
f 9056 9088 9089
f 9056 9089 9057
f 9057 9089 9090
f 9057 9090 9058
f 9058 9090 9091
f 9058 9091 9059
f 9059 9091 9092
f 9059 9092 9060
f 9060 9092 9093
f 9060 9093 9061
f 9061 9093 9094
f 9061 9094 9062
f 9062 9094 9095
f 9062 9095 9063
f 9063 9095 9096
f 9063 9096 9064
f 9064 9096 9097
f 9064 9097 9065
f 9065 9097 9098
f 9065 9098 9066
f 9066 9098 9099
f 9066 9099 9067
f 9067 9099 9100
f 9067 9100 9068
f 9068 9100 9101
f 9068 9101 9069
f 9069 9101 9102
f 9069 9102 9070
f 9070 9102 9103
f 9070 9103 9071
f 9071 9103 9104
f 9071 9104 9072
f 9072 9104 9105
f 9072 9105 9073
f 9073 9105 9106
f 9073 9106 9074
f 9074 9106 9107
f 9074 9107 9075
f 9075 9107 9108
f 9075 9108 9076
f 9076 9108 9077
f 9076 9077 9045
f 9109 8694 8693
f 9109 8695 8694
f 9109 8696 8695
f 9109 8697 8696
f 9109 8698 8697
f 9109 8699 8698
f 9109 8700 8699
f 9109 8701 8700
f 9109 8702 8701
f 9109 8703 8702
f 9109 8704 8703
f 9109 8705 8704
f 9109 8706 8705
f 9109 8707 8706
f 9109 8708 8707
f 9109 8709 8708
f 9109 8710 8709
f 9109 8711 8710
f 9109 8712 8711
f 9109 8713 8712
f 9109 8714 8713
f 9109 8715 8714
f 9109 8716 8715
f 9109 8717 8716
f 9109 8718 8717
f 9109 8719 8718
f 9109 8720 8719
f 9109 8721 8720
f 9109 8722 8721
f 9109 8723 8722
f 9109 8724 8723
f 9109 8693 8724
f 9110 9077 9078
f 9110 9078 9079
f 9110 9079 9080
f 9110 9080 9081
f 9110 9081 9082
f 9110 9082 9083
f 9110 9083 9084
f 9110 9084 9085
f 9110 9085 9086
f 9110 9086 9087
f 9110 9087 9088
f 9110 9088 9089
f 9110 9089 9090
f 9110 9090 9091
f 9110 9091 9092
f 9110 9092 9093
f 9110 9093 9094
f 9110 9094 9095
f 9110 9095 9096
f 9110 9096 9097
f 9110 9097 9098
f 9110 9098 9099
f 9110 9099 9100
f 9110 9100 9101
f 9110 9101 9102
f 9110 9102 9103
f 9110 9103 9104
f 9110 9104 9105
f 9110 9105 9106
f 9110 9106 9107
f 9110 9107 9108
f 9110 9108 9077
g sensor_turret
f 9111 9131 9132
f 9111 9132 9112
f 9112 9132 9133
f 9112 9133 9113
f 9113 9133 9134
f 9113 9134 9114
f 9114 9134 9135
f 9114 9135 9115
f 9115 9135 9136
f 9115 9136 9116
f 9116 9136 9137
f 9116 9137 9117
f 9117 9137 9138
f 9117 9138 9118
f 9118 9138 9139
f 9118 9139 9119
f 9119 9139 9140
f 9119 9140 9120
f 9120 9140 9141
f 9120 9141 9121
f 9121 9141 9142
f 9121 9142 9122
f 9122 9142 9143
f 9122 9143 9123
f 9123 9143 9144
f 9123 9144 9124
f 9124 9144 9145
f 9124 9145 9125
f 9125 9145 9146
f 9125 9146 9126
f 9126 9146 9147
f 9126 9147 9127
f 9127 9147 9148
f 9127 9148 9128
f 9128 9148 9149
f 9128 9149 9129
f 9129 9149 9150
f 9129 9150 9130
f 9130 9150 9131
f 9130 9131 9111
f 9131 9151 9152
f 9131 9152 9132
f 9132 9152 9153
f 9132 9153 9133
f 9133 9153 9154
f 9133 9154 9134
f 9134 9154 9155
f 9134 9155 9135
f 9135 9155 9156
f 9135 9156 9136
f 9136 9156 9157
f 9136 9157 9137
f 9137 9157 9158
f 9137 9158 9138
f 9138 9158 9159
f 9138 9159 9139
f 9139 9159 9160
f 9139 9160 9140
f 9140 9160 9161
f 9140 9161 9141
f 9141 9161 9162
f 9141 9162 9142
f 9142 9162 9163
f 9142 9163 9143
f 9143 9163 9164
f 9143 9164 9144
f 9144 9164 9165
f 9144 9165 9145
f 9145 9165 9166
f 9145 9166 9146
f 9146 9166 9167
f 9146 9167 9147
f 9147 9167 9168
f 9147 9168 9148
f 9148 9168 9169
f 9148 9169 9149
f 9149 9169 9170
f 9149 9170 9150
f 9150 9170 9151
f 9150 9151 9131
f 9151 9171 9172
f 9151 9172 9152
f 9152 9172 9173
f 9152 9173 9153
f 9153 9173 9174
f 9153 9174 9154
f 9154 9174 9175
f 9154 9175 9155
f 9155 9175 9176
f 9155 9176 9156
f 9156 9176 9177
f 9156 9177 9157
f 9157 9177 9178
f 9157 9178 9158
f 9158 9178 9179
f 9158 9179 9159
f 9159 9179 9180
f 9159 9180 9160
f 9160 9180 9181
f 9160 9181 9161
f 9161 9181 9182
f 9161 9182 9162
f 9162 9182 9183
f 9162 9183 9163
f 9163 9183 9184
f 9163 9184 9164
f 9164 9184 9185
f 9164 9185 9165
f 9165 9185 9186
f 9165 9186 9166
f 9166 9186 9187
f 9166 9187 9167
f 9167 9187 9188
f 9167 9188 9168
f 9168 9188 9189
f 9168 9189 9169
f 9169 9189 9190
f 9169 9190 9170
f 9170 9190 9171
f 9170 9171 9151
f 9171 9191 9192
f 9171 9192 9172
f 9172 9192 9193
f 9172 9193 9173
f 9173 9193 9194
f 9173 9194 9174
f 9174 9194 9195
f 9174 9195 9175
f 9175 9195 9196
f 9175 9196 9176
f 9176 9196 9197
f 9176 9197 9177
f 9177 9197 9198
f 9177 9198 9178
f 9178 9198 9199
f 9178 9199 9179
f 9179 9199 9200
f 9179 9200 9180
f 9180 9200 9201
f 9180 9201 9181
f 9181 9201 9202
f 9181 9202 9182
f 9182 9202 9203
f 9182 9203 9183
f 9183 9203 9204
f 9183 9204 9184
f 9184 9204 9205
f 9184 9205 9185
f 9185 9205 9206
f 9185 9206 9186
f 9186 9206 9207
f 9186 9207 9187
f 9187 9207 9208
f 9187 9208 9188
f 9188 9208 9209
f 9188 9209 9189
f 9189 9209 9210
f 9189 9210 9190
f 9190 9210 9191
f 9190 9191 9171
f 9191 9211 9212
f 9191 9212 9192
f 9192 9212 9213
f 9192 9213 9193
f 9193 9213 9214
f 9193 9214 9194
f 9194 9214 9215
f 9194 9215 9195
f 9195 9215 9216
f 9195 9216 9196
f 9196 9216 9217
f 9196 9217 9197
f 9197 9217 9218
f 9197 9218 9198
f 9198 9218 9219
f 9198 9219 9199
f 9199 9219 9220
f 9199 9220 9200
f 9200 9220 9221
f 9200 9221 9201
f 9201 9221 9222
f 9201 9222 9202
f 9202 9222 9223
f 9202 9223 9203
f 9203 9223 9224
f 9203 9224 9204
f 9204 9224 9225
f 9204 9225 9205
f 9205 9225 9226
f 9205 9226 9206
f 9206 9226 9227
f 9206 9227 9207
f 9207 9227 9228
f 9207 9228 9208
f 9208 9228 9229
f 9208 9229 9209
f 9209 9229 9230
f 9209 9230 9210
f 9210 9230 9211
f 9210 9211 9191
f 9211 9231 9232
f 9211 9232 9212
f 9212 9232 9233
f 9212 9233 9213
f 9213 9233 9234
f 9213 9234 9214
f 9214 9234 9235
f 9214 9235 9215
f 9215 9235 9236
f 9215 9236 9216
f 9216 9236 9237
f 9216 9237 9217
f 9217 9237 9238
f 9217 9238 9218
f 9218 9238 9239
f 9218 9239 9219
f 9219 9239 9240
f 9219 9240 9220
f 9220 9240 9241
f 9220 9241 9221
f 9221 9241 9242
f 9221 9242 9222
f 9222 9242 9243
f 9222 9243 9223
f 9223 9243 9244
f 9223 9244 9224
f 9224 9244 9245
f 9224 9245 9225
f 9225 9245 9246
f 9225 9246 9226
f 9226 9246 9247
f 9226 9247 9227
f 9227 9247 9248
f 9227 9248 9228
f 9228 9248 9249
f 9228 9249 9229
f 9229 9249 9250
f 9229 9250 9230
f 9230 9250 9231
f 9230 9231 9211
f 9231 9251 9252
f 9231 9252 9232
f 9232 9252 9253
f 9232 9253 9233
f 9233 9253 9254
f 9233 9254 9234
f 9234 9254 9255
f 9234 9255 9235
f 9235 9255 9256
f 9235 9256 9236
f 9236 9256 9257
f 9236 9257 9237
f 9237 9257 9258
f 9237 9258 9238
f 9238 9258 9259
f 9238 9259 9239
f 9239 9259 9260
f 9239 9260 9240
f 9240 9260 9261
f 9240 9261 9241
f 9241 9261 9262
f 9241 9262 9242
f 9242 9262 9263
f 9242 9263 9243
f 9243 9263 9264
f 9243 9264 9244
f 9244 9264 9265
f 9244 9265 9245
f 9245 9265 9266
f 9245 9266 9246
f 9246 9266 9267
f 9246 9267 9247
f 9247 9267 9268
f 9247 9268 9248
f 9248 9268 9269
f 9248 9269 9249
f 9249 9269 9270
f 9249 9270 9250
f 9250 9270 9251
f 9250 9251 9231
f 9251 9271 9272
f 9251 9272 9252
f 9252 9272 9273
f 9252 9273 9253
f 9253 9273 9274
f 9253 9274 9254
f 9254 9274 9275
f 9254 9275 9255
f 9255 9275 9276
f 9255 9276 9256
f 9256 9276 9277
f 9256 9277 9257
f 9257 9277 9278
f 9257 9278 9258
f 9258 9278 9279
f 9258 9279 9259
f 9259 9279 9280
f 9259 9280 9260
f 9260 9280 9281
f 9260 9281 9261
f 9261 9281 9282
f 9261 9282 9262
f 9262 9282 9283
f 9262 9283 9263
f 9263 9283 9284
f 9263 9284 9264
f 9264 9284 9285
f 9264 9285 9265
f 9265 9285 9286
f 9265 9286 9266
f 9266 9286 9287
f 9266 9287 9267
f 9267 9287 9288
f 9267 9288 9268
f 9268 9288 9289
f 9268 9289 9269
f 9269 9289 9290
f 9269 9290 9270
f 9270 9290 9271
f 9270 9271 9251
f 9271 9291 9292
f 9271 9292 9272
f 9272 9292 9293
f 9272 9293 9273
f 9273 9293 9294
f 9273 9294 9274
f 9274 9294 9295
f 9274 9295 9275
f 9275 9295 9296
f 9275 9296 9276
f 9276 9296 9297
f 9276 9297 9277
f 9277 9297 9298
f 9277 9298 9278
f 9278 9298 9299
f 9278 9299 9279
f 9279 9299 9300
f 9279 9300 9280
f 9280 9300 9301
f 9280 9301 9281
f 9281 9301 9302
f 9281 9302 9282
f 9282 9302 9303
f 9282 9303 9283
f 9283 9303 9304
f 9283 9304 9284
f 9284 9304 9305
f 9284 9305 9285
f 9285 9305 9306
f 9285 9306 9286
f 9286 9306 9307
f 9286 9307 9287
f 9287 9307 9308
f 9287 9308 9288
f 9288 9308 9309
f 9288 9309 9289
f 9289 9309 9310
f 9289 9310 9290
f 9290 9310 9291
f 9290 9291 9271
f 9291 9311 9312
f 9291 9312 9292
f 9292 9312 9313
f 9292 9313 9293
f 9293 9313 9314
f 9293 9314 9294
f 9294 9314 9315
f 9294 9315 9295
f 9295 9315 9316
f 9295 9316 9296
f 9296 9316 9317
f 9296 9317 9297
f 9297 9317 9318
f 9297 9318 9298
f 9298 9318 9319
f 9298 9319 9299
f 9299 9319 9320
f 9299 9320 9300
f 9300 9320 9321
f 9300 9321 9301
f 9301 9321 9322
f 9301 9322 9302
f 9302 9322 9323
f 9302 9323 9303
f 9303 9323 9324
f 9303 9324 9304
f 9304 9324 9325
f 9304 9325 9305
f 9305 9325 9326
f 9305 9326 9306
f 9306 9326 9327
f 9306 9327 9307
f 9307 9327 9328
f 9307 9328 9308
f 9308 9328 9329
f 9308 9329 9309
f 9309 9329 9330
f 9309 9330 9310
f 9310 9330 9311
f 9310 9311 9291
f 9311 9331 9332
f 9311 9332 9312
f 9312 9332 9333
f 9312 9333 9313
f 9313 9333 9334
f 9313 9334 9314
f 9314 9334 9335
f 9314 9335 9315
f 9315 9335 9336
f 9315 9336 9316
f 9316 9336 9337
f 9316 9337 9317
f 9317 9337 9338
f 9317 9338 9318
f 9318 9338 9339
f 9318 9339 9319
f 9319 9339 9340
f 9319 9340 9320
f 9320 9340 9341
f 9320 9341 9321
f 9321 9341 9342
f 9321 9342 9322
f 9322 9342 9343
f 9322 9343 9323
f 9323 9343 9344
f 9323 9344 9324
f 9324 9344 9345
f 9324 9345 9325
f 9325 9345 9346
f 9325 9346 9326
f 9326 9346 9347
f 9326 9347 9327
f 9327 9347 9348
f 9327 9348 9328
f 9328 9348 9349
f 9328 9349 9329
f 9329 9349 9350
f 9329 9350 9330
f 9330 9350 9331
f 9330 9331 9311
f 9331 9351 9352
f 9331 9352 9332
f 9332 9352 9353
f 9332 9353 9333
f 9333 9353 9354
f 9333 9354 9334
f 9334 9354 9355
f 9334 9355 9335
f 9335 9355 9356
f 9335 9356 9336
f 9336 9356 9357
f 9336 9357 9337
f 9337 9357 9358
f 9337 9358 9338
f 9338 9358 9359
f 9338 9359 9339
f 9339 9359 9360
f 9339 9360 9340
f 9340 9360 9361
f 9340 9361 9341
f 9341 9361 9362
f 9341 9362 9342
f 9342 9362 9363
f 9342 9363 9343
f 9343 9363 9364
f 9343 9364 9344
f 9344 9364 9365
f 9344 9365 9345
f 9345 9365 9366
f 9345 9366 9346
f 9346 9366 9367
f 9346 9367 9347
f 9347 9367 9368
f 9347 9368 9348
f 9348 9368 9369
f 9348 9369 9349
f 9349 9369 9370
f 9349 9370 9350
f 9350 9370 9351
f 9350 9351 9331
f 9351 9371 9372
f 9351 9372 9352
f 9352 9372 9373
f 9352 9373 9353
f 9353 9373 9374
f 9353 9374 9354
f 9354 9374 9375
f 9354 9375 9355
f 9355 9375 9376
f 9355 9376 9356
f 9356 9376 9377
f 9356 9377 9357
f 9357 9377 9378
f 9357 9378 9358
f 9358 9378 9379
f 9358 9379 9359
f 9359 9379 9380
f 9359 9380 9360
f 9360 9380 9381
f 9360 9381 9361
f 9361 9381 9382
f 9361 9382 9362
f 9362 9382 9383
f 9362 9383 9363
f 9363 9383 9384
f 9363 9384 9364
f 9364 9384 9385
f 9364 9385 9365
f 9365 9385 9386
f 9365 9386 9366
f 9366 9386 9387
f 9366 9387 9367
f 9367 9387 9388
f 9367 9388 9368
f 9368 9388 9389
f 9368 9389 9369
f 9369 9389 9390
f 9369 9390 9370
f 9370 9390 9371
f 9370 9371 9351
f 9371 9391 9392
f 9371 9392 9372
f 9372 9392 9393
f 9372 9393 9373
f 9373 9393 9394
f 9373 9394 9374
f 9374 9394 9395
f 9374 9395 9375
f 9375 9395 9396
f 9375 9396 9376
f 9376 9396 9397
f 9376 9397 9377
f 9377 9397 9398
f 9377 9398 9378
f 9378 9398 9399
f 9378 9399 9379
f 9379 9399 9400
f 9379 9400 9380
f 9380 9400 9401
f 9380 9401 9381
f 9381 9401 9402
f 9381 9402 9382
f 9382 9402 9403
f 9382 9403 9383
f 9383 9403 9404
f 9383 9404 9384
f 9384 9404 9405
f 9384 9405 9385
f 9385 9405 9406
f 9385 9406 9386
f 9386 9406 9407
f 9386 9407 9387
f 9387 9407 9408
f 9387 9408 9388
f 9388 9408 9409
f 9388 9409 9389
f 9389 9409 9410
f 9389 9410 9390
f 9390 9410 9391
f 9390 9391 9371
f 9391 9411 9412
f 9391 9412 9392
f 9392 9412 9413
f 9392 9413 9393
f 9393 9413 9414
f 9393 9414 9394
f 9394 9414 9415
f 9394 9415 9395
f 9395 9415 9416
f 9395 9416 9396
f 9396 9416 9417
f 9396 9417 9397
f 9397 9417 9418
f 9397 9418 9398
f 9398 9418 9419
f 9398 9419 9399
f 9399 9419 9420
f 9399 9420 9400
f 9400 9420 9421
f 9400 9421 9401
f 9401 9421 9422
f 9401 9422 9402
f 9402 9422 9423
f 9402 9423 9403
f 9403 9423 9424
f 9403 9424 9404
f 9404 9424 9425
f 9404 9425 9405
f 9405 9425 9426
f 9405 9426 9406
f 9406 9426 9427
f 9406 9427 9407
f 9407 9427 9428
f 9407 9428 9408
f 9408 9428 9429
f 9408 9429 9409
f 9409 9429 9430
f 9409 9430 9410
f 9410 9430 9411
f 9410 9411 9391
f 9411 9431 9432
f 9411 9432 9412
f 9412 9432 9433
f 9412 9433 9413
f 9413 9433 9434
f 9413 9434 9414
f 9414 9434 9435
f 9414 9435 9415
f 9415 9435 9436
f 9415 9436 9416
f 9416 9436 9437
f 9416 9437 9417
f 9417 9437 9438
f 9417 9438 9418
f 9418 9438 9439
f 9418 9439 9419
f 9419 9439 9440
f 9419 9440 9420
f 9420 9440 9441
f 9420 9441 9421
f 9421 9441 9442
f 9421 9442 9422
f 9422 9442 9443
f 9422 9443 9423
f 9423 9443 9444
f 9423 9444 9424
f 9424 9444 9445
f 9424 9445 9425
f 9425 9445 9446
f 9425 9446 9426
f 9426 9446 9447
f 9426 9447 9427
f 9427 9447 9448
f 9427 9448 9428
f 9428 9448 9449
f 9428 9449 9429
f 9429 9449 9450
f 9429 9450 9430
f 9430 9450 9431
f 9430 9431 9411
f 9431 9451 9452
f 9431 9452 9432
f 9432 9452 9453
f 9432 9453 9433
f 9433 9453 9454
f 9433 9454 9434
f 9434 9454 9455
f 9434 9455 9435
f 9435 9455 9456
f 9435 9456 9436
f 9436 9456 9457
f 9436 9457 9437
f 9437 9457 9458
f 9437 9458 9438
f 9438 9458 9459
f 9438 9459 9439
f 9439 9459 9460
f 9439 9460 9440
f 9440 9460 9461
f 9440 9461 9441
f 9441 9461 9462
f 9441 9462 9442
f 9442 9462 9463
f 9442 9463 9443
f 9443 9463 9464
f 9443 9464 9444
f 9444 9464 9465
f 9444 9465 9445
f 9445 9465 9466
f 9445 9466 9446
f 9446 9466 9467
f 9446 9467 9447
f 9447 9467 9468
f 9447 9468 9448
f 9448 9468 9469
f 9448 9469 9449
f 9449 9469 9470
f 9449 9470 9450
f 9450 9470 9451
f 9450 9451 9431
f 9451 9471 9472
f 9451 9472 9452
f 9452 9472 9473
f 9452 9473 9453
f 9453 9473 9474
f 9453 9474 9454
f 9454 9474 9475
f 9454 9475 9455
f 9455 9475 9476
f 9455 9476 9456
f 9456 9476 9477
f 9456 9477 9457
f 9457 9477 9478
f 9457 9478 9458
f 9458 9478 9479
f 9458 9479 9459
f 9459 9479 9480
f 9459 9480 9460
f 9460 9480 9481
f 9460 9481 9461
f 9461 9481 9482
f 9461 9482 9462
f 9462 9482 9483
f 9462 9483 9463
f 9463 9483 9484
f 9463 9484 9464
f 9464 9484 9485
f 9464 9485 9465
f 9465 9485 9486
f 9465 9486 9466
f 9466 9486 9487
f 9466 9487 9467
f 9467 9487 9488
f 9467 9488 9468
f 9468 9488 9489
f 9468 9489 9469
f 9469 9489 9490
f 9469 9490 9470
f 9470 9490 9471
f 9470 9471 9451
f 9491 9112 9111
f 9491 9113 9112
f 9491 9114 9113
f 9491 9115 9114
f 9491 9116 9115
f 9491 9117 9116
f 9491 9118 9117
f 9491 9119 9118
f 9491 9120 9119
f 9491 9121 9120
f 9491 9122 9121
f 9491 9123 9122
f 9491 9124 9123
f 9491 9125 9124
f 9491 9126 9125
f 9491 9127 9126
f 9491 9128 9127
f 9491 9129 9128
f 9491 9130 9129
f 9491 9111 9130
f 9492 9471 9472
f 9492 9472 9473
f 9492 9473 9474
f 9492 9474 9475
f 9492 9475 9476
f 9492 9476 9477
f 9492 9477 9478
f 9492 9478 9479
f 9492 9479 9480
f 9492 9480 9481
f 9492 9481 9482
f 9492 9482 9483
f 9492 9483 9484
f 9492 9484 9485
f 9492 9485 9486
f 9492 9486 9487
f 9492 9487 9488
f 9492 9488 9489
f 9492 9489 9490
f 9492 9490 9471
g vtail_stbd
f 9493 9584 9585
f 9493 9585 9494
f 9494 9585 9586
f 9494 9586 9495
f 9495 9586 9587
f 9495 9587 9496
f 9496 9587 9588
f 9496 9588 9497
f 9497 9588 9589
f 9497 9589 9498
f 9498 9589 9590
f 9498 9590 9499
f 9499 9590 9591
f 9499 9591 9500
f 9500 9591 9592
f 9500 9592 9501
f 9501 9592 9593
f 9501 9593 9502
f 9502 9593 9594
f 9502 9594 9503
f 9503 9594 9595
f 9503 9595 9504
f 9504 9595 9596
f 9504 9596 9505
f 9505 9596 9597
f 9505 9597 9506
f 9506 9597 9598
f 9506 9598 9507
f 9507 9598 9599
f 9507 9599 9508
f 9508 9599 9600
f 9508 9600 9509
f 9509 9600 9601
f 9509 9601 9510
f 9510 9601 9602
f 9510 9602 9511
f 9511 9602 9603
f 9511 9603 9512
f 9512 9603 9604
f 9512 9604 9513
f 9513 9604 9605
f 9513 9605 9514
f 9514 9605 9606
f 9514 9606 9515
f 9515 9606 9607
f 9515 9607 9516
f 9516 9607 9608
f 9516 9608 9517
f 9517 9608 9609
f 9517 9609 9518
f 9518 9609 9610
f 9518 9610 9519
f 9519 9610 9611
f 9519 9611 9520
f 9520 9611 9612
f 9520 9612 9521
f 9521 9612 9613
f 9521 9613 9522
f 9522 9613 9614
f 9522 9614 9523
f 9523 9614 9615
f 9523 9615 9524
f 9524 9615 9616
f 9524 9616 9525
f 9525 9616 9617
f 9525 9617 9526
f 9526 9617 9618
f 9526 9618 9527
f 9527 9618 9619
f 9527 9619 9528
f 9528 9619 9620
f 9528 9620 9529
f 9529 9620 9621
f 9529 9621 9530
f 9530 9621 9622
f 9530 9622 9531
f 9531 9622 9623
f 9531 9623 9532
f 9532 9623 9624
f 9532 9624 9533
f 9533 9624 9625
f 9533 9625 9534
f 9534 9625 9626
f 9534 9626 9535
f 9535 9626 9627
f 9535 9627 9536
f 9536 9627 9628
f 9536 9628 9537
f 9537 9628 9629
f 9537 9629 9538
f 9538 9629 9630
f 9538 9630 9539
f 9539 9630 9631
f 9539 9631 9540
f 9540 9631 9632
f 9540 9632 9541
f 9541 9632 9633
f 9541 9633 9542
f 9542 9633 9634
f 9542 9634 9543
f 9543 9634 9635
f 9543 9635 9544
f 9544 9635 9636
f 9544 9636 9545
f 9545 9636 9637
f 9545 9637 9546
f 9546 9637 9638
f 9546 9638 9547
f 9547 9638 9639
f 9547 9639 9548
f 9548 9639 9640
f 9548 9640 9549
f 9549 9640 9641
f 9549 9641 9550
f 9550 9641 9642
f 9550 9642 9551
f 9551 9642 9643
f 9551 9643 9552
f 9552 9643 9644
f 9552 9644 9553
f 9553 9644 9645
f 9553 9645 9554
f 9554 9645 9646
f 9554 9646 9555
f 9555 9646 9647
f 9555 9647 9556
f 9556 9647 9648
f 9556 9648 9557
f 9557 9648 9649
f 9557 9649 9558
f 9558 9649 9650
f 9558 9650 9559
f 9559 9650 9651
f 9559 9651 9560
f 9560 9651 9652
f 9560 9652 9561
f 9561 9652 9653
f 9561 9653 9562
f 9562 9653 9654
f 9562 9654 9563
f 9563 9654 9655
f 9563 9655 9564
f 9564 9655 9656
f 9564 9656 9565
f 9565 9656 9657
f 9565 9657 9566
f 9566 9657 9658
f 9566 9658 9567
f 9567 9658 9659
f 9567 9659 9568
f 9568 9659 9660
f 9568 9660 9569
f 9569 9660 9661
f 9569 9661 9570
f 9570 9661 9662
f 9570 9662 9571
f 9571 9662 9663
f 9571 9663 9572
f 9572 9663 9664
f 9572 9664 9573
f 9573 9664 9665
f 9573 9665 9574
f 9574 9665 9666
f 9574 9666 9575
f 9575 9666 9667
f 9575 9667 9576
f 9576 9667 9668
f 9576 9668 9577
f 9577 9668 9669
f 9577 9669 9578
f 9578 9669 9670
f 9578 9670 9579
f 9579 9670 9671
f 9579 9671 9580
f 9580 9671 9672
f 9580 9672 9581
f 9581 9672 9673
f 9581 9673 9582
f 9582 9673 9674
f 9582 9674 9583
f 9583 9674 9584
f 9583 9584 9493
f 9584 9675 9676
f 9584 9676 9585
f 9585 9676 9677
f 9585 9677 9586
f 9586 9677 9678
f 9586 9678 9587
f 9587 9678 9679
f 9587 9679 9588
f 9588 9679 9680
f 9588 9680 9589
f 9589 9680 9681
f 9589 9681 9590
f 9590 9681 9682
f 9590 9682 9591
f 9591 9682 9683
f 9591 9683 9592
f 9592 9683 9684
f 9592 9684 9593
f 9593 9684 9685
f 9593 9685 9594
f 9594 9685 9686
f 9594 9686 9595
f 9595 9686 9687
f 9595 9687 9596
f 9596 9687 9688
f 9596 9688 9597
f 9597 9688 9689
f 9597 9689 9598
f 9598 9689 9690
f 9598 9690 9599
f 9599 9690 9691
f 9599 9691 9600
f 9600 9691 9692
f 9600 9692 9601
f 9601 9692 9693
f 9601 9693 9602
f 9602 9693 9694
f 9602 9694 9603
f 9603 9694 9695
f 9603 9695 9604
f 9604 9695 9696
f 9604 9696 9605
f 9605 9696 9697
f 9605 9697 9606
f 9606 9697 9698
f 9606 9698 9607
f 9607 9698 9699
f 9607 9699 9608
f 9608 9699 9700
f 9608 9700 9609
f 9609 9700 9701
f 9609 9701 9610
f 9610 9701 9702
f 9610 9702 9611
f 9611 9702 9703
f 9611 9703 9612
f 9612 9703 9704
f 9612 9704 9613
f 9613 9704 9705
f 9613 9705 9614
f 9614 9705 9706
f 9614 9706 9615
f 9615 9706 9707
f 9615 9707 9616
f 9616 9707 9708
f 9616 9708 9617
f 9617 9708 9709
f 9617 9709 9618
f 9618 9709 9710
f 9618 9710 9619
f 9619 9710 9711
f 9619 9711 9620
f 9620 9711 9712
f 9620 9712 9621
f 9621 9712 9713
f 9621 9713 9622
f 9622 9713 9714
f 9622 9714 9623
f 9623 9714 9715
f 9623 9715 9624
f 9624 9715 9716
f 9624 9716 9625
f 9625 9716 9717
f 9625 9717 9626
f 9626 9717 9718
f 9626 9718 9627
f 9627 9718 9719
f 9627 9719 9628
f 9628 9719 9720
f 9628 9720 9629
f 9629 9720 9721
f 9629 9721 9630
f 9630 9721 9722
f 9630 9722 9631
f 9631 9722 9723
f 9631 9723 9632
f 9632 9723 9724
f 9632 9724 9633
f 9633 9724 9725
f 9633 9725 9634
f 9634 9725 9726
f 9634 9726 9635
f 9635 9726 9727
f 9635 9727 9636
f 9636 9727 9728
f 9636 9728 9637
f 9637 9728 9729
f 9637 9729 9638
f 9638 9729 9730
f 9638 9730 9639
f 9639 9730 9731
f 9639 9731 9640
f 9640 9731 9732
f 9640 9732 9641
f 9641 9732 9733
f 9641 9733 9642
f 9642 9733 9734
f 9642 9734 9643
f 9643 9734 9735
f 9643 9735 9644
f 9644 9735 9736
f 9644 9736 9645
f 9645 9736 9737
f 9645 9737 9646
f 9646 9737 9738
f 9646 9738 9647
f 9647 9738 9739
f 9647 9739 9648
f 9648 9739 9740
f 9648 9740 9649
f 9649 9740 9741
f 9649 9741 9650
f 9650 9741 9742
f 9650 9742 9651
f 9651 9742 9743
f 9651 9743 9652
f 9652 9743 9744
f 9652 9744 9653
f 9653 9744 9745
f 9653 9745 9654
f 9654 9745 9746
f 9654 9746 9655
f 9655 9746 9747
f 9655 9747 9656
f 9656 9747 9748
f 9656 9748 9657
f 9657 9748 9749
f 9657 9749 9658
f 9658 9749 9750
f 9658 9750 9659
f 9659 9750 9751
f 9659 9751 9660
f 9660 9751 9752
f 9660 9752 9661
f 9661 9752 9753
f 9661 9753 9662
f 9662 9753 9754
f 9662 9754 9663
f 9663 9754 9755
f 9663 9755 9664
f 9664 9755 9756
f 9664 9756 9665
f 9665 9756 9757
f 9665 9757 9666
f 9666 9757 9758
f 9666 9758 9667
f 9667 9758 9759
f 9667 9759 9668
f 9668 9759 9760
f 9668 9760 9669
f 9669 9760 9761
f 9669 9761 9670
f 9670 9761 9762
f 9670 9762 9671
f 9671 9762 9763
f 9671 9763 9672
f 9672 9763 9764
f 9672 9764 9673
f 9673 9764 9765
f 9673 9765 9674
f 9674 9765 9675
f 9674 9675 9584
f 9675 9766 9767
f 9675 9767 9676
f 9676 9767 9768
f 9676 9768 9677
f 9677 9768 9769
f 9677 9769 9678
f 9678 9769 9770
f 9678 9770 9679
f 9679 9770 9771
f 9679 9771 9680
f 9680 9771 9772
f 9680 9772 9681
f 9681 9772 9773
f 9681 9773 9682
f 9682 9773 9774
f 9682 9774 9683
f 9683 9774 9775
f 9683 9775 9684
f 9684 9775 9776
f 9684 9776 9685
f 9685 9776 9777
f 9685 9777 9686
f 9686 9777 9778
f 9686 9778 9687
f 9687 9778 9779
f 9687 9779 9688
f 9688 9779 9780
f 9688 9780 9689
f 9689 9780 9781
f 9689 9781 9690
f 9690 9781 9782
f 9690 9782 9691
f 9691 9782 9783
f 9691 9783 9692
f 9692 9783 9784
f 9692 9784 9693
f 9693 9784 9785
f 9693 9785 9694
f 9694 9785 9786
f 9694 9786 9695
f 9695 9786 9787
f 9695 9787 9696
f 9696 9787 9788
f 9696 9788 9697
f 9697 9788 9789
f 9697 9789 9698
f 9698 9789 9790
f 9698 9790 9699
f 9699 9790 9791
f 9699 9791 9700
f 9700 9791 9792
f 9700 9792 9701
f 9701 9792 9793
f 9701 9793 9702
f 9702 9793 9794
f 9702 9794 9703
f 9703 9794 9795
f 9703 9795 9704
f 9704 9795 9796
f 9704 9796 9705
f 9705 9796 9797
f 9705 9797 9706
f 9706 9797 9798
f 9706 9798 9707
f 9707 9798 9799
f 9707 9799 9708
f 9708 9799 9800
f 9708 9800 9709
f 9709 9800 9801
f 9709 9801 9710
f 9710 9801 9802
f 9710 9802 9711
f 9711 9802 9803
f 9711 9803 9712
f 9712 9803 9804
f 9712 9804 9713
f 9713 9804 9805
f 9713 9805 9714
f 9714 9805 9806
f 9714 9806 9715
f 9715 9806 9807
f 9715 9807 9716
f 9716 9807 9808
f 9716 9808 9717
f 9717 9808 9809
f 9717 9809 9718
f 9718 9809 9810
f 9718 9810 9719
f 9719 9810 9811
f 9719 9811 9720
f 9720 9811 9812
f 9720 9812 9721
f 9721 9812 9813
f 9721 9813 9722
f 9722 9813 9814
f 9722 9814 9723
f 9723 9814 9815
f 9723 9815 9724
f 9724 9815 9816
f 9724 9816 9725
f 9725 9816 9817
f 9725 9817 9726
f 9726 9817 9818
f 9726 9818 9727
f 9727 9818 9819
f 9727 9819 9728
f 9728 9819 9820
f 9728 9820 9729
f 9729 9820 9821
f 9729 9821 9730
f 9730 9821 9822
f 9730 9822 9731
f 9731 9822 9823
f 9731 9823 9732
f 9732 9823 9824
f 9732 9824 9733
f 9733 9824 9825
f 9733 9825 9734
f 9734 9825 9826
f 9734 9826 9735
f 9735 9826 9827
f 9735 9827 9736
f 9736 9827 9828
f 9736 9828 9737
f 9737 9828 9829
f 9737 9829 9738
f 9738 9829 9830
f 9738 9830 9739
f 9739 9830 9831
f 9739 9831 9740
f 9740 9831 9832
f 9740 9832 9741
f 9741 9832 9833
f 9741 9833 9742
f 9742 9833 9834
f 9742 9834 9743
f 9743 9834 9835
f 9743 9835 9744
f 9744 9835 9836
f 9744 9836 9745
f 9745 9836 9837
f 9745 9837 9746
f 9746 9837 9838
f 9746 9838 9747
f 9747 9838 9839
f 9747 9839 9748
f 9748 9839 9840
f 9748 9840 9749
f 9749 9840 9841
f 9749 9841 9750
f 9750 9841 9842
f 9750 9842 9751
f 9751 9842 9843
f 9751 9843 9752
f 9752 9843 9844
f 9752 9844 9753
f 9753 9844 9845
f 9753 9845 9754
f 9754 9845 9846
f 9754 9846 9755
f 9755 9846 9847
f 9755 9847 9756
f 9756 9847 9848
f 9756 9848 9757
f 9757 9848 9849
f 9757 9849 9758
f 9758 9849 9850
f 9758 9850 9759
f 9759 9850 9851
f 9759 9851 9760
f 9760 9851 9852
f 9760 9852 9761
f 9761 9852 9853
f 9761 9853 9762
f 9762 9853 9854
f 9762 9854 9763
f 9763 9854 9855
f 9763 9855 9764
f 9764 9855 9856
f 9764 9856 9765
f 9765 9856 9766
f 9765 9766 9675
f 9766 9857 9858
f 9766 9858 9767
f 9767 9858 9859
f 9767 9859 9768
f 9768 9859 9860
f 9768 9860 9769
f 9769 9860 9861
f 9769 9861 9770
f 9770 9861 9862
f 9770 9862 9771
f 9771 9862 9863
f 9771 9863 9772
f 9772 9863 9864
f 9772 9864 9773
f 9773 9864 9865
f 9773 9865 9774
f 9774 9865 9866
f 9774 9866 9775
f 9775 9866 9867
f 9775 9867 9776
f 9776 9867 9868
f 9776 9868 9777
f 9777 9868 9869
f 9777 9869 9778
f 9778 9869 9870
f 9778 9870 9779
f 9779 9870 9871
f 9779 9871 9780
f 9780 9871 9872
f 9780 9872 9781
f 9781 9872 9873
f 9781 9873 9782
f 9782 9873 9874
f 9782 9874 9783
f 9783 9874 9875
f 9783 9875 9784
f 9784 9875 9876
f 9784 9876 9785
f 9785 9876 9877
f 9785 9877 9786
f 9786 9877 9878
f 9786 9878 9787
f 9787 9878 9879
f 9787 9879 9788
f 9788 9879 9880
f 9788 9880 9789
f 9789 9880 9881
f 9789 9881 9790
f 9790 9881 9882
f 9790 9882 9791
f 9791 9882 9883
f 9791 9883 9792
f 9792 9883 9884
f 9792 9884 9793
f 9793 9884 9885
f 9793 9885 9794
f 9794 9885 9886
f 9794 9886 9795
f 9795 9886 9887
f 9795 9887 9796
f 9796 9887 9888
f 9796 9888 9797
f 9797 9888 9889
f 9797 9889 9798
f 9798 9889 9890
f 9798 9890 9799
f 9799 9890 9891
f 9799 9891 9800
f 9800 9891 9892
f 9800 9892 9801
f 9801 9892 9893
f 9801 9893 9802
f 9802 9893 9894
f 9802 9894 9803
f 9803 9894 9895
f 9803 9895 9804
f 9804 9895 9896
f 9804 9896 9805
f 9805 9896 9897
f 9805 9897 9806
f 9806 9897 9898
f 9806 9898 9807
f 9807 9898 9899
f 9807 9899 9808
f 9808 9899 9900
f 9808 9900 9809
f 9809 9900 9901
f 9809 9901 9810
f 9810 9901 9902
f 9810 9902 9811
f 9811 9902 9903
f 9811 9903 9812
f 9812 9903 9904
f 9812 9904 9813
f 9813 9904 9905
f 9813 9905 9814
f 9814 9905 9906
f 9814 9906 9815
f 9815 9906 9907
f 9815 9907 9816
f 9816 9907 9908
f 9816 9908 9817
f 9817 9908 9909
f 9817 9909 9818
f 9818 9909 9910
f 9818 9910 9819
f 9819 9910 9911
f 9819 9911 9820
f 9820 9911 9912
f 9820 9912 9821
f 9821 9912 9913
f 9821 9913 9822
f 9822 9913 9914
f 9822 9914 9823
f 9823 9914 9915
f 9823 9915 9824
f 9824 9915 9916
f 9824 9916 9825
f 9825 9916 9917
f 9825 9917 9826
f 9826 9917 9918
f 9826 9918 9827
f 9827 9918 9919
f 9827 9919 9828
f 9828 9919 9920
f 9828 9920 9829
f 9829 9920 9921
f 9829 9921 9830
f 9830 9921 9922
f 9830 9922 9831
f 9831 9922 9923
f 9831 9923 9832
f 9832 9923 9924
f 9832 9924 9833
f 9833 9924 9925
f 9833 9925 9834
f 9834 9925 9926
f 9834 9926 9835
f 9835 9926 9927
f 9835 9927 9836
f 9836 9927 9928
f 9836 9928 9837
f 9837 9928 9929
f 9837 9929 9838
f 9838 9929 9930
f 9838 9930 9839
f 9839 9930 9931
f 9839 9931 9840
f 9840 9931 9932
f 9840 9932 9841
f 9841 9932 9933
f 9841 9933 9842
f 9842 9933 9934
f 9842 9934 9843
f 9843 9934 9935
f 9843 9935 9844
f 9844 9935 9936
f 9844 9936 9845
f 9845 9936 9937
f 9845 9937 9846
f 9846 9937 9938
f 9846 9938 9847
f 9847 9938 9939
f 9847 9939 9848
f 9848 9939 9940
f 9848 9940 9849
f 9849 9940 9941
f 9849 9941 9850
f 9850 9941 9942
f 9850 9942 9851
f 9851 9942 9943
f 9851 9943 9852
f 9852 9943 9944
f 9852 9944 9853
f 9853 9944 9945
f 9853 9945 9854
f 9854 9945 9946
f 9854 9946 9855
f 9855 9946 9947
f 9855 9947 9856
f 9856 9947 9857
f 9856 9857 9766
f 9857 9948 9949
f 9857 9949 9858
f 9858 9949 9950
f 9858 9950 9859
f 9859 9950 9951
f 9859 9951 9860
f 9860 9951 9952
f 9860 9952 9861
f 9861 9952 9953
f 9861 9953 9862
f 9862 9953 9954
f 9862 9954 9863
f 9863 9954 9955
f 9863 9955 9864
f 9864 9955 9956
f 9864 9956 9865
f 9865 9956 9957
f 9865 9957 9866
f 9866 9957 9958
f 9866 9958 9867
f 9867 9958 9959
f 9867 9959 9868
f 9868 9959 9960
f 9868 9960 9869
f 9869 9960 9961
f 9869 9961 9870
f 9870 9961 9962
f 9870 9962 9871
f 9871 9962 9963
f 9871 9963 9872
f 9872 9963 9964
f 9872 9964 9873
f 9873 9964 9965
f 9873 9965 9874
f 9874 9965 9966
f 9874 9966 9875
f 9875 9966 9967
f 9875 9967 9876
f 9876 9967 9968
f 9876 9968 9877
f 9877 9968 9969
f 9877 9969 9878
f 9878 9969 9970
f 9878 9970 9879
f 9879 9970 9971
f 9879 9971 9880
f 9880 9971 9972
f 9880 9972 9881
f 9881 9972 9973
f 9881 9973 9882
f 9882 9973 9974
f 9882 9974 9883
f 9883 9974 9975
f 9883 9975 9884
f 9884 9975 9976
f 9884 9976 9885
f 9885 9976 9977
f 9885 9977 9886
f 9886 9977 9978
f 9886 9978 9887
f 9887 9978 9979
f 9887 9979 9888
f 9888 9979 9980
f 9888 9980 9889
f 9889 9980 9981
f 9889 9981 9890
f 9890 9981 9982
f 9890 9982 9891
f 9891 9982 9983
f 9891 9983 9892
f 9892 9983 9984
f 9892 9984 9893
f 9893 9984 9985
f 9893 9985 9894
f 9894 9985 9986
f 9894 9986 9895
f 9895 9986 9987
f 9895 9987 9896
f 9896 9987 9988
f 9896 9988 9897
f 9897 9988 9989
f 9897 9989 9898
f 9898 9989 9990
f 9898 9990 9899
f 9899 9990 9991
f 9899 9991 9900
f 9900 9991 9992
f 9900 9992 9901
f 9901 9992 9993
f 9901 9993 9902
f 9902 9993 9994
f 9902 9994 9903
f 9903 9994 9995
f 9903 9995 9904
f 9904 9995 9996
f 9904 9996 9905
f 9905 9996 9997
f 9905 9997 9906
f 9906 9997 9998
f 9906 9998 9907
f 9907 9998 9999
f 9907 9999 9908
f 9908 9999 10000
f 9908 10000 9909
f 9909 10000 10001
f 9909 10001 9910
f 9910 10001 10002
f 9910 10002 9911
f 9911 10002 10003
f 9911 10003 9912
f 9912 10003 10004
f 9912 10004 9913
f 9913 10004 10005
f 9913 10005 9914
f 9914 10005 10006
f 9914 10006 9915
f 9915 10006 10007
f 9915 10007 9916
f 9916 10007 10008
f 9916 10008 9917
f 9917 10008 10009
f 9917 10009 9918
f 9918 10009 10010
f 9918 10010 9919
f 9919 10010 10011
f 9919 10011 9920
f 9920 10011 10012
f 9920 10012 9921
f 9921 10012 10013
f 9921 10013 9922
f 9922 10013 10014
f 9922 10014 9923
f 9923 10014 10015
f 9923 10015 9924
f 9924 10015 10016
f 9924 10016 9925
f 9925 10016 10017
f 9925 10017 9926
f 9926 10017 10018
f 9926 10018 9927
f 9927 10018 10019
f 9927 10019 9928
f 9928 10019 10020
f 9928 10020 9929
f 9929 10020 10021
f 9929 10021 9930
f 9930 10021 10022
f 9930 10022 9931
f 9931 10022 10023
f 9931 10023 9932
f 9932 10023 10024
f 9932 10024 9933
f 9933 10024 10025
f 9933 10025 9934
f 9934 10025 10026
f 9934 10026 9935
f 9935 10026 10027
f 9935 10027 9936
f 9936 10027 10028
f 9936 10028 9937
f 9937 10028 10029
f 9937 10029 9938
f 9938 10029 10030
f 9938 10030 9939
f 9939 10030 10031
f 9939 10031 9940
f 9940 10031 10032
f 9940 10032 9941
f 9941 10032 10033
f 9941 10033 9942
f 9942 10033 10034
f 9942 10034 9943
f 9943 10034 10035
f 9943 10035 9944
f 9944 10035 10036
f 9944 10036 9945
f 9945 10036 10037
f 9945 10037 9946
f 9946 10037 10038
f 9946 10038 9947
f 9947 10038 9948
f 9947 9948 9857
f 9948 10039 10040
f 9948 10040 9949
f 9949 10040 10041
f 9949 10041 9950
f 9950 10041 10042
f 9950 10042 9951
f 9951 10042 10043
f 9951 10043 9952
f 9952 10043 10044
f 9952 10044 9953
f 9953 10044 10045
f 9953 10045 9954
f 9954 10045 10046
f 9954 10046 9955
f 9955 10046 10047
f 9955 10047 9956
f 9956 10047 10048
f 9956 10048 9957
f 9957 10048 10049
f 9957 10049 9958
f 9958 10049 10050
f 9958 10050 9959
f 9959 10050 10051
f 9959 10051 9960
f 9960 10051 10052
f 9960 10052 9961
f 9961 10052 10053
f 9961 10053 9962
f 9962 10053 10054
f 9962 10054 9963
f 9963 10054 10055
f 9963 10055 9964
f 9964 10055 10056
f 9964 10056 9965
f 9965 10056 10057
f 9965 10057 9966
f 9966 10057 10058
f 9966 10058 9967
f 9967 10058 10059
f 9967 10059 9968
f 9968 10059 10060
f 9968 10060 9969
f 9969 10060 10061
f 9969 10061 9970
f 9970 10061 10062
f 9970 10062 9971
f 9971 10062 10063
f 9971 10063 9972
f 9972 10063 10064
f 9972 10064 9973
f 9973 10064 10065
f 9973 10065 9974
f 9974 10065 10066
f 9974 10066 9975
f 9975 10066 10067
f 9975 10067 9976
f 9976 10067 10068
f 9976 10068 9977
f 9977 10068 10069
f 9977 10069 9978
f 9978 10069 10070
f 9978 10070 9979
f 9979 10070 10071
f 9979 10071 9980
f 9980 10071 10072
f 9980 10072 9981
f 9981 10072 10073
f 9981 10073 9982
f 9982 10073 10074
f 9982 10074 9983
f 9983 10074 10075
f 9983 10075 9984
f 9984 10075 10076
f 9984 10076 9985
f 9985 10076 10077
f 9985 10077 9986
f 9986 10077 10078
f 9986 10078 9987
f 9987 10078 10079
f 9987 10079 9988
f 9988 10079 10080
f 9988 10080 9989
f 9989 10080 10081
f 9989 10081 9990
f 9990 10081 10082
f 9990 10082 9991
f 9991 10082 10083
f 9991 10083 9992
f 9992 10083 10084
f 9992 10084 9993
f 9993 10084 10085
f 9993 10085 9994
f 9994 10085 10086
f 9994 10086 9995
f 9995 10086 10087
f 9995 10087 9996
f 9996 10087 10088
f 9996 10088 9997
f 9997 10088 10089
f 9997 10089 9998
f 9998 10089 10090
f 9998 10090 9999
f 9999 10090 10091
f 9999 10091 10000
f 10000 10091 10092
f 10000 10092 10001
f 10001 10092 10093
f 10001 10093 10002
f 10002 10093 10094
f 10002 10094 10003
f 10003 10094 10095
f 10003 10095 10004
f 10004 10095 10096
f 10004 10096 10005
f 10005 10096 10097
f 10005 10097 10006
f 10006 10097 10098
f 10006 10098 10007
f 10007 10098 10099
f 10007 10099 10008
f 10008 10099 10100
f 10008 10100 10009
f 10009 10100 10101
f 10009 10101 10010
f 10010 10101 10102
f 10010 10102 10011
f 10011 10102 10103
f 10011 10103 10012
f 10012 10103 10104
f 10012 10104 10013
f 10013 10104 10105
f 10013 10105 10014
f 10014 10105 10106
f 10014 10106 10015
f 10015 10106 10107
f 10015 10107 10016
f 10016 10107 10108
f 10016 10108 10017
f 10017 10108 10109
f 10017 10109 10018
f 10018 10109 10110
f 10018 10110 10019
f 10019 10110 10111
f 10019 10111 10020
f 10020 10111 10112
f 10020 10112 10021
f 10021 10112 10113
f 10021 10113 10022
f 10022 10113 10114
f 10022 10114 10023
f 10023 10114 10115
f 10023 10115 10024
f 10024 10115 10116
f 10024 10116 10025
f 10025 10116 10117
f 10025 10117 10026
f 10026 10117 10118
f 10026 10118 10027
f 10027 10118 10119
f 10027 10119 10028
f 10028 10119 10120
f 10028 10120 10029
f 10029 10120 10121
f 10029 10121 10030
f 10030 10121 10122
f 10030 10122 10031
f 10031 10122 10123
f 10031 10123 10032
f 10032 10123 10124
f 10032 10124 10033
f 10033 10124 10125
f 10033 10125 10034
f 10034 10125 10126
f 10034 10126 10035
f 10035 10126 10127
f 10035 10127 10036
f 10036 10127 10128
f 10036 10128 10037
f 10037 10128 10129
f 10037 10129 10038
f 10038 10129 10039
f 10038 10039 9948
f 10039 10130 10131
f 10039 10131 10040
f 10040 10131 10132
f 10040 10132 10041
f 10041 10132 10133
f 10041 10133 10042
f 10042 10133 10134
f 10042 10134 10043
f 10043 10134 10135
f 10043 10135 10044
f 10044 10135 10136
f 10044 10136 10045
f 10045 10136 10137
f 10045 10137 10046
f 10046 10137 10138
f 10046 10138 10047
f 10047 10138 10139
f 10047 10139 10048
f 10048 10139 10140
f 10048 10140 10049
f 10049 10140 10141
f 10049 10141 10050
f 10050 10141 10142
f 10050 10142 10051
f 10051 10142 10143
f 10051 10143 10052
f 10052 10143 10144
f 10052 10144 10053
f 10053 10144 10145
f 10053 10145 10054
f 10054 10145 10146
f 10054 10146 10055
f 10055 10146 10147
f 10055 10147 10056
f 10056 10147 10148
f 10056 10148 10057
f 10057 10148 10149
f 10057 10149 10058
f 10058 10149 10150
f 10058 10150 10059
f 10059 10150 10151
f 10059 10151 10060
f 10060 10151 10152
f 10060 10152 10061
f 10061 10152 10153
f 10061 10153 10062
f 10062 10153 10154
f 10062 10154 10063
f 10063 10154 10155
f 10063 10155 10064
f 10064 10155 10156
f 10064 10156 10065
f 10065 10156 10157
f 10065 10157 10066
f 10066 10157 10158
f 10066 10158 10067
f 10067 10158 10159
f 10067 10159 10068
f 10068 10159 10160
f 10068 10160 10069
f 10069 10160 10161
f 10069 10161 10070
f 10070 10161 10162
f 10070 10162 10071
f 10071 10162 10163
f 10071 10163 10072
f 10072 10163 10164
f 10072 10164 10073
f 10073 10164 10165
f 10073 10165 10074
f 10074 10165 10166
f 10074 10166 10075
f 10075 10166 10167
f 10075 10167 10076
f 10076 10167 10168
f 10076 10168 10077
f 10077 10168 10169
f 10077 10169 10078
f 10078 10169 10170
f 10078 10170 10079
f 10079 10170 10171
f 10079 10171 10080
f 10080 10171 10172
f 10080 10172 10081
f 10081 10172 10173
f 10081 10173 10082
f 10082 10173 10174
f 10082 10174 10083
f 10083 10174 10175
f 10083 10175 10084
f 10084 10175 10176
f 10084 10176 10085
f 10085 10176 10177
f 10085 10177 10086
f 10086 10177 10178
f 10086 10178 10087
f 10087 10178 10179
f 10087 10179 10088
f 10088 10179 10180
f 10088 10180 10089
f 10089 10180 10181
f 10089 10181 10090
f 10090 10181 10182
f 10090 10182 10091
f 10091 10182 10183
f 10091 10183 10092
f 10092 10183 10184
f 10092 10184 10093
f 10093 10184 10185
f 10093 10185 10094
f 10094 10185 10186
f 10094 10186 10095
f 10095 10186 10187
f 10095 10187 10096
f 10096 10187 10188
f 10096 10188 10097
f 10097 10188 10189
f 10097 10189 10098
f 10098 10189 10190
f 10098 10190 10099
f 10099 10190 10191
f 10099 10191 10100
f 10100 10191 10192
f 10100 10192 10101
f 10101 10192 10193
f 10101 10193 10102
f 10102 10193 10194
f 10102 10194 10103
f 10103 10194 10195
f 10103 10195 10104
f 10104 10195 10196
f 10104 10196 10105
f 10105 10196 10197
f 10105 10197 10106
f 10106 10197 10198
f 10106 10198 10107
f 10107 10198 10199
f 10107 10199 10108
f 10108 10199 10200
f 10108 10200 10109
f 10109 10200 10201
f 10109 10201 10110
f 10110 10201 10202
f 10110 10202 10111
f 10111 10202 10203
f 10111 10203 10112
f 10112 10203 10204
f 10112 10204 10113
f 10113 10204 10205
f 10113 10205 10114
f 10114 10205 10206
f 10114 10206 10115
f 10115 10206 10207
f 10115 10207 10116
f 10116 10207 10208
f 10116 10208 10117
f 10117 10208 10209
f 10117 10209 10118
f 10118 10209 10210
f 10118 10210 10119
f 10119 10210 10211
f 10119 10211 10120
f 10120 10211 10212
f 10120 10212 10121
f 10121 10212 10213
f 10121 10213 10122
f 10122 10213 10214
f 10122 10214 10123
f 10123 10214 10215
f 10123 10215 10124
f 10124 10215 10216
f 10124 10216 10125
f 10125 10216 10217
f 10125 10217 10126
f 10126 10217 10218
f 10126 10218 10127
f 10127 10218 10219
f 10127 10219 10128
f 10128 10219 10220
f 10128 10220 10129
f 10129 10220 10130
f 10129 10130 10039
f 10130 10221 10222
f 10130 10222 10131
f 10131 10222 10223
f 10131 10223 10132
f 10132 10223 10224
f 10132 10224 10133
f 10133 10224 10225
f 10133 10225 10134
f 10134 10225 10226
f 10134 10226 10135
f 10135 10226 10227
f 10135 10227 10136
f 10136 10227 10228
f 10136 10228 10137
f 10137 10228 10229
f 10137 10229 10138
f 10138 10229 10230
f 10138 10230 10139
f 10139 10230 10231
f 10139 10231 10140
f 10140 10231 10232
f 10140 10232 10141
f 10141 10232 10233
f 10141 10233 10142
f 10142 10233 10234
f 10142 10234 10143
f 10143 10234 10235
f 10143 10235 10144
f 10144 10235 10236
f 10144 10236 10145
f 10145 10236 10237
f 10145 10237 10146
f 10146 10237 10238
f 10146 10238 10147
f 10147 10238 10239
f 10147 10239 10148
f 10148 10239 10240
f 10148 10240 10149
f 10149 10240 10241
f 10149 10241 10150
f 10150 10241 10242
f 10150 10242 10151
f 10151 10242 10243
f 10151 10243 10152
f 10152 10243 10244
f 10152 10244 10153
f 10153 10244 10245
f 10153 10245 10154
f 10154 10245 10246
f 10154 10246 10155
f 10155 10246 10247
f 10155 10247 10156
f 10156 10247 10248
f 10156 10248 10157
f 10157 10248 10249
f 10157 10249 10158
f 10158 10249 10250
f 10158 10250 10159
f 10159 10250 10251
f 10159 10251 10160
f 10160 10251 10252
f 10160 10252 10161
f 10161 10252 10253
f 10161 10253 10162
f 10162 10253 10254
f 10162 10254 10163
f 10163 10254 10255
f 10163 10255 10164
f 10164 10255 10256
f 10164 10256 10165
f 10165 10256 10257
f 10165 10257 10166
f 10166 10257 10258
f 10166 10258 10167
f 10167 10258 10259
f 10167 10259 10168
f 10168 10259 10260
f 10168 10260 10169
f 10169 10260 10261
f 10169 10261 10170
f 10170 10261 10262
f 10170 10262 10171
f 10171 10262 10263
f 10171 10263 10172
f 10172 10263 10264
f 10172 10264 10173
f 10173 10264 10265
f 10173 10265 10174
f 10174 10265 10266
f 10174 10266 10175
f 10175 10266 10267
f 10175 10267 10176
f 10176 10267 10268
f 10176 10268 10177
f 10177 10268 10269
f 10177 10269 10178
f 10178 10269 10270
f 10178 10270 10179
f 10179 10270 10271
f 10179 10271 10180
f 10180 10271 10272
f 10180 10272 10181
f 10181 10272 10273
f 10181 10273 10182
f 10182 10273 10274
f 10182 10274 10183
f 10183 10274 10275
f 10183 10275 10184
f 10184 10275 10276
f 10184 10276 10185
f 10185 10276 10277
f 10185 10277 10186
f 10186 10277 10278
f 10186 10278 10187
f 10187 10278 10279
f 10187 10279 10188
f 10188 10279 10280
f 10188 10280 10189
f 10189 10280 10281
f 10189 10281 10190
f 10190 10281 10282
f 10190 10282 10191
f 10191 10282 10283
f 10191 10283 10192
f 10192 10283 10284
f 10192 10284 10193
f 10193 10284 10285
f 10193 10285 10194
f 10194 10285 10286
f 10194 10286 10195
f 10195 10286 10287
f 10195 10287 10196
f 10196 10287 10288
f 10196 10288 10197
f 10197 10288 10289
f 10197 10289 10198
f 10198 10289 10290
f 10198 10290 10199
f 10199 10290 10291
f 10199 10291 10200
f 10200 10291 10292
f 10200 10292 10201
f 10201 10292 10293
f 10201 10293 10202
f 10202 10293 10294
f 10202 10294 10203
f 10203 10294 10295
f 10203 10295 10204
f 10204 10295 10296
f 10204 10296 10205
f 10205 10296 10297
f 10205 10297 10206
f 10206 10297 10298
f 10206 10298 10207
f 10207 10298 10299
f 10207 10299 10208
f 10208 10299 10300
f 10208 10300 10209
f 10209 10300 10301
f 10209 10301 10210
f 10210 10301 10302
f 10210 10302 10211
f 10211 10302 10303
f 10211 10303 10212
f 10212 10303 10304
f 10212 10304 10213
f 10213 10304 10305
f 10213 10305 10214
f 10214 10305 10306
f 10214 10306 10215
f 10215 10306 10307
f 10215 10307 10216
f 10216 10307 10308
f 10216 10308 10217
f 10217 10308 10309
f 10217 10309 10218
f 10218 10309 10310
f 10218 10310 10219
f 10219 10310 10311
f 10219 10311 10220
f 10220 10311 10221
f 10220 10221 10130
f 10312 9494 9493
f 10312 9495 9494
f 10312 9496 9495
f 10312 9497 9496
f 10312 9498 9497
f 10312 9499 9498
f 10312 9500 9499
f 10312 9501 9500
f 10312 9502 9501
f 10312 9503 9502
f 10312 9504 9503
f 10312 9505 9504
f 10312 9506 9505
f 10312 9507 9506
f 10312 9508 9507
f 10312 9509 9508
f 10312 9510 9509
f 10312 9511 9510
f 10312 9512 9511
f 10312 9513 9512
f 10312 9514 9513
f 10312 9515 9514
f 10312 9516 9515
f 10312 9517 9516
f 10312 9518 9517
f 10312 9519 9518
f 10312 9520 9519
f 10312 9521 9520
f 10312 9522 9521
f 10312 9523 9522
f 10312 9524 9523
f 10312 9525 9524
f 10312 9526 9525
f 10312 9527 9526
f 10312 9528 9527
f 10312 9529 9528
f 10312 9530 9529
f 10312 9531 9530
f 10312 9532 9531
f 10312 9533 9532
f 10312 9534 9533
f 10312 9535 9534
f 10312 9536 9535
f 10312 9537 9536
f 10312 9538 9537
f 10312 9539 9538
f 10312 9540 9539
f 10312 9541 9540
f 10312 9542 9541
f 10312 9543 9542
f 10312 9544 9543
f 10312 9545 9544
f 10312 9546 9545
f 10312 9547 9546
f 10312 9548 9547
f 10312 9549 9548
f 10312 9550 9549
f 10312 9551 9550
f 10312 9552 9551
f 10312 9553 9552
f 10312 9554 9553
f 10312 9555 9554
f 10312 9556 9555
f 10312 9557 9556
f 10312 9558 9557
f 10312 9559 9558
f 10312 9560 9559
f 10312 9561 9560
f 10312 9562 9561
f 10312 9563 9562
f 10312 9564 9563
f 10312 9565 9564
f 10312 9566 9565
f 10312 9567 9566
f 10312 9568 9567
f 10312 9569 9568
f 10312 9570 9569
f 10312 9571 9570
f 10312 9572 9571
f 10312 9573 9572
f 10312 9574 9573
f 10312 9575 9574
f 10312 9576 9575
f 10312 9577 9576
f 10312 9578 9577
f 10312 9579 9578
f 10312 9580 9579
f 10312 9581 9580
f 10312 9582 9581
f 10312 9583 9582
f 10312 9493 9583
f 10313 10221 10222
f 10313 10222 10223
f 10313 10223 10224
f 10313 10224 10225
f 10313 10225 10226
f 10313 10226 10227
f 10313 10227 10228
f 10313 10228 10229
f 10313 10229 10230
f 10313 10230 10231
f 10313 10231 10232
f 10313 10232 10233
f 10313 10233 10234
f 10313 10234 10235
f 10313 10235 10236
f 10313 10236 10237
f 10313 10237 10238
f 10313 10238 10239
f 10313 10239 10240
f 10313 10240 10241
f 10313 10241 10242
f 10313 10242 10243
f 10313 10243 10244
f 10313 10244 10245
f 10313 10245 10246
f 10313 10246 10247
f 10313 10247 10248
f 10313 10248 10249
f 10313 10249 10250
f 10313 10250 10251
f 10313 10251 10252
f 10313 10252 10253
f 10313 10253 10254
f 10313 10254 10255
f 10313 10255 10256
f 10313 10256 10257
f 10313 10257 10258
f 10313 10258 10259
f 10313 10259 10260
f 10313 10260 10261
f 10313 10261 10262
f 10313 10262 10263
f 10313 10263 10264
f 10313 10264 10265
f 10313 10265 10266
f 10313 10266 10267
f 10313 10267 10268
f 10313 10268 10269
f 10313 10269 10270
f 10313 10270 10271
f 10313 10271 10272
f 10313 10272 10273
f 10313 10273 10274
f 10313 10274 10275
f 10313 10275 10276
f 10313 10276 10277
f 10313 10277 10278
f 10313 10278 10279
f 10313 10279 10280
f 10313 10280 10281
f 10313 10281 10282
f 10313 10282 10283
f 10313 10283 10284
f 10313 10284 10285
f 10313 10285 10286
f 10313 10286 10287
f 10313 10287 10288
f 10313 10288 10289
f 10313 10289 10290
f 10313 10290 10291
f 10313 10291 10292
f 10313 10292 10293
f 10313 10293 10294
f 10313 10294 10295
f 10313 10295 10296
f 10313 10296 10297
f 10313 10297 10298
f 10313 10298 10299
f 10313 10299 10300
f 10313 10300 10301
f 10313 10301 10302
f 10313 10302 10303
f 10313 10303 10304
f 10313 10304 10305
f 10313 10305 10306
f 10313 10306 10307
f 10313 10307 10308
f 10313 10308 10309
f 10313 10309 10310
f 10313 10310 10311
f 10313 10311 10221
g vtail_port
f 10314 10406 10405
f 10314 10315 10406
f 10315 10407 10406
f 10315 10316 10407
f 10316 10408 10407
f 10316 10317 10408
f 10317 10409 10408
f 10317 10318 10409
f 10318 10410 10409
f 10318 10319 10410
f 10319 10411 10410
f 10319 10320 10411
f 10320 10412 10411
f 10320 10321 10412
f 10321 10413 10412
f 10321 10322 10413
f 10322 10414 10413
f 10322 10323 10414
f 10323 10415 10414
f 10323 10324 10415
f 10324 10416 10415
f 10324 10325 10416
f 10325 10417 10416
f 10325 10326 10417
f 10326 10418 10417
f 10326 10327 10418
f 10327 10419 10418
f 10327 10328 10419
f 10328 10420 10419
f 10328 10329 10420
f 10329 10421 10420
f 10329 10330 10421
f 10330 10422 10421
f 10330 10331 10422
f 10331 10423 10422
f 10331 10332 10423
f 10332 10424 10423
f 10332 10333 10424
f 10333 10425 10424
f 10333 10334 10425
f 10334 10426 10425
f 10334 10335 10426
f 10335 10427 10426
f 10335 10336 10427
f 10336 10428 10427
f 10336 10337 10428
f 10337 10429 10428
f 10337 10338 10429
f 10338 10430 10429
f 10338 10339 10430
f 10339 10431 10430
f 10339 10340 10431
f 10340 10432 10431
f 10340 10341 10432
f 10341 10433 10432
f 10341 10342 10433
f 10342 10434 10433
f 10342 10343 10434
f 10343 10435 10434
f 10343 10344 10435
f 10344 10436 10435
f 10344 10345 10436
f 10345 10437 10436
f 10345 10346 10437
f 10346 10438 10437
f 10346 10347 10438
f 10347 10439 10438
f 10347 10348 10439
f 10348 10440 10439
f 10348 10349 10440
f 10349 10441 10440
f 10349 10350 10441
f 10350 10442 10441
f 10350 10351 10442
f 10351 10443 10442
f 10351 10352 10443
f 10352 10444 10443
f 10352 10353 10444
f 10353 10445 10444
f 10353 10354 10445
f 10354 10446 10445
f 10354 10355 10446
f 10355 10447 10446
f 10355 10356 10447
f 10356 10448 10447
f 10356 10357 10448
f 10357 10449 10448
f 10357 10358 10449
f 10358 10450 10449
f 10358 10359 10450
f 10359 10451 10450
f 10359 10360 10451
f 10360 10452 10451
f 10360 10361 10452
f 10361 10453 10452
f 10361 10362 10453
f 10362 10454 10453
f 10362 10363 10454
f 10363 10455 10454
f 10363 10364 10455
f 10364 10456 10455
f 10364 10365 10456
f 10365 10457 10456
f 10365 10366 10457
f 10366 10458 10457
f 10366 10367 10458
f 10367 10459 10458
f 10367 10368 10459
f 10368 10460 10459
f 10368 10369 10460
f 10369 10461 10460
f 10369 10370 10461
f 10370 10462 10461
f 10370 10371 10462
f 10371 10463 10462
f 10371 10372 10463
f 10372 10464 10463
f 10372 10373 10464
f 10373 10465 10464
f 10373 10374 10465
f 10374 10466 10465
f 10374 10375 10466
f 10375 10467 10466
f 10375 10376 10467
f 10376 10468 10467
f 10376 10377 10468
f 10377 10469 10468
f 10377 10378 10469
f 10378 10470 10469
f 10378 10379 10470
f 10379 10471 10470
f 10379 10380 10471
f 10380 10472 10471
f 10380 10381 10472
f 10381 10473 10472
f 10381 10382 10473
f 10382 10474 10473
f 10382 10383 10474
f 10383 10475 10474
f 10383 10384 10475
f 10384 10476 10475
f 10384 10385 10476
f 10385 10477 10476
f 10385 10386 10477
f 10386 10478 10477
f 10386 10387 10478
f 10387 10479 10478
f 10387 10388 10479
f 10388 10480 10479
f 10388 10389 10480
f 10389 10481 10480
f 10389 10390 10481
f 10390 10482 10481
f 10390 10391 10482
f 10391 10483 10482
f 10391 10392 10483
f 10392 10484 10483
f 10392 10393 10484
f 10393 10485 10484
f 10393 10394 10485
f 10394 10486 10485
f 10394 10395 10486
f 10395 10487 10486
f 10395 10396 10487
f 10396 10488 10487
f 10396 10397 10488
f 10397 10489 10488
f 10397 10398 10489
f 10398 10490 10489
f 10398 10399 10490
f 10399 10491 10490
f 10399 10400 10491
f 10400 10492 10491
f 10400 10401 10492
f 10401 10493 10492
f 10401 10402 10493
f 10402 10494 10493
f 10402 10403 10494
f 10403 10495 10494
f 10403 10404 10495
f 10404 10405 10495
f 10404 10314 10405
f 10405 10497 10496
f 10405 10406 10497
f 10406 10498 10497
f 10406 10407 10498
f 10407 10499 10498
f 10407 10408 10499
f 10408 10500 10499
f 10408 10409 10500
f 10409 10501 10500
f 10409 10410 10501
f 10410 10502 10501
f 10410 10411 10502
f 10411 10503 10502
f 10411 10412 10503
f 10412 10504 10503
f 10412 10413 10504
f 10413 10505 10504
f 10413 10414 10505
f 10414 10506 10505
f 10414 10415 10506
f 10415 10507 10506
f 10415 10416 10507
f 10416 10508 10507
f 10416 10417 10508
f 10417 10509 10508
f 10417 10418 10509
f 10418 10510 10509
f 10418 10419 10510
f 10419 10511 10510
f 10419 10420 10511
f 10420 10512 10511
f 10420 10421 10512
f 10421 10513 10512
f 10421 10422 10513
f 10422 10514 10513
f 10422 10423 10514
f 10423 10515 10514
f 10423 10424 10515
f 10424 10516 10515
f 10424 10425 10516
f 10425 10517 10516
f 10425 10426 10517
f 10426 10518 10517
f 10426 10427 10518
f 10427 10519 10518
f 10427 10428 10519
f 10428 10520 10519
f 10428 10429 10520
f 10429 10521 10520
f 10429 10430 10521
f 10430 10522 10521
f 10430 10431 10522
f 10431 10523 10522
f 10431 10432 10523
f 10432 10524 10523
f 10432 10433 10524
f 10433 10525 10524
f 10433 10434 10525
f 10434 10526 10525
f 10434 10435 10526
f 10435 10527 10526
f 10435 10436 10527
f 10436 10528 10527
f 10436 10437 10528
f 10437 10529 10528
f 10437 10438 10529
f 10438 10530 10529
f 10438 10439 10530
f 10439 10531 10530
f 10439 10440 10531
f 10440 10532 10531
f 10440 10441 10532
f 10441 10533 10532
f 10441 10442 10533
f 10442 10534 10533
f 10442 10443 10534
f 10443 10535 10534
f 10443 10444 10535
f 10444 10536 10535
f 10444 10445 10536
f 10445 10537 10536
f 10445 10446 10537
f 10446 10538 10537
f 10446 10447 10538
f 10447 10539 10538
f 10447 10448 10539
f 10448 10540 10539
f 10448 10449 10540
f 10449 10541 10540
f 10449 10450 10541
f 10450 10542 10541
f 10450 10451 10542
f 10451 10543 10542
f 10451 10452 10543
f 10452 10544 10543
f 10452 10453 10544
f 10453 10545 10544
f 10453 10454 10545
f 10454 10546 10545
f 10454 10455 10546
f 10455 10547 10546
f 10455 10456 10547
f 10456 10548 10547
f 10456 10457 10548
f 10457 10549 10548
f 10457 10458 10549
f 10458 10550 10549
f 10458 10459 10550
f 10459 10551 10550
f 10459 10460 10551
f 10460 10552 10551
f 10460 10461 10552
f 10461 10553 10552
f 10461 10462 10553
f 10462 10554 10553
f 10462 10463 10554
f 10463 10555 10554
f 10463 10464 10555
f 10464 10556 10555
f 10464 10465 10556
f 10465 10557 10556
f 10465 10466 10557
f 10466 10558 10557
f 10466 10467 10558
f 10467 10559 10558
f 10467 10468 10559
f 10468 10560 10559
f 10468 10469 10560
f 10469 10561 10560
f 10469 10470 10561
f 10470 10562 10561
f 10470 10471 10562
f 10471 10563 10562
f 10471 10472 10563
f 10472 10564 10563
f 10472 10473 10564
f 10473 10565 10564
f 10473 10474 10565
f 10474 10566 10565
f 10474 10475 10566
f 10475 10567 10566
f 10475 10476 10567
f 10476 10568 10567
f 10476 10477 10568
f 10477 10569 10568
f 10477 10478 10569
f 10478 10570 10569
f 10478 10479 10570
f 10479 10571 10570
f 10479 10480 10571
f 10480 10572 10571
f 10480 10481 10572
f 10481 10573 10572
f 10481 10482 10573
f 10482 10574 10573
f 10482 10483 10574
f 10483 10575 10574
f 10483 10484 10575
f 10484 10576 10575
f 10484 10485 10576
f 10485 10577 10576
f 10485 10486 10577
f 10486 10578 10577
f 10486 10487 10578
f 10487 10579 10578
f 10487 10488 10579
f 10488 10580 10579
f 10488 10489 10580
f 10489 10581 10580
f 10489 10490 10581
f 10490 10582 10581
f 10490 10491 10582
f 10491 10583 10582
f 10491 10492 10583
f 10492 10584 10583
f 10492 10493 10584
f 10493 10585 10584
f 10493 10494 10585
f 10494 10586 10585
f 10494 10495 10586
f 10495 10496 10586
f 10495 10405 10496
f 10496 10588 10587
f 10496 10497 10588
f 10497 10589 10588
f 10497 10498 10589
f 10498 10590 10589
f 10498 10499 10590
f 10499 10591 10590
f 10499 10500 10591
f 10500 10592 10591
f 10500 10501 10592
f 10501 10593 10592
f 10501 10502 10593
f 10502 10594 10593
f 10502 10503 10594
f 10503 10595 10594
f 10503 10504 10595
f 10504 10596 10595
f 10504 10505 10596
f 10505 10597 10596
f 10505 10506 10597
f 10506 10598 10597
f 10506 10507 10598
f 10507 10599 10598
f 10507 10508 10599
f 10508 10600 10599
f 10508 10509 10600
f 10509 10601 10600
f 10509 10510 10601
f 10510 10602 10601
f 10510 10511 10602
f 10511 10603 10602
f 10511 10512 10603
f 10512 10604 10603
f 10512 10513 10604
f 10513 10605 10604
f 10513 10514 10605
f 10514 10606 10605
f 10514 10515 10606
f 10515 10607 10606
f 10515 10516 10607
f 10516 10608 10607
f 10516 10517 10608
f 10517 10609 10608
f 10517 10518 10609
f 10518 10610 10609
f 10518 10519 10610
f 10519 10611 10610
f 10519 10520 10611
f 10520 10612 10611
f 10520 10521 10612
f 10521 10613 10612
f 10521 10522 10613
f 10522 10614 10613
f 10522 10523 10614
f 10523 10615 10614
f 10523 10524 10615
f 10524 10616 10615
f 10524 10525 10616
f 10525 10617 10616
f 10525 10526 10617
f 10526 10618 10617
f 10526 10527 10618
f 10527 10619 10618
f 10527 10528 10619
f 10528 10620 10619
f 10528 10529 10620
f 10529 10621 10620
f 10529 10530 10621
f 10530 10622 10621
f 10530 10531 10622
f 10531 10623 10622
f 10531 10532 10623
f 10532 10624 10623
f 10532 10533 10624
f 10533 10625 10624
f 10533 10534 10625
f 10534 10626 10625
f 10534 10535 10626
f 10535 10627 10626
f 10535 10536 10627
f 10536 10628 10627
f 10536 10537 10628
f 10537 10629 10628
f 10537 10538 10629
f 10538 10630 10629
f 10538 10539 10630
f 10539 10631 10630
f 10539 10540 10631
f 10540 10632 10631
f 10540 10541 10632
f 10541 10633 10632
f 10541 10542 10633
f 10542 10634 10633
f 10542 10543 10634
f 10543 10635 10634
f 10543 10544 10635
f 10544 10636 10635
f 10544 10545 10636
f 10545 10637 10636
f 10545 10546 10637
f 10546 10638 10637
f 10546 10547 10638
f 10547 10639 10638
f 10547 10548 10639
f 10548 10640 10639
f 10548 10549 10640
f 10549 10641 10640
f 10549 10550 10641
f 10550 10642 10641
f 10550 10551 10642
f 10551 10643 10642
f 10551 10552 10643
f 10552 10644 10643
f 10552 10553 10644
f 10553 10645 10644
f 10553 10554 10645
f 10554 10646 10645
f 10554 10555 10646
f 10555 10647 10646
f 10555 10556 10647
f 10556 10648 10647
f 10556 10557 10648
f 10557 10649 10648
f 10557 10558 10649
f 10558 10650 10649
f 10558 10559 10650
f 10559 10651 10650
f 10559 10560 10651
f 10560 10652 10651
f 10560 10561 10652
f 10561 10653 10652
f 10561 10562 10653
f 10562 10654 10653
f 10562 10563 10654
f 10563 10655 10654
f 10563 10564 10655
f 10564 10656 10655
f 10564 10565 10656
f 10565 10657 10656
f 10565 10566 10657
f 10566 10658 10657
f 10566 10567 10658
f 10567 10659 10658
f 10567 10568 10659
f 10568 10660 10659
f 10568 10569 10660
f 10569 10661 10660
f 10569 10570 10661
f 10570 10662 10661
f 10570 10571 10662
f 10571 10663 10662
f 10571 10572 10663
f 10572 10664 10663
f 10572 10573 10664
f 10573 10665 10664
f 10573 10574 10665
f 10574 10666 10665
f 10574 10575 10666
f 10575 10667 10666
f 10575 10576 10667
f 10576 10668 10667
f 10576 10577 10668
f 10577 10669 10668
f 10577 10578 10669
f 10578 10670 10669
f 10578 10579 10670
f 10579 10671 10670
f 10579 10580 10671
f 10580 10672 10671
f 10580 10581 10672
f 10581 10673 10672
f 10581 10582 10673
f 10582 10674 10673
f 10582 10583 10674
f 10583 10675 10674
f 10583 10584 10675
f 10584 10676 10675
f 10584 10585 10676
f 10585 10677 10676
f 10585 10586 10677
f 10586 10587 10677
f 10586 10496 10587
f 10587 10679 10678
f 10587 10588 10679
f 10588 10680 10679
f 10588 10589 10680
f 10589 10681 10680
f 10589 10590 10681
f 10590 10682 10681
f 10590 10591 10682
f 10591 10683 10682
f 10591 10592 10683
f 10592 10684 10683
f 10592 10593 10684
f 10593 10685 10684
f 10593 10594 10685
f 10594 10686 10685
f 10594 10595 10686
f 10595 10687 10686
f 10595 10596 10687
f 10596 10688 10687
f 10596 10597 10688
f 10597 10689 10688
f 10597 10598 10689
f 10598 10690 10689
f 10598 10599 10690
f 10599 10691 10690
f 10599 10600 10691
f 10600 10692 10691
f 10600 10601 10692
f 10601 10693 10692
f 10601 10602 10693
f 10602 10694 10693
f 10602 10603 10694
f 10603 10695 10694
f 10603 10604 10695
f 10604 10696 10695
f 10604 10605 10696
f 10605 10697 10696
f 10605 10606 10697
f 10606 10698 10697
f 10606 10607 10698
f 10607 10699 10698
f 10607 10608 10699
f 10608 10700 10699
f 10608 10609 10700
f 10609 10701 10700
f 10609 10610 10701
f 10610 10702 10701
f 10610 10611 10702
f 10611 10703 10702
f 10611 10612 10703
f 10612 10704 10703
f 10612 10613 10704
f 10613 10705 10704
f 10613 10614 10705
f 10614 10706 10705
f 10614 10615 10706
f 10615 10707 10706
f 10615 10616 10707
f 10616 10708 10707
f 10616 10617 10708
f 10617 10709 10708
f 10617 10618 10709
f 10618 10710 10709
f 10618 10619 10710
f 10619 10711 10710
f 10619 10620 10711
f 10620 10712 10711
f 10620 10621 10712
f 10621 10713 10712
f 10621 10622 10713
f 10622 10714 10713
f 10622 10623 10714
f 10623 10715 10714
f 10623 10624 10715
f 10624 10716 10715
f 10624 10625 10716
f 10625 10717 10716
f 10625 10626 10717
f 10626 10718 10717
f 10626 10627 10718
f 10627 10719 10718
f 10627 10628 10719
f 10628 10720 10719
f 10628 10629 10720
f 10629 10721 10720
f 10629 10630 10721
f 10630 10722 10721
f 10630 10631 10722
f 10631 10723 10722
f 10631 10632 10723
f 10632 10724 10723
f 10632 10633 10724
f 10633 10725 10724
f 10633 10634 10725
f 10634 10726 10725
f 10634 10635 10726
f 10635 10727 10726
f 10635 10636 10727
f 10636 10728 10727
f 10636 10637 10728
f 10637 10729 10728
f 10637 10638 10729
f 10638 10730 10729
f 10638 10639 10730
f 10639 10731 10730
f 10639 10640 10731
f 10640 10732 10731
f 10640 10641 10732
f 10641 10733 10732
f 10641 10642 10733
f 10642 10734 10733
f 10642 10643 10734
f 10643 10735 10734
f 10643 10644 10735
f 10644 10736 10735
f 10644 10645 10736
f 10645 10737 10736
f 10645 10646 10737
f 10646 10738 10737
f 10646 10647 10738
f 10647 10739 10738
f 10647 10648 10739
f 10648 10740 10739
f 10648 10649 10740
f 10649 10741 10740
f 10649 10650 10741
f 10650 10742 10741
f 10650 10651 10742
f 10651 10743 10742
f 10651 10652 10743
f 10652 10744 10743
f 10652 10653 10744
f 10653 10745 10744
f 10653 10654 10745
f 10654 10746 10745
f 10654 10655 10746
f 10655 10747 10746
f 10655 10656 10747
f 10656 10748 10747
f 10656 10657 10748
f 10657 10749 10748
f 10657 10658 10749
f 10658 10750 10749
f 10658 10659 10750
f 10659 10751 10750
f 10659 10660 10751
f 10660 10752 10751
f 10660 10661 10752
f 10661 10753 10752
f 10661 10662 10753
f 10662 10754 10753
f 10662 10663 10754
f 10663 10755 10754
f 10663 10664 10755
f 10664 10756 10755
f 10664 10665 10756
f 10665 10757 10756
f 10665 10666 10757
f 10666 10758 10757
f 10666 10667 10758
f 10667 10759 10758
f 10667 10668 10759
f 10668 10760 10759
f 10668 10669 10760
f 10669 10761 10760
f 10669 10670 10761
f 10670 10762 10761
f 10670 10671 10762
f 10671 10763 10762
f 10671 10672 10763
f 10672 10764 10763
f 10672 10673 10764
f 10673 10765 10764
f 10673 10674 10765
f 10674 10766 10765
f 10674 10675 10766
f 10675 10767 10766
f 10675 10676 10767
f 10676 10768 10767
f 10676 10677 10768
f 10677 10678 10768
f 10677 10587 10678
f 10678 10770 10769
f 10678 10679 10770
f 10679 10771 10770
f 10679 10680 10771
f 10680 10772 10771
f 10680 10681 10772
f 10681 10773 10772
f 10681 10682 10773
f 10682 10774 10773
f 10682 10683 10774
f 10683 10775 10774
f 10683 10684 10775
f 10684 10776 10775
f 10684 10685 10776
f 10685 10777 10776
f 10685 10686 10777
f 10686 10778 10777
f 10686 10687 10778
f 10687 10779 10778
f 10687 10688 10779
f 10688 10780 10779
f 10688 10689 10780
f 10689 10781 10780
f 10689 10690 10781
f 10690 10782 10781
f 10690 10691 10782
f 10691 10783 10782
f 10691 10692 10783
f 10692 10784 10783
f 10692 10693 10784
f 10693 10785 10784
f 10693 10694 10785
f 10694 10786 10785
f 10694 10695 10786
f 10695 10787 10786
f 10695 10696 10787
f 10696 10788 10787
f 10696 10697 10788
f 10697 10789 10788
f 10697 10698 10789
f 10698 10790 10789
f 10698 10699 10790
f 10699 10791 10790
f 10699 10700 10791
f 10700 10792 10791
f 10700 10701 10792
f 10701 10793 10792
f 10701 10702 10793
f 10702 10794 10793
f 10702 10703 10794
f 10703 10795 10794
f 10703 10704 10795
f 10704 10796 10795
f 10704 10705 10796
f 10705 10797 10796
f 10705 10706 10797
f 10706 10798 10797
f 10706 10707 10798
f 10707 10799 10798
f 10707 10708 10799
f 10708 10800 10799
f 10708 10709 10800
f 10709 10801 10800
f 10709 10710 10801
f 10710 10802 10801
f 10710 10711 10802
f 10711 10803 10802
f 10711 10712 10803
f 10712 10804 10803
f 10712 10713 10804
f 10713 10805 10804
f 10713 10714 10805
f 10714 10806 10805
f 10714 10715 10806
f 10715 10807 10806
f 10715 10716 10807
f 10716 10808 10807
f 10716 10717 10808
f 10717 10809 10808
f 10717 10718 10809
f 10718 10810 10809
f 10718 10719 10810
f 10719 10811 10810
f 10719 10720 10811
f 10720 10812 10811
f 10720 10721 10812
f 10721 10813 10812
f 10721 10722 10813
f 10722 10814 10813
f 10722 10723 10814
f 10723 10815 10814
f 10723 10724 10815
f 10724 10816 10815
f 10724 10725 10816
f 10725 10817 10816
f 10725 10726 10817
f 10726 10818 10817
f 10726 10727 10818
f 10727 10819 10818
f 10727 10728 10819
f 10728 10820 10819
f 10728 10729 10820
f 10729 10821 10820
f 10729 10730 10821
f 10730 10822 10821
f 10730 10731 10822
f 10731 10823 10822
f 10731 10732 10823
f 10732 10824 10823
f 10732 10733 10824
f 10733 10825 10824
f 10733 10734 10825
f 10734 10826 10825
f 10734 10735 10826
f 10735 10827 10826
f 10735 10736 10827
f 10736 10828 10827
f 10736 10737 10828
f 10737 10829 10828
f 10737 10738 10829
f 10738 10830 10829
f 10738 10739 10830
f 10739 10831 10830
f 10739 10740 10831
f 10740 10832 10831
f 10740 10741 10832
f 10741 10833 10832
f 10741 10742 10833
f 10742 10834 10833
f 10742 10743 10834
f 10743 10835 10834
f 10743 10744 10835
f 10744 10836 10835
f 10744 10745 10836
f 10745 10837 10836
f 10745 10746 10837
f 10746 10838 10837
f 10746 10747 10838
f 10747 10839 10838
f 10747 10748 10839
f 10748 10840 10839
f 10748 10749 10840
f 10749 10841 10840
f 10749 10750 10841
f 10750 10842 10841
f 10750 10751 10842
f 10751 10843 10842
f 10751 10752 10843
f 10752 10844 10843
f 10752 10753 10844
f 10753 10845 10844
f 10753 10754 10845
f 10754 10846 10845
f 10754 10755 10846
f 10755 10847 10846
f 10755 10756 10847
f 10756 10848 10847
f 10756 10757 10848
f 10757 10849 10848
f 10757 10758 10849
f 10758 10850 10849
f 10758 10759 10850
f 10759 10851 10850
f 10759 10760 10851
f 10760 10852 10851
f 10760 10761 10852
f 10761 10853 10852
f 10761 10762 10853
f 10762 10854 10853
f 10762 10763 10854
f 10763 10855 10854
f 10763 10764 10855
f 10764 10856 10855
f 10764 10765 10856
f 10765 10857 10856
f 10765 10766 10857
f 10766 10858 10857
f 10766 10767 10858
f 10767 10859 10858
f 10767 10768 10859
f 10768 10769 10859
f 10768 10678 10769
f 10769 10861 10860
f 10769 10770 10861
f 10770 10862 10861
f 10770 10771 10862
f 10771 10863 10862
f 10771 10772 10863
f 10772 10864 10863
f 10772 10773 10864
f 10773 10865 10864
f 10773 10774 10865
f 10774 10866 10865
f 10774 10775 10866
f 10775 10867 10866
f 10775 10776 10867
f 10776 10868 10867
f 10776 10777 10868
f 10777 10869 10868
f 10777 10778 10869
f 10778 10870 10869
f 10778 10779 10870
f 10779 10871 10870
f 10779 10780 10871
f 10780 10872 10871
f 10780 10781 10872
f 10781 10873 10872
f 10781 10782 10873
f 10782 10874 10873
f 10782 10783 10874
f 10783 10875 10874
f 10783 10784 10875
f 10784 10876 10875
f 10784 10785 10876
f 10785 10877 10876
f 10785 10786 10877
f 10786 10878 10877
f 10786 10787 10878
f 10787 10879 10878
f 10787 10788 10879
f 10788 10880 10879
f 10788 10789 10880
f 10789 10881 10880
f 10789 10790 10881
f 10790 10882 10881
f 10790 10791 10882
f 10791 10883 10882
f 10791 10792 10883
f 10792 10884 10883
f 10792 10793 10884
f 10793 10885 10884
f 10793 10794 10885
f 10794 10886 10885
f 10794 10795 10886
f 10795 10887 10886
f 10795 10796 10887
f 10796 10888 10887
f 10796 10797 10888
f 10797 10889 10888
f 10797 10798 10889
f 10798 10890 10889
f 10798 10799 10890
f 10799 10891 10890
f 10799 10800 10891
f 10800 10892 10891
f 10800 10801 10892
f 10801 10893 10892
f 10801 10802 10893
f 10802 10894 10893
f 10802 10803 10894
f 10803 10895 10894
f 10803 10804 10895
f 10804 10896 10895
f 10804 10805 10896
f 10805 10897 10896
f 10805 10806 10897
f 10806 10898 10897
f 10806 10807 10898
f 10807 10899 10898
f 10807 10808 10899
f 10808 10900 10899
f 10808 10809 10900
f 10809 10901 10900
f 10809 10810 10901
f 10810 10902 10901
f 10810 10811 10902
f 10811 10903 10902
f 10811 10812 10903
f 10812 10904 10903
f 10812 10813 10904
f 10813 10905 10904
f 10813 10814 10905
f 10814 10906 10905
f 10814 10815 10906
f 10815 10907 10906
f 10815 10816 10907
f 10816 10908 10907
f 10816 10817 10908
f 10817 10909 10908
f 10817 10818 10909
f 10818 10910 10909
f 10818 10819 10910
f 10819 10911 10910
f 10819 10820 10911
f 10820 10912 10911
f 10820 10821 10912
f 10821 10913 10912
f 10821 10822 10913
f 10822 10914 10913
f 10822 10823 10914
f 10823 10915 10914
f 10823 10824 10915
f 10824 10916 10915
f 10824 10825 10916
f 10825 10917 10916
f 10825 10826 10917
f 10826 10918 10917
f 10826 10827 10918
f 10827 10919 10918
f 10827 10828 10919
f 10828 10920 10919
f 10828 10829 10920
f 10829 10921 10920
f 10829 10830 10921
f 10830 10922 10921
f 10830 10831 10922
f 10831 10923 10922
f 10831 10832 10923
f 10832 10924 10923
f 10832 10833 10924
f 10833 10925 10924
f 10833 10834 10925
f 10834 10926 10925
f 10834 10835 10926
f 10835 10927 10926
f 10835 10836 10927
f 10836 10928 10927
f 10836 10837 10928
f 10837 10929 10928
f 10837 10838 10929
f 10838 10930 10929
f 10838 10839 10930
f 10839 10931 10930
f 10839 10840 10931
f 10840 10932 10931
f 10840 10841 10932
f 10841 10933 10932
f 10841 10842 10933
f 10842 10934 10933
f 10842 10843 10934
f 10843 10935 10934
f 10843 10844 10935
f 10844 10936 10935
f 10844 10845 10936
f 10845 10937 10936
f 10845 10846 10937
f 10846 10938 10937
f 10846 10847 10938
f 10847 10939 10938
f 10847 10848 10939
f 10848 10940 10939
f 10848 10849 10940
f 10849 10941 10940
f 10849 10850 10941
f 10850 10942 10941
f 10850 10851 10942
f 10851 10943 10942
f 10851 10852 10943
f 10852 10944 10943
f 10852 10853 10944
f 10853 10945 10944
f 10853 10854 10945
f 10854 10946 10945
f 10854 10855 10946
f 10855 10947 10946
f 10855 10856 10947
f 10856 10948 10947
f 10856 10857 10948
f 10857 10949 10948
f 10857 10858 10949
f 10858 10950 10949
f 10858 10859 10950
f 10859 10860 10950
f 10859 10769 10860
f 10860 10952 10951
f 10860 10861 10952
f 10861 10953 10952
f 10861 10862 10953
f 10862 10954 10953
f 10862 10863 10954
f 10863 10955 10954
f 10863 10864 10955
f 10864 10956 10955
f 10864 10865 10956
f 10865 10957 10956
f 10865 10866 10957
f 10866 10958 10957
f 10866 10867 10958
f 10867 10959 10958
f 10867 10868 10959
f 10868 10960 10959
f 10868 10869 10960
f 10869 10961 10960
f 10869 10870 10961
f 10870 10962 10961
f 10870 10871 10962
f 10871 10963 10962
f 10871 10872 10963
f 10872 10964 10963
f 10872 10873 10964
f 10873 10965 10964
f 10873 10874 10965
f 10874 10966 10965
f 10874 10875 10966
f 10875 10967 10966
f 10875 10876 10967
f 10876 10968 10967
f 10876 10877 10968
f 10877 10969 10968
f 10877 10878 10969
f 10878 10970 10969
f 10878 10879 10970
f 10879 10971 10970
f 10879 10880 10971
f 10880 10972 10971
f 10880 10881 10972
f 10881 10973 10972
f 10881 10882 10973
f 10882 10974 10973
f 10882 10883 10974
f 10883 10975 10974
f 10883 10884 10975
f 10884 10976 10975
f 10884 10885 10976
f 10885 10977 10976
f 10885 10886 10977
f 10886 10978 10977
f 10886 10887 10978
f 10887 10979 10978
f 10887 10888 10979
f 10888 10980 10979
f 10888 10889 10980
f 10889 10981 10980
f 10889 10890 10981
f 10890 10982 10981
f 10890 10891 10982
f 10891 10983 10982
f 10891 10892 10983
f 10892 10984 10983
f 10892 10893 10984
f 10893 10985 10984
f 10893 10894 10985
f 10894 10986 10985
f 10894 10895 10986
f 10895 10987 10986
f 10895 10896 10987
f 10896 10988 10987
f 10896 10897 10988
f 10897 10989 10988
f 10897 10898 10989
f 10898 10990 10989
f 10898 10899 10990
f 10899 10991 10990
f 10899 10900 10991
f 10900 10992 10991
f 10900 10901 10992
f 10901 10993 10992
f 10901 10902 10993
f 10902 10994 10993
f 10902 10903 10994
f 10903 10995 10994
f 10903 10904 10995
f 10904 10996 10995
f 10904 10905 10996
f 10905 10997 10996
f 10905 10906 10997
f 10906 10998 10997
f 10906 10907 10998
f 10907 10999 10998
f 10907 10908 10999
f 10908 11000 10999
f 10908 10909 11000
f 10909 11001 11000
f 10909 10910 11001
f 10910 11002 11001
f 10910 10911 11002
f 10911 11003 11002
f 10911 10912 11003
f 10912 11004 11003
f 10912 10913 11004
f 10913 11005 11004
f 10913 10914 11005
f 10914 11006 11005
f 10914 10915 11006
f 10915 11007 11006
f 10915 10916 11007
f 10916 11008 11007
f 10916 10917 11008
f 10917 11009 11008
f 10917 10918 11009
f 10918 11010 11009
f 10918 10919 11010
f 10919 11011 11010
f 10919 10920 11011
f 10920 11012 11011
f 10920 10921 11012
f 10921 11013 11012
f 10921 10922 11013
f 10922 11014 11013
f 10922 10923 11014
f 10923 11015 11014
f 10923 10924 11015
f 10924 11016 11015
f 10924 10925 11016
f 10925 11017 11016
f 10925 10926 11017
f 10926 11018 11017
f 10926 10927 11018
f 10927 11019 11018
f 10927 10928 11019
f 10928 11020 11019
f 10928 10929 11020
f 10929 11021 11020
f 10929 10930 11021
f 10930 11022 11021
f 10930 10931 11022
f 10931 11023 11022
f 10931 10932 11023
f 10932 11024 11023
f 10932 10933 11024
f 10933 11025 11024
f 10933 10934 11025
f 10934 11026 11025
f 10934 10935 11026
f 10935 11027 11026
f 10935 10936 11027
f 10936 11028 11027
f 10936 10937 11028
f 10937 11029 11028
f 10937 10938 11029
f 10938 11030 11029
f 10938 10939 11030
f 10939 11031 11030
f 10939 10940 11031
f 10940 11032 11031
f 10940 10941 11032
f 10941 11033 11032
f 10941 10942 11033
f 10942 11034 11033
f 10942 10943 11034
f 10943 11035 11034
f 10943 10944 11035
f 10944 11036 11035
f 10944 10945 11036
f 10945 11037 11036
f 10945 10946 11037
f 10946 11038 11037
f 10946 10947 11038
f 10947 11039 11038
f 10947 10948 11039
f 10948 11040 11039
f 10948 10949 11040
f 10949 11041 11040
f 10949 10950 11041
f 10950 10951 11041
f 10950 10860 10951
f 10951 11043 11042
f 10951 10952 11043
f 10952 11044 11043
f 10952 10953 11044
f 10953 11045 11044
f 10953 10954 11045
f 10954 11046 11045
f 10954 10955 11046
f 10955 11047 11046
f 10955 10956 11047
f 10956 11048 11047
f 10956 10957 11048
f 10957 11049 11048
f 10957 10958 11049
f 10958 11050 11049
f 10958 10959 11050
f 10959 11051 11050
f 10959 10960 11051
f 10960 11052 11051
f 10960 10961 11052
f 10961 11053 11052
f 10961 10962 11053
f 10962 11054 11053
f 10962 10963 11054
f 10963 11055 11054
f 10963 10964 11055
f 10964 11056 11055
f 10964 10965 11056
f 10965 11057 11056
f 10965 10966 11057
f 10966 11058 11057
f 10966 10967 11058
f 10967 11059 11058
f 10967 10968 11059
f 10968 11060 11059
f 10968 10969 11060
f 10969 11061 11060
f 10969 10970 11061
f 10970 11062 11061
f 10970 10971 11062
f 10971 11063 11062
f 10971 10972 11063
f 10972 11064 11063
f 10972 10973 11064
f 10973 11065 11064
f 10973 10974 11065
f 10974 11066 11065
f 10974 10975 11066
f 10975 11067 11066
f 10975 10976 11067
f 10976 11068 11067
f 10976 10977 11068
f 10977 11069 11068
f 10977 10978 11069
f 10978 11070 11069
f 10978 10979 11070
f 10979 11071 11070
f 10979 10980 11071
f 10980 11072 11071
f 10980 10981 11072
f 10981 11073 11072
f 10981 10982 11073
f 10982 11074 11073
f 10982 10983 11074
f 10983 11075 11074
f 10983 10984 11075
f 10984 11076 11075
f 10984 10985 11076
f 10985 11077 11076
f 10985 10986 11077
f 10986 11078 11077
f 10986 10987 11078
f 10987 11079 11078
f 10987 10988 11079
f 10988 11080 11079
f 10988 10989 11080
f 10989 11081 11080
f 10989 10990 11081
f 10990 11082 11081
f 10990 10991 11082
f 10991 11083 11082
f 10991 10992 11083
f 10992 11084 11083
f 10992 10993 11084
f 10993 11085 11084
f 10993 10994 11085
f 10994 11086 11085
f 10994 10995 11086
f 10995 11087 11086
f 10995 10996 11087
f 10996 11088 11087
f 10996 10997 11088
f 10997 11089 11088
f 10997 10998 11089
f 10998 11090 11089
f 10998 10999 11090
f 10999 11091 11090
f 10999 11000 11091
f 11000 11092 11091
f 11000 11001 11092
f 11001 11093 11092
f 11001 11002 11093
f 11002 11094 11093
f 11002 11003 11094
f 11003 11095 11094
f 11003 11004 11095
f 11004 11096 11095
f 11004 11005 11096
f 11005 11097 11096
f 11005 11006 11097
f 11006 11098 11097
f 11006 11007 11098
f 11007 11099 11098
f 11007 11008 11099
f 11008 11100 11099
f 11008 11009 11100
f 11009 11101 11100
f 11009 11010 11101
f 11010 11102 11101
f 11010 11011 11102
f 11011 11103 11102
f 11011 11012 11103
f 11012 11104 11103
f 11012 11013 11104
f 11013 11105 11104
f 11013 11014 11105
f 11014 11106 11105
f 11014 11015 11106
f 11015 11107 11106
f 11015 11016 11107
f 11016 11108 11107
f 11016 11017 11108
f 11017 11109 11108
f 11017 11018 11109
f 11018 11110 11109
f 11018 11019 11110
f 11019 11111 11110
f 11019 11020 11111
f 11020 11112 11111
f 11020 11021 11112
f 11021 11113 11112
f 11021 11022 11113
f 11022 11114 11113
f 11022 11023 11114
f 11023 11115 11114
f 11023 11024 11115
f 11024 11116 11115
f 11024 11025 11116
f 11025 11117 11116
f 11025 11026 11117
f 11026 11118 11117
f 11026 11027 11118
f 11027 11119 11118
f 11027 11028 11119
f 11028 11120 11119
f 11028 11029 11120
f 11029 11121 11120
f 11029 11030 11121
f 11030 11122 11121
f 11030 11031 11122
f 11031 11123 11122
f 11031 11032 11123
f 11032 11124 11123
f 11032 11033 11124
f 11033 11125 11124
f 11033 11034 11125
f 11034 11126 11125
f 11034 11035 11126
f 11035 11127 11126
f 11035 11036 11127
f 11036 11128 11127
f 11036 11037 11128
f 11037 11129 11128
f 11037 11038 11129
f 11038 11130 11129
f 11038 11039 11130
f 11039 11131 11130
f 11039 11040 11131
f 11040 11132 11131
f 11040 11041 11132
f 11041 11042 11132
f 11041 10951 11042
f 11133 10314 10315
f 11133 10315 10316
f 11133 10316 10317
f 11133 10317 10318
f 11133 10318 10319
f 11133 10319 10320
f 11133 10320 10321
f 11133 10321 10322
f 11133 10322 10323
f 11133 10323 10324
f 11133 10324 10325
f 11133 10325 10326
f 11133 10326 10327
f 11133 10327 10328
f 11133 10328 10329
f 11133 10329 10330
f 11133 10330 10331
f 11133 10331 10332
f 11133 10332 10333
f 11133 10333 10334
f 11133 10334 10335
f 11133 10335 10336
f 11133 10336 10337
f 11133 10337 10338
f 11133 10338 10339
f 11133 10339 10340
f 11133 10340 10341
f 11133 10341 10342
f 11133 10342 10343
f 11133 10343 10344
f 11133 10344 10345
f 11133 10345 10346
f 11133 10346 10347
f 11133 10347 10348
f 11133 10348 10349
f 11133 10349 10350
f 11133 10350 10351
f 11133 10351 10352
f 11133 10352 10353
f 11133 10353 10354
f 11133 10354 10355
f 11133 10355 10356
f 11133 10356 10357
f 11133 10357 10358
f 11133 10358 10359
f 11133 10359 10360
f 11133 10360 10361
f 11133 10361 10362
f 11133 10362 10363
f 11133 10363 10364
f 11133 10364 10365
f 11133 10365 10366
f 11133 10366 10367
f 11133 10367 10368
f 11133 10368 10369
f 11133 10369 10370
f 11133 10370 10371
f 11133 10371 10372
f 11133 10372 10373
f 11133 10373 10374
f 11133 10374 10375
f 11133 10375 10376
f 11133 10376 10377
f 11133 10377 10378
f 11133 10378 10379
f 11133 10379 10380
f 11133 10380 10381
f 11133 10381 10382
f 11133 10382 10383
f 11133 10383 10384
f 11133 10384 10385
f 11133 10385 10386
f 11133 10386 10387
f 11133 10387 10388
f 11133 10388 10389
f 11133 10389 10390
f 11133 10390 10391
f 11133 10391 10392
f 11133 10392 10393
f 11133 10393 10394
f 11133 10394 10395
f 11133 10395 10396
f 11133 10396 10397
f 11133 10397 10398
f 11133 10398 10399
f 11133 10399 10400
f 11133 10400 10401
f 11133 10401 10402
f 11133 10402 10403
f 11133 10403 10404
f 11133 10404 10314
f 11134 11043 11042
f 11134 11044 11043
f 11134 11045 11044
f 11134 11046 11045
f 11134 11047 11046
f 11134 11048 11047
f 11134 11049 11048
f 11134 11050 11049
f 11134 11051 11050
f 11134 11052 11051
f 11134 11053 11052
f 11134 11054 11053
f 11134 11055 11054
f 11134 11056 11055
f 11134 11057 11056
f 11134 11058 11057
f 11134 11059 11058
f 11134 11060 11059
f 11134 11061 11060
f 11134 11062 11061
f 11134 11063 11062
f 11134 11064 11063
f 11134 11065 11064
f 11134 11066 11065
f 11134 11067 11066
f 11134 11068 11067
f 11134 11069 11068
f 11134 11070 11069
f 11134 11071 11070
f 11134 11072 11071
f 11134 11073 11072
f 11134 11074 11073
f 11134 11075 11074
f 11134 11076 11075
f 11134 11077 11076
f 11134 11078 11077
f 11134 11079 11078
f 11134 11080 11079
f 11134 11081 11080
f 11134 11082 11081
f 11134 11083 11082
f 11134 11084 11083
f 11134 11085 11084
f 11134 11086 11085
f 11134 11087 11086
f 11134 11088 11087
f 11134 11089 11088
f 11134 11090 11089
f 11134 11091 11090
f 11134 11092 11091
f 11134 11093 11092
f 11134 11094 11093
f 11134 11095 11094
f 11134 11096 11095
f 11134 11097 11096
f 11134 11098 11097
f 11134 11099 11098
f 11134 11100 11099
f 11134 11101 11100
f 11134 11102 11101
f 11134 11103 11102
f 11134 11104 11103
f 11134 11105 11104
f 11134 11106 11105
f 11134 11107 11106
f 11134 11108 11107
f 11134 11109 11108
f 11134 11110 11109
f 11134 11111 11110
f 11134 11112 11111
f 11134 11113 11112
f 11134 11114 11113
f 11134 11115 11114
f 11134 11116 11115
f 11134 11117 11116
f 11134 11118 11117
f 11134 11119 11118
f 11134 11120 11119
f 11134 11121 11120
f 11134 11122 11121
f 11134 11123 11122
f 11134 11124 11123
f 11134 11125 11124
f 11134 11126 11125
f 11134 11127 11126
f 11134 11128 11127
f 11134 11129 11128
f 11134 11130 11129
f 11134 11131 11130
f 11134 11132 11131
f 11134 11042 11132
g nose_motor
f 11135 11155 11156
f 11135 11156 11136
f 11136 11156 11157
f 11136 11157 11137
f 11137 11157 11158
f 11137 11158 11138
f 11138 11158 11159
f 11138 11159 11139
f 11139 11159 11160
f 11139 11160 11140
f 11140 11160 11161
f 11140 11161 11141
f 11141 11161 11162
f 11141 11162 11142
f 11142 11162 11163
f 11142 11163 11143
f 11143 11163 11164
f 11143 11164 11144
f 11144 11164 11165
f 11144 11165 11145
f 11145 11165 11166
f 11145 11166 11146
f 11146 11166 11167
f 11146 11167 11147
f 11147 11167 11168
f 11147 11168 11148
f 11148 11168 11169
f 11148 11169 11149
f 11149 11169 11170
f 11149 11170 11150
f 11150 11170 11171
f 11150 11171 11151
f 11151 11171 11172
f 11151 11172 11152
f 11152 11172 11173
f 11152 11173 11153
f 11153 11173 11174
f 11153 11174 11154
f 11154 11174 11155
f 11154 11155 11135
f 11155 11175 11176
f 11155 11176 11156
f 11156 11176 11177
f 11156 11177 11157
f 11157 11177 11178
f 11157 11178 11158
f 11158 11178 11179
f 11158 11179 11159
f 11159 11179 11180
f 11159 11180 11160
f 11160 11180 11181
f 11160 11181 11161
f 11161 11181 11182
f 11161 11182 11162
f 11162 11182 11183
f 11162 11183 11163
f 11163 11183 11184
f 11163 11184 11164
f 11164 11184 11185
f 11164 11185 11165
f 11165 11185 11186
f 11165 11186 11166
f 11166 11186 11187
f 11166 11187 11167
f 11167 11187 11188
f 11167 11188 11168
f 11168 11188 11189
f 11168 11189 11169
f 11169 11189 11190
f 11169 11190 11170
f 11170 11190 11191
f 11170 11191 11171
f 11171 11191 11192
f 11171 11192 11172
f 11172 11192 11193
f 11172 11193 11173
f 11173 11193 11194
f 11173 11194 11174
f 11174 11194 11175
f 11174 11175 11155
f 11175 11195 11196
f 11175 11196 11176
f 11176 11196 11197
f 11176 11197 11177
f 11177 11197 11198
f 11177 11198 11178
f 11178 11198 11199
f 11178 11199 11179
f 11179 11199 11200
f 11179 11200 11180
f 11180 11200 11201
f 11180 11201 11181
f 11181 11201 11202
f 11181 11202 11182
f 11182 11202 11203
f 11182 11203 11183
f 11183 11203 11204
f 11183 11204 11184
f 11184 11204 11205
f 11184 11205 11185
f 11185 11205 11206
f 11185 11206 11186
f 11186 11206 11207
f 11186 11207 11187
f 11187 11207 11208
f 11187 11208 11188
f 11188 11208 11209
f 11188 11209 11189
f 11189 11209 11210
f 11189 11210 11190
f 11190 11210 11211
f 11190 11211 11191
f 11191 11211 11212
f 11191 11212 11192
f 11192 11212 11213
f 11192 11213 11193
f 11193 11213 11214
f 11193 11214 11194
f 11194 11214 11195
f 11194 11195 11175
f 11195 11215 11216
f 11195 11216 11196
f 11196 11216 11217
f 11196 11217 11197
f 11197 11217 11218
f 11197 11218 11198
f 11198 11218 11219
f 11198 11219 11199
f 11199 11219 11220
f 11199 11220 11200
f 11200 11220 11221
f 11200 11221 11201
f 11201 11221 11222
f 11201 11222 11202
f 11202 11222 11223
f 11202 11223 11203
f 11203 11223 11224
f 11203 11224 11204
f 11204 11224 11225
f 11204 11225 11205
f 11205 11225 11226
f 11205 11226 11206
f 11206 11226 11227
f 11206 11227 11207
f 11207 11227 11228
f 11207 11228 11208
f 11208 11228 11229
f 11208 11229 11209
f 11209 11229 11230
f 11209 11230 11210
f 11210 11230 11231
f 11210 11231 11211
f 11211 11231 11232
f 11211 11232 11212
f 11212 11232 11233
f 11212 11233 11213
f 11213 11233 11234
f 11213 11234 11214
f 11214 11234 11215
f 11214 11215 11195
f 11215 11235 11236
f 11215 11236 11216
f 11216 11236 11237
f 11216 11237 11217
f 11217 11237 11238
f 11217 11238 11218
f 11218 11238 11239
f 11218 11239 11219
f 11219 11239 11240
f 11219 11240 11220
f 11220 11240 11241
f 11220 11241 11221
f 11221 11241 11242
f 11221 11242 11222
f 11222 11242 11243
f 11222 11243 11223
f 11223 11243 11244
f 11223 11244 11224
f 11224 11244 11245
f 11224 11245 11225
f 11225 11245 11246
f 11225 11246 11226
f 11226 11246 11247
f 11226 11247 11227
f 11227 11247 11248
f 11227 11248 11228
f 11228 11248 11249
f 11228 11249 11229
f 11229 11249 11250
f 11229 11250 11230
f 11230 11250 11251
f 11230 11251 11231
f 11231 11251 11252
f 11231 11252 11232
f 11232 11252 11253
f 11232 11253 11233
f 11233 11253 11254
f 11233 11254 11234
f 11234 11254 11235
f 11234 11235 11215
f 11235 11255 11256
f 11235 11256 11236
f 11236 11256 11257
f 11236 11257 11237
f 11237 11257 11258
f 11237 11258 11238
f 11238 11258 11259
f 11238 11259 11239
f 11239 11259 11260
f 11239 11260 11240
f 11240 11260 11261
f 11240 11261 11241
f 11241 11261 11262
f 11241 11262 11242
f 11242 11262 11263
f 11242 11263 11243
f 11243 11263 11264
f 11243 11264 11244
f 11244 11264 11265
f 11244 11265 11245
f 11245 11265 11266
f 11245 11266 11246
f 11246 11266 11267
f 11246 11267 11247
f 11247 11267 11268
f 11247 11268 11248
f 11248 11268 11269
f 11248 11269 11249
f 11249 11269 11270
f 11249 11270 11250
f 11250 11270 11271
f 11250 11271 11251
f 11251 11271 11272
f 11251 11272 11252
f 11252 11272 11273
f 11252 11273 11253
f 11253 11273 11274
f 11253 11274 11254
f 11254 11274 11255
f 11254 11255 11235
f 11255 11275 11276
f 11255 11276 11256
f 11256 11276 11277
f 11256 11277 11257
f 11257 11277 11278
f 11257 11278 11258
f 11258 11278 11279
f 11258 11279 11259
f 11259 11279 11280
f 11259 11280 11260
f 11260 11280 11281
f 11260 11281 11261
f 11261 11281 11282
f 11261 11282 11262
f 11262 11282 11283
f 11262 11283 11263
f 11263 11283 11284
f 11263 11284 11264
f 11264 11284 11285
f 11264 11285 11265
f 11265 11285 11286
f 11265 11286 11266
f 11266 11286 11287
f 11266 11287 11267
f 11267 11287 11288
f 11267 11288 11268
f 11268 11288 11289
f 11268 11289 11269
f 11269 11289 11290
f 11269 11290 11270
f 11270 11290 11291
f 11270 11291 11271
f 11271 11291 11292
f 11271 11292 11272
f 11272 11292 11293
f 11272 11293 11273
f 11273 11293 11294
f 11273 11294 11274
f 11274 11294 11275
f 11274 11275 11255
f 11275 11295 11296
f 11275 11296 11276
f 11276 11296 11297
f 11276 11297 11277
f 11277 11297 11298
f 11277 11298 11278
f 11278 11298 11299
f 11278 11299 11279
f 11279 11299 11300
f 11279 11300 11280
f 11280 11300 11301
f 11280 11301 11281
f 11281 11301 11302
f 11281 11302 11282
f 11282 11302 11303
f 11282 11303 11283
f 11283 11303 11304
f 11283 11304 11284
f 11284 11304 11305
f 11284 11305 11285
f 11285 11305 11306
f 11285 11306 11286
f 11286 11306 11307
f 11286 11307 11287
f 11287 11307 11308
f 11287 11308 11288
f 11288 11308 11309
f 11288 11309 11289
f 11289 11309 11310
f 11289 11310 11290
f 11290 11310 11311
f 11290 11311 11291
f 11291 11311 11312
f 11291 11312 11292
f 11292 11312 11313
f 11292 11313 11293
f 11293 11313 11314
f 11293 11314 11294
f 11294 11314 11295
f 11294 11295 11275
f 11295 11315 11316
f 11295 11316 11296
f 11296 11316 11317
f 11296 11317 11297
f 11297 11317 11318
f 11297 11318 11298
f 11298 11318 11319
f 11298 11319 11299
f 11299 11319 11320
f 11299 11320 11300
f 11300 11320 11321
f 11300 11321 11301
f 11301 11321 11322
f 11301 11322 11302
f 11302 11322 11323
f 11302 11323 11303
f 11303 11323 11324
f 11303 11324 11304
f 11304 11324 11325
f 11304 11325 11305
f 11305 11325 11326
f 11305 11326 11306
f 11306 11326 11327
f 11306 11327 11307
f 11307 11327 11328
f 11307 11328 11308
f 11308 11328 11329
f 11308 11329 11309
f 11309 11329 11330
f 11309 11330 11310
f 11310 11330 11331
f 11310 11331 11311
f 11311 11331 11332
f 11311 11332 11312
f 11312 11332 11333
f 11312 11333 11313
f 11313 11333 11334
f 11313 11334 11314
f 11314 11334 11315
f 11314 11315 11295
f 11335 11136 11135
f 11335 11137 11136
f 11335 11138 11137
f 11335 11139 11138
f 11335 11140 11139
f 11335 11141 11140
f 11335 11142 11141
f 11335 11143 11142
f 11335 11144 11143
f 11335 11145 11144
f 11335 11146 11145
f 11335 11147 11146
f 11335 11148 11147
f 11335 11149 11148
f 11335 11150 11149
f 11335 11151 11150
f 11335 11152 11151
f 11335 11153 11152
f 11335 11154 11153
f 11335 11135 11154
f 11336 11315 11316
f 11336 11316 11317
f 11336 11317 11318
f 11336 11318 11319
f 11336 11319 11320
f 11336 11320 11321
f 11336 11321 11322
f 11336 11322 11323
f 11336 11323 11324
f 11336 11324 11325
f 11336 11325 11326
f 11336 11326 11327
f 11336 11327 11328
f 11336 11328 11329
f 11336 11329 11330
f 11336 11330 11331
f 11336 11331 11332
f 11336 11332 11333
f 11336 11333 11334
f 11336 11334 11315
f 11337 11382 11383
f 11337 11383 11338
f 11338 11383 11384
f 11338 11384 11339
f 11339 11384 11385
f 11339 11385 11340
f 11340 11385 11386
f 11340 11386 11341
f 11341 11386 11387
f 11341 11387 11342
f 11342 11387 11388
f 11342 11388 11343
f 11343 11388 11389
f 11343 11389 11344
f 11344 11389 11390
f 11344 11390 11345
f 11345 11390 11391
f 11345 11391 11346
f 11346 11391 11392
f 11346 11392 11347
f 11347 11392 11393
f 11347 11393 11348
f 11348 11393 11394
f 11348 11394 11349
f 11349 11394 11395
f 11349 11395 11350
f 11350 11395 11396
f 11350 11396 11351
f 11351 11396 11397
f 11351 11397 11352
f 11352 11397 11398
f 11352 11398 11353
f 11353 11398 11399
f 11353 11399 11354
f 11354 11399 11400
f 11354 11400 11355
f 11355 11400 11401
f 11355 11401 11356
f 11356 11401 11402
f 11356 11402 11357
f 11357 11402 11403
f 11357 11403 11358
f 11358 11403 11404
f 11358 11404 11359
f 11359 11404 11405
f 11359 11405 11360
f 11360 11405 11406
f 11360 11406 11361
f 11361 11406 11407
f 11361 11407 11362
f 11362 11407 11408
f 11362 11408 11363
f 11363 11408 11409
f 11363 11409 11364
f 11364 11409 11410
f 11364 11410 11365
f 11365 11410 11411
f 11365 11411 11366
f 11366 11411 11412
f 11366 11412 11367
f 11367 11412 11413
f 11367 11413 11368
f 11368 11413 11414
f 11368 11414 11369
f 11369 11414 11415
f 11369 11415 11370
f 11370 11415 11416
f 11370 11416 11371
f 11371 11416 11417
f 11371 11417 11372
f 11372 11417 11418
f 11372 11418 11373
f 11373 11418 11419
f 11373 11419 11374
f 11374 11419 11420
f 11374 11420 11375
f 11375 11420 11421
f 11375 11421 11376
f 11376 11421 11422
f 11376 11422 11377
f 11377 11422 11423
f 11377 11423 11378
f 11378 11423 11424
f 11378 11424 11379
f 11379 11424 11425
f 11379 11425 11380
f 11380 11425 11426
f 11380 11426 11381
f 11381 11426 11382
f 11381 11382 11337
f 11382 11427 11428
f 11382 11428 11383
f 11383 11428 11429
f 11383 11429 11384
f 11384 11429 11430
f 11384 11430 11385
f 11385 11430 11431
f 11385 11431 11386
f 11386 11431 11432
f 11386 11432 11387
f 11387 11432 11433
f 11387 11433 11388
f 11388 11433 11434
f 11388 11434 11389
f 11389 11434 11435
f 11389 11435 11390
f 11390 11435 11436
f 11390 11436 11391
f 11391 11436 11437
f 11391 11437 11392
f 11392 11437 11438
f 11392 11438 11393
f 11393 11438 11439
f 11393 11439 11394
f 11394 11439 11440
f 11394 11440 11395
f 11395 11440 11441
f 11395 11441 11396
f 11396 11441 11442
f 11396 11442 11397
f 11397 11442 11443
f 11397 11443 11398
f 11398 11443 11444
f 11398 11444 11399
f 11399 11444 11445
f 11399 11445 11400
f 11400 11445 11446
f 11400 11446 11401
f 11401 11446 11447
f 11401 11447 11402
f 11402 11447 11448
f 11402 11448 11403
f 11403 11448 11449
f 11403 11449 11404
f 11404 11449 11450
f 11404 11450 11405
f 11405 11450 11451
f 11405 11451 11406
f 11406 11451 11452
f 11406 11452 11407
f 11407 11452 11453
f 11407 11453 11408
f 11408 11453 11454
f 11408 11454 11409
f 11409 11454 11455
f 11409 11455 11410
f 11410 11455 11456
f 11410 11456 11411
f 11411 11456 11457
f 11411 11457 11412
f 11412 11457 11458
f 11412 11458 11413
f 11413 11458 11459
f 11413 11459 11414
f 11414 11459 11460
f 11414 11460 11415
f 11415 11460 11461
f 11415 11461 11416
f 11416 11461 11462
f 11416 11462 11417
f 11417 11462 11463
f 11417 11463 11418
f 11418 11463 11464
f 11418 11464 11419
f 11419 11464 11465
f 11419 11465 11420
f 11420 11465 11466
f 11420 11466 11421
f 11421 11466 11467
f 11421 11467 11422
f 11422 11467 11468
f 11422 11468 11423
f 11423 11468 11469
f 11423 11469 11424
f 11424 11469 11470
f 11424 11470 11425
f 11425 11470 11471
f 11425 11471 11426
f 11426 11471 11427
f 11426 11427 11382
f 11427 11472 11473
f 11427 11473 11428
f 11428 11473 11474
f 11428 11474 11429
f 11429 11474 11475
f 11429 11475 11430
f 11430 11475 11476
f 11430 11476 11431
f 11431 11476 11477
f 11431 11477 11432
f 11432 11477 11478
f 11432 11478 11433
f 11433 11478 11479
f 11433 11479 11434
f 11434 11479 11480
f 11434 11480 11435
f 11435 11480 11481
f 11435 11481 11436
f 11436 11481 11482
f 11436 11482 11437
f 11437 11482 11483
f 11437 11483 11438
f 11438 11483 11484
f 11438 11484 11439
f 11439 11484 11485
f 11439 11485 11440
f 11440 11485 11486
f 11440 11486 11441
f 11441 11486 11487
f 11441 11487 11442
f 11442 11487 11488
f 11442 11488 11443
f 11443 11488 11489
f 11443 11489 11444
f 11444 11489 11490
f 11444 11490 11445
f 11445 11490 11491
f 11445 11491 11446
f 11446 11491 11492
f 11446 11492 11447
f 11447 11492 11493
f 11447 11493 11448
f 11448 11493 11494
f 11448 11494 11449
f 11449 11494 11495
f 11449 11495 11450
f 11450 11495 11496
f 11450 11496 11451
f 11451 11496 11497
f 11451 11497 11452
f 11452 11497 11498
f 11452 11498 11453
f 11453 11498 11499
f 11453 11499 11454
f 11454 11499 11500
f 11454 11500 11455
f 11455 11500 11501
f 11455 11501 11456
f 11456 11501 11502
f 11456 11502 11457
f 11457 11502 11503
f 11457 11503 11458
f 11458 11503 11504
f 11458 11504 11459
f 11459 11504 11505
f 11459 11505 11460
f 11460 11505 11506
f 11460 11506 11461
f 11461 11506 11507
f 11461 11507 11462
f 11462 11507 11508
f 11462 11508 11463
f 11463 11508 11509
f 11463 11509 11464
f 11464 11509 11510
f 11464 11510 11465
f 11465 11510 11511
f 11465 11511 11466
f 11466 11511 11512
f 11466 11512 11467
f 11467 11512 11513
f 11467 11513 11468
f 11468 11513 11514
f 11468 11514 11469
f 11469 11514 11515
f 11469 11515 11470
f 11470 11515 11516
f 11470 11516 11471
f 11471 11516 11472
f 11471 11472 11427
f 11472 11517 11518
f 11472 11518 11473
f 11473 11518 11519
f 11473 11519 11474
f 11474 11519 11520
f 11474 11520 11475
f 11475 11520 11521
f 11475 11521 11476
f 11476 11521 11522
f 11476 11522 11477
f 11477 11522 11523
f 11477 11523 11478
f 11478 11523 11524
f 11478 11524 11479
f 11479 11524 11525
f 11479 11525 11480
f 11480 11525 11526
f 11480 11526 11481
f 11481 11526 11527
f 11481 11527 11482
f 11482 11527 11528
f 11482 11528 11483
f 11483 11528 11529
f 11483 11529 11484
f 11484 11529 11530
f 11484 11530 11485
f 11485 11530 11531
f 11485 11531 11486
f 11486 11531 11532
f 11486 11532 11487
f 11487 11532 11533
f 11487 11533 11488
f 11488 11533 11534
f 11488 11534 11489
f 11489 11534 11535
f 11489 11535 11490
f 11490 11535 11536
f 11490 11536 11491
f 11491 11536 11537
f 11491 11537 11492
f 11492 11537 11538
f 11492 11538 11493
f 11493 11538 11539
f 11493 11539 11494
f 11494 11539 11540
f 11494 11540 11495
f 11495 11540 11541
f 11495 11541 11496
f 11496 11541 11542
f 11496 11542 11497
f 11497 11542 11543
f 11497 11543 11498
f 11498 11543 11544
f 11498 11544 11499
f 11499 11544 11545
f 11499 11545 11500
f 11500 11545 11546
f 11500 11546 11501
f 11501 11546 11547
f 11501 11547 11502
f 11502 11547 11548
f 11502 11548 11503
f 11503 11548 11549
f 11503 11549 11504
f 11504 11549 11550
f 11504 11550 11505
f 11505 11550 11551
f 11505 11551 11506
f 11506 11551 11552
f 11506 11552 11507
f 11507 11552 11553
f 11507 11553 11508
f 11508 11553 11554
f 11508 11554 11509
f 11509 11554 11555
f 11509 11555 11510
f 11510 11555 11556
f 11510 11556 11511
f 11511 11556 11557
f 11511 11557 11512
f 11512 11557 11558
f 11512 11558 11513
f 11513 11558 11559
f 11513 11559 11514
f 11514 11559 11560
f 11514 11560 11515
f 11515 11560 11561
f 11515 11561 11516
f 11516 11561 11517
f 11516 11517 11472
f 11517 11562 11563
f 11517 11563 11518
f 11518 11563 11564
f 11518 11564 11519
f 11519 11564 11565
f 11519 11565 11520
f 11520 11565 11566
f 11520 11566 11521
f 11521 11566 11567
f 11521 11567 11522
f 11522 11567 11568
f 11522 11568 11523
f 11523 11568 11569
f 11523 11569 11524
f 11524 11569 11570
f 11524 11570 11525
f 11525 11570 11571
f 11525 11571 11526
f 11526 11571 11572
f 11526 11572 11527
f 11527 11572 11573
f 11527 11573 11528
f 11528 11573 11574
f 11528 11574 11529
f 11529 11574 11575
f 11529 11575 11530
f 11530 11575 11576
f 11530 11576 11531
f 11531 11576 11577
f 11531 11577 11532
f 11532 11577 11578
f 11532 11578 11533
f 11533 11578 11579
f 11533 11579 11534
f 11534 11579 11580
f 11534 11580 11535
f 11535 11580 11581
f 11535 11581 11536
f 11536 11581 11582
f 11536 11582 11537
f 11537 11582 11583
f 11537 11583 11538
f 11538 11583 11584
f 11538 11584 11539
f 11539 11584 11585
f 11539 11585 11540
f 11540 11585 11586
f 11540 11586 11541
f 11541 11586 11587
f 11541 11587 11542
f 11542 11587 11588
f 11542 11588 11543
f 11543 11588 11589
f 11543 11589 11544
f 11544 11589 11590
f 11544 11590 11545
f 11545 11590 11591
f 11545 11591 11546
f 11546 11591 11592
f 11546 11592 11547
f 11547 11592 11593
f 11547 11593 11548
f 11548 11593 11594
f 11548 11594 11549
f 11549 11594 11595
f 11549 11595 11550
f 11550 11595 11596
f 11550 11596 11551
f 11551 11596 11597
f 11551 11597 11552
f 11552 11597 11598
f 11552 11598 11553
f 11553 11598 11599
f 11553 11599 11554
f 11554 11599 11600
f 11554 11600 11555
f 11555 11600 11601
f 11555 11601 11556
f 11556 11601 11602
f 11556 11602 11557
f 11557 11602 11603
f 11557 11603 11558
f 11558 11603 11604
f 11558 11604 11559
f 11559 11604 11605
f 11559 11605 11560
f 11560 11605 11606
f 11560 11606 11561
f 11561 11606 11562
f 11561 11562 11517
f 11562 11607 11608
f 11562 11608 11563
f 11563 11608 11609
f 11563 11609 11564
f 11564 11609 11610
f 11564 11610 11565
f 11565 11610 11611
f 11565 11611 11566
f 11566 11611 11612
f 11566 11612 11567
f 11567 11612 11613
f 11567 11613 11568
f 11568 11613 11614
f 11568 11614 11569
f 11569 11614 11615
f 11569 11615 11570
f 11570 11615 11616
f 11570 11616 11571
f 11571 11616 11617
f 11571 11617 11572
f 11572 11617 11618
f 11572 11618 11573
f 11573 11618 11619
f 11573 11619 11574
f 11574 11619 11620
f 11574 11620 11575
f 11575 11620 11621
f 11575 11621 11576
f 11576 11621 11622
f 11576 11622 11577
f 11577 11622 11623
f 11577 11623 11578
f 11578 11623 11624
f 11578 11624 11579
f 11579 11624 11625
f 11579 11625 11580
f 11580 11625 11626
f 11580 11626 11581
f 11581 11626 11627
f 11581 11627 11582
f 11582 11627 11628
f 11582 11628 11583
f 11583 11628 11629
f 11583 11629 11584
f 11584 11629 11630
f 11584 11630 11585
f 11585 11630 11631
f 11585 11631 11586
f 11586 11631 11632
f 11586 11632 11587
f 11587 11632 11633
f 11587 11633 11588
f 11588 11633 11634
f 11588 11634 11589
f 11589 11634 11635
f 11589 11635 11590
f 11590 11635 11636
f 11590 11636 11591
f 11591 11636 11637
f 11591 11637 11592
f 11592 11637 11638
f 11592 11638 11593
f 11593 11638 11639
f 11593 11639 11594
f 11594 11639 11640
f 11594 11640 11595
f 11595 11640 11641
f 11595 11641 11596
f 11596 11641 11642
f 11596 11642 11597
f 11597 11642 11643
f 11597 11643 11598
f 11598 11643 11644
f 11598 11644 11599
f 11599 11644 11645
f 11599 11645 11600
f 11600 11645 11646
f 11600 11646 11601
f 11601 11646 11647
f 11601 11647 11602
f 11602 11647 11648
f 11602 11648 11603
f 11603 11648 11649
f 11603 11649 11604
f 11604 11649 11650
f 11604 11650 11605
f 11605 11650 11651
f 11605 11651 11606
f 11606 11651 11607
f 11606 11607 11562
f 11607 11652 11653
f 11607 11653 11608
f 11608 11653 11654
f 11608 11654 11609
f 11609 11654 11655
f 11609 11655 11610
f 11610 11655 11656
f 11610 11656 11611
f 11611 11656 11657
f 11611 11657 11612
f 11612 11657 11658
f 11612 11658 11613
f 11613 11658 11659
f 11613 11659 11614
f 11614 11659 11660
f 11614 11660 11615
f 11615 11660 11661
f 11615 11661 11616
f 11616 11661 11662
f 11616 11662 11617
f 11617 11662 11663
f 11617 11663 11618
f 11618 11663 11664
f 11618 11664 11619
f 11619 11664 11665
f 11619 11665 11620
f 11620 11665 11666
f 11620 11666 11621
f 11621 11666 11667
f 11621 11667 11622
f 11622 11667 11668
f 11622 11668 11623
f 11623 11668 11669
f 11623 11669 11624
f 11624 11669 11670
f 11624 11670 11625
f 11625 11670 11671
f 11625 11671 11626
f 11626 11671 11672
f 11626 11672 11627
f 11627 11672 11673
f 11627 11673 11628
f 11628 11673 11674
f 11628 11674 11629
f 11629 11674 11675
f 11629 11675 11630
f 11630 11675 11676
f 11630 11676 11631
f 11631 11676 11677
f 11631 11677 11632
f 11632 11677 11678
f 11632 11678 11633
f 11633 11678 11679
f 11633 11679 11634
f 11634 11679 11680
f 11634 11680 11635
f 11635 11680 11681
f 11635 11681 11636
f 11636 11681 11682
f 11636 11682 11637
f 11637 11682 11683
f 11637 11683 11638
f 11638 11683 11684
f 11638 11684 11639
f 11639 11684 11685
f 11639 11685 11640
f 11640 11685 11686
f 11640 11686 11641
f 11641 11686 11687
f 11641 11687 11642
f 11642 11687 11688
f 11642 11688 11643
f 11643 11688 11689
f 11643 11689 11644
f 11644 11689 11690
f 11644 11690 11645
f 11645 11690 11691
f 11645 11691 11646
f 11646 11691 11692
f 11646 11692 11647
f 11647 11692 11693
f 11647 11693 11648
f 11648 11693 11694
f 11648 11694 11649
f 11649 11694 11695
f 11649 11695 11650
f 11650 11695 11696
f 11650 11696 11651
f 11651 11696 11652
f 11651 11652 11607
f 11652 11697 11698
f 11652 11698 11653
f 11653 11698 11699
f 11653 11699 11654
f 11654 11699 11700
f 11654 11700 11655
f 11655 11700 11701
f 11655 11701 11656
f 11656 11701 11702
f 11656 11702 11657
f 11657 11702 11703
f 11657 11703 11658
f 11658 11703 11704
f 11658 11704 11659
f 11659 11704 11705
f 11659 11705 11660
f 11660 11705 11706
f 11660 11706 11661
f 11661 11706 11707
f 11661 11707 11662
f 11662 11707 11708
f 11662 11708 11663
f 11663 11708 11709
f 11663 11709 11664
f 11664 11709 11710
f 11664 11710 11665
f 11665 11710 11711
f 11665 11711 11666
f 11666 11711 11712
f 11666 11712 11667
f 11667 11712 11713
f 11667 11713 11668
f 11668 11713 11714
f 11668 11714 11669
f 11669 11714 11715
f 11669 11715 11670
f 11670 11715 11716
f 11670 11716 11671
f 11671 11716 11717
f 11671 11717 11672
f 11672 11717 11718
f 11672 11718 11673
f 11673 11718 11719
f 11673 11719 11674
f 11674 11719 11720
f 11674 11720 11675
f 11675 11720 11721
f 11675 11721 11676
f 11676 11721 11722
f 11676 11722 11677
f 11677 11722 11723
f 11677 11723 11678
f 11678 11723 11724
f 11678 11724 11679
f 11679 11724 11725
f 11679 11725 11680
f 11680 11725 11726
f 11680 11726 11681
f 11681 11726 11727
f 11681 11727 11682
f 11682 11727 11728
f 11682 11728 11683
f 11683 11728 11729
f 11683 11729 11684
f 11684 11729 11730
f 11684 11730 11685
f 11685 11730 11731
f 11685 11731 11686
f 11686 11731 11732
f 11686 11732 11687
f 11687 11732 11733
f 11687 11733 11688
f 11688 11733 11734
f 11688 11734 11689
f 11689 11734 11735
f 11689 11735 11690
f 11690 11735 11736
f 11690 11736 11691
f 11691 11736 11737
f 11691 11737 11692
f 11692 11737 11738
f 11692 11738 11693
f 11693 11738 11739
f 11693 11739 11694
f 11694 11739 11740
f 11694 11740 11695
f 11695 11740 11741
f 11695 11741 11696
f 11696 11741 11697
f 11696 11697 11652
f 11697 11742 11743
f 11697 11743 11698
f 11698 11743 11744
f 11698 11744 11699
f 11699 11744 11745
f 11699 11745 11700
f 11700 11745 11746
f 11700 11746 11701
f 11701 11746 11747
f 11701 11747 11702
f 11702 11747 11748
f 11702 11748 11703
f 11703 11748 11749
f 11703 11749 11704
f 11704 11749 11750
f 11704 11750 11705
f 11705 11750 11751
f 11705 11751 11706
f 11706 11751 11752
f 11706 11752 11707
f 11707 11752 11753
f 11707 11753 11708
f 11708 11753 11754
f 11708 11754 11709
f 11709 11754 11755
f 11709 11755 11710
f 11710 11755 11756
f 11710 11756 11711
f 11711 11756 11757
f 11711 11757 11712
f 11712 11757 11758
f 11712 11758 11713
f 11713 11758 11759
f 11713 11759 11714
f 11714 11759 11760
f 11714 11760 11715
f 11715 11760 11761
f 11715 11761 11716
f 11716 11761 11762
f 11716 11762 11717
f 11717 11762 11763
f 11717 11763 11718
f 11718 11763 11764
f 11718 11764 11719
f 11719 11764 11765
f 11719 11765 11720
f 11720 11765 11766
f 11720 11766 11721
f 11721 11766 11767
f 11721 11767 11722
f 11722 11767 11768
f 11722 11768 11723
f 11723 11768 11769
f 11723 11769 11724
f 11724 11769 11770
f 11724 11770 11725
f 11725 11770 11771
f 11725 11771 11726
f 11726 11771 11772
f 11726 11772 11727
f 11727 11772 11773
f 11727 11773 11728
f 11728 11773 11774
f 11728 11774 11729
f 11729 11774 11775
f 11729 11775 11730
f 11730 11775 11776
f 11730 11776 11731
f 11731 11776 11777
f 11731 11777 11732
f 11732 11777 11778
f 11732 11778 11733
f 11733 11778 11779
f 11733 11779 11734
f 11734 11779 11780
f 11734 11780 11735
f 11735 11780 11781
f 11735 11781 11736
f 11736 11781 11782
f 11736 11782 11737
f 11737 11782 11783
f 11737 11783 11738
f 11738 11783 11784
f 11738 11784 11739
f 11739 11784 11785
f 11739 11785 11740
f 11740 11785 11786
f 11740 11786 11741
f 11741 11786 11742
f 11741 11742 11697
f 11742 11787 11788
f 11742 11788 11743
f 11743 11788 11789
f 11743 11789 11744
f 11744 11789 11790
f 11744 11790 11745
f 11745 11790 11791
f 11745 11791 11746
f 11746 11791 11792
f 11746 11792 11747
f 11747 11792 11793
f 11747 11793 11748
f 11748 11793 11794
f 11748 11794 11749
f 11749 11794 11795
f 11749 11795 11750
f 11750 11795 11796
f 11750 11796 11751
f 11751 11796 11797
f 11751 11797 11752
f 11752 11797 11798
f 11752 11798 11753
f 11753 11798 11799
f 11753 11799 11754
f 11754 11799 11800
f 11754 11800 11755
f 11755 11800 11801
f 11755 11801 11756
f 11756 11801 11802
f 11756 11802 11757
f 11757 11802 11803
f 11757 11803 11758
f 11758 11803 11804
f 11758 11804 11759
f 11759 11804 11805
f 11759 11805 11760
f 11760 11805 11806
f 11760 11806 11761
f 11761 11806 11807
f 11761 11807 11762
f 11762 11807 11808
f 11762 11808 11763
f 11763 11808 11809
f 11763 11809 11764
f 11764 11809 11810
f 11764 11810 11765
f 11765 11810 11811
f 11765 11811 11766
f 11766 11811 11812
f 11766 11812 11767
f 11767 11812 11813
f 11767 11813 11768
f 11768 11813 11814
f 11768 11814 11769
f 11769 11814 11815
f 11769 11815 11770
f 11770 11815 11816
f 11770 11816 11771
f 11771 11816 11817
f 11771 11817 11772
f 11772 11817 11818
f 11772 11818 11773
f 11773 11818 11819
f 11773 11819 11774
f 11774 11819 11820
f 11774 11820 11775
f 11775 11820 11821
f 11775 11821 11776
f 11776 11821 11822
f 11776 11822 11777
f 11777 11822 11823
f 11777 11823 11778
f 11778 11823 11824
f 11778 11824 11779
f 11779 11824 11825
f 11779 11825 11780
f 11780 11825 11826
f 11780 11826 11781
f 11781 11826 11827
f 11781 11827 11782
f 11782 11827 11828
f 11782 11828 11783
f 11783 11828 11829
f 11783 11829 11784
f 11784 11829 11830
f 11784 11830 11785
f 11785 11830 11831
f 11785 11831 11786
f 11786 11831 11787
f 11786 11787 11742
f 11832 11338 11337
f 11832 11339 11338
f 11832 11340 11339
f 11832 11341 11340
f 11832 11342 11341
f 11832 11343 11342
f 11832 11344 11343
f 11832 11345 11344
f 11832 11346 11345
f 11832 11347 11346
f 11832 11348 11347
f 11832 11349 11348
f 11832 11350 11349
f 11832 11351 11350
f 11832 11352 11351
f 11832 11353 11352
f 11832 11354 11353
f 11832 11355 11354
f 11832 11356 11355
f 11832 11357 11356
f 11832 11358 11357
f 11832 11359 11358
f 11832 11360 11359
f 11832 11361 11360
f 11832 11362 11361
f 11832 11363 11362
f 11832 11364 11363
f 11832 11365 11364
f 11832 11366 11365
f 11832 11367 11366
f 11832 11368 11367
f 11832 11369 11368
f 11832 11370 11369
f 11832 11371 11370
f 11832 11372 11371
f 11832 11373 11372
f 11832 11374 11373
f 11832 11375 11374
f 11832 11376 11375
f 11832 11377 11376
f 11832 11378 11377
f 11832 11379 11378
f 11832 11380 11379
f 11832 11381 11380
f 11832 11337 11381
f 11833 11787 11788
f 11833 11788 11789
f 11833 11789 11790
f 11833 11790 11791
f 11833 11791 11792
f 11833 11792 11793
f 11833 11793 11794
f 11833 11794 11795
f 11833 11795 11796
f 11833 11796 11797
f 11833 11797 11798
f 11833 11798 11799
f 11833 11799 11800
f 11833 11800 11801
f 11833 11801 11802
f 11833 11802 11803
f 11833 11803 11804
f 11833 11804 11805
f 11833 11805 11806
f 11833 11806 11807
f 11833 11807 11808
f 11833 11808 11809
f 11833 11809 11810
f 11833 11810 11811
f 11833 11811 11812
f 11833 11812 11813
f 11833 11813 11814
f 11833 11814 11815
f 11833 11815 11816
f 11833 11816 11817
f 11833 11817 11818
f 11833 11818 11819
f 11833 11819 11820
f 11833 11820 11821
f 11833 11821 11822
f 11833 11822 11823
f 11833 11823 11824
f 11833 11824 11825
f 11833 11825 11826
f 11833 11826 11827
f 11833 11827 11828
f 11833 11828 11829
f 11833 11829 11830
f 11833 11830 11831
f 11833 11831 11787
f 11834 11879 11880
f 11834 11880 11835
f 11835 11880 11881
f 11835 11881 11836
f 11836 11881 11882
f 11836 11882 11837
f 11837 11882 11883
f 11837 11883 11838
f 11838 11883 11884
f 11838 11884 11839
f 11839 11884 11885
f 11839 11885 11840
f 11840 11885 11886
f 11840 11886 11841
f 11841 11886 11887
f 11841 11887 11842
f 11842 11887 11888
f 11842 11888 11843
f 11843 11888 11889
f 11843 11889 11844
f 11844 11889 11890
f 11844 11890 11845
f 11845 11890 11891
f 11845 11891 11846
f 11846 11891 11892
f 11846 11892 11847
f 11847 11892 11893
f 11847 11893 11848
f 11848 11893 11894
f 11848 11894 11849
f 11849 11894 11895
f 11849 11895 11850
f 11850 11895 11896
f 11850 11896 11851
f 11851 11896 11897
f 11851 11897 11852
f 11852 11897 11898
f 11852 11898 11853
f 11853 11898 11899
f 11853 11899 11854
f 11854 11899 11900
f 11854 11900 11855
f 11855 11900 11901
f 11855 11901 11856
f 11856 11901 11902
f 11856 11902 11857
f 11857 11902 11903
f 11857 11903 11858
f 11858 11903 11904
f 11858 11904 11859
f 11859 11904 11905
f 11859 11905 11860
f 11860 11905 11906
f 11860 11906 11861
f 11861 11906 11907
f 11861 11907 11862
f 11862 11907 11908
f 11862 11908 11863
f 11863 11908 11909
f 11863 11909 11864
f 11864 11909 11910
f 11864 11910 11865
f 11865 11910 11911
f 11865 11911 11866
f 11866 11911 11912
f 11866 11912 11867
f 11867 11912 11913
f 11867 11913 11868
f 11868 11913 11914
f 11868 11914 11869
f 11869 11914 11915
f 11869 11915 11870
f 11870 11915 11916
f 11870 11916 11871
f 11871 11916 11917
f 11871 11917 11872
f 11872 11917 11918
f 11872 11918 11873
f 11873 11918 11919
f 11873 11919 11874
f 11874 11919 11920
f 11874 11920 11875
f 11875 11920 11921
f 11875 11921 11876
f 11876 11921 11922
f 11876 11922 11877
f 11877 11922 11923
f 11877 11923 11878
f 11878 11923 11879
f 11878 11879 11834
f 11879 11924 11925
f 11879 11925 11880
f 11880 11925 11926
f 11880 11926 11881
f 11881 11926 11927
f 11881 11927 11882
f 11882 11927 11928
f 11882 11928 11883
f 11883 11928 11929
f 11883 11929 11884
f 11884 11929 11930
f 11884 11930 11885
f 11885 11930 11931
f 11885 11931 11886
f 11886 11931 11932
f 11886 11932 11887
f 11887 11932 11933
f 11887 11933 11888
f 11888 11933 11934
f 11888 11934 11889
f 11889 11934 11935
f 11889 11935 11890
f 11890 11935 11936
f 11890 11936 11891
f 11891 11936 11937
f 11891 11937 11892
f 11892 11937 11938
f 11892 11938 11893
f 11893 11938 11939
f 11893 11939 11894
f 11894 11939 11940
f 11894 11940 11895
f 11895 11940 11941
f 11895 11941 11896
f 11896 11941 11942
f 11896 11942 11897
f 11897 11942 11943
f 11897 11943 11898
f 11898 11943 11944
f 11898 11944 11899
f 11899 11944 11945
f 11899 11945 11900
f 11900 11945 11946
f 11900 11946 11901
f 11901 11946 11947
f 11901 11947 11902
f 11902 11947 11948
f 11902 11948 11903
f 11903 11948 11949
f 11903 11949 11904
f 11904 11949 11950
f 11904 11950 11905
f 11905 11950 11951
f 11905 11951 11906
f 11906 11951 11952
f 11906 11952 11907
f 11907 11952 11953
f 11907 11953 11908
f 11908 11953 11954
f 11908 11954 11909
f 11909 11954 11955
f 11909 11955 11910
f 11910 11955 11956
f 11910 11956 11911
f 11911 11956 11957
f 11911 11957 11912
f 11912 11957 11958
f 11912 11958 11913
f 11913 11958 11959
f 11913 11959 11914
f 11914 11959 11960
f 11914 11960 11915
f 11915 11960 11961
f 11915 11961 11916
f 11916 11961 11962
f 11916 11962 11917
f 11917 11962 11963
f 11917 11963 11918
f 11918 11963 11964
f 11918 11964 11919
f 11919 11964 11965
f 11919 11965 11920
f 11920 11965 11966
f 11920 11966 11921
f 11921 11966 11967
f 11921 11967 11922
f 11922 11967 11968
f 11922 11968 11923
f 11923 11968 11924
f 11923 11924 11879
f 11924 11969 11970
f 11924 11970 11925
f 11925 11970 11971
f 11925 11971 11926
f 11926 11971 11972
f 11926 11972 11927
f 11927 11972 11973
f 11927 11973 11928
f 11928 11973 11974
f 11928 11974 11929
f 11929 11974 11975
f 11929 11975 11930
f 11930 11975 11976
f 11930 11976 11931
f 11931 11976 11977
f 11931 11977 11932
f 11932 11977 11978
f 11932 11978 11933
f 11933 11978 11979
f 11933 11979 11934
f 11934 11979 11980
f 11934 11980 11935
f 11935 11980 11981
f 11935 11981 11936
f 11936 11981 11982
f 11936 11982 11937
f 11937 11982 11983
f 11937 11983 11938
f 11938 11983 11984
f 11938 11984 11939
f 11939 11984 11985
f 11939 11985 11940
f 11940 11985 11986
f 11940 11986 11941
f 11941 11986 11987
f 11941 11987 11942
f 11942 11987 11988
f 11942 11988 11943
f 11943 11988 11989
f 11943 11989 11944
f 11944 11989 11990
f 11944 11990 11945
f 11945 11990 11991
f 11945 11991 11946
f 11946 11991 11992
f 11946 11992 11947
f 11947 11992 11993
f 11947 11993 11948
f 11948 11993 11994
f 11948 11994 11949
f 11949 11994 11995
f 11949 11995 11950
f 11950 11995 11996
f 11950 11996 11951
f 11951 11996 11997
f 11951 11997 11952
f 11952 11997 11998
f 11952 11998 11953
f 11953 11998 11999
f 11953 11999 11954
f 11954 11999 12000
f 11954 12000 11955
f 11955 12000 12001
f 11955 12001 11956
f 11956 12001 12002
f 11956 12002 11957
f 11957 12002 12003
f 11957 12003 11958
f 11958 12003 12004
f 11958 12004 11959
f 11959 12004 12005
f 11959 12005 11960
f 11960 12005 12006
f 11960 12006 11961
f 11961 12006 12007
f 11961 12007 11962
f 11962 12007 12008
f 11962 12008 11963
f 11963 12008 12009
f 11963 12009 11964
f 11964 12009 12010
f 11964 12010 11965
f 11965 12010 12011
f 11965 12011 11966
f 11966 12011 12012
f 11966 12012 11967
f 11967 12012 12013
f 11967 12013 11968
f 11968 12013 11969
f 11968 11969 11924
f 11969 12014 12015
f 11969 12015 11970
f 11970 12015 12016
f 11970 12016 11971
f 11971 12016 12017
f 11971 12017 11972
f 11972 12017 12018
f 11972 12018 11973
f 11973 12018 12019
f 11973 12019 11974
f 11974 12019 12020
f 11974 12020 11975
f 11975 12020 12021
f 11975 12021 11976
f 11976 12021 12022
f 11976 12022 11977
f 11977 12022 12023
f 11977 12023 11978
f 11978 12023 12024
f 11978 12024 11979
f 11979 12024 12025
f 11979 12025 11980
f 11980 12025 12026
f 11980 12026 11981
f 11981 12026 12027
f 11981 12027 11982
f 11982 12027 12028
f 11982 12028 11983
f 11983 12028 12029
f 11983 12029 11984
f 11984 12029 12030
f 11984 12030 11985
f 11985 12030 12031
f 11985 12031 11986
f 11986 12031 12032
f 11986 12032 11987
f 11987 12032 12033
f 11987 12033 11988
f 11988 12033 12034
f 11988 12034 11989
f 11989 12034 12035
f 11989 12035 11990
f 11990 12035 12036
f 11990 12036 11991
f 11991 12036 12037
f 11991 12037 11992
f 11992 12037 12038
f 11992 12038 11993
f 11993 12038 12039
f 11993 12039 11994
f 11994 12039 12040
f 11994 12040 11995
f 11995 12040 12041
f 11995 12041 11996
f 11996 12041 12042
f 11996 12042 11997
f 11997 12042 12043
f 11997 12043 11998
f 11998 12043 12044
f 11998 12044 11999
f 11999 12044 12045
f 11999 12045 12000
f 12000 12045 12046
f 12000 12046 12001
f 12001 12046 12047
f 12001 12047 12002
f 12002 12047 12048
f 12002 12048 12003
f 12003 12048 12049
f 12003 12049 12004
f 12004 12049 12050
f 12004 12050 12005
f 12005 12050 12051
f 12005 12051 12006
f 12006 12051 12052
f 12006 12052 12007
f 12007 12052 12053
f 12007 12053 12008
f 12008 12053 12054
f 12008 12054 12009
f 12009 12054 12055
f 12009 12055 12010
f 12010 12055 12056
f 12010 12056 12011
f 12011 12056 12057
f 12011 12057 12012
f 12012 12057 12058
f 12012 12058 12013
f 12013 12058 12014
f 12013 12014 11969
f 12014 12059 12060
f 12014 12060 12015
f 12015 12060 12061
f 12015 12061 12016
f 12016 12061 12062
f 12016 12062 12017
f 12017 12062 12063
f 12017 12063 12018
f 12018 12063 12064
f 12018 12064 12019
f 12019 12064 12065
f 12019 12065 12020
f 12020 12065 12066
f 12020 12066 12021
f 12021 12066 12067
f 12021 12067 12022
f 12022 12067 12068
f 12022 12068 12023
f 12023 12068 12069
f 12023 12069 12024
f 12024 12069 12070
f 12024 12070 12025
f 12025 12070 12071
f 12025 12071 12026
f 12026 12071 12072
f 12026 12072 12027
f 12027 12072 12073
f 12027 12073 12028
f 12028 12073 12074
f 12028 12074 12029
f 12029 12074 12075
f 12029 12075 12030
f 12030 12075 12076
f 12030 12076 12031
f 12031 12076 12077
f 12031 12077 12032
f 12032 12077 12078
f 12032 12078 12033
f 12033 12078 12079
f 12033 12079 12034
f 12034 12079 12080
f 12034 12080 12035
f 12035 12080 12081
f 12035 12081 12036
f 12036 12081 12082
f 12036 12082 12037
f 12037 12082 12083
f 12037 12083 12038
f 12038 12083 12084
f 12038 12084 12039
f 12039 12084 12085
f 12039 12085 12040
f 12040 12085 12086
f 12040 12086 12041
f 12041 12086 12087
f 12041 12087 12042
f 12042 12087 12088
f 12042 12088 12043
f 12043 12088 12089
f 12043 12089 12044
f 12044 12089 12090
f 12044 12090 12045
f 12045 12090 12091
f 12045 12091 12046
f 12046 12091 12092
f 12046 12092 12047
f 12047 12092 12093
f 12047 12093 12048
f 12048 12093 12094
f 12048 12094 12049
f 12049 12094 12095
f 12049 12095 12050
f 12050 12095 12096
f 12050 12096 12051
f 12051 12096 12097
f 12051 12097 12052
f 12052 12097 12098
f 12052 12098 12053
f 12053 12098 12099
f 12053 12099 12054
f 12054 12099 12100
f 12054 12100 12055
f 12055 12100 12101
f 12055 12101 12056
f 12056 12101 12102
f 12056 12102 12057
f 12057 12102 12103
f 12057 12103 12058
f 12058 12103 12059
f 12058 12059 12014
f 12059 12104 12105
f 12059 12105 12060
f 12060 12105 12106
f 12060 12106 12061
f 12061 12106 12107
f 12061 12107 12062
f 12062 12107 12108
f 12062 12108 12063
f 12063 12108 12109
f 12063 12109 12064
f 12064 12109 12110
f 12064 12110 12065
f 12065 12110 12111
f 12065 12111 12066
f 12066 12111 12112
f 12066 12112 12067
f 12067 12112 12113
f 12067 12113 12068
f 12068 12113 12114
f 12068 12114 12069
f 12069 12114 12115
f 12069 12115 12070
f 12070 12115 12116
f 12070 12116 12071
f 12071 12116 12117
f 12071 12117 12072
f 12072 12117 12118
f 12072 12118 12073
f 12073 12118 12119
f 12073 12119 12074
f 12074 12119 12120
f 12074 12120 12075
f 12075 12120 12121
f 12075 12121 12076
f 12076 12121 12122
f 12076 12122 12077
f 12077 12122 12123
f 12077 12123 12078
f 12078 12123 12124
f 12078 12124 12079
f 12079 12124 12125
f 12079 12125 12080
f 12080 12125 12126
f 12080 12126 12081
f 12081 12126 12127
f 12081 12127 12082
f 12082 12127 12128
f 12082 12128 12083
f 12083 12128 12129
f 12083 12129 12084
f 12084 12129 12130
f 12084 12130 12085
f 12085 12130 12131
f 12085 12131 12086
f 12086 12131 12132
f 12086 12132 12087
f 12087 12132 12133
f 12087 12133 12088
f 12088 12133 12134
f 12088 12134 12089
f 12089 12134 12135
f 12089 12135 12090
f 12090 12135 12136
f 12090 12136 12091
f 12091 12136 12137
f 12091 12137 12092
f 12092 12137 12138
f 12092 12138 12093
f 12093 12138 12139
f 12093 12139 12094
f 12094 12139 12140
f 12094 12140 12095
f 12095 12140 12141
f 12095 12141 12096
f 12096 12141 12142
f 12096 12142 12097
f 12097 12142 12143
f 12097 12143 12098
f 12098 12143 12144
f 12098 12144 12099
f 12099 12144 12145
f 12099 12145 12100
f 12100 12145 12146
f 12100 12146 12101
f 12101 12146 12147
f 12101 12147 12102
f 12102 12147 12148
f 12102 12148 12103
f 12103 12148 12104
f 12103 12104 12059
f 12104 12149 12150
f 12104 12150 12105
f 12105 12150 12151
f 12105 12151 12106
f 12106 12151 12152
f 12106 12152 12107
f 12107 12152 12153
f 12107 12153 12108
f 12108 12153 12154
f 12108 12154 12109
f 12109 12154 12155
f 12109 12155 12110
f 12110 12155 12156
f 12110 12156 12111
f 12111 12156 12157
f 12111 12157 12112
f 12112 12157 12158
f 12112 12158 12113
f 12113 12158 12159
f 12113 12159 12114
f 12114 12159 12160
f 12114 12160 12115
f 12115 12160 12161
f 12115 12161 12116
f 12116 12161 12162
f 12116 12162 12117
f 12117 12162 12163
f 12117 12163 12118
f 12118 12163 12164
f 12118 12164 12119
f 12119 12164 12165
f 12119 12165 12120
f 12120 12165 12166
f 12120 12166 12121
f 12121 12166 12167
f 12121 12167 12122
f 12122 12167 12168
f 12122 12168 12123
f 12123 12168 12169
f 12123 12169 12124
f 12124 12169 12170
f 12124 12170 12125
f 12125 12170 12171
f 12125 12171 12126
f 12126 12171 12172
f 12126 12172 12127
f 12127 12172 12173
f 12127 12173 12128
f 12128 12173 12174
f 12128 12174 12129
f 12129 12174 12175
f 12129 12175 12130
f 12130 12175 12176
f 12130 12176 12131
f 12131 12176 12177
f 12131 12177 12132
f 12132 12177 12178
f 12132 12178 12133
f 12133 12178 12179
f 12133 12179 12134
f 12134 12179 12180
f 12134 12180 12135
f 12135 12180 12181
f 12135 12181 12136
f 12136 12181 12182
f 12136 12182 12137
f 12137 12182 12183
f 12137 12183 12138
f 12138 12183 12184
f 12138 12184 12139
f 12139 12184 12185
f 12139 12185 12140
f 12140 12185 12186
f 12140 12186 12141
f 12141 12186 12187
f 12141 12187 12142
f 12142 12187 12188
f 12142 12188 12143
f 12143 12188 12189
f 12143 12189 12144
f 12144 12189 12190
f 12144 12190 12145
f 12145 12190 12191
f 12145 12191 12146
f 12146 12191 12192
f 12146 12192 12147
f 12147 12192 12193
f 12147 12193 12148
f 12148 12193 12149
f 12148 12149 12104
f 12149 12194 12195
f 12149 12195 12150
f 12150 12195 12196
f 12150 12196 12151
f 12151 12196 12197
f 12151 12197 12152
f 12152 12197 12198
f 12152 12198 12153
f 12153 12198 12199
f 12153 12199 12154
f 12154 12199 12200
f 12154 12200 12155
f 12155 12200 12201
f 12155 12201 12156
f 12156 12201 12202
f 12156 12202 12157
f 12157 12202 12203
f 12157 12203 12158
f 12158 12203 12204
f 12158 12204 12159
f 12159 12204 12205
f 12159 12205 12160
f 12160 12205 12206
f 12160 12206 12161
f 12161 12206 12207
f 12161 12207 12162
f 12162 12207 12208
f 12162 12208 12163
f 12163 12208 12209
f 12163 12209 12164
f 12164 12209 12210
f 12164 12210 12165
f 12165 12210 12211
f 12165 12211 12166
f 12166 12211 12212
f 12166 12212 12167
f 12167 12212 12213
f 12167 12213 12168
f 12168 12213 12214
f 12168 12214 12169
f 12169 12214 12215
f 12169 12215 12170
f 12170 12215 12216
f 12170 12216 12171
f 12171 12216 12217
f 12171 12217 12172
f 12172 12217 12218
f 12172 12218 12173
f 12173 12218 12219
f 12173 12219 12174
f 12174 12219 12220
f 12174 12220 12175
f 12175 12220 12221
f 12175 12221 12176
f 12176 12221 12222
f 12176 12222 12177
f 12177 12222 12223
f 12177 12223 12178
f 12178 12223 12224
f 12178 12224 12179
f 12179 12224 12225
f 12179 12225 12180
f 12180 12225 12226
f 12180 12226 12181
f 12181 12226 12227
f 12181 12227 12182
f 12182 12227 12228
f 12182 12228 12183
f 12183 12228 12229
f 12183 12229 12184
f 12184 12229 12230
f 12184 12230 12185
f 12185 12230 12231
f 12185 12231 12186
f 12186 12231 12232
f 12186 12232 12187
f 12187 12232 12233
f 12187 12233 12188
f 12188 12233 12234
f 12188 12234 12189
f 12189 12234 12235
f 12189 12235 12190
f 12190 12235 12236
f 12190 12236 12191
f 12191 12236 12237
f 12191 12237 12192
f 12192 12237 12238
f 12192 12238 12193
f 12193 12238 12194
f 12193 12194 12149
f 12194 12239 12240
f 12194 12240 12195
f 12195 12240 12241
f 12195 12241 12196
f 12196 12241 12242
f 12196 12242 12197
f 12197 12242 12243
f 12197 12243 12198
f 12198 12243 12244
f 12198 12244 12199
f 12199 12244 12245
f 12199 12245 12200
f 12200 12245 12246
f 12200 12246 12201
f 12201 12246 12247
f 12201 12247 12202
f 12202 12247 12248
f 12202 12248 12203
f 12203 12248 12249
f 12203 12249 12204
f 12204 12249 12250
f 12204 12250 12205
f 12205 12250 12251
f 12205 12251 12206
f 12206 12251 12252
f 12206 12252 12207
f 12207 12252 12253
f 12207 12253 12208
f 12208 12253 12254
f 12208 12254 12209
f 12209 12254 12255
f 12209 12255 12210
f 12210 12255 12256
f 12210 12256 12211
f 12211 12256 12257
f 12211 12257 12212
f 12212 12257 12258
f 12212 12258 12213
f 12213 12258 12259
f 12213 12259 12214
f 12214 12259 12260
f 12214 12260 12215
f 12215 12260 12261
f 12215 12261 12216
f 12216 12261 12262
f 12216 12262 12217
f 12217 12262 12263
f 12217 12263 12218
f 12218 12263 12264
f 12218 12264 12219
f 12219 12264 12265
f 12219 12265 12220
f 12220 12265 12266
f 12220 12266 12221
f 12221 12266 12267
f 12221 12267 12222
f 12222 12267 12268
f 12222 12268 12223
f 12223 12268 12269
f 12223 12269 12224
f 12224 12269 12270
f 12224 12270 12225
f 12225 12270 12271
f 12225 12271 12226
f 12226 12271 12272
f 12226 12272 12227
f 12227 12272 12273
f 12227 12273 12228
f 12228 12273 12274
f 12228 12274 12229
f 12229 12274 12275
f 12229 12275 12230
f 12230 12275 12276
f 12230 12276 12231
f 12231 12276 12277
f 12231 12277 12232
f 12232 12277 12278
f 12232 12278 12233
f 12233 12278 12279
f 12233 12279 12234
f 12234 12279 12280
f 12234 12280 12235
f 12235 12280 12281
f 12235 12281 12236
f 12236 12281 12282
f 12236 12282 12237
f 12237 12282 12283
f 12237 12283 12238
f 12238 12283 12239
f 12238 12239 12194
f 12239 12284 12285
f 12239 12285 12240
f 12240 12285 12286
f 12240 12286 12241
f 12241 12286 12287
f 12241 12287 12242
f 12242 12287 12288
f 12242 12288 12243
f 12243 12288 12289
f 12243 12289 12244
f 12244 12289 12290
f 12244 12290 12245
f 12245 12290 12291
f 12245 12291 12246
f 12246 12291 12292
f 12246 12292 12247
f 12247 12292 12293
f 12247 12293 12248
f 12248 12293 12294
f 12248 12294 12249
f 12249 12294 12295
f 12249 12295 12250
f 12250 12295 12296
f 12250 12296 12251
f 12251 12296 12297
f 12251 12297 12252
f 12252 12297 12298
f 12252 12298 12253
f 12253 12298 12299
f 12253 12299 12254
f 12254 12299 12300
f 12254 12300 12255
f 12255 12300 12301
f 12255 12301 12256
f 12256 12301 12302
f 12256 12302 12257
f 12257 12302 12303
f 12257 12303 12258
f 12258 12303 12304
f 12258 12304 12259
f 12259 12304 12305
f 12259 12305 12260
f 12260 12305 12306
f 12260 12306 12261
f 12261 12306 12307
f 12261 12307 12262
f 12262 12307 12308
f 12262 12308 12263
f 12263 12308 12309
f 12263 12309 12264
f 12264 12309 12310
f 12264 12310 12265
f 12265 12310 12311
f 12265 12311 12266
f 12266 12311 12312
f 12266 12312 12267
f 12267 12312 12313
f 12267 12313 12268
f 12268 12313 12314
f 12268 12314 12269
f 12269 12314 12315
f 12269 12315 12270
f 12270 12315 12316
f 12270 12316 12271
f 12271 12316 12317
f 12271 12317 12272
f 12272 12317 12318
f 12272 12318 12273
f 12273 12318 12319
f 12273 12319 12274
f 12274 12319 12320
f 12274 12320 12275
f 12275 12320 12321
f 12275 12321 12276
f 12276 12321 12322
f 12276 12322 12277
f 12277 12322 12323
f 12277 12323 12278
f 12278 12323 12324
f 12278 12324 12279
f 12279 12324 12325
f 12279 12325 12280
f 12280 12325 12326
f 12280 12326 12281
f 12281 12326 12327
f 12281 12327 12282
f 12282 12327 12328
f 12282 12328 12283
f 12283 12328 12284
f 12283 12284 12239
f 12329 11835 11834
f 12329 11836 11835
f 12329 11837 11836
f 12329 11838 11837
f 12329 11839 11838
f 12329 11840 11839
f 12329 11841 11840
f 12329 11842 11841
f 12329 11843 11842
f 12329 11844 11843
f 12329 11845 11844
f 12329 11846 11845
f 12329 11847 11846
f 12329 11848 11847
f 12329 11849 11848
f 12329 11850 11849
f 12329 11851 11850
f 12329 11852 11851
f 12329 11853 11852
f 12329 11854 11853
f 12329 11855 11854
f 12329 11856 11855
f 12329 11857 11856
f 12329 11858 11857
f 12329 11859 11858
f 12329 11860 11859
f 12329 11861 11860
f 12329 11862 11861
f 12329 11863 11862
f 12329 11864 11863
f 12329 11865 11864
f 12329 11866 11865
f 12329 11867 11866
f 12329 11868 11867
f 12329 11869 11868
f 12329 11870 11869
f 12329 11871 11870
f 12329 11872 11871
f 12329 11873 11872
f 12329 11874 11873
f 12329 11875 11874
f 12329 11876 11875
f 12329 11877 11876
f 12329 11878 11877
f 12329 11834 11878
f 12330 12284 12285
f 12330 12285 12286
f 12330 12286 12287
f 12330 12287 12288
f 12330 12288 12289
f 12330 12289 12290
f 12330 12290 12291
f 12330 12291 12292
f 12330 12292 12293
f 12330 12293 12294
f 12330 12294 12295
f 12330 12295 12296
f 12330 12296 12297
f 12330 12297 12298
f 12330 12298 12299
f 12330 12299 12300
f 12330 12300 12301
f 12330 12301 12302
f 12330 12302 12303
f 12330 12303 12304
f 12330 12304 12305
f 12330 12305 12306
f 12330 12306 12307
f 12330 12307 12308
f 12330 12308 12309
f 12330 12309 12310
f 12330 12310 12311
f 12330 12311 12312
f 12330 12312 12313
f 12330 12313 12314
f 12330 12314 12315
f 12330 12315 12316
f 12330 12316 12317
f 12330 12317 12318
f 12330 12318 12319
f 12330 12319 12320
f 12330 12320 12321
f 12330 12321 12322
f 12330 12322 12323
f 12330 12323 12324
f 12330 12324 12325
f 12330 12325 12326
f 12330 12326 12327
f 12330 12327 12328
f 12330 12328 12284
g solar_cells
f 12331 12332 12338
f 12331 12338 12337
f 12332 12333 12339
f 12332 12339 12338
f 12333 12334 12340
f 12333 12340 12339
f 12334 12335 12341
f 12334 12341 12340
f 12335 12336 12342
f 12335 12342 12341
f 12337 12338 12344
f 12337 12344 12343
f 12338 12339 12345
f 12338 12345 12344
f 12339 12340 12346
f 12339 12346 12345
f 12340 12341 12347
f 12340 12347 12346
f 12341 12342 12348
f 12341 12348 12347
f 12343 12344 12350
f 12343 12350 12349
f 12344 12345 12351
f 12344 12351 12350
f 12345 12346 12352
f 12345 12352 12351
f 12346 12347 12353
f 12346 12353 12352
f 12347 12348 12354
f 12347 12354 12353
f 12355 12361 12362
f 12355 12362 12356
f 12356 12362 12363
f 12356 12363 12357
f 12357 12363 12364
f 12357 12364 12358
f 12358 12364 12365
f 12358 12365 12359
f 12359 12365 12366
f 12359 12366 12360
f 12361 12367 12368
f 12361 12368 12362
f 12362 12368 12369
f 12362 12369 12363
f 12363 12369 12370
f 12363 12370 12364
f 12364 12370 12371
f 12364 12371 12365
f 12365 12371 12372
f 12365 12372 12366
f 12367 12373 12374
f 12367 12374 12368
f 12368 12374 12375
f 12368 12375 12369
f 12369 12375 12376
f 12369 12376 12370
f 12370 12376 12377
f 12370 12377 12371
f 12371 12377 12378
f 12371 12378 12372
f 12379 12380 12386
f 12379 12386 12385
f 12380 12381 12387
f 12380 12387 12386
f 12381 12382 12388
f 12381 12388 12387
f 12382 12383 12389
f 12382 12389 12388
f 12383 12384 12390
f 12383 12390 12389
f 12385 12386 12392
f 12385 12392 12391
f 12386 12387 12393
f 12386 12393 12392
f 12387 12388 12394
f 12387 12394 12393
f 12388 12389 12395
f 12388 12395 12394
f 12389 12390 12396
f 12389 12396 12395
f 12391 12392 12398
f 12391 12398 12397
f 12392 12393 12399
f 12392 12399 12398
f 12393 12394 12400
f 12393 12400 12399
f 12394 12395 12401
f 12394 12401 12400
f 12395 12396 12402
f 12395 12402 12401
f 12403 12409 12410
f 12403 12410 12404
f 12404 12410 12411
f 12404 12411 12405
f 12405 12411 12412
f 12405 12412 12406
f 12406 12412 12413
f 12406 12413 12407
f 12407 12413 12414
f 12407 12414 12408
f 12409 12415 12416
f 12409 12416 12410
f 12410 12416 12417
f 12410 12417 12411
f 12411 12417 12418
f 12411 12418 12412
f 12412 12418 12419
f 12412 12419 12413
f 12413 12419 12420
f 12413 12420 12414
f 12415 12421 12422
f 12415 12422 12416
f 12416 12422 12423
f 12416 12423 12417
f 12417 12423 12424
f 12417 12424 12418
f 12418 12424 12425
f 12418 12425 12419
f 12419 12425 12426
f 12419 12426 12420
f 12427 12428 12434
f 12427 12434 12433
f 12428 12429 12435
f 12428 12435 12434
f 12429 12430 12436
f 12429 12436 12435
f 12430 12431 12437
f 12430 12437 12436
f 12431 12432 12438
f 12431 12438 12437
f 12433 12434 12440
f 12433 12440 12439
f 12434 12435 12441
f 12434 12441 12440
f 12435 12436 12442
f 12435 12442 12441
f 12436 12437 12443
f 12436 12443 12442
f 12437 12438 12444
f 12437 12444 12443
f 12439 12440 12446
f 12439 12446 12445
f 12440 12441 12447
f 12440 12447 12446
f 12441 12442 12448
f 12441 12448 12447
f 12442 12443 12449
f 12442 12449 12448
f 12443 12444 12450
f 12443 12450 12449
f 12451 12457 12458
f 12451 12458 12452
f 12452 12458 12459
f 12452 12459 12453
f 12453 12459 12460
f 12453 12460 12454
f 12454 12460 12461
f 12454 12461 12455
f 12455 12461 12462
f 12455 12462 12456
f 12457 12463 12464
f 12457 12464 12458
f 12458 12464 12465
f 12458 12465 12459
f 12459 12465 12466
f 12459 12466 12460
f 12460 12466 12467
f 12460 12467 12461
f 12461 12467 12468
f 12461 12468 12462
f 12463 12469 12470
f 12463 12470 12464
f 12464 12470 12471
f 12464 12471 12465
f 12465 12471 12472
f 12465 12472 12466
f 12466 12472 12473
f 12466 12473 12467
f 12467 12473 12474
f 12467 12474 12468
f 12475 12476 12482
f 12475 12482 12481
f 12476 12477 12483
f 12476 12483 12482
f 12477 12478 12484
f 12477 12484 12483
f 12478 12479 12485
f 12478 12485 12484
f 12479 12480 12486
f 12479 12486 12485
f 12481 12482 12488
f 12481 12488 12487
f 12482 12483 12489
f 12482 12489 12488
f 12483 12484 12490
f 12483 12490 12489
f 12484 12485 12491
f 12484 12491 12490
f 12485 12486 12492
f 12485 12492 12491
f 12487 12488 12494
f 12487 12494 12493
f 12488 12489 12495
f 12488 12495 12494
f 12489 12490 12496
f 12489 12496 12495
f 12490 12491 12497
f 12490 12497 12496
f 12491 12492 12498
f 12491 12498 12497
f 12499 12505 12506
f 12499 12506 12500
f 12500 12506 12507
f 12500 12507 12501
f 12501 12507 12508
f 12501 12508 12502
f 12502 12508 12509
f 12502 12509 12503
f 12503 12509 12510
f 12503 12510 12504
f 12505 12511 12512
f 12505 12512 12506
f 12506 12512 12513
f 12506 12513 12507
f 12507 12513 12514
f 12507 12514 12508
f 12508 12514 12515
f 12508 12515 12509
f 12509 12515 12516
f 12509 12516 12510
f 12511 12517 12518
f 12511 12518 12512
f 12512 12518 12519
f 12512 12519 12513
f 12513 12519 12520
f 12513 12520 12514
f 12514 12520 12521
f 12514 12521 12515
f 12515 12521 12522
f 12515 12522 12516
f 12523 12524 12530
f 12523 12530 12529
f 12524 12525 12531
f 12524 12531 12530
f 12525 12526 12532
f 12525 12532 12531
f 12526 12527 12533
f 12526 12533 12532
f 12527 12528 12534
f 12527 12534 12533
f 12529 12530 12536
f 12529 12536 12535
f 12530 12531 12537
f 12530 12537 12536
f 12531 12532 12538
f 12531 12538 12537
f 12532 12533 12539
f 12532 12539 12538
f 12533 12534 12540
f 12533 12540 12539
f 12535 12536 12542
f 12535 12542 12541
f 12536 12537 12543
f 12536 12543 12542
f 12537 12538 12544
f 12537 12544 12543
f 12538 12539 12545
f 12538 12545 12544
f 12539 12540 12546
f 12539 12546 12545
f 12547 12553 12554
f 12547 12554 12548
f 12548 12554 12555
f 12548 12555 12549
f 12549 12555 12556
f 12549 12556 12550
f 12550 12556 12557
f 12550 12557 12551
f 12551 12557 12558
f 12551 12558 12552
f 12553 12559 12560
f 12553 12560 12554
f 12554 12560 12561
f 12554 12561 12555
f 12555 12561 12562
f 12555 12562 12556
f 12556 12562 12563
f 12556 12563 12557
f 12557 12563 12564
f 12557 12564 12558
f 12559 12565 12566
f 12559 12566 12560
f 12560 12566 12567
f 12560 12567 12561
f 12561 12567 12568
f 12561 12568 12562
f 12562 12568 12569
f 12562 12569 12563
f 12563 12569 12570
f 12563 12570 12564
f 12571 12572 12578
f 12571 12578 12577
f 12572 12573 12579
f 12572 12579 12578
f 12573 12574 12580
f 12573 12580 12579
f 12574 12575 12581
f 12574 12581 12580
f 12575 12576 12582
f 12575 12582 12581
f 12577 12578 12584
f 12577 12584 12583
f 12578 12579 12585
f 12578 12585 12584
f 12579 12580 12586
f 12579 12586 12585
f 12580 12581 12587
f 12580 12587 12586
f 12581 12582 12588
f 12581 12588 12587
f 12583 12584 12590
f 12583 12590 12589
f 12584 12585 12591
f 12584 12591 12590
f 12585 12586 12592
f 12585 12592 12591
f 12586 12587 12593
f 12586 12593 12592
f 12587 12588 12594
f 12587 12594 12593
f 12595 12601 12602
f 12595 12602 12596
f 12596 12602 12603
f 12596 12603 12597
f 12597 12603 12604
f 12597 12604 12598
f 12598 12604 12605
f 12598 12605 12599
f 12599 12605 12606
f 12599 12606 12600
f 12601 12607 12608
f 12601 12608 12602
f 12602 12608 12609
f 12602 12609 12603
f 12603 12609 12610
f 12603 12610 12604
f 12604 12610 12611
f 12604 12611 12605
f 12605 12611 12612
f 12605 12612 12606
f 12607 12613 12614
f 12607 12614 12608
f 12608 12614 12615
f 12608 12615 12609
f 12609 12615 12616
f 12609 12616 12610
f 12610 12616 12617
f 12610 12617 12611
f 12611 12617 12618
f 12611 12618 12612
f 12619 12620 12626
f 12619 12626 12625
f 12620 12621 12627
f 12620 12627 12626
f 12621 12622 12628
f 12621 12628 12627
f 12622 12623 12629
f 12622 12629 12628
f 12623 12624 12630
f 12623 12630 12629
f 12625 12626 12632
f 12625 12632 12631
f 12626 12627 12633
f 12626 12633 12632
f 12627 12628 12634
f 12627 12634 12633
f 12628 12629 12635
f 12628 12635 12634
f 12629 12630 12636
f 12629 12636 12635
f 12631 12632 12638
f 12631 12638 12637
f 12632 12633 12639
f 12632 12639 12638
f 12633 12634 12640
f 12633 12640 12639
f 12634 12635 12641
f 12634 12641 12640
f 12635 12636 12642
f 12635 12642 12641
f 12643 12649 12650
f 12643 12650 12644
f 12644 12650 12651
f 12644 12651 12645
f 12645 12651 12652
f 12645 12652 12646
f 12646 12652 12653
f 12646 12653 12647
f 12647 12653 12654
f 12647 12654 12648
f 12649 12655 12656
f 12649 12656 12650
f 12650 12656 12657
f 12650 12657 12651
f 12651 12657 12658
f 12651 12658 12652
f 12652 12658 12659
f 12652 12659 12653
f 12653 12659 12660
f 12653 12660 12654
f 12655 12661 12662
f 12655 12662 12656
f 12656 12662 12663
f 12656 12663 12657
f 12657 12663 12664
f 12657 12664 12658
f 12658 12664 12665
f 12658 12665 12659
f 12659 12665 12666
f 12659 12666 12660
f 12667 12668 12674
f 12667 12674 12673
f 12668 12669 12675
f 12668 12675 12674
f 12669 12670 12676
f 12669 12676 12675
f 12670 12671 12677
f 12670 12677 12676
f 12671 12672 12678
f 12671 12678 12677
f 12673 12674 12680
f 12673 12680 12679
f 12674 12675 12681
f 12674 12681 12680
f 12675 12676 12682
f 12675 12682 12681
f 12676 12677 12683
f 12676 12683 12682
f 12677 12678 12684
f 12677 12684 12683
f 12679 12680 12686
f 12679 12686 12685
f 12680 12681 12687
f 12680 12687 12686
f 12681 12682 12688
f 12681 12688 12687
f 12682 12683 12689
f 12682 12689 12688
f 12683 12684 12690
f 12683 12690 12689
f 12691 12697 12698
f 12691 12698 12692
f 12692 12698 12699
f 12692 12699 12693
f 12693 12699 12700
f 12693 12700 12694
f 12694 12700 12701
f 12694 12701 12695
f 12695 12701 12702
f 12695 12702 12696
f 12697 12703 12704
f 12697 12704 12698
f 12698 12704 12705
f 12698 12705 12699
f 12699 12705 12706
f 12699 12706 12700
f 12700 12706 12707
f 12700 12707 12701
f 12701 12707 12708
f 12701 12708 12702
f 12703 12709 12710
f 12703 12710 12704
f 12704 12710 12711
f 12704 12711 12705
f 12705 12711 12712
f 12705 12712 12706
f 12706 12712 12713
f 12706 12713 12707
f 12707 12713 12714
f 12707 12714 12708
f 12715 12716 12722
f 12715 12722 12721
f 12716 12717 12723
f 12716 12723 12722
f 12717 12718 12724
f 12717 12724 12723
f 12718 12719 12725
f 12718 12725 12724
f 12719 12720 12726
f 12719 12726 12725
f 12721 12722 12728
f 12721 12728 12727
f 12722 12723 12729
f 12722 12729 12728
f 12723 12724 12730
f 12723 12730 12729
f 12724 12725 12731
f 12724 12731 12730
f 12725 12726 12732
f 12725 12732 12731
f 12727 12728 12734
f 12727 12734 12733
f 12728 12729 12735
f 12728 12735 12734
f 12729 12730 12736
f 12729 12736 12735
f 12730 12731 12737
f 12730 12737 12736
f 12731 12732 12738
f 12731 12738 12737
f 12739 12745 12746
f 12739 12746 12740
f 12740 12746 12747
f 12740 12747 12741
f 12741 12747 12748
f 12741 12748 12742
f 12742 12748 12749
f 12742 12749 12743
f 12743 12749 12750
f 12743 12750 12744
f 12745 12751 12752
f 12745 12752 12746
f 12746 12752 12753
f 12746 12753 12747
f 12747 12753 12754
f 12747 12754 12748
f 12748 12754 12755
f 12748 12755 12749
f 12749 12755 12756
f 12749 12756 12750
f 12751 12757 12758
f 12751 12758 12752
f 12752 12758 12759
f 12752 12759 12753
f 12753 12759 12760
f 12753 12760 12754
f 12754 12760 12761
f 12754 12761 12755
f 12755 12761 12762
f 12755 12762 12756
f 12763 12764 12770
f 12763 12770 12769
f 12764 12765 12771
f 12764 12771 12770
f 12765 12766 12772
f 12765 12772 12771
f 12766 12767 12773
f 12766 12773 12772
f 12767 12768 12774
f 12767 12774 12773
f 12769 12770 12776
f 12769 12776 12775
f 12770 12771 12777
f 12770 12777 12776
f 12771 12772 12778
f 12771 12778 12777
f 12772 12773 12779
f 12772 12779 12778
f 12773 12774 12780
f 12773 12780 12779
f 12775 12776 12782
f 12775 12782 12781
f 12776 12777 12783
f 12776 12783 12782
f 12777 12778 12784
f 12777 12784 12783
f 12778 12779 12785
f 12778 12785 12784
f 12779 12780 12786
f 12779 12786 12785
f 12787 12793 12794
f 12787 12794 12788
f 12788 12794 12795
f 12788 12795 12789
f 12789 12795 12796
f 12789 12796 12790
f 12790 12796 12797
f 12790 12797 12791
f 12791 12797 12798
f 12791 12798 12792
f 12793 12799 12800
f 12793 12800 12794
f 12794 12800 12801
f 12794 12801 12795
f 12795 12801 12802
f 12795 12802 12796
f 12796 12802 12803
f 12796 12803 12797
f 12797 12803 12804
f 12797 12804 12798
f 12799 12805 12806
f 12799 12806 12800
f 12800 12806 12807
f 12800 12807 12801
f 12801 12807 12808
f 12801 12808 12802
f 12802 12808 12809
f 12802 12809 12803
f 12803 12809 12810
f 12803 12810 12804
f 12811 12812 12818
f 12811 12818 12817
f 12812 12813 12819
f 12812 12819 12818
f 12813 12814 12820
f 12813 12820 12819
f 12814 12815 12821
f 12814 12821 12820
f 12815 12816 12822
f 12815 12822 12821
f 12817 12818 12824
f 12817 12824 12823
f 12818 12819 12825
f 12818 12825 12824
f 12819 12820 12826
f 12819 12826 12825
f 12820 12821 12827
f 12820 12827 12826
f 12821 12822 12828
f 12821 12828 12827
f 12823 12824 12830
f 12823 12830 12829
f 12824 12825 12831
f 12824 12831 12830
f 12825 12826 12832
f 12825 12832 12831
f 12826 12827 12833
f 12826 12833 12832
f 12827 12828 12834
f 12827 12834 12833
f 12835 12841 12842
f 12835 12842 12836
f 12836 12842 12843
f 12836 12843 12837
f 12837 12843 12844
f 12837 12844 12838
f 12838 12844 12845
f 12838 12845 12839
f 12839 12845 12846
f 12839 12846 12840
f 12841 12847 12848
f 12841 12848 12842
f 12842 12848 12849
f 12842 12849 12843
f 12843 12849 12850
f 12843 12850 12844
f 12844 12850 12851
f 12844 12851 12845
f 12845 12851 12852
f 12845 12852 12846
f 12847 12853 12854
f 12847 12854 12848
f 12848 12854 12855
f 12848 12855 12849
f 12849 12855 12856
f 12849 12856 12850
f 12850 12856 12857
f 12850 12857 12851
f 12851 12857 12858
f 12851 12858 12852
f 12859 12860 12866
f 12859 12866 12865
f 12860 12861 12867
f 12860 12867 12866
f 12861 12862 12868
f 12861 12868 12867
f 12862 12863 12869
f 12862 12869 12868
f 12863 12864 12870
f 12863 12870 12869
f 12865 12866 12872
f 12865 12872 12871
f 12866 12867 12873
f 12866 12873 12872
f 12867 12868 12874
f 12867 12874 12873
f 12868 12869 12875
f 12868 12875 12874
f 12869 12870 12876
f 12869 12876 12875
f 12871 12872 12878
f 12871 12878 12877
f 12872 12873 12879
f 12872 12879 12878
f 12873 12874 12880
f 12873 12880 12879
f 12874 12875 12881
f 12874 12881 12880
f 12875 12876 12882
f 12875 12882 12881
f 12883 12889 12890
f 12883 12890 12884
f 12884 12890 12891
f 12884 12891 12885
f 12885 12891 12892
f 12885 12892 12886
f 12886 12892 12893
f 12886 12893 12887
f 12887 12893 12894
f 12887 12894 12888
f 12889 12895 12896
f 12889 12896 12890
f 12890 12896 12897
f 12890 12897 12891
f 12891 12897 12898
f 12891 12898 12892
f 12892 12898 12899
f 12892 12899 12893
f 12893 12899 12900
f 12893 12900 12894
f 12895 12901 12902
f 12895 12902 12896
f 12896 12902 12903
f 12896 12903 12897
f 12897 12903 12904
f 12897 12904 12898
f 12898 12904 12905
f 12898 12905 12899
f 12899 12905 12906
f 12899 12906 12900
f 12907 12908 12914
f 12907 12914 12913
f 12908 12909 12915
f 12908 12915 12914
f 12909 12910 12916
f 12909 12916 12915
f 12910 12911 12917
f 12910 12917 12916
f 12911 12912 12918
f 12911 12918 12917
f 12913 12914 12920
f 12913 12920 12919
f 12914 12915 12921
f 12914 12921 12920
f 12915 12916 12922
f 12915 12922 12921
f 12916 12917 12923
f 12916 12923 12922
f 12917 12918 12924
f 12917 12924 12923
f 12919 12920 12926
f 12919 12926 12925
f 12920 12921 12927
f 12920 12927 12926
f 12921 12922 12928
f 12921 12928 12927
f 12922 12923 12929
f 12922 12929 12928
f 12923 12924 12930
f 12923 12930 12929
f 12931 12937 12938
f 12931 12938 12932
f 12932 12938 12939
f 12932 12939 12933
f 12933 12939 12940
f 12933 12940 12934
f 12934 12940 12941
f 12934 12941 12935
f 12935 12941 12942
f 12935 12942 12936
f 12937 12943 12944
f 12937 12944 12938
f 12938 12944 12945
f 12938 12945 12939
f 12939 12945 12946
f 12939 12946 12940
f 12940 12946 12947
f 12940 12947 12941
f 12941 12947 12948
f 12941 12948 12942
f 12943 12949 12950
f 12943 12950 12944
f 12944 12950 12951
f 12944 12951 12945
f 12945 12951 12952
f 12945 12952 12946
f 12946 12952 12953
f 12946 12953 12947
f 12947 12953 12954
f 12947 12954 12948
f 12955 12956 12962
f 12955 12962 12961
f 12956 12957 12963
f 12956 12963 12962
f 12957 12958 12964
f 12957 12964 12963
f 12958 12959 12965
f 12958 12965 12964
f 12959 12960 12966
f 12959 12966 12965
f 12961 12962 12968
f 12961 12968 12967
f 12962 12963 12969
f 12962 12969 12968
f 12963 12964 12970
f 12963 12970 12969
f 12964 12965 12971
f 12964 12971 12970
f 12965 12966 12972
f 12965 12972 12971
f 12967 12968 12974
f 12967 12974 12973
f 12968 12969 12975
f 12968 12975 12974
f 12969 12970 12976
f 12969 12976 12975
f 12970 12971 12977
f 12970 12977 12976
f 12971 12972 12978
f 12971 12978 12977
f 12979 12985 12986
f 12979 12986 12980
f 12980 12986 12987
f 12980 12987 12981
f 12981 12987 12988
f 12981 12988 12982
f 12982 12988 12989
f 12982 12989 12983
f 12983 12989 12990
f 12983 12990 12984
f 12985 12991 12992
f 12985 12992 12986
f 12986 12992 12993
f 12986 12993 12987
f 12987 12993 12994
f 12987 12994 12988
f 12988 12994 12995
f 12988 12995 12989
f 12989 12995 12996
f 12989 12996 12990
f 12991 12997 12998
f 12991 12998 12992
f 12992 12998 12999
f 12992 12999 12993
f 12993 12999 13000
f 12993 13000 12994
f 12994 13000 13001
f 12994 13001 12995
f 12995 13001 13002
f 12995 13002 12996
f 13003 13004 13010
f 13003 13010 13009
f 13004 13005 13011
f 13004 13011 13010
f 13005 13006 13012
f 13005 13012 13011
f 13006 13007 13013
f 13006 13013 13012
f 13007 13008 13014
f 13007 13014 13013
f 13009 13010 13016
f 13009 13016 13015
f 13010 13011 13017
f 13010 13017 13016
f 13011 13012 13018
f 13011 13018 13017
f 13012 13013 13019
f 13012 13019 13018
f 13013 13014 13020
f 13013 13020 13019
f 13015 13016 13022
f 13015 13022 13021
f 13016 13017 13023
f 13016 13023 13022
f 13017 13018 13024
f 13017 13024 13023
f 13018 13019 13025
f 13018 13025 13024
f 13019 13020 13026
f 13019 13026 13025
f 13027 13033 13034
f 13027 13034 13028
f 13028 13034 13035
f 13028 13035 13029
f 13029 13035 13036
f 13029 13036 13030
f 13030 13036 13037
f 13030 13037 13031
f 13031 13037 13038
f 13031 13038 13032
f 13033 13039 13040
f 13033 13040 13034
f 13034 13040 13041
f 13034 13041 13035
f 13035 13041 13042
f 13035 13042 13036
f 13036 13042 13043
f 13036 13043 13037
f 13037 13043 13044
f 13037 13044 13038
f 13039 13045 13046
f 13039 13046 13040
f 13040 13046 13047
f 13040 13047 13041
f 13041 13047 13048
f 13041 13048 13042
f 13042 13048 13049
f 13042 13049 13043
f 13043 13049 13050
f 13043 13050 13044
f 13051 13052 13058
f 13051 13058 13057
f 13052 13053 13059
f 13052 13059 13058
f 13053 13054 13060
f 13053 13060 13059
f 13054 13055 13061
f 13054 13061 13060
f 13055 13056 13062
f 13055 13062 13061
f 13057 13058 13064
f 13057 13064 13063
f 13058 13059 13065
f 13058 13065 13064
f 13059 13060 13066
f 13059 13066 13065
f 13060 13061 13067
f 13060 13067 13066
f 13061 13062 13068
f 13061 13068 13067
f 13063 13064 13070
f 13063 13070 13069
f 13064 13065 13071
f 13064 13071 13070
f 13065 13066 13072
f 13065 13072 13071
f 13066 13067 13073
f 13066 13073 13072
f 13067 13068 13074
f 13067 13074 13073
f 13075 13081 13082
f 13075 13082 13076
f 13076 13082 13083
f 13076 13083 13077
f 13077 13083 13084
f 13077 13084 13078
f 13078 13084 13085
f 13078 13085 13079
f 13079 13085 13086
f 13079 13086 13080
f 13081 13087 13088
f 13081 13088 13082
f 13082 13088 13089
f 13082 13089 13083
f 13083 13089 13090
f 13083 13090 13084
f 13084 13090 13091
f 13084 13091 13085
f 13085 13091 13092
f 13085 13092 13086
f 13087 13093 13094
f 13087 13094 13088
f 13088 13094 13095
f 13088 13095 13089
f 13089 13095 13096
f 13089 13096 13090
f 13090 13096 13097
f 13090 13097 13091
f 13091 13097 13098
f 13091 13098 13092
f 13099 13100 13106
f 13099 13106 13105
f 13100 13101 13107
f 13100 13107 13106
f 13101 13102 13108
f 13101 13108 13107
f 13102 13103 13109
f 13102 13109 13108
f 13103 13104 13110
f 13103 13110 13109
f 13105 13106 13112
f 13105 13112 13111
f 13106 13107 13113
f 13106 13113 13112
f 13107 13108 13114
f 13107 13114 13113
f 13108 13109 13115
f 13108 13115 13114
f 13109 13110 13116
f 13109 13116 13115
f 13111 13112 13118
f 13111 13118 13117
f 13112 13113 13119
f 13112 13119 13118
f 13113 13114 13120
f 13113 13120 13119
f 13114 13115 13121
f 13114 13121 13120
f 13115 13116 13122
f 13115 13122 13121
f 13123 13129 13130
f 13123 13130 13124
f 13124 13130 13131
f 13124 13131 13125
f 13125 13131 13132
f 13125 13132 13126
f 13126 13132 13133
f 13126 13133 13127
f 13127 13133 13134
f 13127 13134 13128
f 13129 13135 13136
f 13129 13136 13130
f 13130 13136 13137
f 13130 13137 13131
f 13131 13137 13138
f 13131 13138 13132
f 13132 13138 13139
f 13132 13139 13133
f 13133 13139 13140
f 13133 13140 13134
f 13135 13141 13142
f 13135 13142 13136
f 13136 13142 13143
f 13136 13143 13137
f 13137 13143 13144
f 13137 13144 13138
f 13138 13144 13145
f 13138 13145 13139
f 13139 13145 13146
f 13139 13146 13140
g panel_lines
f 13147 13148 13150
f 13147 13150 13149
f 13149 13150 13152
f 13149 13152 13151
f 13151 13152 13154
f 13151 13154 13153
f 13153 13154 13156
f 13153 13156 13155
f 13155 13156 13158
f 13155 13158 13157
f 13157 13158 13160
f 13157 13160 13159
f 13159 13160 13162
f 13159 13162 13161
f 13161 13162 13164
f 13161 13164 13163
f 13163 13164 13166
f 13163 13166 13165
f 13165 13166 13168
f 13165 13168 13167
f 13169 13170 13172
f 13169 13172 13171
f 13171 13172 13174
f 13171 13174 13173
f 13175 13176 13178
f 13175 13178 13177
f 13177 13178 13180
f 13177 13180 13179
f 13181 13183 13184
f 13181 13184 13182
f 13183 13185 13186
f 13183 13186 13184
f 13185 13187 13188
f 13185 13188 13186
f 13187 13189 13190
f 13187 13190 13188
f 13189 13191 13192
f 13189 13192 13190
f 13191 13193 13194
f 13191 13194 13192
f 13193 13195 13196
f 13193 13196 13194
f 13195 13197 13198
f 13195 13198 13196
f 13197 13199 13200
f 13197 13200 13198
f 13199 13201 13202
f 13199 13202 13200
f 13203 13205 13206
f 13203 13206 13204
f 13205 13207 13208
f 13205 13208 13206
f 13209 13211 13212
f 13209 13212 13210
f 13211 13213 13214
f 13211 13214 13212
f 13215 13216 13218
f 13215 13218 13217
f 13217 13218 13220
f 13217 13220 13219
f 13219 13220 13222
f 13219 13222 13221
f 13221 13222 13224
f 13221 13224 13223
f 13223 13224 13226
f 13223 13226 13225
f 13225 13226 13228
f 13225 13228 13227
f 13227 13228 13230
f 13227 13230 13229
f 13229 13230 13232
f 13229 13232 13231
f 13231 13232 13234
f 13231 13234 13233
f 13233 13234 13236
f 13233 13236 13235
f 13237 13238 13240
f 13237 13240 13239
f 13239 13240 13242
f 13239 13242 13241
f 13243 13244 13246
f 13243 13246 13245
f 13245 13246 13248
f 13245 13248 13247
f 13249 13251 13252
f 13249 13252 13250
f 13251 13253 13254
f 13251 13254 13252
f 13253 13255 13256
f 13253 13256 13254
f 13255 13257 13258
f 13255 13258 13256
f 13257 13259 13260
f 13257 13260 13258
f 13259 13261 13262
f 13259 13262 13260
f 13261 13263 13264
f 13261 13264 13262
f 13263 13265 13266
f 13263 13266 13264
f 13265 13267 13268
f 13265 13268 13266
f 13267 13269 13270
f 13267 13270 13268
f 13271 13273 13274
f 13271 13274 13272
f 13273 13275 13276
f 13273 13276 13274
f 13277 13279 13280
f 13277 13280 13278
f 13279 13281 13282
f 13279 13282 13280
f 13283 13284 13286
f 13283 13286 13285
f 13285 13286 13288
f 13285 13288 13287
f 13287 13288 13290
f 13287 13290 13289
f 13289 13290 13292
f 13289 13292 13291
f 13291 13292 13294
f 13291 13294 13293
f 13293 13294 13296
f 13293 13296 13295
f 13295 13296 13298
f 13295 13298 13297
f 13297 13298 13300
f 13297 13300 13299
f 13299 13300 13302
f 13299 13302 13301
f 13301 13302 13304
f 13301 13304 13303
f 13305 13306 13308
f 13305 13308 13307
f 13307 13308 13310
f 13307 13310 13309
f 13311 13312 13314
f 13311 13314 13313
f 13313 13314 13316
f 13313 13316 13315
f 13317 13319 13320
f 13317 13320 13318
f 13319 13321 13322
f 13319 13322 13320
f 13321 13323 13324
f 13321 13324 13322
f 13323 13325 13326
f 13323 13326 13324
f 13325 13327 13328
f 13325 13328 13326
f 13327 13329 13330
f 13327 13330 13328
f 13329 13331 13332
f 13329 13332 13330
f 13331 13333 13334
f 13331 13334 13332
f 13333 13335 13336
f 13333 13336 13334
f 13335 13337 13338
f 13335 13338 13336
f 13339 13341 13342
f 13339 13342 13340
f 13341 13343 13344
f 13341 13344 13342
f 13345 13347 13348
f 13345 13348 13346
f 13347 13349 13350
f 13347 13350 13348
f 13351 13352 13354
f 13351 13354 13353
f 13353 13354 13356
f 13353 13356 13355
f 13355 13356 13358
f 13355 13358 13357
f 13357 13358 13360
f 13357 13360 13359
f 13359 13360 13362
f 13359 13362 13361
f 13361 13362 13364
f 13361 13364 13363
f 13363 13364 13366
f 13363 13366 13365
f 13365 13366 13368
f 13365 13368 13367
f 13367 13368 13370
f 13367 13370 13369
f 13369 13370 13372
f 13369 13372 13371
f 13373 13374 13376
f 13373 13376 13375
f 13375 13376 13378
f 13375 13378 13377
f 13379 13380 13382
f 13379 13382 13381
f 13381 13382 13384
f 13381 13384 13383
f 13385 13387 13388
f 13385 13388 13386
f 13387 13389 13390
f 13387 13390 13388
f 13389 13391 13392
f 13389 13392 13390
f 13391 13393 13394
f 13391 13394 13392
f 13393 13395 13396
f 13393 13396 13394
f 13395 13397 13398
f 13395 13398 13396
f 13397 13399 13400
f 13397 13400 13398
f 13399 13401 13402
f 13399 13402 13400
f 13401 13403 13404
f 13401 13404 13402
f 13403 13405 13406
f 13403 13406 13404
f 13407 13409 13410
f 13407 13410 13408
f 13409 13411 13412
f 13409 13412 13410
f 13413 13415 13416
f 13413 13416 13414
f 13415 13417 13418
f 13415 13418 13416
g panel_lines
f 13419 13420 13422
f 13419 13422 13421
f 13421 13422 13424
f 13421 13424 13423
f 13423 13424 13426
f 13423 13426 13425
f 13425 13426 13428
f 13425 13428 13427
f 13427 13428 13430
f 13427 13430 13429
f 13429 13430 13432
f 13429 13432 13431
f 13431 13432 13434
f 13431 13434 13433
f 13433 13434 13436
f 13433 13436 13435
f 13437 13439 13440
f 13437 13440 13438
f 13439 13441 13442
f 13439 13442 13440
f 13441 13443 13444
f 13441 13444 13442
f 13443 13445 13446
f 13443 13446 13444
f 13445 13447 13448
f 13445 13448 13446
f 13447 13449 13450
f 13447 13450 13448
f 13449 13451 13452
f 13449 13452 13450
f 13451 13453 13454
f 13451 13454 13452
g panel_lines
f 13455 13458 13456
f 13455 13457 13458
f 13457 13460 13458
f 13457 13459 13460
f 13459 13462 13460
f 13459 13461 13462
f 13461 13464 13462
f 13461 13463 13464
f 13463 13466 13464
f 13463 13465 13466
f 13465 13468 13466
f 13465 13467 13468
f 13467 13470 13468
f 13467 13469 13470
f 13469 13472 13470
f 13469 13471 13472
f 13473 13476 13475
f 13473 13474 13476
f 13475 13478 13477
f 13475 13476 13478
f 13477 13480 13479
f 13477 13478 13480
f 13479 13482 13481
f 13479 13480 13482
f 13481 13484 13483
f 13481 13482 13484
f 13483 13486 13485
f 13483 13484 13486
f 13485 13488 13487
f 13485 13486 13488
f 13487 13490 13489
f 13487 13488 13490
