# jetwing-1200 -- generated by tools/build_model.py
# 6168 vertices, 12160 triangles
# units: millimetres, +X aft, +Y starboard, +Z up
v 151.4563 0.0000 3.2786
v 151.3797 0.0000 3.2848
v 151.1499 0.0000 3.3035
v 150.7674 0.0000 3.3347
v 150.2332 0.0000 3.3783
v 149.5484 0.0000 3.4344
v 148.7144 0.0000 3.5029
v 147.7331 0.0000 3.5839
v 146.6066 0.0000 3.6773
v 145.3374 0.0000 3.7831
v 143.9282 0.0000 3.9015
v 142.3820 0.0000 4.0323
v 140.7021 0.0000 4.1757
v 138.8922 0.0000 4.3317
v 136.9561 0.0000 4.5003
v 134.8979 0.0000 4.6817
v 132.7220 0.0000 4.8758
v 130.4330 0.0000 5.0828
v 128.0355 0.0000 5.3028
v 125.5348 0.0000 5.5356
v 122.9359 0.0000 5.7815
v 120.2443 0.0000 6.0403
v 117.4655 0.0000 6.3119
v 114.6052 0.0000 6.5963
v 111.6694 0.0000 6.8933
v 108.6638 0.0000 7.2024
v 105.5948 0.0000 7.5235
v 102.4684 0.0000 7.8559
v 99.2910 0.0000 8.1990
v 96.0382 0.0000 8.5461
v 92.7354 0.0000 8.8802
v 89.3970 0.0000 9.1991
v 86.0299 0.0000 9.5009
v 82.6408 0.0000 9.7840
v 79.2367 0.0000 10.0469
v 75.8244 0.0000 10.2879
v 72.4109 0.0000 10.5056
v 69.0032 0.0000 10.6987
v 65.6083 0.0000 10.8657
v 62.2332 0.0000 11.0054
v 58.8848 0.0000 11.1167
v 55.5506 0.0000 11.1962
v 52.2439 0.0000 11.2329
v 48.9846 0.0000 11.2256
v 45.7798 0.0000 11.1744
v 42.6364 0.0000 11.0798
v 39.5613 0.0000 10.9424
v 36.5611 0.0000 10.7631
v 33.6425 0.0000 10.5433
v 30.8116 0.0000 10.2843
v 28.0746 0.0000 9.9879
v 25.4374 0.0000 9.6561
v 22.9056 0.0000 9.2909
v 20.4846 0.0000 8.8948
v 18.1794 0.0000 8.4702
v 15.9950 0.0000 8.0199
v 13.9357 0.0000 7.5466
v 12.0058 0.0000 7.0531
v 10.2092 0.0000 6.5422
v 8.5493 0.0000 6.0170
v 7.0294 0.0000 5.4801
v 5.6524 0.0000 4.9344
v 4.4208 0.0000 4.3826
v 3.3368 0.0000 3.8270
v 2.4024 0.0000 3.2701
v 1.6190 0.0000 2.7139
v 0.9879 0.0000 2.1604
v 0.5101 0.0000 1.6111
v 0.1860 0.0000 1.0673
v 0.0160 0.0000 0.5300
v 0.0000 0.0000 0.0000
v 0.1365 0.0000 -0.5124
v 0.4237 0.0000 -0.9969
v 0.8607 0.0000 -1.4533
v 1.4460 0.0000 -1.8816
v 2.1783 0.0000 -2.2815
v 3.0557 0.0000 -2.6532
v 4.0760 0.0000 -2.9964
v 5.2368 0.0000 -3.3113
v 6.5356 0.0000 -3.5981
v 7.9695 0.0000 -3.8568
v 9.5353 0.0000 -4.0877
v 11.2297 0.0000 -4.2913
v 13.0491 0.0000 -4.4680
v 14.9899 0.0000 -4.6185
v 17.0480 0.0000 -4.7435
v 19.2195 0.0000 -4.8438
v 21.4999 0.0000 -4.9206
v 23.8849 0.0000 -4.9748
v 26.3700 0.0000 -5.0079
v 28.9503 0.0000 -5.0213
v 31.6209 0.0000 -5.0164
v 34.3770 0.0000 -4.9951
v 37.2133 0.0000 -4.9589
v 40.1246 0.0000 -4.9099
v 43.1055 0.0000 -4.8499
v 46.1504 0.0000 -4.7809
v 49.2538 0.0000 -4.7050
v 52.4099 0.0000 -4.6240
v 55.6127 0.0000 -4.5400
v 58.8693 0.0000 -4.4540
v 62.1795 0.0000 -4.3576
v 65.5175 0.0000 -4.2499
v 68.8767 0.0000 -4.1323
v 72.2504 0.0000 -4.0063
v 75.6319 0.0000 -3.8731
v 79.0147 0.0000 -3.7340
v 82.3919 0.0000 -3.5903
v 85.7569 0.0000 -3.4432
v 89.1028 0.0000 -3.2936
v 92.4231 0.0000 -3.1426
v 95.7111 0.0000 -2.9910
v 98.9679 0.0000 -2.8395
v 102.2058 0.0000 -2.6748
v 105.3877 0.0000 -2.4905
v 108.5069 0.0000 -2.2884
v 111.5574 0.0000 -2.0704
v 114.5329 0.0000 -1.8383
v 117.4276 0.0000 -1.5942
v 120.2358 0.0000 -1.3401
v 122.9518 0.0000 -1.0780
v 125.5705 0.0000 -0.8101
v 128.0866 0.0000 -0.5385
v 130.4952 0.0000 -0.2654
v 132.7917 0.0000 0.0070
v 134.9717 0.0000 0.2765
v 137.0309 0.0000 0.5410
v 138.9655 0.0000 0.7984
v 140.7717 0.0000 1.0465
v 142.4461 0.0000 1.2833
v 143.9856 0.0000 1.5068
v 145.3872 0.0000 1.7152
v 146.6484 0.0000 1.9068
v 147.7667 0.0000 2.0799
v 148.7402 0.0000 2.2331
v 149.5669 0.0000 2.3650
v 150.2454 0.0000 2.4745
v 150.7745 0.0000 2.5607
v 151.1530 0.0000 2.6228
v 151.3805 0.0000 2.6603
v 151.4563 0.0000 2.6728
v 165.1052 46.1538 4.8746
v 165.0320 46.1538 4.8804
v 164.8127 46.1538 4.8980
v 164.4476 46.1538 4.9273
v 163.9377 46.1538 4.9683
v 163.2840 46.1538 5.0210
v 162.4879 46.1538 5.0854
v 161.5512 46.1538 5.1616
v 160.4759 46.1538 5.2494
v 159.2643 46.1538 5.3489
v 157.9191 46.1538 5.4602
v 156.4431 46.1538 5.5833
v 154.8396 46.1538 5.7182
v 153.1119 46.1538 5.8649
v 151.2638 46.1538 6.0236
v 149.2991 46.1538 6.1943
v 147.2221 46.1538 6.3770
v 145.0370 46.1538 6.5719
v 142.7485 46.1538 6.7790
v 140.3613 46.1538 6.9983
v 137.8805 46.1538 7.2299
v 135.3111 46.1538 7.4738
v 132.6586 46.1538 7.7298
v 129.9282 46.1538 7.9979
v 127.1256 46.1538 8.2779
v 124.2566 46.1538 8.5694
v 121.3269 46.1538 8.8722
v 118.3425 46.1538 9.1858
v 115.3094 46.1538 9.5096
v 112.2043 46.1538 9.8370
v 109.0514 46.1538 10.1521
v 105.8647 46.1538 10.4525
v 102.6506 46.1538 10.7366
v 99.4155 46.1538 11.0029
v 96.1660 46.1538 11.2498
v 92.9088 46.1538 11.4758
v 89.6505 46.1538 11.6796
v 86.3977 46.1538 11.8599
v 83.1572 46.1538 12.0152
v 79.9356 46.1538 12.1446
v 76.7396 46.1538 12.2470
v 73.5571 46.1538 12.3189
v 70.4009 46.1538 12.3500
v 67.2900 46.1538 12.3392
v 64.2312 46.1538 12.2866
v 61.2310 46.1538 12.1926
v 58.2961 46.1538 12.0578
v 55.4328 46.1538 11.8833
v 52.6473 46.1538 11.6700
v 49.9456 46.1538 11.4195
v 47.3336 46.1538 11.1334
v 44.8168 46.1538 10.8135
v 42.4007 46.1538 10.4620
v 40.0904 46.1538 10.0811
v 37.8908 46.1538 9.6731
v 35.8063 46.1538 9.2408
v 33.8414 46.1538 8.7866
v 31.9999 46.1538 8.3132
v 30.2857 46.1538 7.8236
v 28.7020 46.1538 7.3203
v 27.2519 46.1538 6.8061
v 25.9383 46.1538 6.2836
v 24.7634 46.1538 5.7554
v 23.7294 46.1538 5.2239
v 22.8382 46.1538 4.6913
v 22.0911 46.1538 4.1595
v 21.4894 46.1538 3.6304
v 21.0340 46.1538 3.1055
v 20.7253 46.1538 2.5861
v 20.5637 46.1538 2.0731
v 20.5490 46.1538 1.5672
v 20.6800 46.1538 1.0783
v 20.9546 46.1538 0.6163
v 21.3722 46.1538 0.1811
v 21.9315 46.1538 -0.2270
v 22.6309 46.1538 -0.6079
v 23.4687 46.1538 -0.9615
v 24.4430 46.1538 -1.2880
v 25.5513 46.1538 -1.5872
v 26.7913 46.1538 -1.8593
v 28.1602 46.1538 -2.1046
v 29.6549 46.1538 -2.3232
v 31.2724 46.1538 -2.5155
v 33.0092 46.1538 -2.6820
v 34.8618 46.1538 -2.8234
v 36.8264 46.1538 -2.9402
v 38.8991 46.1538 -3.0335
v 41.0758 46.1538 -3.1040
v 43.3523 46.1538 -3.1530
v 45.7242 46.1538 -3.1817
v 48.1870 46.1538 -3.1914
v 50.7361 46.1538 -3.1836
v 53.3666 46.1538 -3.1600
v 56.0738 46.1538 -3.1222
v 58.8524 46.1538 -3.0720
v 61.6975 46.1538 -3.0112
v 64.6037 46.1538 -2.9418
v 67.5657 46.1538 -2.8656
v 70.5779 46.1538 -2.7846
v 73.6349 46.1538 -2.7007
v 76.7431 46.1538 -2.6147
v 79.9025 46.1538 -2.5189
v 83.0883 46.1538 -2.4122
v 86.2944 46.1538 -2.2960
v 89.5143 46.1538 -2.1717
v 92.7418 46.1538 -2.0406
v 95.9703 46.1538 -1.9039
v 99.1936 46.1538 -1.7628
v 102.4052 46.1538 -1.6184
v 105.5986 46.1538 -1.4716
v 108.7675 46.1538 -1.3236
v 111.9056 46.1538 -1.1751
v 115.0139 46.1538 -1.0266
v 118.1043 46.1538 -0.8656
v 121.1410 46.1538 -0.6860
v 124.1180 46.1538 -0.4894
v 127.0293 46.1538 -0.2777
v 129.8690 46.1538 -0.0528
v 132.6317 46.1538 0.1836
v 135.3117 46.1538 0.4295
v 137.9038 46.1538 0.6828
v 140.4028 46.1538 0.9416
v 142.8040 46.1538 1.2038
v 145.1027 46.1538 1.4673
v 147.2943 46.1538 1.7300
v 149.3747 46.1538 1.9898
v 151.3399 46.1538 2.2447
v 153.1860 46.1538 2.4926
v 154.9097 46.1538 2.7315
v 156.5076 46.1538 2.9595
v 157.9767 46.1538 3.1747
v 159.3143 46.1538 3.3753
v 160.5178 46.1538 3.5596
v 161.5850 46.1538 3.7261
v 162.5140 46.1538 3.8735
v 163.3029 46.1538 4.0003
v 163.9504 46.1538 4.1056
v 164.4552 46.1538 4.1885
v 164.8165 46.1538 4.2482
v 165.0335 46.1538 4.2843
v 165.1059 46.1538 4.2963
v 178.7525 92.3077 6.5166
v 178.6828 92.3077 6.5220
v 178.4738 92.3077 6.5384
v 178.1262 92.3077 6.5656
v 177.6405 92.3077 6.6038
v 177.0178 92.3077 6.6529
v 176.2596 92.3077 6.7129
v 175.3675 92.3077 6.7838
v 174.3433 92.3077 6.8656
v 173.1894 92.3077 6.9583
v 171.9082 92.3077 7.0620
v 170.5024 92.3077 7.1766
v 168.9752 92.3077 7.3023
v 167.3296 92.3077 7.4391
v 165.5694 92.3077 7.5870
v 163.6982 92.3077 7.7462
v 161.7199 92.3077 7.9167
v 159.6387 92.3077 8.0985
v 157.4590 92.3077 8.2918
v 155.1854 92.3077 8.4966
v 152.8225 92.3077 8.7129
v 150.3753 92.3077 8.9407
v 147.8488 92.3077 9.1799
v 145.2482 92.3077 9.4306
v 142.5789 92.3077 9.6924
v 139.8462 92.3077 9.9651
v 137.0558 92.3077 10.2484
v 134.2132 92.3077 10.5419
v 131.3242 92.3077 10.8451
v 128.3667 92.3077 11.1516
v 125.3638 92.3077 11.4462
v 122.3286 92.3077 11.7268
v 119.2672 92.3077 11.9918
v 116.1860 92.3077 12.2398
v 113.0912 92.3077 12.4694
v 109.9889 92.3077 12.6791
v 106.8857 92.3077 12.8676
v 103.7878 92.3077 13.0336
v 100.7017 92.3077 13.1760
v 97.6335 92.3077 13.2937
v 94.5898 92.3077 13.3857
v 91.5590 92.3077 13.4488
v 88.5533 92.3077 13.4730
v 85.5908 92.3077 13.4574
v 82.6780 92.3077 13.4020
v 79.8212 92.3077 13.3074
v 77.0265 92.3077 13.1740
v 74.3001 92.3077 13.0028
v 71.6478 92.3077 12.7949
v 69.0754 92.3077 12.5518
v 66.5885 92.3077 12.2748
v 64.1924 92.3077 11.9659
v 61.8922 92.3077 11.6270
v 59.6927 92.3077 11.2603
v 57.5987 92.3077 10.8681
v 55.6144 92.3077 10.4527
v 53.7440 92.3077 10.0168
v 51.9912 92.3077 9.5629
v 50.3596 92.3077 9.0937
v 48.8523 92.3077 8.6117
v 47.4723 92.3077 8.1195
v 46.2222 92.3077 7.6197
v 45.1043 92.3077 7.1147
v 44.1206 92.3077 6.6068
v 43.2728 92.3077 6.0980
v 42.5623 92.3077 5.5903
v 41.9902 92.3077 5.0855
v 41.5574 92.3077 4.5849
v 41.2643 92.3077 4.0897
v 41.1113 92.3077 3.6009
v 41.0982 92.3077 3.1191
v 41.2237 92.3077 2.6538
v 41.4861 92.3077 2.2142
v 41.8845 92.3077 1.8005
v 42.4177 92.3077 1.4129
v 43.0844 92.3077 1.0513
v 43.8829 92.3077 0.7160
v 44.8112 92.3077 0.4068
v 45.8672 92.3077 0.1238
v 47.0486 92.3077 -0.1333
v 48.3525 92.3077 -0.3645
v 49.7764 92.3077 -0.5701
v 51.3170 92.3077 -0.7505
v 52.9712 92.3077 -0.9061
v 54.7357 92.3077 -1.0375
v 56.6067 92.3077 -1.1454
v 58.5807 92.3077 -1.2306
v 60.6537 92.3077 -1.2941
v 62.8217 92.3077 -1.3368
v 65.0805 92.3077 -1.3601
v 67.4258 92.3077 -1.3651
v 69.8533 92.3077 -1.3533
v 72.3583 92.3077 -1.3263
v 74.9362 92.3077 -1.2857
v 77.5822 92.3077 -1.2331
v 80.2915 92.3077 -1.1703
v 83.0589 92.3077 -1.0993
v 85.8795 92.3077 -1.0216
v 88.7479 92.3077 -0.9393
v 91.6588 92.3077 -0.8542
v 94.6186 92.3077 -0.7670
v 97.6271 92.3077 -0.6703
v 100.6608 92.3077 -0.5632
v 103.7137 92.3077 -0.4471
v 106.7798 92.3077 -0.3232
v 109.8531 92.3077 -0.1928
v 112.9274 92.3077 -0.0571
v 115.9966 92.3077 0.0828
v 119.0547 92.3077 0.2259
v 122.0956 92.3077 0.3710
v 125.1131 92.3077 0.5175
v 128.1012 92.3077 0.6643
v 131.0610 92.3077 0.8110
v 134.0036 92.3077 0.9696
v 136.8951 92.3077 1.1459
v 139.7298 92.3077 1.3382
v 142.5018 92.3077 1.5447
v 145.2057 92.3077 1.7639
v 147.8362 92.3077 1.9937
v 150.3879 92.3077 2.2324
v 152.8559 92.3077 2.4781
v 155.2353 92.3077 2.7289
v 157.5215 92.3077 2.9826
v 159.7100 92.3077 3.2375
v 161.7966 92.3077 3.4914
v 163.7773 92.3077 3.7424
v 165.6483 92.3077 3.9885
v 167.4060 92.3077 4.2278
v 169.0470 92.3077 4.4583
v 170.5683 92.3077 4.6781
v 171.9670 92.3077 4.8855
v 173.2404 92.3077 5.0788
v 174.3862 92.3077 5.2564
v 175.4022 92.3077 5.4169
v 176.2865 92.3077 5.5588
v 177.0376 92.3077 5.6809
v 177.6541 92.3077 5.7823
v 178.1347 92.3077 5.8621
v 178.4786 92.3077 5.9196
v 178.6852 92.3077 5.9543
v 178.7541 92.3077 5.9659
v 192.3990 138.4615 8.1697
v 192.3327 138.4615 8.1747
v 192.1343 138.4615 8.1898
v 191.8039 138.4615 8.2151
v 191.3425 138.4615 8.2504
v 190.7510 138.4615 8.2957
v 190.0306 138.4615 8.3512
v 189.1830 138.4615 8.4167
v 188.2100 138.4615 8.4924
v 187.1137 138.4615 8.5782
v 185.8964 138.4615 8.6741
v 184.5609 138.4615 8.7802
v 183.1099 138.4615 8.8965
v 181.5465 138.4615 9.0232
v 179.8742 138.4615 9.1602
v 178.0964 138.4615 9.3076
v 176.2168 138.4615 9.4656
v 174.2396 138.4615 9.6342
v 172.1687 138.4615 9.8134
v 170.0085 138.4615 10.0034
v 167.7636 138.4615 10.2041
v 165.4385 138.4615 10.4156
v 163.0382 138.4615 10.6379
v 160.5674 138.4615 10.8707
v 158.0312 138.4615 11.1141
v 155.4349 138.4615 11.3677
v 152.7837 138.4615 11.6313
v 150.0829 138.4615 11.9044
v 147.3381 138.4615 12.1866
v 144.5281 138.4615 12.4718
v 141.6750 138.4615 12.7456
v 138.7913 138.4615 13.0061
v 135.8828 138.4615 13.2518
v 132.9554 138.4615 13.4812
v 130.0152 138.4615 13.6930
v 127.0679 138.4615 13.8860
v 124.1198 138.4615 14.0589
v 121.1768 138.4615 14.2104
v 118.2449 138.4615 14.3395
v 115.3303 138.4615 14.4452
v 112.4388 138.4615 14.5265
v 109.5597 138.4615 14.5803
v 106.7046 138.4615 14.5973
v 103.8905 138.4615 14.5766
v 101.1237 138.4615 14.5182
v 98.4102 138.4615 14.4225
v 95.7558 138.4615 14.2903
v 93.1663 138.4615 14.1222
v 90.6473 138.4615 13.9195
v 88.2043 138.4615 13.6833
v 85.8425 138.4615 13.4153
v 83.5671 138.4615 13.1170
v 81.3827 138.4615 12.7905
v 79.2942 138.4615 12.4378
v 77.3059 138.4615 12.0610
v 75.4218 138.4615 11.6625
v 73.6460 138.4615 11.2447
v 71.9819 138.4615 10.8101
v 70.4330 138.4615 10.3610
v 69.0022 138.4615 9.9002
v 67.6923 138.4615 9.4299
v 66.5058 138.4615 8.9527
v 65.4449 138.4615 8.4707
v 64.5115 138.4615 7.9863
v 63.7072 138.4615 7.5013
v 63.0333 138.4615 7.0176
v 62.4909 138.4615 6.5369
v 62.0807 138.4615 6.0605
v 61.8033 138.4615 5.5896
v 61.6589 138.4615 5.1249
v 61.6475 138.4615 4.6673
v 61.7676 138.4615 4.2255
v 62.0177 138.4615 3.8085
v 62.3970 138.4615 3.4163
v 62.9043 138.4615 3.0491
v 63.5383 138.4615 2.7071
v 64.2975 138.4615 2.3901
v 65.1799 138.4615 2.0983
v 66.1836 138.4615 1.8315
v 67.3063 138.4615 1.5897
v 68.5454 138.4615 1.3727
v 69.8983 138.4615 1.1803
v 71.3621 138.4615 1.0120
v 72.9338 138.4615 0.8675
v 74.6101 138.4615 0.7461
v 76.3876 138.4615 0.6474
v 78.2629 138.4615 0.5704
v 80.2321 138.4615 0.5142
v 82.2916 138.4615 0.4780
v 84.4373 138.4615 0.4604
v 86.6651 138.4615 0.4603
v 88.9710 138.4615 0.4764
v 91.3504 138.4615 0.5070
v 93.7991 138.4615 0.5508
v 96.3125 138.4615 0.6060
v 98.8859 138.4615 0.6710
v 101.5146 138.4615 0.7441
v 104.1936 138.4615 0.8235
v 106.9182 138.4615 0.9074
v 109.6831 138.4615 0.9941
v 112.4945 138.4615 1.0828
v 115.3521 138.4615 1.1807
v 118.2336 138.4615 1.2885
v 121.1333 138.4615 1.4049
v 124.0456 138.4615 1.5287
v 126.9646 138.4615 1.6587
v 129.8846 138.4615 1.7938
v 132.7998 138.4615 1.9328
v 135.7045 138.4615 2.0748
v 138.5927 138.4615 2.2188
v 141.4587 138.4615 2.3639
v 144.2968 138.4615 2.5093
v 147.1081 138.4615 2.6546
v 149.9029 138.4615 2.8112
v 152.6493 138.4615 2.9844
v 155.3415 138.4615 3.1727
v 157.9743 138.4615 3.3745
v 160.5423 138.4615 3.5880
v 163.0405 138.4615 3.8116
v 165.4639 138.4615 4.0435
v 167.8078 138.4615 4.2818
v 170.0675 138.4615 4.5247
v 172.2387 138.4615 4.7704
v 174.3170 138.4615 5.0168
v 176.2986 138.4615 5.2622
v 178.1796 138.4615 5.5046
v 179.9563 138.4615 5.7421
v 181.6255 138.4615 5.9729
v 183.1838 138.4615 6.1951
v 184.6285 138.4615 6.4070
v 185.9566 138.4615 6.6068
v 187.1659 138.4615 6.7930
v 188.2539 138.4615 6.9640
v 189.2187 138.4615 7.1184
v 190.0585 138.4615 7.2549
v 190.7717 138.4615 7.3725
v 191.3571 138.4615 7.4700
v 191.8134 138.4615 7.5468
v 192.1400 138.4615 7.6021
v 192.3362 138.4615 7.6355
v 192.4016 138.4615 7.6466
v 206.0450 184.6154 9.8219
v 205.9823 184.6154 9.8266
v 205.7942 184.6154 9.8405
v 205.4813 184.6154 9.8636
v 205.0441 184.6154 9.8960
v 204.4837 184.6154 9.9377
v 203.8012 184.6154 9.9886
v 202.9981 184.6154 10.0489
v 202.0763 184.6154 10.1184
v 201.0376 184.6154 10.1972
v 199.8843 184.6154 10.2854
v 198.6190 184.6154 10.3829
v 197.2442 184.6154 10.4900
v 195.7631 184.6154 10.6065
v 194.1786 184.6154 10.7326
v 192.4942 184.6154 10.8683
v 190.7135 184.6154 11.0138
v 188.8401 184.6154 11.1691
v 186.8780 184.6154 11.3344
v 184.8314 184.6154 11.5095
v 182.7044 184.6154 11.6947
v 180.5015 184.6154 11.8900
v 178.2272 184.6154 12.0952
v 175.8862 184.6154 12.3103
v 173.4833 184.6154 12.5352
v 171.0233 184.6154 12.7697
v 168.5114 184.6154 13.0135
v 165.9524 184.6154 13.2663
v 163.3517 184.6154 13.5275
v 160.6893 184.6154 13.7915
v 157.9861 184.6154 14.0446
v 155.2539 184.6154 14.2850
v 152.4982 184.6154 14.5113
v 149.7247 184.6154 14.7221
v 146.9391 184.6154 14.9163
v 144.1468 184.6154 15.0926
v 141.3538 184.6154 15.2499
v 138.5657 184.6154 15.3869
v 135.7882 184.6154 15.5028
v 133.0270 184.6154 15.5964
v 130.2878 184.6154 15.6671
v 127.5605 184.6154 15.7117
v 124.8558 184.6154 15.7215
v 122.1903 184.6154 15.6956
v 119.5695 184.6154 15.6342
v 116.9993 184.6154 15.5376
v 114.4852 184.6154 15.4065
v 112.0326 184.6154 15.2416
v 109.6469 184.6154 15.0439
v 107.3333 184.6154 14.8149
v 105.0967 184.6154 14.5557
v 102.9418 184.6154 14.2682
v 100.8734 184.6154 13.9541
v 98.8959 184.6154 13.6154
v 97.0132 184.6154 13.2541
v 95.2294 184.6154 12.8724
v 93.5481 184.6154 12.4727
v 91.9728 184.6154 12.0573
v 90.5065 184.6154 11.6286
v 89.1522 184.6154 11.1889
v 87.9124 184.6154 10.7405
v 86.7896 184.6154 10.2858
v 85.7857 184.6154 9.8270
v 84.9026 184.6154 9.3660
v 84.1417 184.6154 8.9048
v 83.5044 184.6154 8.4452
v 82.9917 184.6154 7.9886
v 82.6042 184.6154 7.5364
v 82.3425 184.6154 7.0897
v 82.2068 184.6154 6.6493
v 82.1969 184.6154 6.2157
v 82.3117 184.6154 5.7975
v 82.5496 184.6154 5.4030
v 82.9097 184.6154 5.0324
v 83.3911 184.6154 4.6857
v 83.9924 184.6154 4.3631
v 84.7122 184.6154 4.0645
v 85.5488 184.6154 3.7900
v 86.5001 184.6154 3.5395
v 87.5641 184.6154 3.3130
v 88.7383 184.6154 3.1101
v 90.0203 184.6154 2.9308
v 91.4073 184.6154 2.7746
v 92.8964 184.6154 2.6412
v 94.4845 184.6154 2.5300
v 96.1686 184.6154 2.4403
v 97.9451 184.6154 2.3715
v 99.8106 184.6154 2.3227
v 101.7615 184.6154 2.2929
v 103.7941 184.6154 2.2810
v 105.9045 184.6154 2.2858
v 108.0887 184.6154 2.3061
v 110.3426 184.6154 2.3404
v 112.6620 184.6154 2.3873
v 115.0427 184.6154 2.4452
v 117.4802 184.6154 2.5124
v 119.9701 184.6154 2.5874
v 122.5077 184.6154 2.6685
v 125.0884 184.6154 2.7540
v 127.7074 184.6154 2.8422
v 130.3702 184.6154 2.9325
v 133.0769 184.6154 3.0316
v 135.8062 184.6154 3.1400
v 138.5527 184.6154 3.2567
v 141.3111 184.6154 3.3803
v 144.0759 184.6154 3.5099
v 146.8417 184.6154 3.6443
v 149.6028 184.6154 3.7825
v 152.3539 184.6154 3.9234
v 155.0895 184.6154 4.0662
v 157.8041 184.6154 4.2099
v 160.4922 184.6154 4.3540
v 163.1549 184.6154 4.4978
v 165.8020 184.6154 4.6523
v 168.4031 184.6154 4.8224
v 170.9530 184.6154 5.0067
v 173.4464 184.6154 5.2037
v 175.8785 184.6154 5.4116
v 178.2445 184.6154 5.6289
v 180.5396 184.6154 5.8539
v 182.7593 184.6154 6.0848
v 184.8993 184.6154 6.3199
v 186.9554 184.6154 6.5574
v 188.9237 184.6154 6.7955
v 190.8002 184.6154 7.0323
v 192.5814 184.6154 7.2660
v 194.2640 184.6154 7.4949
v 195.8446 184.6154 7.7172
v 197.3202 184.6154 7.9312
v 198.6882 184.6154 8.1350
v 199.9459 184.6154 8.3273
v 201.0910 184.6154 8.5063
v 202.1212 184.6154 8.6707
v 203.0348 184.6154 8.8191
v 203.8300 184.6154 8.9503
v 204.5053 184.6154 9.0632
v 205.0596 184.6154 9.1569
v 205.4917 184.6154 9.2306
v 205.8010 184.6154 9.2837
v 205.9867 184.6154 9.3158
v 206.0487 184.6154 9.3265
v 219.6908 230.7692 11.4661
v 219.6316 230.7692 11.4704
v 219.4539 230.7692 11.4830
v 219.1584 230.7692 11.5042
v 218.7454 230.7692 11.5337
v 218.2161 230.7692 11.5718
v 217.5715 230.7692 11.6183
v 216.8130 230.7692 11.6732
v 215.9423 230.7692 11.7367
v 214.9613 230.7692 11.8086
v 213.8720 230.7692 11.8892
v 212.6769 230.7692 11.9783
v 211.3784 230.7692 12.0761
v 209.9794 230.7692 12.1826
v 208.4829 230.7692 12.2979
v 206.8920 230.7692 12.4221
v 205.2100 230.7692 12.5553
v 203.4406 230.7692 12.6975
v 201.5874 230.7692 12.8489
v 199.6543 230.7692 13.0095
v 197.6453 230.7692 13.1793
v 195.5645 230.7692 13.3584
v 193.4164 230.7692 13.5468
v 191.2052 230.7692 13.7444
v 188.9355 230.7692 13.9511
v 186.6120 230.7692 14.1667
v 184.2393 230.7692 14.3910
v 181.8222 230.7692 14.6236
v 179.3657 230.7692 14.8641
v 176.8509 230.7692 15.1071
v 174.2975 230.7692 15.3397
v 171.7169 230.7692 15.5602
v 169.1141 230.7692 15.7674
v 166.4946 230.7692 15.9599
v 163.8635 230.7692 16.1367
v 161.2263 230.7692 16.2965
v 158.5884 230.7692 16.4384
v 155.9552 230.7692 16.5612
v 153.3320 230.7692 16.6640
v 150.7244 230.7692 16.7459
v 148.1375 230.7692 16.8061
v 145.5619 230.7692 16.8418
v 143.0079 230.7692 16.8446
v 140.4907 230.7692 16.8138
v 138.0161 230.7692 16.7496
v 135.5892 230.7692 16.6523
v 133.2153 230.7692 16.5225
v 130.8997 230.7692 16.3610
v 128.6473 230.7692 16.1687
v 126.4630 230.7692 15.9469
v 124.3515 230.7692 15.6969
v 122.3174 230.7692 15.4202
v 120.3649 230.7692 15.1187
v 118.4982 230.7692 14.7941
v 116.7212 230.7692 14.4485
v 115.0376 230.7692 14.0839
v 113.4509 230.7692 13.7024
v 111.9643 230.7692 13.3064
v 110.5806 230.7692 12.8981
v 109.3028 230.7692 12.4796
v 108.1331 230.7692 12.0533
v 107.0738 230.7692 11.6213
v 106.1269 230.7692 11.1856
v 105.2941 230.7692 10.7481
v 104.5767 230.7692 10.3108
v 103.9760 230.7692 9.8753
v 103.4929 230.7692 9.4429
v 103.1280 230.7692 9.0150
v 102.8820 230.7692 8.5925
v 102.7548 230.7692 8.1763
v 102.7465 230.7692 7.7668
v 102.8559 230.7692 7.3722
v 103.0815 230.7692 7.0002
v 103.4224 230.7692 6.6511
v 103.8778 230.7692 6.3248
v 104.4464 230.7692 6.0216
v 105.1269 230.7692 5.7413
v 105.9175 230.7692 5.4841
v 106.8165 230.7692 5.2498
v 107.8217 230.7692 5.0384
v 108.9311 230.7692 4.8497
v 110.1421 230.7692 4.6834
v 111.4523 230.7692 4.5392
v 112.8588 230.7692 4.4167
v 114.3588 230.7692 4.3155
v 115.9493 230.7692 4.2348
v 117.6270 230.7692 4.1741
v 119.3888 230.7692 4.1324
v 121.2312 230.7692 4.1089
v 123.1506 230.7692 4.1024
v 125.1435 230.7692 4.1120
v 127.2060 230.7692 4.1363
v 129.3344 230.7692 4.1741
v 131.5246 230.7692 4.2238
v 133.7726 230.7692 4.2841
v 136.0742 230.7692 4.3534
v 138.4253 230.7692 4.4302
v 140.8215 230.7692 4.5128
v 143.2582 230.7692 4.5996
v 145.7312 230.7692 4.6892
v 148.2456 230.7692 4.7807
v 150.8013 230.7692 4.8807
v 153.3784 230.7692 4.9896
v 155.9717 230.7692 5.1062
v 158.5763 230.7692 5.2296
v 161.1868 230.7692 5.3585
v 163.7983 230.7692 5.4920
v 166.4054 230.7692 5.6290
v 169.0030 230.7692 5.7686
v 171.5859 230.7692 5.9099
v 174.1490 230.7692 6.0521
v 176.6871 230.7692 6.1945
v 179.2012 230.7692 6.3366
v 181.7006 230.7692 6.4888
v 184.1565 230.7692 6.6557
v 186.5639 230.7692 6.8358
v 188.9181 230.7692 7.0276
v 191.2143 230.7692 7.2298
v 193.4480 230.7692 7.4406
v 195.6148 230.7692 7.6585
v 197.7104 230.7692 7.8819
v 199.7307 230.7692 8.1089
v 201.6718 230.7692 8.3381
v 203.5299 230.7692 8.5675
v 205.3014 230.7692 8.7956
v 206.9829 230.7692 9.0206
v 208.5712 230.7692 9.2407
v 210.0633 230.7692 9.4544
v 211.4563 230.7692 9.6599
v 212.7476 230.7692 9.8557
v 213.9348 230.7692 10.0402
v 215.0157 230.7692 10.2120
v 215.9882 230.7692 10.3697
v 216.8506 230.7692 10.5120
v 217.6012 230.7692 10.6378
v 218.2387 230.7692 10.7460
v 218.7618 230.7692 10.8358
v 219.1697 230.7692 10.9064
v 219.4616 230.7692 10.9573
v 219.6370 230.7692 10.9880
v 219.6955 230.7692 10.9983
v 233.3365 276.9231 13.0972
v 233.2808 276.9231 13.1011
v 233.1136 276.9231 13.1126
v 232.8354 276.9231 13.1317
v 232.4467 276.9231 13.1585
v 231.9485 276.9231 13.1929
v 231.3418 276.9231 13.2351
v 230.6279 276.9231 13.2849
v 229.8084 276.9231 13.3424
v 228.8850 276.9231 13.4077
v 227.8597 276.9231 13.4807
v 226.7348 276.9231 13.5616
v 225.5127 276.9231 13.6504
v 224.1959 276.9231 13.7471
v 222.7873 276.9231 13.8518
v 221.2899 276.9231 13.9647
v 219.7068 276.9231 14.0858
v 218.0413 276.9231 14.2152
v 216.2970 276.9231 14.3530
v 214.4774 276.9231 14.4993
v 212.5864 276.9231 14.6540
v 210.6279 276.9231 14.8174
v 208.6059 276.9231 14.9892
v 206.5246 276.9231 15.1696
v 204.3883 276.9231 15.3584
v 202.2012 276.9231 15.5555
v 199.9678 276.9231 15.7606
v 197.6927 276.9231 15.9734
v 195.3803 276.9231 16.1936
v 193.0132 276.9231 16.4159
v 190.6098 276.9231 16.6284
v 188.1807 276.9231 16.8294
v 185.7309 276.9231 17.0178
v 183.2653 276.9231 17.1925
v 180.7889 276.9231 17.3522
v 178.3068 276.9231 17.4960
v 175.8241 276.9231 17.6229
v 173.3458 276.9231 17.7318
v 170.8770 276.9231 17.8220
v 168.4229 276.9231 17.8925
v 165.9884 276.9231 17.9426
v 163.5646 276.9231 17.9697
v 161.1611 276.9231 17.9660
v 158.7925 276.9231 17.9307
v 156.4639 276.9231 17.8641
v 154.1803 276.9231 17.7664
v 151.9467 276.9231 17.6383
v 149.7680 276.9231 17.4805
v 147.6489 276.9231 17.2939
v 145.5940 276.9231 17.0796
v 143.6076 276.9231 16.8391
v 141.6941 276.9231 16.5737
v 139.8574 276.9231 16.2850
v 138.1016 276.9231 15.9749
v 136.4303 276.9231 15.6451
v 134.8469 276.9231 15.2978
v 133.3547 276.9231 14.9349
v 131.9567 276.9231 14.5585
v 130.6556 276.9231 14.1707
v 129.4542 276.9231 13.7737
v 128.3545 276.9231 13.3696
v 127.3588 276.9231 12.9604
v 126.4688 276.9231 12.5480
v 125.6861 276.9231 12.1343
v 125.0122 276.9231 11.7209
v 124.4480 276.9231 11.3095
v 123.9944 276.9231 10.9015
v 123.6522 276.9231 10.4978
v 123.4217 276.9231 10.0997
v 123.3030 276.9231 9.7076
v 123.2963 276.9231 9.3223
v 123.4002 276.9231 8.9512
v 123.6134 276.9231 8.6017
v 123.9351 276.9231 8.2740
v 124.3645 276.9231 7.9682
v 124.9004 276.9231 7.6842
v 125.5414 276.9231 7.4222
v 126.2860 276.9231 7.1822
v 127.1326 276.9231 6.9639
v 128.0791 276.9231 6.7675
v 129.1236 276.9231 6.5927
v 130.2636 276.9231 6.4392
v 131.4969 276.9231 6.3068
v 132.8208 276.9231 6.1951
v 134.2326 276.9231 6.1036
v 135.7295 276.9231 6.0317
v 137.3085 276.9231 5.9787
v 138.9665 276.9231 5.9439
v 140.7003 276.9231 5.9264
v 142.5066 276.9231 5.9252
v 144.3820 276.9231 5.9392
v 146.3228 276.9231 5.9673
v 148.3256 276.9231 6.0082
v 150.3865 276.9231 6.0605
v 152.5019 276.9231 6.1229
v 154.6677 276.9231 6.1939
v 156.8799 276.9231 6.2720
v 159.1346 276.9231 6.3558
v 161.4275 276.9231 6.4436
v 163.7544 276.9231 6.5341
v 166.1203 276.9231 6.6266
v 168.5251 276.9231 6.7270
v 170.9500 276.9231 6.8360
v 173.3902 276.9231 6.9523
v 175.8408 276.9231 7.0749
v 178.2972 276.9231 7.2028
v 180.7543 276.9231 7.3349
v 183.2073 276.9231 7.4704
v 185.6515 276.9231 7.6083
v 188.0818 276.9231 7.7478
v 190.4934 276.9231 7.8880
v 192.8815 276.9231 8.0284
v 195.2470 276.9231 8.1685
v 197.5986 276.9231 8.3179
v 199.9093 276.9231 8.4811
v 202.1744 276.9231 8.6567
v 204.3893 276.9231 8.8431
v 206.5496 276.9231 9.0391
v 208.6511 276.9231 9.2431
v 210.6896 276.9231 9.4536
v 212.6610 276.9231 9.6691
v 214.5617 276.9231 9.8878
v 216.3877 276.9231 10.1083
v 218.1357 276.9231 10.3289
v 219.8022 276.9231 10.5480
v 221.3840 276.9231 10.7640
v 222.8781 276.9231 10.9751
v 224.2817 276.9231 11.1799
v 225.5920 276.9231 11.3768
v 226.8067 276.9231 11.5643
v 227.9235 276.9231 11.7409
v 228.9402 276.9231 11.9053
v 229.8550 276.9231 12.0561
v 230.6661 276.9231 12.1922
v 231.3722 276.9231 12.3124
v 231.9718 276.9231 12.4159
v 232.4639 276.9231 12.5017
v 232.8476 276.9231 12.5692
v 233.1221 276.9231 12.6178
v 233.2871 276.9231 12.6472
v 233.3421 276.9231 12.6570
v 246.9823 323.0769 14.7114
v 246.9300 323.0769 14.7148
v 246.7733 323.0769 14.7251
v 246.5125 323.0769 14.7423
v 246.1481 323.0769 14.7664
v 245.6810 323.0769 14.7974
v 245.1122 323.0769 14.8353
v 244.4429 323.0769 14.8801
v 243.6746 323.0769 14.9319
v 242.8089 323.0769 14.9906
v 241.8477 323.0769 15.0564
v 240.7930 323.0769 15.1292
v 239.6472 323.0769 15.2092
v 238.4127 323.0769 15.2964
v 237.0921 323.0769 15.3909
v 235.6881 323.0769 15.4928
v 234.2039 323.0769 15.6021
v 232.6424 323.0769 15.7190
v 231.0070 323.0769 15.8436
v 229.3011 323.0769 15.9759
v 227.5282 323.0769 16.1160
v 225.6919 323.0769 16.2640
v 223.7962 323.0769 16.4198
v 221.8448 323.0769 16.5834
v 219.8418 323.0769 16.7547
v 217.7912 323.0769 16.9337
v 215.6972 323.0769 17.1201
v 213.5640 323.0769 17.3136
v 211.3960 323.0769 17.5139
v 209.1766 323.0769 17.7161
v 206.9232 323.0769 17.9089
v 204.6458 323.0769 18.0909
v 202.3490 323.0769 18.2611
v 200.0374 323.0769 18.4183
v 197.7157 323.0769 18.5615
v 195.3887 323.0769 18.6898
v 193.0612 323.0769 18.8022
v 190.7379 323.0769 18.8978
v 188.4236 323.0769 18.9758
v 186.1230 323.0769 19.0354
v 183.8409 323.0769 19.0760
v 181.5689 323.0769 19.0950
v 179.3160 323.0769 19.0852
v 177.0959 323.0769 19.0459
v 174.9133 323.0769 18.9773
v 172.7731 323.0769 18.8798
v 170.6798 323.0769 18.7538
v 168.6380 323.0769 18.6001
v 166.6521 323.0769 18.4196
v 164.7265 323.0769 18.2134
v 162.8652 323.0769 17.9827
v 161.0722 323.0769 17.7289
v 159.3514 323.0769 17.4535
v 157.7064 323.0769 17.1582
v 156.1407 323.0769 16.8447
v 154.6574 323.0769 16.5149
v 153.2596 323.0769 16.1708
v 151.9502 323.0769 15.8143
v 150.7317 323.0769 15.4475
v 149.6065 323.0769 15.0722
v 148.5769 323.0769 14.6905
v 147.6446 323.0769 14.3043
v 146.8115 323.0769 13.9154
v 146.0789 323.0769 13.5255
v 145.4482 323.0769 13.1363
v 144.9205 323.0769 12.7492
v 144.4964 323.0769 12.3655
v 144.1767 323.0769 11.9863
v 143.9617 323.0769 11.6124
v 143.8515 323.0769 11.2447
v 143.8462 323.0769 10.8835
v 143.9446 323.0769 10.5359
v 144.1453 323.0769 10.2089
v 144.4478 323.0769 9.9025
v 144.8510 323.0769 9.6170
v 145.3541 323.0769 9.3522
v 145.9556 323.0769 9.1083
v 146.6543 323.0769 8.8852
v 147.4483 323.0769 8.6829
v 148.3361 323.0769 8.5013
v 149.3155 323.0769 8.3402
v 150.3846 323.0769 8.1993
v 151.5409 323.0769 8.0785
v 152.7822 323.0769 7.9773
v 154.1058 323.0769 7.8952
v 155.5091 323.0769 7.8317
v 156.9893 323.0769 7.7862
v 158.5435 323.0769 7.7580
v 160.1688 323.0769 7.7461
v 161.8619 323.0769 7.7497
v 163.6197 323.0769 7.7678
v 165.4389 323.0769 7.7992
v 167.3161 323.0769 7.8428
v 169.2478 323.0769 7.8973
v 171.2304 323.0769 7.9613
v 173.2603 323.0769 8.0335
v 175.3338 323.0769 8.1126
v 177.4470 323.0769 8.1970
v 179.5960 323.0769 8.2854
v 181.7769 323.0769 8.3763
v 183.9943 323.0769 8.4692
v 186.2482 323.0769 8.5697
v 188.5209 323.0769 8.6782
v 190.8079 323.0769 8.7937
v 193.1047 323.0769 8.9151
v 195.4068 323.0769 9.0414
v 197.7096 323.0769 9.1717
v 200.0086 323.0769 9.3052
v 202.2992 323.0769 9.4409
v 204.5769 323.0769 9.5780
v 206.8371 323.0769 9.7158
v 209.0752 323.0769 9.8537
v 211.2921 323.0769 9.9912
v 213.4960 323.0769 10.1375
v 215.6615 323.0769 10.2965
v 217.7842 323.0769 10.4670
v 219.8598 323.0769 10.6476
v 221.8843 323.0769 10.8370
v 223.8536 323.0769 11.0338
v 225.7638 323.0769 11.2365
v 227.6112 323.0769 11.4436
v 229.3922 323.0769 11.6536
v 231.1033 323.0769 11.8651
v 232.7411 323.0769 12.0765
v 234.3026 323.0769 12.2862
v 235.7848 323.0769 12.4928
v 237.1847 323.0769 12.6947
v 238.4998 323.0769 12.8904
v 239.7276 323.0769 13.0784
v 240.8657 323.0769 13.2573
v 241.9120 323.0769 13.4258
v 242.8646 323.0769 13.5825
v 243.7216 323.0769 13.7263
v 244.4816 323.0769 13.8560
v 245.1431 323.0769 13.9706
v 245.7049 323.0769 14.0691
v 246.1660 323.0769 14.1509
v 246.5254 323.0769 14.2151
v 246.7826 323.0769 14.2614
v 246.9372 323.0769 14.2893
v 246.9887 323.0769 14.2987
v 260.6284 369.2308 16.3053
v 260.5796 369.2308 16.3084
v 260.4333 369.2308 16.3176
v 260.1899 369.2308 16.3329
v 259.8498 369.2308 16.3544
v 259.4138 369.2308 16.3821
v 258.8829 369.2308 16.4159
v 258.2582 369.2308 16.4558
v 257.5411 369.2308 16.5021
v 256.7331 369.2308 16.5545
v 255.8360 369.2308 16.6133
v 254.8516 369.2308 16.6784
v 253.7822 369.2308 16.7499
v 252.6299 369.2308 16.8279
v 251.3973 369.2308 16.9124
v 250.0870 369.2308 17.0036
v 248.7016 369.2308 17.1016
v 247.2442 369.2308 17.2064
v 245.7177 369.2308 17.3182
v 244.1255 369.2308 17.4370
v 242.4707 369.2308 17.5629
v 240.7568 369.2308 17.6960
v 238.9873 369.2308 17.8362
v 237.1659 369.2308 17.9835
v 235.2963 369.2308 18.1379
v 233.3823 369.2308 18.2993
v 231.4277 369.2308 18.4675
v 229.4366 369.2308 18.6423
v 227.4129 369.2308 18.8233
v 225.3413 369.2308 19.0058
v 223.2380 369.2308 19.1796
v 221.1123 369.2308 19.3433
v 218.9686 369.2308 19.4958
v 216.8110 369.2308 19.6361
v 214.6442 369.2308 19.7634
v 212.4724 369.2308 19.8768
v 210.3001 369.2308 19.9753
v 208.1318 369.2308 20.0582
v 205.9720 369.2308 20.1246
v 203.8250 369.2308 20.1740
v 201.6954 369.2308 20.2056
v 199.5751 369.2308 20.2172
v 197.4728 369.2308 20.2019
v 195.4012 369.2308 20.1591
v 193.3647 369.2308 20.0891
v 191.3678 369.2308 19.9923
v 189.4147 369.2308 19.8690
v 187.5099 369.2308 19.7200
v 185.6572 369.2308 19.5461
v 183.8608 369.2308 19.3485
v 182.1246 369.2308 19.1281
v 180.4522 369.2308 18.8863
v 178.8471 369.2308 18.6246
v 177.3129 369.2308 18.3445
v 175.8526 369.2308 18.0477
v 174.4694 369.2308 17.7360
v 173.1660 369.2308 17.4110
v 171.9451 369.2308 17.0748
v 170.8090 369.2308 16.7291
v 169.7601 369.2308 16.3758
v 168.8003 369.2308 16.0168
v 167.9314 369.2308 15.6539
v 167.1550 369.2308 15.2887
v 166.4725 369.2308 14.9229
v 165.8850 369.2308 14.5580
v 165.3936 369.2308 14.1953
v 164.9989 369.2308 13.8361
v 164.7016 369.2308 13.4813
v 164.5019 369.2308 13.1319
v 164.4002 369.2308 12.7884
v 164.3962 369.2308 12.4513
v 164.4890 369.2308 12.1272
v 164.6772 369.2308 11.8226
v 164.9602 369.2308 11.5376
v 165.3373 369.2308 11.2722
v 165.8075 369.2308 11.0266
v 166.3695 369.2308 10.8006
v 167.0220 369.2308 10.5943
v 167.7636 369.2308 10.4077
v 168.5925 369.2308 10.2407
v 169.5069 369.2308 10.0930
v 170.5049 369.2308 9.9645
v 171.5843 369.2308 9.8549
v 172.7428 369.2308 9.7638
v 173.9782 369.2308 9.6908
v 175.2879 369.2308 9.6354
v 176.6693 369.2308 9.5970
v 178.1197 369.2308 9.5749
v 179.6364 369.2308 9.5683
v 181.2163 369.2308 9.5763
v 182.8566 369.2308 9.5980
v 184.5541 369.2308 9.6323
v 186.3057 369.2308 9.6780
v 188.1081 369.2308 9.7342
v 189.9581 369.2308 9.7993
v 191.8521 369.2308 9.8723
v 193.7868 369.2308 9.9517
v 195.7585 369.2308 10.0363
v 197.7636 369.2308 10.1247
v 199.7985 369.2308 10.2155
v 201.8675 369.2308 10.3082
v 203.9704 369.2308 10.4082
v 206.0909 369.2308 10.5156
v 208.2247 369.2308 10.6296
v 210.3677 369.2308 10.7492
v 212.5156 369.2308 10.8733
v 214.6641 369.2308 11.0013
v 216.8091 369.2308 11.1321
v 218.9463 369.2308 11.2649
v 221.0713 369.2308 11.3991
v 223.1800 369.2308 11.5339
v 225.2682 369.2308 11.6687
v 227.3366 369.2308 11.8031
v 229.3928 369.2308 11.9456
v 231.4131 369.2308 12.0999
v 233.3934 369.2308 12.2648
v 235.3298 369.2308 12.4391
v 237.2185 369.2308 12.6213
v 239.0556 369.2308 12.8103
v 240.8376 369.2308 13.0047
v 242.5610 369.2308 13.2030
v 244.2223 369.2308 13.4039
v 245.8184 369.2308 13.6059
v 247.3463 369.2308 13.8076
v 248.8028 369.2308 14.0076
v 250.1853 369.2308 14.2044
v 251.4911 369.2308 14.3966
v 252.7178 369.2308 14.5828
v 253.8630 369.2308 14.7616
v 254.9245 369.2308 14.9317
v 255.9005 369.2308 15.0918
v 256.7889 369.2308 15.2407
v 257.5883 369.2308 15.3772
v 258.2972 369.2308 15.5003
v 258.9141 369.2308 15.6090
v 259.4381 369.2308 15.7025
v 259.8681 369.2308 15.7800
v 260.2034 369.2308 15.8410
v 260.4433 369.2308 15.8849
v 260.5874 369.2308 15.9114
v 260.6355 369.2308 15.9202
v 274.2749 415.3846 17.8765
v 274.2296 415.3846 17.8792
v 274.0938 415.3846 17.8873
v 273.8677 415.3846 17.9009
v 273.5519 415.3846 17.9199
v 273.1471 415.3846 17.9443
v 272.6541 415.3846 17.9742
v 272.0741 415.3846 18.0095
v 271.4082 415.3846 18.0504
v 270.6579 415.3846 18.0968
v 269.8249 415.3846 18.1488
v 268.9108 415.3846 18.2065
v 267.9178 415.3846 18.2699
v 266.8479 415.3846 18.3390
v 265.7033 415.3846 18.4140
v 264.4865 415.3846 18.4950
v 263.2001 415.3846 18.5821
v 261.8468 415.3846 18.6753
v 260.4294 415.3846 18.7747
v 258.9508 415.3846 18.8805
v 257.4142 415.3846 18.9927
v 255.8227 415.3846 19.1114
v 254.1795 415.3846 19.2366
v 252.4882 415.3846 19.3682
v 250.7520 415.3846 19.5063
v 248.9746 415.3846 19.6507
v 247.1596 415.3846 19.8014
v 245.3106 415.3846 19.9580
v 243.4314 415.3846 20.1203
v 241.5076 415.3846 20.2839
v 239.5545 415.3846 20.4393
v 237.5806 415.3846 20.5853
v 235.5900 415.3846 20.7208
v 233.5866 415.3846 20.8450
v 231.5746 415.3846 20.9571
v 229.5580 415.3846 21.0561
v 227.5410 415.3846 21.1415
v 225.5278 415.3846 21.2123
v 223.5225 415.3846 21.2679
v 221.5292 415.3846 21.3076
v 219.5520 415.3846 21.3310
v 217.5836 415.3846 21.3357
v 215.6319 415.3846 21.3156
v 213.7087 415.3846 21.2701
v 211.8183 415.3846 21.1993
v 209.9647 415.3846 21.1038
v 208.1519 415.3846 20.9838
v 206.3839 415.3846 20.8401
v 204.6644 415.3846 20.6735
v 202.9973 415.3846 20.4849
v 201.3860 415.3846 20.2754
v 199.8340 415.3846 20.0462
v 198.3447 415.3846 19.7987
v 196.9212 415.3846 19.5344
v 195.5663 415.3846 19.2547
v 194.2831 415.3846 18.9613
v 193.0739 415.3846 18.6560
v 191.9414 415.3846 18.3404
v 190.8877 415.3846 18.0163
v 189.9149 415.3846 17.6853
v 189.0248 415.3846 17.3493
v 188.2192 415.3846 17.0099
v 187.4994 415.3846 16.6687
v 186.8668 415.3846 16.3272
v 186.3225 415.3846 15.9868
v 185.8673 415.3846 15.6487
v 185.5019 415.3846 15.3141
v 185.2269 415.3846 14.9839
v 185.0425 415.3846 14.6589
v 184.9490 415.3846 14.3397
v 184.9463 415.3846 14.0268
v 185.0333 415.3846 13.7262
v 185.2089 415.3846 13.4439
v 185.4725 415.3846 13.1801
v 185.8233 415.3846 12.9348
v 186.2605 415.3846 12.7081
v 186.7829 415.3846 12.4999
v 187.3893 415.3846 12.3102
v 188.0783 415.3846 12.1391
v 188.8483 415.3846 11.9863
v 189.6976 415.3846 11.8518
v 190.6245 415.3846 11.7353
v 191.6268 415.3846 11.6366
v 192.7027 415.3846 11.5553
v 193.8498 415.3846 11.4911
v 195.0658 415.3846 11.4433
v 196.3484 415.3846 11.4116
v 197.6950 415.3846 11.3951
v 199.1030 415.3846 11.3933
v 200.5698 415.3846 11.4052
v 202.0925 415.3846 11.4299
v 203.6683 415.3846 11.4666
v 205.2943 415.3846 11.5140
v 206.9675 415.3846 11.5712
v 208.6848 415.3846 11.6369
v 210.4429 415.3846 11.7100
v 212.2388 415.3846 11.7892
v 214.0690 415.3846 11.8733
v 215.9303 415.3846 11.9610
v 217.8192 415.3846 12.0510
v 219.7397 415.3846 12.1430
v 221.6918 415.3846 12.2417
v 223.6600 415.3846 12.3475
v 225.6407 415.3846 12.4593
v 227.6298 415.3846 12.5763
v 229.6235 415.3846 12.6977
v 231.6178 415.3846 12.8225
v 233.6088 415.3846 12.9500
v 235.5925 415.3846 13.0794
v 237.5650 415.3846 13.2100
v 239.5223 415.3846 13.3411
v 241.4605 415.3846 13.4721
v 243.3803 415.3846 13.6027
v 245.2889 415.3846 13.7408
v 247.1640 415.3846 13.8898
v 249.0021 415.3846 14.0485
v 250.7993 415.3846 14.2157
v 252.5521 415.3846 14.3903
v 254.2571 415.3846 14.5709
v 255.9109 415.3846 14.7564
v 257.5103 415.3846 14.9453
v 259.0521 415.3846 15.1365
v 260.5333 415.3846 15.3286
v 261.9511 415.3846 15.5202
v 263.3028 415.3846 15.7100
v 264.5857 415.3846 15.8966
v 265.7975 415.3846 16.0787
v 266.9358 415.3846 16.2550
v 267.9984 415.3846 16.4243
v 268.9835 415.3846 16.5852
v 269.8890 415.3846 16.7365
v 270.7135 415.3846 16.8772
v 271.4552 415.3846 17.0062
v 272.1129 415.3846 17.1225
v 272.6854 415.3846 17.2252
v 273.1716 415.3846 17.3135
v 273.5706 415.3846 17.3867
v 273.8816 415.3846 17.4442
v 274.1042 415.3846 17.4857
v 274.2380 415.3846 17.5107
v 274.2826 415.3846 17.5190
v 287.9220 461.5385 19.4226
v 287.8802 461.5385 19.4249
v 287.7548 461.5385 19.4320
v 287.5462 461.5385 19.4439
v 287.2547 461.5385 19.4605
v 286.8810 461.5385 19.4819
v 286.4260 461.5385 19.5080
v 285.8906 461.5385 19.5390
v 285.2760 461.5385 19.5748
v 284.5834 461.5385 19.6154
v 283.8145 461.5385 19.6610
v 282.9708 461.5385 19.7115
v 282.0542 461.5385 19.7671
v 281.0666 461.5385 19.8278
v 280.0102 461.5385 19.8938
v 278.8870 461.5385 19.9650
v 277.6996 461.5385 20.0416
v 276.4504 461.5385 20.1237
v 275.1421 461.5385 20.2113
v 273.7773 461.5385 20.3047
v 272.3589 461.5385 20.4038
v 270.8898 461.5385 20.5086
v 269.3731 461.5385 20.6194
v 267.8118 461.5385 20.7360
v 266.2092 461.5385 20.8584
v 264.5686 461.5385 20.9865
v 262.8931 461.5385 21.1202
v 261.1863 461.5385 21.2594
v 259.4516 461.5385 21.4037
v 257.6758 461.5385 21.5492
v 255.8729 461.5385 21.6869
v 254.0509 461.5385 21.8159
v 252.2134 461.5385 21.9351
v 250.3642 461.5385 22.0440
v 248.5071 461.5385 22.1415
v 246.6459 461.5385 22.2271
v 244.7843 461.5385 22.3000
v 242.9262 461.5385 22.3595
v 241.0754 461.5385 22.4050
v 239.2357 461.5385 22.4359
v 237.4110 461.5385 22.4517
v 235.5944 461.5385 22.4504
v 233.7934 461.5385 22.4261
v 232.0188 461.5385 22.3785
v 230.2744 461.5385 22.3078
v 228.5641 461.5385 22.2142
v 226.8915 461.5385 22.0982
v 225.2603 461.5385 21.9605
v 223.6740 461.5385 21.8017
v 222.1360 461.5385 21.6228
v 220.6496 461.5385 21.4248
v 219.2181 461.5385 21.2088
v 217.8444 461.5385 20.9761
v 216.5314 461.5385 20.7280
v 215.2819 461.5385 20.4660
v 214.0985 461.5385 20.1916
v 212.9835 461.5385 19.9063
v 211.9393 461.5385 19.6117
v 210.9678 461.5385 19.3095
v 210.0710 461.5385 19.0013
v 209.2506 461.5385 18.6886
v 208.5081 461.5385 18.3731
v 207.8449 461.5385 18.0561
v 207.2621 461.5385 17.7391
v 206.7607 461.5385 17.4233
v 206.3416 461.5385 17.1100
v 206.0054 461.5385 16.8002
v 205.7526 461.5385 16.4947
v 205.5834 461.5385 16.1942
v 205.4980 461.5385 15.8994
v 205.4964 461.5385 15.6106
v 205.5776 461.5385 15.3334
v 205.7405 461.5385 15.0735
v 205.9845 461.5385 14.8308
v 206.3089 461.5385 14.6054
v 206.7130 461.5385 14.3974
v 207.1957 461.5385 14.2068
v 207.7559 461.5385 14.0336
v 208.3922 461.5385 13.8776
v 209.1033 461.5385 13.7389
v 209.8875 461.5385 13.6172
v 210.7431 461.5385 13.5124
v 211.6685 461.5385 13.4242
v 212.6615 461.5385 13.3523
v 213.7203 461.5385 13.2963
v 214.8427 461.5385 13.2558
v 216.0264 461.5385 13.2303
v 217.2691 461.5385 13.2190
v 218.5686 461.5385 13.2214
v 219.9221 461.5385 13.2366
v 221.3273 461.5385 13.2639
v 222.7814 461.5385 13.3022
v 224.2819 461.5385 13.3508
v 225.8258 461.5385 13.4084
v 227.4104 461.5385 13.4740
v 229.0327 461.5385 13.5466
v 230.6897 461.5385 13.6249
v 232.3785 461.5385 13.7078
v 234.0960 461.5385 13.7941
v 235.8388 461.5385 13.8827
v 237.6109 461.5385 13.9731
v 239.4121 461.5385 14.0699
v 241.2282 461.5385 14.1732
v 243.0557 461.5385 14.2822
v 244.8911 461.5385 14.3960
v 246.7306 461.5385 14.5137
v 248.5707 461.5385 14.6347
v 250.4077 461.5385 14.7582
v 252.2379 461.5385 14.8833
v 254.0579 461.5385 15.0096
v 255.8638 461.5385 15.1362
v 257.6521 461.5385 15.2627
v 259.4234 461.5385 15.3888
v 261.1843 461.5385 15.5218
v 262.9144 461.5385 15.6648
v 264.6101 461.5385 15.8165
v 266.2682 461.5385 15.9761
v 267.8853 461.5385 16.1423
v 269.4583 461.5385 16.3139
v 270.9839 461.5385 16.4899
v 272.4593 461.5385 16.6689
v 273.8816 461.5385 16.8498
v 275.2480 461.5385 17.0314
v 276.5559 461.5385 17.2123
v 277.8027 461.5385 17.3914
v 278.9861 461.5385 17.5673
v 280.1039 461.5385 17.7389
v 281.1538 461.5385 17.9049
v 282.1340 461.5385 18.0642
v 283.0426 461.5385 18.2155
v 283.8778 461.5385 18.3578
v 284.6382 461.5385 18.4901
v 285.3224 461.5385 18.6113
v 285.9290 461.5385 18.7205
v 286.4570 461.5385 18.8169
v 286.9054 461.5385 18.8998
v 287.2734 461.5385 18.9685
v 287.5603 461.5385 19.0225
v 287.7657 461.5385 19.0614
v 287.8890 461.5385 19.0849
v 287.9301 461.5385 19.0927
v 301.5700 507.6923 20.9415
v 301.5316 507.6923 20.9436
v 301.4167 507.6923 20.9497
v 301.2255 507.6923 20.9600
v 300.9583 507.6923 20.9743
v 300.6158 507.6923 20.9928
v 300.1988 507.6923 21.0154
v 299.7080 507.6923 21.0422
v 299.1447 507.6923 21.0732
v 298.5099 507.6923 21.1084
v 297.8051 507.6923 21.1478
v 297.0318 507.6923 21.1917
v 296.1917 507.6923 21.2399
v 295.2865 507.6923 21.2926
v 294.3181 507.6923 21.3498
v 293.2887 507.6923 21.4118
v 292.2003 507.6923 21.4784
v 291.0553 507.6923 21.5500
v 289.8561 507.6923 21.6264
v 288.6051 507.6923 21.7079
v 287.3050 507.6923 21.7945
v 285.9584 507.6923 21.8862
v 284.5682 507.6923 21.9832
v 283.1371 507.6923 22.0854
v 281.6681 507.6923 22.1928
v 280.1642 507.6923 22.3054
v 278.6285 507.6923 22.4229
v 277.0640 507.6923 22.5454
v 275.4738 507.6923 22.6725
v 273.8460 507.6923 22.8005
v 272.1935 507.6923 22.9214
v 270.5234 507.6923 23.0342
v 268.8392 507.6923 23.1380
v 267.1442 507.6923 23.2322
v 265.4421 507.6923 23.3161
v 263.7362 507.6923 23.3890
v 262.0300 507.6923 23.4503
v 260.3271 507.6923 23.4993
v 258.6309 507.6923 23.5355
v 256.9449 507.6923 23.5584
v 255.2727 507.6923 23.5675
v 253.6080 507.6923 23.5608
v 251.9576 507.6923 23.5332
v 250.3315 507.6923 23.4843
v 248.7331 507.6923 23.4143
v 247.1661 507.6923 23.3235
v 245.6337 507.6923 23.2122
v 244.1392 507.6923 23.0812
v 242.6860 507.6923 22.9310
v 241.2771 507.6923 22.7625
v 239.9156 507.6923 22.5766
v 238.6044 507.6923 22.3744
v 237.3462 507.6923 22.1571
v 236.1438 507.6923 21.9258
v 234.9995 507.6923 21.6820
v 233.9159 507.6923 21.4270
v 232.8950 507.6923 21.1622
v 231.9389 507.6923 20.8892
v 231.0495 507.6923 20.6094
v 230.2286 507.6923 20.3243
v 229.4777 507.6923 20.0353
v 228.7982 507.6923 19.7439
v 228.1914 507.6923 19.4515
v 227.6583 507.6923 19.1593
v 227.1998 507.6923 18.8684
v 226.8166 507.6923 18.5800
v 226.5094 507.6923 18.2951
v 226.2786 507.6923 18.0144
v 226.1245 507.6923 17.7385
v 226.0471 507.6923 17.4681
v 226.0465 507.6923 17.2034
v 226.1217 507.6923 16.9497
v 226.2717 507.6923 16.7119
v 226.4961 507.6923 16.4903
v 226.7941 507.6923 16.2847
v 227.1650 507.6923 16.0953
v 227.6079 507.6923 15.9221
v 228.1218 507.6923 15.7650
v 228.7054 507.6923 15.6239
v 229.3574 507.6923 15.4989
v 230.0764 507.6923 15.3897
v 230.8608 507.6923 15.2962
v 231.7091 507.6923 15.2182
v 232.6193 507.6923 15.1552
v 233.5898 507.6923 15.1071
v 234.6184 507.6923 15.0733
v 235.7032 507.6923 15.0534
v 236.8421 507.6923 15.0468
v 238.0329 507.6923 15.0528
v 239.2733 507.6923 15.0708
v 240.5609 507.6923 15.0999
v 241.8934 507.6923 15.1394
v 243.2682 507.6923 15.1883
v 244.6829 507.6923 15.2457
v 246.1348 507.6923 15.3106
v 247.6212 507.6923 15.3819
v 249.1396 507.6923 15.4586
v 250.6869 507.6923 15.5396
v 252.2605 507.6923 15.6238
v 253.8574 507.6923 15.7101
v 255.4811 507.6923 15.7983
v 257.1314 507.6923 15.8923
v 258.7954 507.6923 15.9924
v 260.4698 507.6923 16.0976
v 262.1513 507.6923 16.2074
v 263.8367 507.6923 16.3208
v 265.5226 507.6923 16.4371
v 267.2057 507.6923 16.5557
v 268.8826 507.6923 16.6758
v 270.5500 507.6923 16.7969
v 272.2045 507.6923 16.9183
v 273.8430 507.6923 17.0396
v 275.4658 507.6923 17.1604
v 277.0791 507.6923 17.2875
v 278.6641 507.6923 17.4236
v 280.2177 507.6923 17.5678
v 281.7367 507.6923 17.7189
v 283.2181 507.6923 17.8760
v 284.6590 507.6923 18.0379
v 286.0566 507.6923 18.2037
v 287.4081 507.6923 18.3722
v 288.7110 507.6923 18.5422
v 289.9626 507.6923 18.7126
v 291.1606 507.6923 18.8823
v 292.3027 507.6923 19.0501
v 293.3866 507.6923 19.2148
v 294.4104 507.6923 19.3754
v 295.3721 507.6923 19.5307
v 296.2699 507.6923 19.6795
v 297.1020 507.6923 19.8209
v 297.8670 507.6923 19.9538
v 298.5635 507.6923 20.0773
v 299.1901 507.6923 20.1904
v 299.7457 507.6923 20.2923
v 300.2292 507.6923 20.3822
v 300.6399 507.6923 20.4595
v 300.9769 507.6923 20.5235
v 301.2397 507.6923 20.5739
v 301.4277 507.6923 20.6101
v 301.5407 507.6923 20.6320
v 301.5784 507.6923 20.6393
v 315.2189 553.8462 22.4316
v 315.1841 553.8462 22.4334
v 315.0796 553.8462 22.4386
v 314.9058 553.8462 22.4473
v 314.6630 553.8462 22.4596
v 314.3517 553.8462 22.4753
v 313.9726 553.8462 22.4946
v 313.5265 553.8462 22.5174
v 313.0145 553.8462 22.5439
v 312.4375 553.8462 22.5739
v 311.7969 553.8462 22.6077
v 311.0941 553.8462 22.6452
v 310.3304 553.8462 22.6865
v 309.5076 553.8462 22.7316
v 308.6274 553.8462 22.7807
v 307.6917 553.8462 22.8339
v 306.7024 553.8462 22.8912
v 305.6617 553.8462 22.9527
v 304.5716 553.8462 23.0185
v 303.4345 553.8462 23.0888
v 302.2527 553.8462 23.1636
v 301.0287 553.8462 23.2429
v 299.7650 553.8462 23.3268
v 298.4642 553.8462 23.4153
v 297.1289 553.8462 23.5085
v 295.7618 553.8462 23.6062
v 294.3658 553.8462 23.7084
v 292.9437 553.8462 23.8150
v 291.4982 553.8462 23.9257
v 290.0185 553.8462 24.0371
v 288.5163 553.8462 24.1419
v 286.9983 553.8462 24.2394
v 285.4674 553.8462 24.3286
v 283.9268 553.8462 24.4091
v 282.3797 553.8462 24.4802
v 280.8292 553.8462 24.5413
v 279.2785 553.8462 24.5918
v 277.7307 553.8462 24.6312
v 276.1892 553.8462 24.6590
v 274.6570 553.8462 24.6747
v 273.1373 553.8462 24.6778
v 271.6245 553.8462 24.6668
v 270.1247 553.8462 24.6367
v 268.6471 553.8462 24.5874
v 267.1948 553.8462 24.5189
v 265.7709 553.8462 24.4316
v 264.3786 553.8462 24.3259
v 263.0209 553.8462 24.2022
v 261.7007 553.8462 24.0613
v 260.4209 553.8462 23.9039
v 259.1842 553.8462 23.7309
v 257.9932 553.8462 23.5432
v 256.8504 553.8462 23.3419
v 255.7584 553.8462 23.1281
v 254.7193 553.8462 22.9030
v 253.7352 553.8462 22.6680
v 252.8082 553.8462 22.4243
v 251.9402 553.8462 22.1733
v 251.1328 553.8462 21.9163
v 250.3877 553.8462 21.6547
v 249.7062 553.8462 21.3899
v 249.0896 553.8462 21.1230
v 248.5390 553.8462 20.8554
v 248.0553 553.8462 20.5882
v 247.6395 553.8462 20.3225
v 247.2922 553.8462 20.0593
v 247.0139 553.8462 19.7994
v 246.8050 553.8462 19.5436
v 246.6658 553.8462 19.2924
v 246.5963 553.8462 19.0465
v 246.5965 553.8462 18.8059
v 246.6657 553.8462 18.5756
v 246.8027 553.8462 18.3600
v 247.0073 553.8462 18.1592
v 247.2787 553.8462 17.9733
v 247.6164 553.8462 17.8023
v 248.0194 553.8462 17.6462
v 248.4869 553.8462 17.5050
v 249.0176 553.8462 17.3786
v 249.6105 553.8462 17.2669
v 250.2643 553.8462 17.1699
v 250.9775 553.8462 17.0873
v 251.7485 553.8462 17.0189
v 252.5760 553.8462 16.9645
v 253.4580 553.8462 16.9237
v 254.3929 553.8462 16.8961
v 255.3788 553.8462 16.8812
v 256.4139 553.8462 16.8787
v 257.4960 553.8462 16.8878
v 258.6231 553.8462 16.9078
v 259.7932 553.8462 16.9382
v 261.0040 553.8462 16.9782
v 262.2533 553.8462 17.0268
v 263.5387 553.8462 17.0832
v 264.8580 553.8462 17.1466
v 266.2086 553.8462 17.2159
v 267.5882 553.8462 17.2901
v 268.9941 553.8462 17.3684
v 270.4239 553.8462 17.4497
v 271.8749 553.8462 17.5330
v 273.3502 553.8462 17.6180
v 274.8496 553.8462 17.7085
v 276.3615 553.8462 17.8045
v 277.8828 553.8462 17.9052
v 279.4107 553.8462 18.0100
v 280.9420 553.8462 18.1182
v 282.4737 553.8462 18.2290
v 284.0029 553.8462 18.3418
v 285.5264 553.8462 18.4561
v 287.0413 553.8462 18.5712
v 288.5446 553.8462 18.6865
v 290.0332 553.8462 18.8017
v 291.5076 553.8462 18.9164
v 292.9734 553.8462 19.0368
v 294.4134 553.8462 19.1653
v 295.8247 553.8462 19.3010
v 297.2047 553.8462 19.4429
v 298.5505 553.8462 19.5901
v 299.8595 553.8462 19.7417
v 301.1291 553.8462 19.8966
v 302.3568 553.8462 20.0538
v 303.5403 553.8462 20.2122
v 304.6772 553.8462 20.3709
v 305.7654 553.8462 20.5287
v 306.8028 553.8462 20.6847
v 307.7874 553.8462 20.8377
v 308.7173 553.8462 20.9867
v 309.5907 553.8462 21.1307
v 310.4062 553.8462 21.2687
v 311.1620 553.8462 21.3997
v 311.8568 553.8462 21.5228
v 312.4893 553.8462 21.6371
v 313.0584 553.8462 21.7418
v 313.5630 553.8462 21.8360
v 314.0022 553.8462 21.9192
v 314.3752 553.8462 21.9907
v 314.6813 553.8462 22.0499
v 314.9199 553.8462 22.0965
v 315.0907 553.8462 22.1300
v 315.1933 553.8462 22.1502
v 315.2275 553.8462 22.1569
v 328.8691 600.0000 23.8912
v 328.8378 600.0000 23.8926
v 328.7438 600.0000 23.8970
v 328.5874 600.0000 23.9043
v 328.3689 600.0000 23.9146
v 328.0888 600.0000 23.9278
v 327.7477 600.0000 23.9440
v 327.3464 600.0000 23.9632
v 326.8856 600.0000 23.9854
v 326.3665 600.0000 24.0107
v 325.7901 600.0000 24.0390
v 325.1577 600.0000 24.0706
v 324.4706 600.0000 24.1054
v 323.7302 600.0000 24.1435
v 322.9382 600.0000 24.1850
v 322.0963 600.0000 24.2299
v 321.2061 600.0000 24.2784
v 320.2697 600.0000 24.3306
v 319.2888 600.0000 24.3865
v 318.2657 600.0000 24.4462
v 317.2023 600.0000 24.5098
v 316.1009 600.0000 24.5774
v 314.9638 600.0000 24.6490
v 313.7933 600.0000 24.7247
v 312.5917 600.0000 24.8044
v 311.3616 600.0000 24.8881
v 310.1054 600.0000 24.9757
v 308.8257 600.0000 25.0672
v 307.5250 600.0000 25.1624
v 306.1935 600.0000 25.2580
v 304.8418 600.0000 25.3478
v 303.4758 600.0000 25.4307
v 302.0983 600.0000 25.5063
v 300.7122 600.0000 25.5740
v 299.3201 600.0000 25.6332
v 297.9251 600.0000 25.6834
v 296.5299 600.0000 25.7241
v 295.1374 600.0000 25.7548
v 293.7505 600.0000 25.7750
v 292.3720 600.0000 25.7844
v 291.0049 600.0000 25.7826
v 289.6440 600.0000 25.7680
v 288.2949 600.0000 25.7364
v 286.9657 600.0000 25.6874
v 285.6594 600.0000 25.6214
v 284.3788 600.0000 25.5384
v 283.1266 600.0000 25.4391
v 281.9055 600.0000 25.3237
v 280.7183 600.0000 25.1928
v 279.5674 600.0000 25.0473
v 278.4554 600.0000 24.8878
v 277.3845 600.0000 24.7153
v 276.3571 600.0000 24.5307
v 275.3753 600.0000 24.3350
v 274.4412 600.0000 24.1294
v 273.5566 600.0000 23.9149
v 272.7235 600.0000 23.6928
v 271.9434 600.0000 23.4644
v 271.2178 600.0000 23.2307
v 270.5483 600.0000 22.9931
v 269.9360 600.0000 22.7527
v 269.3821 600.0000 22.5107
v 268.8876 600.0000 22.2683
v 268.4533 600.0000 22.0264
v 268.0801 600.0000 21.7861
v 267.7685 600.0000 21.5483
v 267.5189 600.0000 21.3136
v 267.3317 600.0000 21.0828
v 267.2072 600.0000 20.8565
v 267.1455 600.0000 20.6350
v 267.1464 600.0000 20.4186
v 267.2093 600.0000 20.2116
v 267.3333 600.0000 20.0180
v 267.5179 600.0000 19.8380
v 267.7627 600.0000 19.6716
v 268.0670 600.0000 19.5188
v 268.4301 600.0000 19.3796
v 268.8510 600.0000 19.2540
v 269.3289 600.0000 19.1420
v 269.8626 600.0000 19.0433
v 270.4510 600.0000 18.9581
v 271.0929 600.0000 18.8859
v 271.7868 600.0000 18.8268
v 272.5313 600.0000 18.7804
v 273.3249 600.0000 18.7464
v 274.1661 600.0000 18.7244
v 275.0531 600.0000 18.7141
v 275.9842 600.0000 18.7150
v 276.9577 600.0000 18.7265
v 277.9716 600.0000 18.7480
v 279.0241 600.0000 18.7789
v 280.1132 600.0000 18.8186
v 281.2370 600.0000 18.8661
v 282.3932 600.0000 18.9209
v 283.5798 600.0000 18.9819
v 284.7947 600.0000 19.0484
v 286.0355 600.0000 19.1195
v 287.3001 600.0000 19.1942
v 288.5861 600.0000 19.2717
v 289.8912 600.0000 19.3511
v 291.2181 600.0000 19.4322
v 292.5668 600.0000 19.5181
v 293.9266 600.0000 19.6091
v 295.2949 600.0000 19.7044
v 296.6690 600.0000 19.8034
v 298.0463 600.0000 19.9054
v 299.4239 600.0000 20.0098
v 300.7992 600.0000 20.1160
v 302.1695 600.0000 20.2235
v 303.5320 600.0000 20.3317
v 304.8840 600.0000 20.4401
v 306.2228 600.0000 20.5482
v 307.5489 600.0000 20.6559
v 308.8671 600.0000 20.7688
v 310.1621 600.0000 20.8888
v 311.4314 600.0000 21.0152
v 312.6724 600.0000 21.1471
v 313.8827 600.0000 21.2837
v 315.0598 600.0000 21.4241
v 316.2015 600.0000 21.5673
v 317.3055 600.0000 21.7125
v 318.3697 600.0000 21.8587
v 319.3920 600.0000 22.0049
v 320.3705 600.0000 22.1502
v 321.3032 600.0000 22.2937
v 322.1885 600.0000 22.4344
v 323.0246 600.0000 22.5713
v 323.8099 600.0000 22.7035
v 324.5431 600.0000 22.8302
v 325.2226 600.0000 22.9504
v 325.8473 600.0000 23.0632
v 326.4160 600.0000 23.1680
v 326.9276 600.0000 23.2639
v 327.3813 600.0000 23.3503
v 327.7761 600.0000 23.4265
v 328.1115 600.0000 23.4919
v 328.3866 600.0000 23.5461
v 328.6012 600.0000 23.5888
v 328.7547 600.0000 23.6194
v 328.8469 600.0000 23.6379
v 328.8777 600.0000 23.6441
v 335.7396 605.4003 39.9723
v 335.7117 605.4003 39.9738
v 335.6282 605.4003 39.9784
v 335.4891 605.4003 39.9861
v 335.2947 605.4003 39.9967
v 335.0456 605.4003 40.0105
v 334.7422 605.4003 40.0272
v 334.3852 605.4003 40.0469
v 333.9754 605.4003 40.0696
v 333.5135 605.4003 40.0952
v 333.0007 605.4003 40.1238
v 332.4380 605.4003 40.1552
v 331.8265 605.4003 40.1896
v 331.1676 605.4003 40.2268
v 330.4627 605.4003 40.2670
v 329.7132 605.4003 40.3100
v 328.9208 605.4003 40.3559
v 328.0869 605.4003 40.4046
v 327.2135 605.4003 40.4563
v 326.3023 605.4003 40.5108
v 325.3551 605.4003 40.5682
v 324.3740 605.4003 40.6284
v 323.3609 605.4003 40.6915
v 322.3180 605.4003 40.7574
v 321.2472 605.4003 40.8259
v 320.1509 605.4003 40.8971
v 319.0313 605.4003 40.9708
v 317.8905 605.4003 41.0468
v 316.7309 605.4003 41.1251
v 315.5459 605.4003 41.2031
v 314.3437 605.4003 41.2763
v 313.1288 605.4003 41.3440
v 311.9038 605.4003 41.4058
v 310.6712 605.4003 41.4611
v 309.4334 605.4003 41.5095
v 308.1930 605.4003 41.5504
v 306.9526 605.4003 41.5836
v 305.7146 605.4003 41.6085
v 304.4816 605.4003 41.6247
v 303.2561 605.4003 41.6319
v 302.0408 605.4003 41.6298
v 300.8324 605.4003 41.6172
v 299.6354 605.4003 41.5909
v 298.4561 605.4003 41.5508
v 297.2969 605.4003 41.4969
v 296.1605 605.4003 41.4293
v 295.0492 605.4003 41.3483
v 293.9655 605.4003 41.2543
v 292.9115 605.4003 41.1475
v 291.8895 605.4003 41.0285
v 290.9018 605.4003 40.8978
v 289.9504 605.4003 40.7562
v 289.0372 605.4003 40.6042
v 288.1643 605.4003 40.4428
v 287.3333 605.4003 40.2726
v 286.5461 605.4003 40.0947
v 285.8042 605.4003 39.9098
v 285.1090 605.4003 39.7190
v 284.4620 605.4003 39.5232
v 283.8645 605.4003 39.3233
v 283.3175 605.4003 39.1204
v 282.8221 605.4003 38.9153
v 282.3792 605.4003 38.7089
v 281.9897 605.4003 38.5021
v 281.6541 605.4003 38.2956
v 281.3731 605.4003 38.0902
v 281.1472 605.4003 37.8864
v 280.9766 605.4003 37.6849
v 280.8617 605.4003 37.4861
v 280.8024 605.4003 37.2903
v 280.7990 605.4003 37.0977
v 280.8506 605.4003 36.9122
v 280.9568 605.4003 36.7375
v 281.1172 605.4003 36.5736
v 281.3314 605.4003 36.4206
v 281.5988 605.4003 36.2785
v 281.9187 605.4003 36.1475
v 282.2905 605.4003 36.0276
v 282.7134 605.4003 35.9188
v 283.1863 605.4003 35.8212
v 283.7083 605.4003 35.7347
v 284.2783 605.4003 35.6593
v 284.8950 605.4003 35.5949
v 285.5572 605.4003 35.5415
v 286.2635 605.4003 35.4989
v 287.0126 605.4003 35.4668
v 287.8029 605.4003 35.4452
v 288.6329 605.4003 35.4335
v 289.5010 605.4003 35.4317
v 290.4055 605.4003 35.4391
v 291.3447 605.4003 35.4554
v 292.3168 605.4003 35.4801
v 293.3199 605.4003 35.5126
v 294.3522 605.4003 35.5524
v 295.4118 605.4003 35.5987
v 296.4967 605.4003 35.6511
v 297.6048 605.4003 35.7087
v 298.7341 605.4003 35.7709
v 299.8825 605.4003 35.8369
v 301.0479 605.4003 35.9060
v 302.2317 605.4003 35.9780
v 303.4333 605.4003 36.0551
v 304.6449 605.4003 36.1372
v 305.8639 605.4003 36.2239
v 307.0880 605.4003 36.3144
v 308.3148 605.4003 36.4083
v 309.5419 605.4003 36.5049
v 310.7667 605.4003 36.6038
v 311.9870 605.4003 36.7044
v 313.2002 605.4003 36.8061
v 314.4039 605.4003 36.9087
v 315.5957 605.4003 37.0116
v 316.7756 605.4003 37.1145
v 317.9464 605.4003 37.2214
v 319.0968 605.4003 37.3336
v 320.2245 605.4003 37.4504
v 321.3272 605.4003 37.5712
v 322.4028 605.4003 37.6951
v 323.4492 605.4003 37.8214
v 324.4642 605.4003 37.9495
v 325.4458 605.4003 38.0786
v 326.3923 605.4003 38.2078
v 327.3016 605.4003 38.3365
v 328.1721 605.4003 38.4639
v 329.0021 605.4003 38.5892
v 329.7899 605.4003 38.7117
v 330.5341 605.4003 38.8305
v 331.2332 605.4003 38.9450
v 331.8860 605.4003 39.0543
v 332.4911 605.4003 39.1579
v 333.0474 605.4003 39.2550
v 333.5540 605.4003 39.3450
v 334.0097 605.4003 39.4273
v 334.4139 605.4003 39.5013
v 334.7657 605.4003 39.5665
v 335.0644 605.4003 39.6224
v 335.3096 605.4003 39.6688
v 335.5008 605.4003 39.7052
v 335.6376 605.4003 39.7313
v 335.7198 605.4003 39.7471
v 335.7472 605.4003 39.7524
v 342.6083 610.8006 56.1068
v 342.5839 610.8006 56.1084
v 342.5107 610.8006 56.1130
v 342.3888 610.8006 56.1207
v 342.2187 610.8006 56.1314
v 342.0005 610.8006 56.1451
v 341.7347 610.8006 56.1618
v 341.4220 610.8006 56.1814
v 341.0630 610.8006 56.2038
v 340.6584 610.8006 56.2290
v 340.2091 610.8006 56.2569
v 339.7160 610.8006 56.2875
v 339.1802 610.8006 56.3206
v 338.6028 610.8006 56.3561
v 337.9849 610.8006 56.3941
v 337.3280 610.8006 56.4345
v 336.6332 610.8006 56.4771
v 335.9022 610.8006 56.5219
v 335.1363 610.8006 56.5688
v 334.3371 610.8006 56.6178
v 333.5064 610.8006 56.6688
v 332.6458 610.8006 56.7217
v 331.7570 610.8006 56.7763
v 330.8419 610.8006 56.8327
v 329.9023 610.8006 56.8907
v 328.9401 610.8006 56.9502
v 327.9574 610.8006 57.0110
v 326.9560 610.8006 57.0729
v 325.9380 610.8006 57.1358
v 324.8996 610.8006 57.1980
v 323.8466 610.8006 57.2563
v 322.7827 610.8006 57.3103
v 321.7099 610.8006 57.3596
v 320.6305 610.8006 57.4037
v 319.5467 610.8006 57.4423
v 318.4607 610.8006 57.4750
v 317.3746 610.8006 57.5014
v 316.2908 610.8006 57.5211
v 315.2114 610.8006 57.5338
v 314.1387 610.8006 57.5391
v 313.0747 610.8006 57.5369
v 312.0181 610.8006 57.5261
v 310.9723 610.8006 57.5047
v 309.9420 610.8006 57.4725
v 308.9292 610.8006 57.4295
v 307.9362 610.8006 57.3757
v 306.9650 610.8006 57.3113
v 306.0178 610.8006 57.2363
v 305.0964 610.8006 57.1512
v 304.2028 610.8006 57.0561
v 303.3389 610.8006 56.9514
v 302.5065 610.8006 56.8376
v 301.7073 610.8006 56.7153
v 300.9430 610.8006 56.5848
v 300.2152 610.8006 56.4469
v 299.5253 610.8006 56.3022
v 298.8747 610.8006 56.1514
v 298.2647 610.8006 55.9952
v 297.6966 610.8006 55.8342
v 297.1714 610.8006 55.6692
v 296.6903 610.8006 55.5010
v 296.2540 610.8006 55.3303
v 295.8634 610.8006 55.1576
v 295.5193 610.8006 54.9838
v 295.2223 610.8006 54.8094
v 294.9729 610.8006 54.6349
v 294.7715 610.8006 54.4609
v 294.6185 610.8006 54.2877
v 294.5140 610.8006 54.1158
v 294.4584 610.8006 53.9455
v 294.4515 610.8006 53.7769
v 294.4930 610.8006 53.6133
v 294.5824 610.8006 53.4580
v 294.7195 610.8006 53.3112
v 294.9039 610.8006 53.1729
v 295.1352 610.8006 53.0431
v 295.4129 610.8006 52.9221
v 295.7362 610.8006 52.8100
v 296.1047 610.8006 52.7068
v 296.5173 610.8006 52.6126
v 296.9733 610.8006 52.5275
v 297.4717 610.8006 52.4516
v 298.0114 610.8006 52.3849
v 298.5914 610.8006 52.3275
v 299.2105 610.8006 52.2793
v 299.8674 610.8006 52.2402
v 300.5608 610.8006 52.2102
v 301.2894 610.8006 52.1892
v 302.0517 610.8006 52.1768
v 302.8462 610.8006 52.1730
v 303.6715 610.8006 52.1774
v 304.5258 610.8006 52.1897
v 305.4077 610.8006 52.2096
v 306.3153 610.8006 52.2365
v 307.2470 610.8006 52.2702
v 308.2010 610.8006 52.3100
v 309.1755 610.8006 52.3555
v 310.1686 610.8006 52.4062
v 311.1784 610.8006 52.4614
v 312.2031 610.8006 52.5206
v 313.2430 610.8006 52.5836
v 314.2974 610.8006 52.6517
v 315.3603 610.8006 52.7247
v 316.4298 610.8006 52.8023
v 317.5036 610.8006 52.8838
v 318.5797 610.8006 52.9687
v 319.6559 610.8006 53.0567
v 320.7301 610.8006 53.1471
v 321.8002 610.8006 53.2396
v 322.8639 610.8006 53.3336
v 323.9192 610.8006 53.4288
v 324.9641 610.8006 53.5248
v 325.9977 610.8006 53.6212
v 327.0217 610.8006 53.7206
v 328.0280 610.8006 53.8236
v 329.0146 610.8006 53.9298
v 329.9795 610.8006 54.0384
v 330.9208 610.8006 54.1491
v 331.8367 610.8006 54.2611
v 332.7253 610.8006 54.3738
v 333.5849 610.8006 54.4868
v 334.4137 610.8006 54.5994
v 335.2102 610.8006 54.7109
v 335.9729 610.8006 54.8209
v 336.7001 610.8006 54.9286
v 337.3905 610.8006 55.0335
v 338.0428 610.8006 55.1350
v 338.6556 610.8006 55.2325
v 339.2279 610.8006 55.3254
v 339.7585 610.8006 55.4132
v 340.2464 610.8006 55.4954
v 340.6907 610.8006 55.5714
v 341.0904 610.8006 55.6408
v 341.4450 610.8006 55.7031
v 341.7536 610.8006 55.7580
v 342.0158 610.8006 55.8050
v 342.2309 610.8006 55.8439
v 342.3987 610.8006 55.8745
v 342.5188 610.8006 55.8964
v 342.5909 610.8006 55.9097
v 342.6149 610.8006 55.9141
v 349.4751 616.2009 72.2947
v 349.4541 616.2009 72.2962
v 349.3913 616.2009 72.3007
v 349.2867 616.2009 72.3082
v 349.1406 616.2009 72.3186
v 348.9533 616.2009 72.3318
v 348.7252 616.2009 72.3479
v 348.4568 616.2009 72.3667
v 348.1485 616.2009 72.3882
v 347.8011 616.2009 72.4122
v 347.4153 616.2009 72.4386
v 346.9919 616.2009 72.4674
v 346.5317 616.2009 72.4984
v 346.0357 616.2009 72.5314
v 345.5049 616.2009 72.5665
v 344.9405 616.2009 72.6034
v 344.3436 616.2009 72.6421
v 343.7153 616.2009 72.6823
v 343.0571 616.2009 72.7241
v 342.3702 616.2009 72.7672
v 341.6561 616.2009 72.8116
v 340.9161 616.2009 72.8571
v 340.1519 616.2009 72.9035
v 339.3649 616.2009 72.9508
v 338.5568 616.2009 72.9989
v 337.7292 616.2009 73.0474
v 336.8838 616.2009 73.0964
v 336.0223 616.2009 73.1455
v 335.1463 616.2009 73.1946
v 334.2545 616.2009 73.2427
v 333.3505 616.2009 73.2878
v 332.4373 616.2009 73.3296
v 331.5166 616.2009 73.3678
v 330.5902 616.2009 73.4020
v 329.6601 616.2009 73.4319
v 328.7281 616.2009 73.4572
v 327.7962 616.2009 73.4775
v 326.8662 616.2009 73.4927
v 325.9400 616.2009 73.5022
v 325.0196 616.2009 73.5060
v 324.1068 616.2009 73.5037
v 323.2013 616.2009 73.4946
v 322.3058 616.2009 73.4777
v 321.4234 616.2009 73.4526
v 320.5562 616.2009 73.4193
v 319.7057 616.2009 73.3777
v 318.8739 616.2009 73.3279
v 318.0624 616.2009 73.2700
v 317.2730 616.2009 73.2040
v 316.5072 616.2009 73.1301
v 315.7667 616.2009 73.0487
v 315.0529 616.2009 72.9598
v 314.3674 616.2009 72.8639
v 313.7116 616.2009 72.7614
v 313.0867 616.2009 72.6525
v 312.4941 616.2009 72.5379
v 311.9350 616.2009 72.4179
v 311.4104 616.2009 72.2931
v 310.9215 616.2009 72.1640
v 310.4691 616.2009 72.0310
v 310.0543 616.2009 71.8948
v 309.6777 616.2009 71.7559
v 309.3401 616.2009 71.6147
v 309.0422 616.2009 71.4718
v 308.7845 616.2009 71.3276
v 308.5675 616.2009 71.1826
v 308.3916 616.2009 71.0371
v 308.2572 616.2009 70.8914
v 308.1643 616.2009 70.7458
v 308.1132 616.2009 70.6007
v 308.1040 616.2009 70.4560
v 308.1364 616.2009 70.3147
v 308.2100 616.2009 70.1796
v 308.3248 616.2009 70.0508
v 308.4804 616.2009 69.9284
v 308.6764 616.2009 69.8125
v 308.9125 616.2009 69.7034
v 309.1882 616.2009 69.6010
v 309.5028 616.2009 69.5056
v 309.8556 616.2009 69.4173
v 310.2460 616.2009 69.3363
v 310.6732 616.2009 69.2627
v 311.1361 616.2009 69.1966
v 311.6340 616.2009 69.1381
v 312.1658 616.2009 69.0874
v 312.7304 616.2009 69.0443
v 313.3268 616.2009 69.0091
v 313.9536 616.2009 68.9816
v 314.6097 616.2009 68.9618
v 315.2938 616.2009 68.9496
v 316.0045 616.2009 68.9449
v 316.7405 616.2009 68.9474
v 317.5003 616.2009 68.9570
v 318.2824 616.2009 68.9733
v 319.0853 616.2009 68.9962
v 319.9076 616.2009 69.0251
v 320.7474 616.2009 69.0599
v 321.6034 616.2009 69.1001
v 322.4737 616.2009 69.1453
v 323.3567 616.2009 69.1950
v 324.2522 616.2009 69.2489
v 325.1589 616.2009 69.3079
v 326.0729 616.2009 69.3715
v 326.9924 616.2009 69.4395
v 327.9157 616.2009 69.5114
v 328.8408 616.2009 69.5867
v 329.7660 616.2009 69.6650
v 330.6893 616.2009 69.7460
v 331.6090 616.2009 69.8291
v 332.5232 616.2009 69.9141
v 333.4300 616.2009 70.0004
v 334.3277 616.2009 70.0879
v 335.2153 616.2009 70.1760
v 336.0931 616.2009 70.2663
v 336.9558 616.2009 70.3588
v 337.8017 616.2009 70.4532
v 338.6293 616.2009 70.5490
v 339.4367 616.2009 70.6457
v 340.2224 616.2009 70.7430
v 340.9849 616.2009 70.8404
v 341.7226 616.2009 70.9373
v 342.4340 616.2009 71.0334
v 343.1178 616.2009 71.1281
v 343.7726 616.2009 71.2211
v 344.3972 616.2009 71.3118
v 344.9902 616.2009 71.3998
v 345.5505 616.2009 71.4847
v 346.0771 616.2009 71.5661
v 346.5688 616.2009 71.6434
v 347.0248 616.2009 71.7162
v 347.4442 616.2009 71.7843
v 347.8261 616.2009 71.8471
v 348.1698 616.2009 71.9044
v 348.4747 616.2009 71.9558
v 348.7400 616.2009 72.0009
v 348.9655 616.2009 72.0396
v 349.1505 616.2009 72.0716
v 349.2948 616.2009 72.0967
v 349.3981 616.2009 72.1147
v 349.4601 616.2009 72.1256
v 349.4808 616.2009 72.1292
v 356.3400 621.6012 88.5361
v 356.3225 621.6012 88.5375
v 356.2701 621.6012 88.5416
v 356.1827 621.6012 88.5486
v 356.0607 621.6012 88.5583
v 355.9043 621.6012 88.5706
v 355.7137 621.6012 88.5855
v 355.4894 621.6012 88.6028
v 355.2319 621.6012 88.6226
v 354.9417 621.6012 88.6446
v 354.6193 621.6012 88.6688
v 354.2655 621.6012 88.6949
v 353.8809 621.6012 88.7230
v 353.4663 621.6012 88.7527
v 353.0227 621.6012 88.7841
v 352.5508 621.6012 88.8168
v 352.0517 621.6012 88.8508
v 351.5264 621.6012 88.8860
v 350.9760 621.6012 88.9221
v 350.4015 621.6012 88.9590
v 349.8041 621.6012 88.9966
v 349.1851 621.6012 89.0346
v 348.5457 621.6012 89.0730
v 347.8872 621.6012 89.1117
v 347.2109 621.6012 89.1503
v 346.5182 621.6012 89.1888
v 345.8105 621.6012 89.2269
v 345.0893 621.6012 89.2646
v 344.3559 621.6012 89.3015
v 343.6105 621.6012 89.3372
v 342.8555 621.6012 89.3708
v 342.0927 621.6012 89.4019
v 341.3238 621.6012 89.4303
v 340.5501 621.6012 89.4558
v 339.7734 621.6012 89.4781
v 338.9952 621.6012 89.4969
v 338.2171 621.6012 89.5120
v 337.4406 621.6012 89.5232
v 336.6674 621.6012 89.5301
v 335.8989 621.6012 89.5325
v 335.1369 621.6012 89.5302
v 334.3818 621.6012 89.5229
v 333.6357 621.6012 89.5099
v 332.9005 621.6012 89.4911
v 332.1778 621.6012 89.4662
v 331.4691 621.6012 89.4353
v 330.7759 621.6012 89.3984
v 330.0995 621.6012 89.3553
v 329.4413 621.6012 89.3061
v 328.8027 621.6012 89.2509
v 328.1851 621.6012 89.1897
v 327.5896 621.6012 89.1228
v 327.0174 621.6012 89.0504
v 326.4698 621.6012 88.9725
v 325.9478 621.6012 88.8896
v 325.4525 621.6012 88.8018
v 324.9850 621.6012 88.7095
v 324.5460 621.6012 88.6130
v 324.1366 621.6012 88.5127
v 323.7574 621.6012 88.4089
v 323.4094 621.6012 88.3020
v 323.0931 621.6012 88.1924
v 322.8092 621.6012 88.0804
v 322.5583 621.6012 87.9663
v 322.3408 621.6012 87.8506
v 322.1571 621.6012 87.7334
v 322.0077 621.6012 87.6151
v 321.8927 621.6012 87.4960
v 321.8124 621.6012 87.3762
v 321.7670 621.6012 87.2558
v 321.7565 621.6012 87.1351
v 321.7808 621.6012 87.0164
v 321.8398 621.6012 86.9021
v 321.9332 621.6012 86.7923
v 322.0608 621.6012 86.6871
v 322.2225 621.6012 86.5866
v 322.4178 621.6012 86.4909
v 322.6464 621.6012 86.4004
v 322.9078 621.6012 86.3150
v 323.2014 621.6012 86.2351
v 323.5266 621.6012 86.1608
v 323.8828 621.6012 86.0922
v 324.2693 621.6012 86.0296
v 324.6852 621.6012 85.9731
v 325.1297 621.6012 85.9229
v 325.6019 621.6012 85.8790
v 326.1009 621.6012 85.8416
v 326.6257 621.6012 85.8107
v 327.1751 621.6012 85.7865
v 327.7482 621.6012 85.7688
v 328.3438 621.6012 85.7576
v 328.9607 621.6012 85.7530
v 329.5977 621.6012 85.7547
v 330.2535 621.6012 85.7626
v 330.9268 621.6012 85.7766
v 331.6164 621.6012 85.7964
v 332.3208 621.6012 85.8219
v 333.0386 621.6012 85.8527
v 333.7685 621.6012 85.8885
v 334.5089 621.6012 85.9291
v 335.2591 621.6012 85.9741
v 336.0178 621.6012 86.0237
v 336.7826 621.6012 86.0777
v 337.5520 621.6012 86.1356
v 338.3244 621.6012 86.1973
v 339.0983 621.6012 86.2622
v 339.8721 621.6012 86.3300
v 340.6444 621.6012 86.4004
v 341.4135 621.6012 86.4730
v 342.1780 621.6012 86.5475
v 342.9362 621.6012 86.6235
v 343.6867 621.6012 86.7007
v 344.4283 621.6012 86.7789
v 345.1604 621.6012 86.8584
v 345.8801 621.6012 86.9391
v 346.5860 621.6012 87.0206
v 347.2765 621.6012 87.1028
v 347.9505 621.6012 87.1851
v 348.6064 621.6012 87.2673
v 349.2430 621.6012 87.3490
v 349.8590 621.6012 87.4300
v 350.4532 621.6012 87.5097
v 351.0244 621.6012 87.5880
v 351.5715 621.6012 87.6645
v 352.0934 621.6012 87.7388
v 352.5890 621.6012 87.8107
v 353.0574 621.6012 87.8798
v 353.4976 621.6012 87.9457
v 353.9088 621.6012 88.0082
v 354.2901 621.6012 88.0670
v 354.6408 621.6012 88.1218
v 354.9603 621.6012 88.1722
v 355.2478 621.6012 88.2181
v 355.5029 621.6012 88.2593
v 355.7249 621.6012 88.2954
v 355.9136 621.6012 88.3263
v 356.0684 621.6012 88.3518
v 356.1892 621.6012 88.3718
v 356.2756 621.6012 88.3862
v 356.3275 621.6012 88.3948
v 356.3448 621.6012 88.3977
v 363.2031 627.0015 104.8308
v 363.1891 627.0015 104.8320
v 363.1469 627.0015 104.8357
v 363.0768 627.0015 104.8419
v 362.9788 627.0015 104.8504
v 362.8532 627.0015 104.8613
v 362.7002 627.0015 104.8744
v 362.5201 627.0015 104.8897
v 362.3132 627.0015 104.9071
v 362.0801 627.0015 104.9264
v 361.8211 627.0015 104.9474
v 361.5368 627.0015 104.9702
v 361.2278 627.0015 104.9944
v 360.8947 627.0015 105.0200
v 360.5382 627.0015 105.0468
v 360.1590 627.0015 105.0747
v 359.7578 627.0015 105.1034
v 359.3355 627.0015 105.1328
v 358.8929 627.0015 105.1628
v 358.4310 627.0015 105.1932
v 357.9506 627.0015 105.2237
v 357.4527 627.0015 105.2544
v 356.9383 627.0015 105.2849
v 356.4086 627.0015 105.3152
v 355.8644 627.0015 105.3450
v 355.3071 627.0015 105.3742
v 354.7375 627.0015 105.4027
v 354.1570 627.0015 105.4302
v 353.5667 627.0015 105.4566
v 352.9678 627.0015 105.4817
v 352.3615 627.0015 105.5053
v 351.7490 627.0015 105.5272
v 351.1315 627.0015 105.5473
v 350.5104 627.0015 105.5653
v 349.8869 627.0015 105.5810
v 349.2621 627.0015 105.5943
v 348.6375 627.0015 105.6049
v 348.0142 627.0015 105.6126
v 347.3935 627.0015 105.6173
v 346.7767 627.0015 105.6187
v 346.1651 627.0015 105.6166
v 345.5597 627.0015 105.6109
v 344.9620 627.0015 105.6014
v 344.3731 627.0015 105.5879
v 343.7942 627.0015 105.5704
v 343.2264 627.0015 105.5486
v 342.6709 627.0015 105.5226
v 342.1288 627.0015 105.4922
v 341.6013 627.0015 105.4575
v 341.0894 627.0015 105.4183
v 340.5941 627.0015 105.3748
v 340.1164 627.0015 105.3269
v 339.6573 627.0015 105.2748
v 339.2177 627.0015 105.2186
v 338.7985 627.0015 105.1583
v 338.4005 627.0015 105.0943
v 338.0246 627.0015 105.0265
v 337.6714 627.0015 104.9553
v 337.3418 627.0015 104.8808
v 337.0363 627.0015 104.8033
v 336.7556 627.0015 104.7229
v 336.5002 627.0015 104.6401
v 336.2707 627.0015 104.5549
v 336.0675 627.0015 104.4676
v 335.8910 627.0015 104.3784
v 335.7415 627.0015 104.2876
v 335.6195 627.0015 104.1952
v 335.5250 627.0015 104.1016
v 335.4584 627.0015 104.0068
v 335.4197 627.0015 103.9110
v 335.4090 627.0015 103.8143
v 335.4264 627.0015 103.7184
v 335.4716 627.0015 103.6255
v 335.5446 627.0015 103.5356
v 335.6453 627.0015 103.4487
v 335.7734 627.0015 103.3650
v 335.9288 627.0015 103.2847
v 336.1110 627.0015 103.2080
v 336.3198 627.0015 103.1349
v 336.5547 627.0015 103.0658
v 336.8151 627.0015 103.0007
v 337.1007 627.0015 102.9400
v 337.4108 627.0015 102.8837
v 337.7448 627.0015 102.8322
v 338.1021 627.0015 102.7855
v 338.4818 627.0015 102.7439
v 338.8832 627.0015 102.7074
v 339.3056 627.0015 102.6763
v 339.7480 627.0015 102.6505
v 340.2096 627.0015 102.6303
v 340.6895 627.0015 102.6155
v 341.1866 627.0015 102.6063
v 341.7000 627.0015 102.6026
v 342.2287 627.0015 102.6043
v 342.7715 627.0015 102.6115
v 343.3275 627.0015 102.6239
v 343.8954 627.0015 102.6414
v 344.4742 627.0015 102.6639
v 345.0626 627.0015 102.6911
v 345.6596 627.0015 102.7229
v 346.2638 627.0015 102.7590
v 346.8742 627.0015 102.7992
v 347.4894 627.0015 102.8432
v 348.1083 627.0015 102.8907
v 348.7296 627.0015 102.9414
v 349.3520 627.0015 102.9952
v 349.9743 627.0015 103.0515
v 350.5953 627.0015 103.1103
v 351.2137 627.0015 103.1712
v 351.8283 627.0015 103.2338
v 352.4378 627.0015 103.2980
v 353.0410 627.0015 103.3634
v 353.6368 627.0015 103.4298
v 354.2239 627.0015 103.4969
v 354.8011 627.0015 103.5645
v 355.3673 627.0015 103.6322
v 355.9213 627.0015 103.6998
v 356.4621 627.0015 103.7671
v 356.9885 627.0015 103.8339
v 357.4995 627.0015 103.8999
v 357.9941 627.0015 103.9648
v 358.4712 627.0015 104.0285
v 358.9300 627.0015 104.0907
v 359.3694 627.0015 104.1512
v 359.7887 627.0015 104.2097
v 360.1869 627.0015 104.2661
v 360.5633 627.0015 104.3200
v 360.9172 627.0015 104.3714
v 361.2477 627.0015 104.4200
v 361.5543 627.0015 104.4655
v 361.8363 627.0015 104.5078
v 362.0932 627.0015 104.5467
v 362.3245 627.0015 104.5820
v 362.5296 627.0015 104.6136
v 362.7082 627.0015 104.6413
v 362.8600 627.0015 104.6650
v 362.9846 627.0015 104.6845
v 363.0817 627.0015 104.6998
v 363.1513 627.0015 104.7108
v 363.1930 627.0015 104.7174
v 363.2070 627.0015 104.7196
v 76.2652 0.0000 2.2942
v 349.4056 627.0015 104.2981
v 151.4563 -0.0000 3.2786
v 151.3797 -0.0000 3.2848
v 151.1499 -0.0000 3.3035
v 150.7674 -0.0000 3.3347
v 150.2332 -0.0000 3.3783
v 149.5484 -0.0000 3.4344
v 148.7144 -0.0000 3.5029
v 147.7331 -0.0000 3.5839
v 146.6066 -0.0000 3.6773
v 145.3374 -0.0000 3.7831
v 143.9282 -0.0000 3.9015
v 142.3820 -0.0000 4.0323
v 140.7021 -0.0000 4.1757
v 138.8922 -0.0000 4.3317
v 136.9561 -0.0000 4.5003
v 134.8979 -0.0000 4.6817
v 132.7220 -0.0000 4.8758
v 130.4330 -0.0000 5.0828
v 128.0355 -0.0000 5.3028
v 125.5348 -0.0000 5.5356
v 122.9359 -0.0000 5.7815
v 120.2443 -0.0000 6.0403
v 117.4655 -0.0000 6.3119
v 114.6052 -0.0000 6.5963
v 111.6694 -0.0000 6.8933
v 108.6638 -0.0000 7.2024
v 105.5948 -0.0000 7.5235
v 102.4684 -0.0000 7.8559
v 99.2910 -0.0000 8.1990
v 96.0382 -0.0000 8.5461
v 92.7354 -0.0000 8.8802
v 89.3970 -0.0000 9.1991
v 86.0299 -0.0000 9.5009
v 82.6408 -0.0000 9.7840
v 79.2367 -0.0000 10.0469
v 75.8244 -0.0000 10.2879
v 72.4109 -0.0000 10.5056
v 69.0032 -0.0000 10.6987
v 65.6083 -0.0000 10.8657
v 62.2332 -0.0000 11.0054
v 58.8848 -0.0000 11.1167
v 55.5506 -0.0000 11.1962
v 52.2439 -0.0000 11.2329
v 48.9846 -0.0000 11.2256
v 45.7798 -0.0000 11.1744
v 42.6364 -0.0000 11.0798
v 39.5613 -0.0000 10.9424
v 36.5611 -0.0000 10.7631
v 33.6425 -0.0000 10.5433
v 30.8116 -0.0000 10.2843
v 28.0746 -0.0000 9.9879
v 25.4374 -0.0000 9.6561
v 22.9056 -0.0000 9.2909
v 20.4846 -0.0000 8.8948
v 18.1794 -0.0000 8.4702
v 15.9950 -0.0000 8.0199
v 13.9357 -0.0000 7.5466
v 12.0058 -0.0000 7.0531
v 10.2092 -0.0000 6.5422
v 8.5493 -0.0000 6.0170
v 7.0294 -0.0000 5.4801
v 5.6524 -0.0000 4.9344
v 4.4208 -0.0000 4.3826
v 3.3368 -0.0000 3.8270
v 2.4024 -0.0000 3.2701
v 1.6190 -0.0000 2.7139
v 0.9879 -0.0000 2.1604
v 0.5101 -0.0000 1.6111
v 0.1860 -0.0000 1.0673
v 0.0160 -0.0000 0.5300
v 0.0000 -0.0000 0.0000
v 0.1365 -0.0000 -0.5124
v 0.4237 -0.0000 -0.9969
v 0.8607 -0.0000 -1.4533
v 1.4460 -0.0000 -1.8816
v 2.1783 -0.0000 -2.2815
v 3.0557 -0.0000 -2.6532
v 4.0760 -0.0000 -2.9964
v 5.2368 -0.0000 -3.3113
v 6.5356 -0.0000 -3.5981
v 7.9695 -0.0000 -3.8568
v 9.5353 -0.0000 -4.0877
v 11.2297 -0.0000 -4.2913
v 13.0491 -0.0000 -4.4680
v 14.9899 -0.0000 -4.6185
v 17.0480 -0.0000 -4.7435
v 19.2195 -0.0000 -4.8438
v 21.4999 -0.0000 -4.9206
v 23.8849 -0.0000 -4.9748
v 26.3700 -0.0000 -5.0079
v 28.9503 -0.0000 -5.0213
v 31.6209 -0.0000 -5.0164
v 34.3770 -0.0000 -4.9951
v 37.2133 -0.0000 -4.9589
v 40.1246 -0.0000 -4.9099
v 43.1055 -0.0000 -4.8499
v 46.1504 -0.0000 -4.7809
v 49.2538 -0.0000 -4.7050
v 52.4099 -0.0000 -4.6240
v 55.6127 -0.0000 -4.5400
v 58.8693 -0.0000 -4.4540
v 62.1795 -0.0000 -4.3576
v 65.5175 -0.0000 -4.2499
v 68.8767 -0.0000 -4.1323
v 72.2504 -0.0000 -4.0063
v 75.6319 -0.0000 -3.8731
v 79.0147 -0.0000 -3.7340
v 82.3919 -0.0000 -3.5903
v 85.7569 -0.0000 -3.4432
v 89.1028 -0.0000 -3.2936
v 92.4231 -0.0000 -3.1426
v 95.7111 -0.0000 -2.9910
v 98.9679 -0.0000 -2.8395
v 102.2058 -0.0000 -2.6748
v 105.3877 -0.0000 -2.4905
v 108.5069 -0.0000 -2.2884
v 111.5574 -0.0000 -2.0704
v 114.5329 -0.0000 -1.8383
v 117.4276 -0.0000 -1.5942
v 120.2358 -0.0000 -1.3401
v 122.9518 -0.0000 -1.0780
v 125.5705 -0.0000 -0.8101
v 128.0866 -0.0000 -0.5385
v 130.4952 -0.0000 -0.2654
v 132.7917 -0.0000 0.0070
v 134.9717 -0.0000 0.2765
v 137.0309 -0.0000 0.5410
v 138.9655 -0.0000 0.7984
v 140.7717 -0.0000 1.0465
v 142.4461 -0.0000 1.2833
v 143.9856 -0.0000 1.5068
v 145.3872 -0.0000 1.7152
v 146.6484 -0.0000 1.9068
v 147.7667 -0.0000 2.0799
v 148.7402 -0.0000 2.2331
v 149.5669 -0.0000 2.3650
v 150.2454 -0.0000 2.4745
v 150.7745 -0.0000 2.5607
v 151.1530 -0.0000 2.6228
v 151.3805 -0.0000 2.6603
v 151.4563 -0.0000 2.6728
v 165.1052 -46.1538 4.8746
v 165.0320 -46.1538 4.8804
v 164.8127 -46.1538 4.8980
v 164.4476 -46.1538 4.9273
v 163.9377 -46.1538 4.9683
v 163.2840 -46.1538 5.0210
v 162.4879 -46.1538 5.0854
v 161.5512 -46.1538 5.1616
v 160.4759 -46.1538 5.2494
v 159.2643 -46.1538 5.3489
v 157.9191 -46.1538 5.4602
v 156.4431 -46.1538 5.5833
v 154.8396 -46.1538 5.7182
v 153.1119 -46.1538 5.8649
v 151.2638 -46.1538 6.0236
v 149.2991 -46.1538 6.1943
v 147.2221 -46.1538 6.3770
v 145.0370 -46.1538 6.5719
v 142.7485 -46.1538 6.7790
v 140.3613 -46.1538 6.9983
v 137.8805 -46.1538 7.2299
v 135.3111 -46.1538 7.4738
v 132.6586 -46.1538 7.7298
v 129.9282 -46.1538 7.9979
v 127.1256 -46.1538 8.2779
v 124.2566 -46.1538 8.5694
v 121.3269 -46.1538 8.8722
v 118.3425 -46.1538 9.1858
v 115.3094 -46.1538 9.5096
v 112.2043 -46.1538 9.8370
v 109.0514 -46.1538 10.1521
v 105.8647 -46.1538 10.4525
v 102.6506 -46.1538 10.7366
v 99.4155 -46.1538 11.0029
v 96.1660 -46.1538 11.2498
v 92.9088 -46.1538 11.4758
v 89.6505 -46.1538 11.6796
v 86.3977 -46.1538 11.8599
v 83.1572 -46.1538 12.0152
v 79.9356 -46.1538 12.1446
v 76.7396 -46.1538 12.2470
v 73.5571 -46.1538 12.3189
v 70.4009 -46.1538 12.3500
v 67.2900 -46.1538 12.3392
v 64.2312 -46.1538 12.2866
v 61.2310 -46.1538 12.1926
v 58.2961 -46.1538 12.0578
v 55.4328 -46.1538 11.8833
v 52.6473 -46.1538 11.6700
v 49.9456 -46.1538 11.4195
v 47.3336 -46.1538 11.1334
v 44.8168 -46.1538 10.8135
v 42.4007 -46.1538 10.4620
v 40.0904 -46.1538 10.0811
v 37.8908 -46.1538 9.6731
v 35.8063 -46.1538 9.2408
v 33.8414 -46.1538 8.7866
v 31.9999 -46.1538 8.3132
v 30.2857 -46.1538 7.8236
v 28.7020 -46.1538 7.3203
v 27.2519 -46.1538 6.8061
v 25.9383 -46.1538 6.2836
v 24.7634 -46.1538 5.7554
v 23.7294 -46.1538 5.2239
v 22.8382 -46.1538 4.6913
v 22.0911 -46.1538 4.1595
v 21.4894 -46.1538 3.6304
v 21.0340 -46.1538 3.1055
v 20.7253 -46.1538 2.5861
v 20.5637 -46.1538 2.0731
v 20.5490 -46.1538 1.5672
v 20.6800 -46.1538 1.0783
v 20.9546 -46.1538 0.6163
v 21.3722 -46.1538 0.1811
v 21.9315 -46.1538 -0.2270
v 22.6309 -46.1538 -0.6079
v 23.4687 -46.1538 -0.9615
v 24.4430 -46.1538 -1.2880
v 25.5513 -46.1538 -1.5872
v 26.7913 -46.1538 -1.8593
v 28.1602 -46.1538 -2.1046
v 29.6549 -46.1538 -2.3232
v 31.2724 -46.1538 -2.5155
v 33.0092 -46.1538 -2.6820
v 34.8618 -46.1538 -2.8234
v 36.8264 -46.1538 -2.9402
v 38.8991 -46.1538 -3.0335
v 41.0758 -46.1538 -3.1040
v 43.3523 -46.1538 -3.1530
v 45.7242 -46.1538 -3.1817
v 48.1870 -46.1538 -3.1914
v 50.7361 -46.1538 -3.1836
v 53.3666 -46.1538 -3.1600
v 56.0738 -46.1538 -3.1222
v 58.8524 -46.1538 -3.0720
v 61.6975 -46.1538 -3.0112
v 64.6037 -46.1538 -2.9418
v 67.5657 -46.1538 -2.8656
v 70.5779 -46.1538 -2.7846
v 73.6349 -46.1538 -2.7007
v 76.7431 -46.1538 -2.6147
v 79.9025 -46.1538 -2.5189
v 83.0883 -46.1538 -2.4122
v 86.2944 -46.1538 -2.2960
v 89.5143 -46.1538 -2.1717
v 92.7418 -46.1538 -2.0406
v 95.9703 -46.1538 -1.9039
v 99.1936 -46.1538 -1.7628
v 102.4052 -46.1538 -1.6184
v 105.5986 -46.1538 -1.4716
v 108.7675 -46.1538 -1.3236
v 111.9056 -46.1538 -1.1751
v 115.0139 -46.1538 -1.0266
v 118.1043 -46.1538 -0.8656
v 121.1410 -46.1538 -0.6860
v 124.1180 -46.1538 -0.4894
v 127.0293 -46.1538 -0.2777
v 129.8690 -46.1538 -0.0528
v 132.6317 -46.1538 0.1836
v 135.3117 -46.1538 0.4295
v 137.9038 -46.1538 0.6828
v 140.4028 -46.1538 0.9416
v 142.8040 -46.1538 1.2038
v 145.1027 -46.1538 1.4673
v 147.2943 -46.1538 1.7300
v 149.3747 -46.1538 1.9898
v 151.3399 -46.1538 2.2447
v 153.1860 -46.1538 2.4926
v 154.9097 -46.1538 2.7315
v 156.5076 -46.1538 2.9595
v 157.9767 -46.1538 3.1747
v 159.3143 -46.1538 3.3753
v 160.5178 -46.1538 3.5596
v 161.5850 -46.1538 3.7261
v 162.5140 -46.1538 3.8735
v 163.3029 -46.1538 4.0003
v 163.9504 -46.1538 4.1056
v 164.4552 -46.1538 4.1885
v 164.8165 -46.1538 4.2482
v 165.0335 -46.1538 4.2843
v 165.1059 -46.1538 4.2963
v 178.7525 -92.3077 6.5166
v 178.6828 -92.3077 6.5220
v 178.4738 -92.3077 6.5384
v 178.1262 -92.3077 6.5656
v 177.6405 -92.3077 6.6038
v 177.0178 -92.3077 6.6529
v 176.2596 -92.3077 6.7129
v 175.3675 -92.3077 6.7838
v 174.3433 -92.3077 6.8656
v 173.1894 -92.3077 6.9583
v 171.9082 -92.3077 7.0620
v 170.5024 -92.3077 7.1766
v 168.9752 -92.3077 7.3023
v 167.3296 -92.3077 7.4391
v 165.5694 -92.3077 7.5870
v 163.6982 -92.3077 7.7462
v 161.7199 -92.3077 7.9167
v 159.6387 -92.3077 8.0985
v 157.4590 -92.3077 8.2918
v 155.1854 -92.3077 8.4966
v 152.8225 -92.3077 8.7129
v 150.3753 -92.3077 8.9407
v 147.8488 -92.3077 9.1799
v 145.2482 -92.3077 9.4306
v 142.5789 -92.3077 9.6924
v 139.8462 -92.3077 9.9651
v 137.0558 -92.3077 10.2484
v 134.2132 -92.3077 10.5419
v 131.3242 -92.3077 10.8451
v 128.3667 -92.3077 11.1516
v 125.3638 -92.3077 11.4462
v 122.3286 -92.3077 11.7268
v 119.2672 -92.3077 11.9918
v 116.1860 -92.3077 12.2398
v 113.0912 -92.3077 12.4694
v 109.9889 -92.3077 12.6791
v 106.8857 -92.3077 12.8676
v 103.7878 -92.3077 13.0336
v 100.7017 -92.3077 13.1760
v 97.6335 -92.3077 13.2937
v 94.5898 -92.3077 13.3857
v 91.5590 -92.3077 13.4488
v 88.5533 -92.3077 13.4730
v 85.5908 -92.3077 13.4574
v 82.6780 -92.3077 13.4020
v 79.8212 -92.3077 13.3074
v 77.0265 -92.3077 13.1740
v 74.3001 -92.3077 13.0028
v 71.6478 -92.3077 12.7949
v 69.0754 -92.3077 12.5518
v 66.5885 -92.3077 12.2748
v 64.1924 -92.3077 11.9659
v 61.8922 -92.3077 11.6270
v 59.6927 -92.3077 11.2603
v 57.5987 -92.3077 10.8681
v 55.6144 -92.3077 10.4527
v 53.7440 -92.3077 10.0168
v 51.9912 -92.3077 9.5629
v 50.3596 -92.3077 9.0937
v 48.8523 -92.3077 8.6117
v 47.4723 -92.3077 8.1195
v 46.2222 -92.3077 7.6197
v 45.1043 -92.3077 7.1147
v 44.1206 -92.3077 6.6068
v 43.2728 -92.3077 6.0980
v 42.5623 -92.3077 5.5903
v 41.9902 -92.3077 5.0855
v 41.5574 -92.3077 4.5849
v 41.2643 -92.3077 4.0897
v 41.1113 -92.3077 3.6009
v 41.0982 -92.3077 3.1191
v 41.2237 -92.3077 2.6538
v 41.4861 -92.3077 2.2142
v 41.8845 -92.3077 1.8005
v 42.4177 -92.3077 1.4129
v 43.0844 -92.3077 1.0513
v 43.8829 -92.3077 0.7160
v 44.8112 -92.3077 0.4068
v 45.8672 -92.3077 0.1238
v 47.0486 -92.3077 -0.1333
v 48.3525 -92.3077 -0.3645
v 49.7764 -92.3077 -0.5701
v 51.3170 -92.3077 -0.7505
v 52.9712 -92.3077 -0.9061
v 54.7357 -92.3077 -1.0375
v 56.6067 -92.3077 -1.1454
v 58.5807 -92.3077 -1.2306
v 60.6537 -92.3077 -1.2941
v 62.8217 -92.3077 -1.3368
v 65.0805 -92.3077 -1.3601
v 67.4258 -92.3077 -1.3651
v 69.8533 -92.3077 -1.3533
v 72.3583 -92.3077 -1.3263
v 74.9362 -92.3077 -1.2857
v 77.5822 -92.3077 -1.2331
v 80.2915 -92.3077 -1.1703
v 83.0589 -92.3077 -1.0993
v 85.8795 -92.3077 -1.0216
v 88.7479 -92.3077 -0.9393
v 91.6588 -92.3077 -0.8542
v 94.6186 -92.3077 -0.7670
v 97.6271 -92.3077 -0.6703
v 100.6608 -92.3077 -0.5632
v 103.7137 -92.3077 -0.4471
v 106.7798 -92.3077 -0.3232
v 109.8531 -92.3077 -0.1928
v 112.9274 -92.3077 -0.0571
v 115.9966 -92.3077 0.0828
v 119.0547 -92.3077 0.2259
v 122.0956 -92.3077 0.3710
v 125.1131 -92.3077 0.5175
v 128.1012 -92.3077 0.6643
v 131.0610 -92.3077 0.8110
v 134.0036 -92.3077 0.9696
v 136.8951 -92.3077 1.1459
v 139.7298 -92.3077 1.3382
v 142.5018 -92.3077 1.5447
v 145.2057 -92.3077 1.7639
v 147.8362 -92.3077 1.9937
v 150.3879 -92.3077 2.2324
v 152.8559 -92.3077 2.4781
v 155.2353 -92.3077 2.7289
v 157.5215 -92.3077 2.9826
v 159.7100 -92.3077 3.2375
v 161.7966 -92.3077 3.4914
v 163.7773 -92.3077 3.7424
v 165.6483 -92.3077 3.9885
v 167.4060 -92.3077 4.2278
v 169.0470 -92.3077 4.4583
v 170.5683 -92.3077 4.6781
v 171.9670 -92.3077 4.8855
v 173.2404 -92.3077 5.0788
v 174.3862 -92.3077 5.2564
v 175.4022 -92.3077 5.4169
v 176.2865 -92.3077 5.5588
v 177.0376 -92.3077 5.6809
v 177.6541 -92.3077 5.7823
v 178.1347 -92.3077 5.8621
v 178.4786 -92.3077 5.9196
v 178.6852 -92.3077 5.9543
v 178.7541 -92.3077 5.9659
v 192.3990 -138.4615 8.1697
v 192.3327 -138.4615 8.1747
v 192.1343 -138.4615 8.1898
v 191.8039 -138.4615 8.2151
v 191.3425 -138.4615 8.2504
v 190.7510 -138.4615 8.2957
v 190.0306 -138.4615 8.3512
v 189.1830 -138.4615 8.4167
v 188.2100 -138.4615 8.4924
v 187.1137 -138.4615 8.5782
v 185.8964 -138.4615 8.6741
v 184.5609 -138.4615 8.7802
v 183.1099 -138.4615 8.8965
v 181.5465 -138.4615 9.0232
v 179.8742 -138.4615 9.1602
v 178.0964 -138.4615 9.3076
v 176.2168 -138.4615 9.4656
v 174.2396 -138.4615 9.6342
v 172.1687 -138.4615 9.8134
v 170.0085 -138.4615 10.0034
v 167.7636 -138.4615 10.2041
v 165.4385 -138.4615 10.4156
v 163.0382 -138.4615 10.6379
v 160.5674 -138.4615 10.8707
v 158.0312 -138.4615 11.1141
v 155.4349 -138.4615 11.3677
v 152.7837 -138.4615 11.6313
v 150.0829 -138.4615 11.9044
v 147.3381 -138.4615 12.1866
v 144.5281 -138.4615 12.4718
v 141.6750 -138.4615 12.7456
v 138.7913 -138.4615 13.0061
v 135.8828 -138.4615 13.2518
v 132.9554 -138.4615 13.4812
v 130.0152 -138.4615 13.6930
v 127.0679 -138.4615 13.8860
v 124.1198 -138.4615 14.0589
v 121.1768 -138.4615 14.2104
v 118.2449 -138.4615 14.3395
v 115.3303 -138.4615 14.4452
v 112.4388 -138.4615 14.5265
v 109.5597 -138.4615 14.5803
v 106.7046 -138.4615 14.5973
v 103.8905 -138.4615 14.5766
v 101.1237 -138.4615 14.5182
v 98.4102 -138.4615 14.4225
v 95.7558 -138.4615 14.2903
v 93.1663 -138.4615 14.1222
v 90.6473 -138.4615 13.9195
v 88.2043 -138.4615 13.6833
v 85.8425 -138.4615 13.4153
v 83.5671 -138.4615 13.1170
v 81.3827 -138.4615 12.7905
v 79.2942 -138.4615 12.4378
v 77.3059 -138.4615 12.0610
v 75.4218 -138.4615 11.6625
v 73.6460 -138.4615 11.2447
v 71.9819 -138.4615 10.8101
v 70.4330 -138.4615 10.3610
v 69.0022 -138.4615 9.9002
v 67.6923 -138.4615 9.4299
v 66.5058 -138.4615 8.9527
v 65.4449 -138.4615 8.4707
v 64.5115 -138.4615 7.9863
v 63.7072 -138.4615 7.5013
v 63.0333 -138.4615 7.0176
v 62.4909 -138.4615 6.5369
v 62.0807 -138.4615 6.0605
v 61.8033 -138.4615 5.5896
v 61.6589 -138.4615 5.1249
v 61.6475 -138.4615 4.6673
v 61.7676 -138.4615 4.2255
v 62.0177 -138.4615 3.8085
v 62.3970 -138.4615 3.4163
v 62.9043 -138.4615 3.0491
v 63.5383 -138.4615 2.7071
v 64.2975 -138.4615 2.3901
v 65.1799 -138.4615 2.0983
v 66.1836 -138.4615 1.8315
v 67.3063 -138.4615 1.5897
v 68.5454 -138.4615 1.3727
v 69.8983 -138.4615 1.1803
v 71.3621 -138.4615 1.0120
v 72.9338 -138.4615 0.8675
v 74.6101 -138.4615 0.7461
v 76.3876 -138.4615 0.6474
v 78.2629 -138.4615 0.5704
v 80.2321 -138.4615 0.5142
v 82.2916 -138.4615 0.4780
v 84.4373 -138.4615 0.4604
v 86.6651 -138.4615 0.4603
v 88.9710 -138.4615 0.4764
v 91.3504 -138.4615 0.5070
v 93.7991 -138.4615 0.5508
v 96.3125 -138.4615 0.6060
v 98.8859 -138.4615 0.6710
v 101.5146 -138.4615 0.7441
v 104.1936 -138.4615 0.8235
v 106.9182 -138.4615 0.9074
v 109.6831 -138.4615 0.9941
v 112.4945 -138.4615 1.0828
v 115.3521 -138.4615 1.1807
v 118.2336 -138.4615 1.2885
v 121.1333 -138.4615 1.4049
v 124.0456 -138.4615 1.5287
v 126.9646 -138.4615 1.6587
v 129.8846 -138.4615 1.7938
v 132.7998 -138.4615 1.9328
v 135.7045 -138.4615 2.0748
v 138.5927 -138.4615 2.2188
v 141.4587 -138.4615 2.3639
v 144.2968 -138.4615 2.5093
v 147.1081 -138.4615 2.6546
v 149.9029 -138.4615 2.8112
v 152.6493 -138.4615 2.9844
v 155.3415 -138.4615 3.1727
v 157.9743 -138.4615 3.3745
v 160.5423 -138.4615 3.5880
v 163.0405 -138.4615 3.8116
v 165.4639 -138.4615 4.0435
v 167.8078 -138.4615 4.2818
v 170.0675 -138.4615 4.5247
v 172.2387 -138.4615 4.7704
v 174.3170 -138.4615 5.0168
v 176.2986 -138.4615 5.2622
v 178.1796 -138.4615 5.5046
v 179.9563 -138.4615 5.7421
v 181.6255 -138.4615 5.9729
v 183.1838 -138.4615 6.1951
v 184.6285 -138.4615 6.4070
v 185.9566 -138.4615 6.6068
v 187.1659 -138.4615 6.7930
v 188.2539 -138.4615 6.9640
v 189.2187 -138.4615 7.1184
v 190.0585 -138.4615 7.2549
v 190.7717 -138.4615 7.3725
v 191.3571 -138.4615 7.4700
v 191.8134 -138.4615 7.5468
v 192.1400 -138.4615 7.6021
v 192.3362 -138.4615 7.6355
v 192.4016 -138.4615 7.6466
v 206.0450 -184.6154 9.8219
v 205.9823 -184.6154 9.8266
v 205.7942 -184.6154 9.8405
v 205.4813 -184.6154 9.8636
v 205.0441 -184.6154 9.8960
v 204.4837 -184.6154 9.9377
v 203.8012 -184.6154 9.9886
v 202.9981 -184.6154 10.0489
v 202.0763 -184.6154 10.1184
v 201.0376 -184.6154 10.1972
v 199.8843 -184.6154 10.2854
v 198.6190 -184.6154 10.3829
v 197.2442 -184.6154 10.4900
v 195.7631 -184.6154 10.6065
v 194.1786 -184.6154 10.7326
v 192.4942 -184.6154 10.8683
v 190.7135 -184.6154 11.0138
v 188.8401 -184.6154 11.1691
v 186.8780 -184.6154 11.3344
v 184.8314 -184.6154 11.5095
v 182.7044 -184.6154 11.6947
v 180.5015 -184.6154 11.8900
v 178.2272 -184.6154 12.0952
v 175.8862 -184.6154 12.3103
v 173.4833 -184.6154 12.5352
v 171.0233 -184.6154 12.7697
v 168.5114 -184.6154 13.0135
v 165.9524 -184.6154 13.2663
v 163.3517 -184.6154 13.5275
v 160.6893 -184.6154 13.7915
v 157.9861 -184.6154 14.0446
v 155.2539 -184.6154 14.2850
v 152.4982 -184.6154 14.5113
v 149.7247 -184.6154 14.7221
v 146.9391 -184.6154 14.9163
v 144.1468 -184.6154 15.0926
v 141.3538 -184.6154 15.2499
v 138.5657 -184.6154 15.3869
v 135.7882 -184.6154 15.5028
v 133.0270 -184.6154 15.5964
v 130.2878 -184.6154 15.6671
v 127.5605 -184.6154 15.7117
v 124.8558 -184.6154 15.7215
v 122.1903 -184.6154 15.6956
v 119.5695 -184.6154 15.6342
v 116.9993 -184.6154 15.5376
v 114.4852 -184.6154 15.4065
v 112.0326 -184.6154 15.2416
v 109.6469 -184.6154 15.0439
v 107.3333 -184.6154 14.8149
v 105.0967 -184.6154 14.5557
v 102.9418 -184.6154 14.2682
v 100.8734 -184.6154 13.9541
v 98.8959 -184.6154 13.6154
v 97.0132 -184.6154 13.2541
v 95.2294 -184.6154 12.8724
v 93.5481 -184.6154 12.4727
v 91.9728 -184.6154 12.0573
v 90.5065 -184.6154 11.6286
v 89.1522 -184.6154 11.1889
v 87.9124 -184.6154 10.7405
v 86.7896 -184.6154 10.2858
v 85.7857 -184.6154 9.8270
v 84.9026 -184.6154 9.3660
v 84.1417 -184.6154 8.9048
v 83.5044 -184.6154 8.4452
v 82.9917 -184.6154 7.9886
v 82.6042 -184.6154 7.5364
v 82.3425 -184.6154 7.0897
v 82.2068 -184.6154 6.6493
v 82.1969 -184.6154 6.2157
v 82.3117 -184.6154 5.7975
v 82.5496 -184.6154 5.4030
v 82.9097 -184.6154 5.0324
v 83.3911 -184.6154 4.6857
v 83.9924 -184.6154 4.3631
v 84.7122 -184.6154 4.0645
v 85.5488 -184.6154 3.7900
v 86.5001 -184.6154 3.5395
v 87.5641 -184.6154 3.3130
v 88.7383 -184.6154 3.1101
v 90.0203 -184.6154 2.9308
v 91.4073 -184.6154 2.7746
v 92.8964 -184.6154 2.6412
v 94.4845 -184.6154 2.5300
v 96.1686 -184.6154 2.4403
v 97.9451 -184.6154 2.3715
v 99.8106 -184.6154 2.3227
v 101.7615 -184.6154 2.2929
v 103.7941 -184.6154 2.2810
v 105.9045 -184.6154 2.2858
v 108.0887 -184.6154 2.3061
v 110.3426 -184.6154 2.3404
v 112.6620 -184.6154 2.3873
v 115.0427 -184.6154 2.4452
v 117.4802 -184.6154 2.5124
v 119.9701 -184.6154 2.5874
v 122.5077 -184.6154 2.6685
v 125.0884 -184.6154 2.7540
v 127.7074 -184.6154 2.8422
v 130.3702 -184.6154 2.9325
v 133.0769 -184.6154 3.0316
v 135.8062 -184.6154 3.1400
v 138.5527 -184.6154 3.2567
v 141.3111 -184.6154 3.3803
v 144.0759 -184.6154 3.5099
v 146.8417 -184.6154 3.6443
v 149.6028 -184.6154 3.7825
v 152.3539 -184.6154 3.9234
v 155.0895 -184.6154 4.0662
v 157.8041 -184.6154 4.2099
v 160.4922 -184.6154 4.3540
v 163.1549 -184.6154 4.4978
v 165.8020 -184.6154 4.6523
v 168.4031 -184.6154 4.8224
v 170.9530 -184.6154 5.0067
v 173.4464 -184.6154 5.2037
v 175.8785 -184.6154 5.4116
v 178.2445 -184.6154 5.6289
v 180.5396 -184.6154 5.8539
v 182.7593 -184.6154 6.0848
v 184.8993 -184.6154 6.3199
v 186.9554 -184.6154 6.5574
v 188.9237 -184.6154 6.7955
v 190.8002 -184.6154 7.0323
v 192.5814 -184.6154 7.2660
v 194.2640 -184.6154 7.4949
v 195.8446 -184.6154 7.7172
v 197.3202 -184.6154 7.9312
v 198.6882 -184.6154 8.1350
v 199.9459 -184.6154 8.3273
v 201.0910 -184.6154 8.5063
v 202.1212 -184.6154 8.6707
v 203.0348 -184.6154 8.8191
v 203.8300 -184.6154 8.9503
v 204.5053 -184.6154 9.0632
v 205.0596 -184.6154 9.1569
v 205.4917 -184.6154 9.2306
v 205.8010 -184.6154 9.2837
v 205.9867 -184.6154 9.3158
v 206.0487 -184.6154 9.3265
v 219.6908 -230.7692 11.4661
v 219.6316 -230.7692 11.4704
v 219.4539 -230.7692 11.4830
v 219.1584 -230.7692 11.5042
v 218.7454 -230.7692 11.5337
v 218.2161 -230.7692 11.5718
v 217.5715 -230.7692 11.6183
v 216.8130 -230.7692 11.6732
v 215.9423 -230.7692 11.7367
v 214.9613 -230.7692 11.8086
v 213.8720 -230.7692 11.8892
v 212.6769 -230.7692 11.9783
v 211.3784 -230.7692 12.0761
v 209.9794 -230.7692 12.1826
v 208.4829 -230.7692 12.2979
v 206.8920 -230.7692 12.4221
v 205.2100 -230.7692 12.5553
v 203.4406 -230.7692 12.6975
v 201.5874 -230.7692 12.8489
v 199.6543 -230.7692 13.0095
v 197.6453 -230.7692 13.1793
v 195.5645 -230.7692 13.3584
v 193.4164 -230.7692 13.5468
v 191.2052 -230.7692 13.7444
v 188.9355 -230.7692 13.9511
v 186.6120 -230.7692 14.1667
v 184.2393 -230.7692 14.3910
v 181.8222 -230.7692 14.6236
v 179.3657 -230.7692 14.8641
v 176.8509 -230.7692 15.1071
v 174.2975 -230.7692 15.3397
v 171.7169 -230.7692 15.5602
v 169.1141 -230.7692 15.7674
v 166.4946 -230.7692 15.9599
v 163.8635 -230.7692 16.1367
v 161.2263 -230.7692 16.2965
v 158.5884 -230.7692 16.4384
v 155.9552 -230.7692 16.5612
v 153.3320 -230.7692 16.6640
v 150.7244 -230.7692 16.7459
v 148.1375 -230.7692 16.8061
v 145.5619 -230.7692 16.8418
v 143.0079 -230.7692 16.8446
v 140.4907 -230.7692 16.8138
v 138.0161 -230.7692 16.7496
v 135.5892 -230.7692 16.6523
v 133.2153 -230.7692 16.5225
v 130.8997 -230.7692 16.3610
v 128.6473 -230.7692 16.1687
v 126.4630 -230.7692 15.9469
v 124.3515 -230.7692 15.6969
v 122.3174 -230.7692 15.4202
v 120.3649 -230.7692 15.1187
v 118.4982 -230.7692 14.7941
v 116.7212 -230.7692 14.4485
v 115.0376 -230.7692 14.0839
v 113.4509 -230.7692 13.7024
v 111.9643 -230.7692 13.3064
v 110.5806 -230.7692 12.8981
v 109.3028 -230.7692 12.4796
v 108.1331 -230.7692 12.0533
v 107.0738 -230.7692 11.6213
v 106.1269 -230.7692 11.1856
v 105.2941 -230.7692 10.7481
v 104.5767 -230.7692 10.3108
v 103.9760 -230.7692 9.8753
v 103.4929 -230.7692 9.4429
v 103.1280 -230.7692 9.0150
v 102.8820 -230.7692 8.5925
v 102.7548 -230.7692 8.1763
v 102.7465 -230.7692 7.7668
v 102.8559 -230.7692 7.3722
v 103.0815 -230.7692 7.0002
v 103.4224 -230.7692 6.6511
v 103.8778 -230.7692 6.3248
v 104.4464 -230.7692 6.0216
v 105.1269 -230.7692 5.7413
v 105.9175 -230.7692 5.4841
v 106.8165 -230.7692 5.2498
v 107.8217 -230.7692 5.0384
v 108.9311 -230.7692 4.8497
v 110.1421 -230.7692 4.6834
v 111.4523 -230.7692 4.5392
v 112.8588 -230.7692 4.4167
v 114.3588 -230.7692 4.3155
v 115.9493 -230.7692 4.2348
v 117.6270 -230.7692 4.1741
v 119.3888 -230.7692 4.1324
v 121.2312 -230.7692 4.1089
v 123.1506 -230.7692 4.1024
v 125.1435 -230.7692 4.1120
v 127.2060 -230.7692 4.1363
v 129.3344 -230.7692 4.1741
v 131.5246 -230.7692 4.2238
v 133.7726 -230.7692 4.2841
v 136.0742 -230.7692 4.3534
v 138.4253 -230.7692 4.4302
v 140.8215 -230.7692 4.5128
v 143.2582 -230.7692 4.5996
v 145.7312 -230.7692 4.6892
v 148.2456 -230.7692 4.7807
v 150.8013 -230.7692 4.8807
v 153.3784 -230.7692 4.9896
v 155.9717 -230.7692 5.1062
v 158.5763 -230.7692 5.2296
v 161.1868 -230.7692 5.3585
v 163.7983 -230.7692 5.4920
v 166.4054 -230.7692 5.6290
v 169.0030 -230.7692 5.7686
v 171.5859 -230.7692 5.9099
v 174.1490 -230.7692 6.0521
v 176.6871 -230.7692 6.1945
v 179.2012 -230.7692 6.3366
v 181.7006 -230.7692 6.4888
v 184.1565 -230.7692 6.6557
v 186.5639 -230.7692 6.8358
v 188.9181 -230.7692 7.0276
v 191.2143 -230.7692 7.2298
v 193.4480 -230.7692 7.4406
v 195.6148 -230.7692 7.6585
v 197.7104 -230.7692 7.8819
v 199.7307 -230.7692 8.1089
v 201.6718 -230.7692 8.3381
v 203.5299 -230.7692 8.5675
v 205.3014 -230.7692 8.7956
v 206.9829 -230.7692 9.0206
v 208.5712 -230.7692 9.2407
v 210.0633 -230.7692 9.4544
v 211.4563 -230.7692 9.6599
v 212.7476 -230.7692 9.8557
v 213.9348 -230.7692 10.0402
v 215.0157 -230.7692 10.2120
v 215.9882 -230.7692 10.3697
v 216.8506 -230.7692 10.5120
v 217.6012 -230.7692 10.6378
v 218.2387 -230.7692 10.7460
v 218.7618 -230.7692 10.8358
v 219.1697 -230.7692 10.9064
v 219.4616 -230.7692 10.9573
v 219.6370 -230.7692 10.9880
v 219.6955 -230.7692 10.9983
v 233.3365 -276.9231 13.0972
v 233.2808 -276.9231 13.1011
v 233.1136 -276.9231 13.1126
v 232.8354 -276.9231 13.1317
v 232.4467 -276.9231 13.1585
v 231.9485 -276.9231 13.1929
v 231.3418 -276.9231 13.2351
v 230.6279 -276.9231 13.2849
v 229.8084 -276.9231 13.3424
v 228.8850 -276.9231 13.4077
v 227.8597 -276.9231 13.4807
v 226.7348 -276.9231 13.5616
v 225.5127 -276.9231 13.6504
v 224.1959 -276.9231 13.7471
v 222.7873 -276.9231 13.8518
v 221.2899 -276.9231 13.9647
v 219.7068 -276.9231 14.0858
v 218.0413 -276.9231 14.2152
v 216.2970 -276.9231 14.3530
v 214.4774 -276.9231 14.4993
v 212.5864 -276.9231 14.6540
v 210.6279 -276.9231 14.8174
v 208.6059 -276.9231 14.9892
v 206.5246 -276.9231 15.1696
v 204.3883 -276.9231 15.3584
v 202.2012 -276.9231 15.5555
v 199.9678 -276.9231 15.7606
v 197.6927 -276.9231 15.9734
v 195.3803 -276.9231 16.1936
v 193.0132 -276.9231 16.4159
v 190.6098 -276.9231 16.6284
v 188.1807 -276.9231 16.8294
v 185.7309 -276.9231 17.0178
v 183.2653 -276.9231 17.1925
v 180.7889 -276.9231 17.3522
v 178.3068 -276.9231 17.4960
v 175.8241 -276.9231 17.6229
v 173.3458 -276.9231 17.7318
v 170.8770 -276.9231 17.8220
v 168.4229 -276.9231 17.8925
v 165.9884 -276.9231 17.9426
v 163.5646 -276.9231 17.9697
v 161.1611 -276.9231 17.9660
v 158.7925 -276.9231 17.9307
v 156.4639 -276.9231 17.8641
v 154.1803 -276.9231 17.7664
v 151.9467 -276.9231 17.6383
v 149.7680 -276.9231 17.4805
v 147.6489 -276.9231 17.2939
v 145.5940 -276.9231 17.0796
v 143.6076 -276.9231 16.8391
v 141.6941 -276.9231 16.5737
v 139.8574 -276.9231 16.2850
v 138.1016 -276.9231 15.9749
v 136.4303 -276.9231 15.6451
v 134.8469 -276.9231 15.2978
v 133.3547 -276.9231 14.9349
v 131.9567 -276.9231 14.5585
v 130.6556 -276.9231 14.1707
v 129.4542 -276.9231 13.7737
v 128.3545 -276.9231 13.3696
v 127.3588 -276.9231 12.9604
v 126.4688 -276.9231 12.5480
v 125.6861 -276.9231 12.1343
v 125.0122 -276.9231 11.7209
v 124.4480 -276.9231 11.3095
v 123.9944 -276.9231 10.9015
v 123.6522 -276.9231 10.4978
v 123.4217 -276.9231 10.0997
v 123.3030 -276.9231 9.7076
v 123.2963 -276.9231 9.3223
v 123.4002 -276.9231 8.9512
v 123.6134 -276.9231 8.6017
v 123.9351 -276.9231 8.2740
v 124.3645 -276.9231 7.9682
v 124.9004 -276.9231 7.6842
v 125.5414 -276.9231 7.4222
v 126.2860 -276.9231 7.1822
v 127.1326 -276.9231 6.9639
v 128.0791 -276.9231 6.7675
v 129.1236 -276.9231 6.5927
v 130.2636 -276.9231 6.4392
v 131.4969 -276.9231 6.3068
v 132.8208 -276.9231 6.1951
v 134.2326 -276.9231 6.1036
v 135.7295 -276.9231 6.0317
v 137.3085 -276.9231 5.9787
v 138.9665 -276.9231 5.9439
v 140.7003 -276.9231 5.9264
v 142.5066 -276.9231 5.9252
v 144.3820 -276.9231 5.9392
v 146.3228 -276.9231 5.9673
v 148.3256 -276.9231 6.0082
v 150.3865 -276.9231 6.0605
v 152.5019 -276.9231 6.1229
v 154.6677 -276.9231 6.1939
v 156.8799 -276.9231 6.2720
v 159.1346 -276.9231 6.3558
v 161.4275 -276.9231 6.4436
v 163.7544 -276.9231 6.5341
v 166.1203 -276.9231 6.6266
v 168.5251 -276.9231 6.7270
v 170.9500 -276.9231 6.8360
v 173.3902 -276.9231 6.9523
v 175.8408 -276.9231 7.0749
v 178.2972 -276.9231 7.2028
v 180.7543 -276.9231 7.3349
v 183.2073 -276.9231 7.4704
v 185.6515 -276.9231 7.6083
v 188.0818 -276.9231 7.7478
v 190.4934 -276.9231 7.8880
v 192.8815 -276.9231 8.0284
v 195.2470 -276.9231 8.1685
v 197.5986 -276.9231 8.3179
v 199.9093 -276.9231 8.4811
v 202.1744 -276.9231 8.6567
v 204.3893 -276.9231 8.8431
v 206.5496 -276.9231 9.0391
v 208.6511 -276.9231 9.2431
v 210.6896 -276.9231 9.4536
v 212.6610 -276.9231 9.6691
v 214.5617 -276.9231 9.8878
v 216.3877 -276.9231 10.1083
v 218.1357 -276.9231 10.3289
v 219.8022 -276.9231 10.5480
v 221.3840 -276.9231 10.7640
v 222.8781 -276.9231 10.9751
v 224.2817 -276.9231 11.1799
v 225.5920 -276.9231 11.3768
v 226.8067 -276.9231 11.5643
v 227.9235 -276.9231 11.7409
v 228.9402 -276.9231 11.9053
v 229.8550 -276.9231 12.0561
v 230.6661 -276.9231 12.1922
v 231.3722 -276.9231 12.3124
v 231.9718 -276.9231 12.4159
v 232.4639 -276.9231 12.5017
v 232.8476 -276.9231 12.5692
v 233.1221 -276.9231 12.6178
v 233.2871 -276.9231 12.6472
v 233.3421 -276.9231 12.6570
v 246.9823 -323.0769 14.7114
v 246.9300 -323.0769 14.7148
v 246.7733 -323.0769 14.7251
v 246.5125 -323.0769 14.7423
v 246.1481 -323.0769 14.7664
v 245.6810 -323.0769 14.7974
v 245.1122 -323.0769 14.8353
v 244.4429 -323.0769 14.8801
v 243.6746 -323.0769 14.9319
v 242.8089 -323.0769 14.9906
v 241.8477 -323.0769 15.0564
v 240.7930 -323.0769 15.1292
v 239.6472 -323.0769 15.2092
v 238.4127 -323.0769 15.2964
v 237.0921 -323.0769 15.3909
v 235.6881 -323.0769 15.4928
v 234.2039 -323.0769 15.6021
v 232.6424 -323.0769 15.7190
v 231.0070 -323.0769 15.8436
v 229.3011 -323.0769 15.9759
v 227.5282 -323.0769 16.1160
v 225.6919 -323.0769 16.2640
v 223.7962 -323.0769 16.4198
v 221.8448 -323.0769 16.5834
v 219.8418 -323.0769 16.7547
v 217.7912 -323.0769 16.9337
v 215.6972 -323.0769 17.1201
v 213.5640 -323.0769 17.3136
v 211.3960 -323.0769 17.5139
v 209.1766 -323.0769 17.7161
v 206.9232 -323.0769 17.9089
v 204.6458 -323.0769 18.0909
v 202.3490 -323.0769 18.2611
v 200.0374 -323.0769 18.4183
v 197.7157 -323.0769 18.5615
v 195.3887 -323.0769 18.6898
v 193.0612 -323.0769 18.8022
v 190.7379 -323.0769 18.8978
v 188.4236 -323.0769 18.9758
v 186.1230 -323.0769 19.0354
v 183.8409 -323.0769 19.0760
v 181.5689 -323.0769 19.0950
v 179.3160 -323.0769 19.0852
v 177.0959 -323.0769 19.0459
v 174.9133 -323.0769 18.9773
v 172.7731 -323.0769 18.8798
v 170.6798 -323.0769 18.7538
v 168.6380 -323.0769 18.6001
v 166.6521 -323.0769 18.4196
v 164.7265 -323.0769 18.2134
v 162.8652 -323.0769 17.9827
v 161.0722 -323.0769 17.7289
v 159.3514 -323.0769 17.4535
v 157.7064 -323.0769 17.1582
v 156.1407 -323.0769 16.8447
v 154.6574 -323.0769 16.5149
v 153.2596 -323.0769 16.1708
v 151.9502 -323.0769 15.8143
v 150.7317 -323.0769 15.4475
v 149.6065 -323.0769 15.0722
v 148.5769 -323.0769 14.6905
v 147.6446 -323.0769 14.3043
v 146.8115 -323.0769 13.9154
v 146.0789 -323.0769 13.5255
v 145.4482 -323.0769 13.1363
v 144.9205 -323.0769 12.7492
v 144.4964 -323.0769 12.3655
v 144.1767 -323.0769 11.9863
v 143.9617 -323.0769 11.6124
v 143.8515 -323.0769 11.2447
v 143.8462 -323.0769 10.8835
v 143.9446 -323.0769 10.5359
v 144.1453 -323.0769 10.2089
v 144.4478 -323.0769 9.9025
v 144.8510 -323.0769 9.6170
v 145.3541 -323.0769 9.3522
v 145.9556 -323.0769 9.1083
v 146.6543 -323.0769 8.8852
v 147.4483 -323.0769 8.6829
v 148.3361 -323.0769 8.5013
v 149.3155 -323.0769 8.3402
v 150.3846 -323.0769 8.1993
v 151.5409 -323.0769 8.0785
v 152.7822 -323.0769 7.9773
v 154.1058 -323.0769 7.8952
v 155.5091 -323.0769 7.8317
v 156.9893 -323.0769 7.7862
v 158.5435 -323.0769 7.7580
v 160.1688 -323.0769 7.7461
v 161.8619 -323.0769 7.7497
v 163.6197 -323.0769 7.7678
v 165.4389 -323.0769 7.7992
v 167.3161 -323.0769 7.8428
v 169.2478 -323.0769 7.8973
v 171.2304 -323.0769 7.9613
v 173.2603 -323.0769 8.0335
v 175.3338 -323.0769 8.1126
v 177.4470 -323.0769 8.1970
v 179.5960 -323.0769 8.2854
v 181.7769 -323.0769 8.3763
v 183.9943 -323.0769 8.4692
v 186.2482 -323.0769 8.5697
v 188.5209 -323.0769 8.6782
v 190.8079 -323.0769 8.7937
v 193.1047 -323.0769 8.9151
v 195.4068 -323.0769 9.0414
v 197.7096 -323.0769 9.1717
v 200.0086 -323.0769 9.3052
v 202.2992 -323.0769 9.4409
v 204.5769 -323.0769 9.5780
v 206.8371 -323.0769 9.7158
v 209.0752 -323.0769 9.8537
v 211.2921 -323.0769 9.9912
v 213.4960 -323.0769 10.1375
v 215.6615 -323.0769 10.2965
v 217.7842 -323.0769 10.4670
v 219.8598 -323.0769 10.6476
v 221.8843 -323.0769 10.8370
v 223.8536 -323.0769 11.0338
v 225.7638 -323.0769 11.2365
v 227.6112 -323.0769 11.4436
v 229.3922 -323.0769 11.6536
v 231.1033 -323.0769 11.8651
v 232.7411 -323.0769 12.0765
v 234.3026 -323.0769 12.2862
v 235.7848 -323.0769 12.4928
v 237.1847 -323.0769 12.6947
v 238.4998 -323.0769 12.8904
v 239.7276 -323.0769 13.0784
v 240.8657 -323.0769 13.2573
v 241.9120 -323.0769 13.4258
v 242.8646 -323.0769 13.5825
v 243.7216 -323.0769 13.7263
v 244.4816 -323.0769 13.8560
v 245.1431 -323.0769 13.9706
v 245.7049 -323.0769 14.0691
v 246.1660 -323.0769 14.1509
v 246.5254 -323.0769 14.2151
v 246.7826 -323.0769 14.2614
v 246.9372 -323.0769 14.2893
v 246.9887 -323.0769 14.2987
v 260.6284 -369.2308 16.3053
v 260.5796 -369.2308 16.3084
v 260.4333 -369.2308 16.3176
v 260.1899 -369.2308 16.3329
v 259.8498 -369.2308 16.3544
v 259.4138 -369.2308 16.3821
v 258.8829 -369.2308 16.4159
v 258.2582 -369.2308 16.4558
v 257.5411 -369.2308 16.5021
v 256.7331 -369.2308 16.5545
v 255.8360 -369.2308 16.6133
v 254.8516 -369.2308 16.6784
v 253.7822 -369.2308 16.7499
v 252.6299 -369.2308 16.8279
v 251.3973 -369.2308 16.9124
v 250.0870 -369.2308 17.0036
v 248.7016 -369.2308 17.1016
v 247.2442 -369.2308 17.2064
v 245.7177 -369.2308 17.3182
v 244.1255 -369.2308 17.4370
v 242.4707 -369.2308 17.5629
v 240.7568 -369.2308 17.6960
v 238.9873 -369.2308 17.8362
v 237.1659 -369.2308 17.9835
v 235.2963 -369.2308 18.1379
v 233.3823 -369.2308 18.2993
v 231.4277 -369.2308 18.4675
v 229.4366 -369.2308 18.6423
v 227.4129 -369.2308 18.8233
v 225.3413 -369.2308 19.0058
v 223.2380 -369.2308 19.1796
v 221.1123 -369.2308 19.3433
v 218.9686 -369.2308 19.4958
v 216.8110 -369.2308 19.6361
v 214.6442 -369.2308 19.7634
v 212.4724 -369.2308 19.8768
v 210.3001 -369.2308 19.9753
v 208.1318 -369.2308 20.0582
v 205.9720 -369.2308 20.1246
v 203.8250 -369.2308 20.1740
v 201.6954 -369.2308 20.2056
v 199.5751 -369.2308 20.2172
v 197.4728 -369.2308 20.2019
v 195.4012 -369.2308 20.1591
v 193.3647 -369.2308 20.0891
v 191.3678 -369.2308 19.9923
v 189.4147 -369.2308 19.8690
v 187.5099 -369.2308 19.7200
v 185.6572 -369.2308 19.5461
v 183.8608 -369.2308 19.3485
v 182.1246 -369.2308 19.1281
v 180.4522 -369.2308 18.8863
v 178.8471 -369.2308 18.6246
v 177.3129 -369.2308 18.3445
v 175.8526 -369.2308 18.0477
v 174.4694 -369.2308 17.7360
v 173.1660 -369.2308 17.4110
v 171.9451 -369.2308 17.0748
v 170.8090 -369.2308 16.7291
v 169.7601 -369.2308 16.3758
v 168.8003 -369.2308 16.0168
v 167.9314 -369.2308 15.6539
v 167.1550 -369.2308 15.2887
v 166.4725 -369.2308 14.9229
v 165.8850 -369.2308 14.5580
v 165.3936 -369.2308 14.1953
v 164.9989 -369.2308 13.8361
v 164.7016 -369.2308 13.4813
v 164.5019 -369.2308 13.1319
v 164.4002 -369.2308 12.7884
v 164.3962 -369.2308 12.4513
v 164.4890 -369.2308 12.1272
v 164.6772 -369.2308 11.8226
v 164.9602 -369.2308 11.5376
v 165.3373 -369.2308 11.2722
v 165.8075 -369.2308 11.0266
v 166.3695 -369.2308 10.8006
v 167.0220 -369.2308 10.5943
v 167.7636 -369.2308 10.4077
v 168.5925 -369.2308 10.2407
v 169.5069 -369.2308 10.0930
v 170.5049 -369.2308 9.9645
v 171.5843 -369.2308 9.8549
v 172.7428 -369.2308 9.7638
v 173.9782 -369.2308 9.6908
v 175.2879 -369.2308 9.6354
v 176.6693 -369.2308 9.5970
v 178.1197 -369.2308 9.5749
v 179.6364 -369.2308 9.5683
v 181.2163 -369.2308 9.5763
v 182.8566 -369.2308 9.5980
v 184.5541 -369.2308 9.6323
v 186.3057 -369.2308 9.6780
v 188.1081 -369.2308 9.7342
v 189.9581 -369.2308 9.7993
v 191.8521 -369.2308 9.8723
v 193.7868 -369.2308 9.9517
v 195.7585 -369.2308 10.0363
v 197.7636 -369.2308 10.1247
v 199.7985 -369.2308 10.2155
v 201.8675 -369.2308 10.3082
v 203.9704 -369.2308 10.4082
v 206.0909 -369.2308 10.5156
v 208.2247 -369.2308 10.6296
v 210.3677 -369.2308 10.7492
v 212.5156 -369.2308 10.8733
v 214.6641 -369.2308 11.0013
v 216.8091 -369.2308 11.1321
v 218.9463 -369.2308 11.2649
v 221.0713 -369.2308 11.3991
v 223.1800 -369.2308 11.5339
v 225.2682 -369.2308 11.6687
v 227.3366 -369.2308 11.8031
v 229.3928 -369.2308 11.9456
v 231.4131 -369.2308 12.0999
v 233.3934 -369.2308 12.2648
v 235.3298 -369.2308 12.4391
v 237.2185 -369.2308 12.6213
v 239.0556 -369.2308 12.8103
v 240.8376 -369.2308 13.0047
v 242.5610 -369.2308 13.2030
v 244.2223 -369.2308 13.4039
v 245.8184 -369.2308 13.6059
v 247.3463 -369.2308 13.8076
v 248.8028 -369.2308 14.0076
v 250.1853 -369.2308 14.2044
v 251.4911 -369.2308 14.3966
v 252.7178 -369.2308 14.5828
v 253.8630 -369.2308 14.7616
v 254.9245 -369.2308 14.9317
v 255.9005 -369.2308 15.0918
v 256.7889 -369.2308 15.2407
v 257.5883 -369.2308 15.3772
v 258.2972 -369.2308 15.5003
v 258.9141 -369.2308 15.6090
v 259.4381 -369.2308 15.7025
v 259.8681 -369.2308 15.7800
v 260.2034 -369.2308 15.8410
v 260.4433 -369.2308 15.8849
v 260.5874 -369.2308 15.9114
v 260.6355 -369.2308 15.9202
v 274.2749 -415.3846 17.8765
v 274.2296 -415.3846 17.8792
v 274.0938 -415.3846 17.8873
v 273.8677 -415.3846 17.9009
v 273.5519 -415.3846 17.9199
v 273.1471 -415.3846 17.9443
v 272.6541 -415.3846 17.9742
v 272.0741 -415.3846 18.0095
v 271.4082 -415.3846 18.0504
v 270.6579 -415.3846 18.0968
v 269.8249 -415.3846 18.1488
v 268.9108 -415.3846 18.2065
v 267.9178 -415.3846 18.2699
v 266.8479 -415.3846 18.3390
v 265.7033 -415.3846 18.4140
v 264.4865 -415.3846 18.4950
v 263.2001 -415.3846 18.5821
v 261.8468 -415.3846 18.6753
v 260.4294 -415.3846 18.7747
v 258.9508 -415.3846 18.8805
v 257.4142 -415.3846 18.9927
v 255.8227 -415.3846 19.1114
v 254.1795 -415.3846 19.2366
v 252.4882 -415.3846 19.3682
v 250.7520 -415.3846 19.5063
v 248.9746 -415.3846 19.6507
v 247.1596 -415.3846 19.8014
v 245.3106 -415.3846 19.9580
v 243.4314 -415.3846 20.1203
v 241.5076 -415.3846 20.2839
v 239.5545 -415.3846 20.4393
v 237.5806 -415.3846 20.5853
v 235.5900 -415.3846 20.7208
v 233.5866 -415.3846 20.8450
v 231.5746 -415.3846 20.9571
v 229.5580 -415.3846 21.0561
v 227.5410 -415.3846 21.1415
v 225.5278 -415.3846 21.2123
v 223.5225 -415.3846 21.2679
v 221.5292 -415.3846 21.3076
v 219.5520 -415.3846 21.3310
v 217.5836 -415.3846 21.3357
v 215.6319 -415.3846 21.3156
v 213.7087 -415.3846 21.2701
v 211.8183 -415.3846 21.1993
v 209.9647 -415.3846 21.1038
v 208.1519 -415.3846 20.9838
v 206.3839 -415.3846 20.8401
v 204.6644 -415.3846 20.6735
v 202.9973 -415.3846 20.4849
v 201.3860 -415.3846 20.2754
v 199.8340 -415.3846 20.0462
v 198.3447 -415.3846 19.7987
v 196.9212 -415.3846 19.5344
v 195.5663 -415.3846 19.2547
v 194.2831 -415.3846 18.9613
v 193.0739 -415.3846 18.6560
v 191.9414 -415.3846 18.3404
v 190.8877 -415.3846 18.0163
v 189.9149 -415.3846 17.6853
v 189.0248 -415.3846 17.3493
v 188.2192 -415.3846 17.0099
v 187.4994 -415.3846 16.6687
v 186.8668 -415.3846 16.3272
v 186.3225 -415.3846 15.9868
v 185.8673 -415.3846 15.6487
v 185.5019 -415.3846 15.3141
v 185.2269 -415.3846 14.9839
v 185.0425 -415.3846 14.6589
v 184.9490 -415.3846 14.3397
v 184.9463 -415.3846 14.0268
v 185.0333 -415.3846 13.7262
v 185.2089 -415.3846 13.4439
v 185.4725 -415.3846 13.1801
v 185.8233 -415.3846 12.9348
v 186.2605 -415.3846 12.7081
v 186.7829 -415.3846 12.4999
v 187.3893 -415.3846 12.3102
v 188.0783 -415.3846 12.1391
v 188.8483 -415.3846 11.9863
v 189.6976 -415.3846 11.8518
v 190.6245 -415.3846 11.7353
v 191.6268 -415.3846 11.6366
v 192.7027 -415.3846 11.5553
v 193.8498 -415.3846 11.4911
v 195.0658 -415.3846 11.4433
v 196.3484 -415.3846 11.4116
v 197.6950 -415.3846 11.3951
v 199.1030 -415.3846 11.3933
v 200.5698 -415.3846 11.4052
v 202.0925 -415.3846 11.4299
v 203.6683 -415.3846 11.4666
v 205.2943 -415.3846 11.5140
v 206.9675 -415.3846 11.5712
v 208.6848 -415.3846 11.6369
v 210.4429 -415.3846 11.7100
v 212.2388 -415.3846 11.7892
v 214.0690 -415.3846 11.8733
v 215.9303 -415.3846 11.9610
v 217.8192 -415.3846 12.0510
v 219.7397 -415.3846 12.1430
v 221.6918 -415.3846 12.2417
v 223.6600 -415.3846 12.3475
v 225.6407 -415.3846 12.4593
v 227.6298 -415.3846 12.5763
v 229.6235 -415.3846 12.6977
v 231.6178 -415.3846 12.8225
v 233.6088 -415.3846 12.9500
v 235.5925 -415.3846 13.0794
v 237.5650 -415.3846 13.2100
v 239.5223 -415.3846 13.3411
v 241.4605 -415.3846 13.4721
v 243.3803 -415.3846 13.6027
v 245.2889 -415.3846 13.7408
v 247.1640 -415.3846 13.8898
v 249.0021 -415.3846 14.0485
v 250.7993 -415.3846 14.2157
v 252.5521 -415.3846 14.3903
v 254.2571 -415.3846 14.5709
v 255.9109 -415.3846 14.7564
v 257.5103 -415.3846 14.9453
v 259.0521 -415.3846 15.1365
v 260.5333 -415.3846 15.3286
v 261.9511 -415.3846 15.5202
v 263.3028 -415.3846 15.7100
v 264.5857 -415.3846 15.8966
v 265.7975 -415.3846 16.0787
v 266.9358 -415.3846 16.2550
v 267.9984 -415.3846 16.4243
v 268.9835 -415.3846 16.5852
v 269.8890 -415.3846 16.7365
v 270.7135 -415.3846 16.8772
v 271.4552 -415.3846 17.0062
v 272.1129 -415.3846 17.1225
v 272.6854 -415.3846 17.2252
v 273.1716 -415.3846 17.3135
v 273.5706 -415.3846 17.3867
v 273.8816 -415.3846 17.4442
v 274.1042 -415.3846 17.4857
v 274.2380 -415.3846 17.5107
v 274.2826 -415.3846 17.5190
v 287.9220 -461.5385 19.4226
v 287.8802 -461.5385 19.4249
v 287.7548 -461.5385 19.4320
v 287.5462 -461.5385 19.4439
v 287.2547 -461.5385 19.4605
v 286.8810 -461.5385 19.4819
v 286.4260 -461.5385 19.5080
v 285.8906 -461.5385 19.5390
v 285.2760 -461.5385 19.5748
v 284.5834 -461.5385 19.6154
v 283.8145 -461.5385 19.6610
v 282.9708 -461.5385 19.7115
v 282.0542 -461.5385 19.7671
v 281.0666 -461.5385 19.8278
v 280.0102 -461.5385 19.8938
v 278.8870 -461.5385 19.9650
v 277.6996 -461.5385 20.0416
v 276.4504 -461.5385 20.1237
v 275.1421 -461.5385 20.2113
v 273.7773 -461.5385 20.3047
v 272.3589 -461.5385 20.4038
v 270.8898 -461.5385 20.5086
v 269.3731 -461.5385 20.6194
v 267.8118 -461.5385 20.7360
v 266.2092 -461.5385 20.8584
v 264.5686 -461.5385 20.9865
v 262.8931 -461.5385 21.1202
v 261.1863 -461.5385 21.2594
v 259.4516 -461.5385 21.4037
v 257.6758 -461.5385 21.5492
v 255.8729 -461.5385 21.6869
v 254.0509 -461.5385 21.8159
v 252.2134 -461.5385 21.9351
v 250.3642 -461.5385 22.0440
v 248.5071 -461.5385 22.1415
v 246.6459 -461.5385 22.2271
v 244.7843 -461.5385 22.3000
v 242.9262 -461.5385 22.3595
v 241.0754 -461.5385 22.4050
v 239.2357 -461.5385 22.4359
v 237.4110 -461.5385 22.4517
v 235.5944 -461.5385 22.4504
v 233.7934 -461.5385 22.4261
v 232.0188 -461.5385 22.3785
v 230.2744 -461.5385 22.3078
v 228.5641 -461.5385 22.2142
v 226.8915 -461.5385 22.0982
v 225.2603 -461.5385 21.9605
v 223.6740 -461.5385 21.8017
v 222.1360 -461.5385 21.6228
v 220.6496 -461.5385 21.4248
v 219.2181 -461.5385 21.2088
v 217.8444 -461.5385 20.9761
v 216.5314 -461.5385 20.7280
v 215.2819 -461.5385 20.4660
v 214.0985 -461.5385 20.1916
v 212.9835 -461.5385 19.9063
v 211.9393 -461.5385 19.6117
v 210.9678 -461.5385 19.3095
v 210.0710 -461.5385 19.0013
v 209.2506 -461.5385 18.6886
v 208.5081 -461.5385 18.3731
v 207.8449 -461.5385 18.0561
v 207.2621 -461.5385 17.7391
v 206.7607 -461.5385 17.4233
v 206.3416 -461.5385 17.1100
v 206.0054 -461.5385 16.8002
v 205.7526 -461.5385 16.4947
v 205.5834 -461.5385 16.1942
v 205.4980 -461.5385 15.8994
v 205.4964 -461.5385 15.6106
v 205.5776 -461.5385 15.3334
v 205.7405 -461.5385 15.0735
v 205.9845 -461.5385 14.8308
v 206.3089 -461.5385 14.6054
v 206.7130 -461.5385 14.3974
v 207.1957 -461.5385 14.2068
v 207.7559 -461.5385 14.0336
v 208.3922 -461.5385 13.8776
v 209.1033 -461.5385 13.7389
v 209.8875 -461.5385 13.6172
v 210.7431 -461.5385 13.5124
v 211.6685 -461.5385 13.4242
v 212.6615 -461.5385 13.3523
v 213.7203 -461.5385 13.2963
v 214.8427 -461.5385 13.2558
v 216.0264 -461.5385 13.2303
v 217.2691 -461.5385 13.2190
v 218.5686 -461.5385 13.2214
v 219.9221 -461.5385 13.2366
v 221.3273 -461.5385 13.2639
v 222.7814 -461.5385 13.3022
v 224.2819 -461.5385 13.3508
v 225.8258 -461.5385 13.4084
v 227.4104 -461.5385 13.4740
v 229.0327 -461.5385 13.5466
v 230.6897 -461.5385 13.6249
v 232.3785 -461.5385 13.7078
v 234.0960 -461.5385 13.7941
v 235.8388 -461.5385 13.8827
v 237.6109 -461.5385 13.9731
v 239.4121 -461.5385 14.0699
v 241.2282 -461.5385 14.1732
v 243.0557 -461.5385 14.2822
v 244.8911 -461.5385 14.3960
v 246.7306 -461.5385 14.5137
v 248.5707 -461.5385 14.6347
v 250.4077 -461.5385 14.7582
v 252.2379 -461.5385 14.8833
v 254.0579 -461.5385 15.0096
v 255.8638 -461.5385 15.1362
v 257.6521 -461.5385 15.2627
v 259.4234 -461.5385 15.3888
v 261.1843 -461.5385 15.5218
v 262.9144 -461.5385 15.6648
v 264.6101 -461.5385 15.8165
v 266.2682 -461.5385 15.9761
v 267.8853 -461.5385 16.1423
v 269.4583 -461.5385 16.3139
v 270.9839 -461.5385 16.4899
v 272.4593 -461.5385 16.6689
v 273.8816 -461.5385 16.8498
v 275.2480 -461.5385 17.0314
v 276.5559 -461.5385 17.2123
v 277.8027 -461.5385 17.3914
v 278.9861 -461.5385 17.5673
v 280.1039 -461.5385 17.7389
v 281.1538 -461.5385 17.9049
v 282.1340 -461.5385 18.0642
v 283.0426 -461.5385 18.2155
v 283.8778 -461.5385 18.3578
v 284.6382 -461.5385 18.4901
v 285.3224 -461.5385 18.6113
v 285.9290 -461.5385 18.7205
v 286.4570 -461.5385 18.8169
v 286.9054 -461.5385 18.8998
v 287.2734 -461.5385 18.9685
v 287.5603 -461.5385 19.0225
v 287.7657 -461.5385 19.0614
v 287.8890 -461.5385 19.0849
v 287.9301 -461.5385 19.0927
v 301.5700 -507.6923 20.9415
v 301.5316 -507.6923 20.9436
v 301.4167 -507.6923 20.9497
v 301.2255 -507.6923 20.9600
v 300.9583 -507.6923 20.9743
v 300.6158 -507.6923 20.9928
v 300.1988 -507.6923 21.0154
v 299.7080 -507.6923 21.0422
v 299.1447 -507.6923 21.0732
v 298.5099 -507.6923 21.1084
v 297.8051 -507.6923 21.1478
v 297.0318 -507.6923 21.1917
v 296.1917 -507.6923 21.2399
v 295.2865 -507.6923 21.2926
v 294.3181 -507.6923 21.3498
v 293.2887 -507.6923 21.4118
v 292.2003 -507.6923 21.4784
v 291.0553 -507.6923 21.5500
v 289.8561 -507.6923 21.6264
v 288.6051 -507.6923 21.7079
v 287.3050 -507.6923 21.7945
v 285.9584 -507.6923 21.8862
v 284.5682 -507.6923 21.9832
v 283.1371 -507.6923 22.0854
v 281.6681 -507.6923 22.1928
v 280.1642 -507.6923 22.3054
v 278.6285 -507.6923 22.4229
v 277.0640 -507.6923 22.5454
v 275.4738 -507.6923 22.6725
v 273.8460 -507.6923 22.8005
v 272.1935 -507.6923 22.9214
v 270.5234 -507.6923 23.0342
v 268.8392 -507.6923 23.1380
v 267.1442 -507.6923 23.2322
v 265.4421 -507.6923 23.3161
v 263.7362 -507.6923 23.3890
v 262.0300 -507.6923 23.4503
v 260.3271 -507.6923 23.4993
v 258.6309 -507.6923 23.5355
v 256.9449 -507.6923 23.5584
v 255.2727 -507.6923 23.5675
v 253.6080 -507.6923 23.5608
v 251.9576 -507.6923 23.5332
v 250.3315 -507.6923 23.4843
v 248.7331 -507.6923 23.4143
v 247.1661 -507.6923 23.3235
v 245.6337 -507.6923 23.2122
v 244.1392 -507.6923 23.0812
v 242.6860 -507.6923 22.9310
v 241.2771 -507.6923 22.7625
v 239.9156 -507.6923 22.5766
v 238.6044 -507.6923 22.3744
v 237.3462 -507.6923 22.1571
v 236.1438 -507.6923 21.9258
v 234.9995 -507.6923 21.6820
v 233.9159 -507.6923 21.4270
v 232.8950 -507.6923 21.1622
v 231.9389 -507.6923 20.8892
v 231.0495 -507.6923 20.6094
v 230.2286 -507.6923 20.3243
v 229.4777 -507.6923 20.0353
v 228.7982 -507.6923 19.7439
v 228.1914 -507.6923 19.4515
v 227.6583 -507.6923 19.1593
v 227.1998 -507.6923 18.8684
v 226.8166 -507.6923 18.5800
v 226.5094 -507.6923 18.2951
v 226.2786 -507.6923 18.0144
v 226.1245 -507.6923 17.7385
v 226.0471 -507.6923 17.4681
v 226.0465 -507.6923 17.2034
v 226.1217 -507.6923 16.9497
v 226.2717 -507.6923 16.7119
v 226.4961 -507.6923 16.4903
v 226.7941 -507.6923 16.2847
v 227.1650 -507.6923 16.0953
v 227.6079 -507.6923 15.9221
v 228.1218 -507.6923 15.7650
v 228.7054 -507.6923 15.6239
v 229.3574 -507.6923 15.4989
v 230.0764 -507.6923 15.3897
v 230.8608 -507.6923 15.2962
v 231.7091 -507.6923 15.2182
v 232.6193 -507.6923 15.1552
v 233.5898 -507.6923 15.1071
v 234.6184 -507.6923 15.0733
v 235.7032 -507.6923 15.0534
v 236.8421 -507.6923 15.0468
v 238.0329 -507.6923 15.0528
v 239.2733 -507.6923 15.0708
v 240.5609 -507.6923 15.0999
v 241.8934 -507.6923 15.1394
v 243.2682 -507.6923 15.1883
v 244.6829 -507.6923 15.2457
v 246.1348 -507.6923 15.3106
v 247.6212 -507.6923 15.3819
v 249.1396 -507.6923 15.4586
v 250.6869 -507.6923 15.5396
v 252.2605 -507.6923 15.6238
v 253.8574 -507.6923 15.7101
v 255.4811 -507.6923 15.7983
v 257.1314 -507.6923 15.8923
v 258.7954 -507.6923 15.9924
v 260.4698 -507.6923 16.0976
v 262.1513 -507.6923 16.2074
v 263.8367 -507.6923 16.3208
v 265.5226 -507.6923 16.4371
v 267.2057 -507.6923 16.5557
v 268.8826 -507.6923 16.6758
v 270.5500 -507.6923 16.7969
v 272.2045 -507.6923 16.9183
v 273.8430 -507.6923 17.0396
v 275.4658 -507.6923 17.1604
v 277.0791 -507.6923 17.2875
v 278.6641 -507.6923 17.4236
v 280.2177 -507.6923 17.5678
v 281.7367 -507.6923 17.7189
v 283.2181 -507.6923 17.8760
v 284.6590 -507.6923 18.0379
v 286.0566 -507.6923 18.2037
v 287.4081 -507.6923 18.3722
v 288.7110 -507.6923 18.5422
v 289.9626 -507.6923 18.7126
v 291.1606 -507.6923 18.8823
v 292.3027 -507.6923 19.0501
v 293.3866 -507.6923 19.2148
v 294.4104 -507.6923 19.3754
v 295.3721 -507.6923 19.5307
v 296.2699 -507.6923 19.6795
v 297.1020 -507.6923 19.8209
v 297.8670 -507.6923 19.9538
v 298.5635 -507.6923 20.0773
v 299.1901 -507.6923 20.1904
v 299.7457 -507.6923 20.2923
v 300.2292 -507.6923 20.3822
v 300.6399 -507.6923 20.4595
v 300.9769 -507.6923 20.5235
v 301.2397 -507.6923 20.5739
v 301.4277 -507.6923 20.6101
v 301.5407 -507.6923 20.6320
v 301.5784 -507.6923 20.6393
v 315.2189 -553.8462 22.4316
v 315.1841 -553.8462 22.4334
v 315.0796 -553.8462 22.4386
v 314.9058 -553.8462 22.4473
v 314.6630 -553.8462 22.4596
v 314.3517 -553.8462 22.4753
v 313.9726 -553.8462 22.4946
v 313.5265 -553.8462 22.5174
v 313.0145 -553.8462 22.5439
v 312.4375 -553.8462 22.5739
v 311.7969 -553.8462 22.6077
v 311.0941 -553.8462 22.6452
v 310.3304 -553.8462 22.6865
v 309.5076 -553.8462 22.7316
v 308.6274 -553.8462 22.7807
v 307.6917 -553.8462 22.8339
v 306.7024 -553.8462 22.8912
v 305.6617 -553.8462 22.9527
v 304.5716 -553.8462 23.0185
v 303.4345 -553.8462 23.0888
v 302.2527 -553.8462 23.1636
v 301.0287 -553.8462 23.2429
v 299.7650 -553.8462 23.3268
v 298.4642 -553.8462 23.4153
v 297.1289 -553.8462 23.5085
v 295.7618 -553.8462 23.6062
v 294.3658 -553.8462 23.7084
v 292.9437 -553.8462 23.8150
v 291.4982 -553.8462 23.9257
v 290.0185 -553.8462 24.0371
v 288.5163 -553.8462 24.1419
v 286.9983 -553.8462 24.2394
v 285.4674 -553.8462 24.3286
v 283.9268 -553.8462 24.4091
v 282.3797 -553.8462 24.4802
v 280.8292 -553.8462 24.5413
v 279.2785 -553.8462 24.5918
v 277.7307 -553.8462 24.6312
v 276.1892 -553.8462 24.6590
v 274.6570 -553.8462 24.6747
v 273.1373 -553.8462 24.6778
v 271.6245 -553.8462 24.6668
v 270.1247 -553.8462 24.6367
v 268.6471 -553.8462 24.5874
v 267.1948 -553.8462 24.5189
v 265.7709 -553.8462 24.4316
v 264.3786 -553.8462 24.3259
v 263.0209 -553.8462 24.2022
v 261.7007 -553.8462 24.0613
v 260.4209 -553.8462 23.9039
v 259.1842 -553.8462 23.7309
v 257.9932 -553.8462 23.5432
v 256.8504 -553.8462 23.3419
v 255.7584 -553.8462 23.1281
v 254.7193 -553.8462 22.9030
v 253.7352 -553.8462 22.6680
v 252.8082 -553.8462 22.4243
v 251.9402 -553.8462 22.1733
v 251.1328 -553.8462 21.9163
v 250.3877 -553.8462 21.6547
v 249.7062 -553.8462 21.3899
v 249.0896 -553.8462 21.1230
v 248.5390 -553.8462 20.8554
v 248.0553 -553.8462 20.5882
v 247.6395 -553.8462 20.3225
v 247.2922 -553.8462 20.0593
v 247.0139 -553.8462 19.7994
v 246.8050 -553.8462 19.5436
v 246.6658 -553.8462 19.2924
v 246.5963 -553.8462 19.0465
v 246.5965 -553.8462 18.8059
v 246.6657 -553.8462 18.5756
v 246.8027 -553.8462 18.3600
v 247.0073 -553.8462 18.1592
v 247.2787 -553.8462 17.9733
v 247.6164 -553.8462 17.8023
v 248.0194 -553.8462 17.6462
v 248.4869 -553.8462 17.5050
v 249.0176 -553.8462 17.3786
v 249.6105 -553.8462 17.2669
v 250.2643 -553.8462 17.1699
v 250.9775 -553.8462 17.0873
v 251.7485 -553.8462 17.0189
v 252.5760 -553.8462 16.9645
v 253.4580 -553.8462 16.9237
v 254.3929 -553.8462 16.8961
v 255.3788 -553.8462 16.8812
v 256.4139 -553.8462 16.8787
v 257.4960 -553.8462 16.8878
v 258.6231 -553.8462 16.9078
v 259.7932 -553.8462 16.9382
v 261.0040 -553.8462 16.9782
v 262.2533 -553.8462 17.0268
v 263.5387 -553.8462 17.0832
v 264.8580 -553.8462 17.1466
v 266.2086 -553.8462 17.2159
v 267.5882 -553.8462 17.2901
v 268.9941 -553.8462 17.3684
v 270.4239 -553.8462 17.4497
v 271.8749 -553.8462 17.5330
v 273.3502 -553.8462 17.6180
v 274.8496 -553.8462 17.7085
v 276.3615 -553.8462 17.8045
v 277.8828 -553.8462 17.9052
v 279.4107 -553.8462 18.0100
v 280.9420 -553.8462 18.1182
v 282.4737 -553.8462 18.2290
v 284.0029 -553.8462 18.3418
v 285.5264 -553.8462 18.4561
v 287.0413 -553.8462 18.5712
v 288.5446 -553.8462 18.6865
v 290.0332 -553.8462 18.8017
v 291.5076 -553.8462 18.9164
v 292.9734 -553.8462 19.0368
v 294.4134 -553.8462 19.1653
v 295.8247 -553.8462 19.3010
v 297.2047 -553.8462 19.4429
v 298.5505 -553.8462 19.5901
v 299.8595 -553.8462 19.7417
v 301.1291 -553.8462 19.8966
v 302.3568 -553.8462 20.0538
v 303.5403 -553.8462 20.2122
v 304.6772 -553.8462 20.3709
v 305.7654 -553.8462 20.5287
v 306.8028 -553.8462 20.6847
v 307.7874 -553.8462 20.8377
v 308.7173 -553.8462 20.9867
v 309.5907 -553.8462 21.1307
v 310.4062 -553.8462 21.2687
v 311.1620 -553.8462 21.3997
v 311.8568 -553.8462 21.5228
v 312.4893 -553.8462 21.6371
v 313.0584 -553.8462 21.7418
v 313.5630 -553.8462 21.8360
v 314.0022 -553.8462 21.9192
v 314.3752 -553.8462 21.9907
v 314.6813 -553.8462 22.0499
v 314.9199 -553.8462 22.0965
v 315.0907 -553.8462 22.1300
v 315.1933 -553.8462 22.1502
v 315.2275 -553.8462 22.1569
v 328.8691 -600.0000 23.8912
v 328.8378 -600.0000 23.8926
v 328.7438 -600.0000 23.8970
v 328.5874 -600.0000 23.9043
v 328.3689 -600.0000 23.9146
v 328.0888 -600.0000 23.9278
v 327.7477 -600.0000 23.9440
v 327.3464 -600.0000 23.9632
v 326.8856 -600.0000 23.9854
v 326.3665 -600.0000 24.0107
v 325.7901 -600.0000 24.0390
v 325.1577 -600.0000 24.0706
v 324.4706 -600.0000 24.1054
v 323.7302 -600.0000 24.1435
v 322.9382 -600.0000 24.1850
v 322.0963 -600.0000 24.2299
v 321.2061 -600.0000 24.2784
v 320.2697 -600.0000 24.3306
v 319.2888 -600.0000 24.3865
v 318.2657 -600.0000 24.4462
v 317.2023 -600.0000 24.5098
v 316.1009 -600.0000 24.5774
v 314.9638 -600.0000 24.6490
v 313.7933 -600.0000 24.7247
v 312.5917 -600.0000 24.8044
v 311.3616 -600.0000 24.8881
v 310.1054 -600.0000 24.9757
v 308.8257 -600.0000 25.0672
v 307.5250 -600.0000 25.1624
v 306.1935 -600.0000 25.2580
v 304.8418 -600.0000 25.3478
v 303.4758 -600.0000 25.4307
v 302.0983 -600.0000 25.5063
v 300.7122 -600.0000 25.5740
v 299.3201 -600.0000 25.6332
v 297.9251 -600.0000 25.6834
v 296.5299 -600.0000 25.7241
v 295.1374 -600.0000 25.7548
v 293.7505 -600.0000 25.7750
v 292.3720 -600.0000 25.7844
v 291.0049 -600.0000 25.7826
v 289.6440 -600.0000 25.7680
v 288.2949 -600.0000 25.7364
v 286.9657 -600.0000 25.6874
v 285.6594 -600.0000 25.6214
v 284.3788 -600.0000 25.5384
v 283.1266 -600.0000 25.4391
v 281.9055 -600.0000 25.3237
v 280.7183 -600.0000 25.1928
v 279.5674 -600.0000 25.0473
v 278.4554 -600.0000 24.8878
v 277.3845 -600.0000 24.7153
v 276.3571 -600.0000 24.5307
v 275.3753 -600.0000 24.3350
v 274.4412 -600.0000 24.1294
v 273.5566 -600.0000 23.9149
v 272.7235 -600.0000 23.6928
v 271.9434 -600.0000 23.4644
v 271.2178 -600.0000 23.2307
v 270.5483 -600.0000 22.9931
v 269.9360 -600.0000 22.7527
v 269.3821 -600.0000 22.5107
v 268.8876 -600.0000 22.2683
v 268.4533 -600.0000 22.0264
v 268.0801 -600.0000 21.7861
v 267.7685 -600.0000 21.5483
v 267.5189 -600.0000 21.3136
v 267.3317 -600.0000 21.0828
v 267.2072 -600.0000 20.8565
v 267.1455 -600.0000 20.6350
v 267.1464 -600.0000 20.4186
v 267.2093 -600.0000 20.2116
v 267.3333 -600.0000 20.0180
v 267.5179 -600.0000 19.8380
v 267.7627 -600.0000 19.6716
v 268.0670 -600.0000 19.5188
v 268.4301 -600.0000 19.3796
v 268.8510 -600.0000 19.2540
v 269.3289 -600.0000 19.1420
v 269.8626 -600.0000 19.0433
v 270.4510 -600.0000 18.9581
v 271.0929 -600.0000 18.8859
v 271.7868 -600.0000 18.8268
v 272.5313 -600.0000 18.7804
v 273.3249 -600.0000 18.7464
v 274.1661 -600.0000 18.7244
v 275.0531 -600.0000 18.7141
v 275.9842 -600.0000 18.7150
v 276.9577 -600.0000 18.7265
v 277.9716 -600.0000 18.7480
v 279.0241 -600.0000 18.7789
v 280.1132 -600.0000 18.8186
v 281.2370 -600.0000 18.8661
v 282.3932 -600.0000 18.9209
v 283.5798 -600.0000 18.9819
v 284.7947 -600.0000 19.0484
v 286.0355 -600.0000 19.1195
v 287.3001 -600.0000 19.1942
v 288.5861 -600.0000 19.2717
v 289.8912 -600.0000 19.3511
v 291.2181 -600.0000 19.4322
v 292.5668 -600.0000 19.5181
v 293.9266 -600.0000 19.6091
v 295.2949 -600.0000 19.7044
v 296.6690 -600.0000 19.8034
v 298.0463 -600.0000 19.9054
v 299.4239 -600.0000 20.0098
v 300.7992 -600.0000 20.1160
v 302.1695 -600.0000 20.2235
v 303.5320 -600.0000 20.3317
v 304.8840 -600.0000 20.4401
v 306.2228 -600.0000 20.5482
v 307.5489 -600.0000 20.6559
v 308.8671 -600.0000 20.7688
v 310.1621 -600.0000 20.8888
v 311.4314 -600.0000 21.0152
v 312.6724 -600.0000 21.1471
v 313.8827 -600.0000 21.2837
v 315.0598 -600.0000 21.4241
v 316.2015 -600.0000 21.5673
v 317.3055 -600.0000 21.7125
v 318.3697 -600.0000 21.8587
v 319.3920 -600.0000 22.0049
v 320.3705 -600.0000 22.1502
v 321.3032 -600.0000 22.2937
v 322.1885 -600.0000 22.4344
v 323.0246 -600.0000 22.5713
v 323.8099 -600.0000 22.7035
v 324.5431 -600.0000 22.8302
v 325.2226 -600.0000 22.9504
v 325.8473 -600.0000 23.0632
v 326.4160 -600.0000 23.1680
v 326.9276 -600.0000 23.2639
v 327.3813 -600.0000 23.3503
v 327.7761 -600.0000 23.4265
v 328.1115 -600.0000 23.4919
v 328.3866 -600.0000 23.5461
v 328.6012 -600.0000 23.5888
v 328.7547 -600.0000 23.6194
v 328.8469 -600.0000 23.6379
v 328.8777 -600.0000 23.6441
v 335.7396 -605.4003 39.9723
v 335.7117 -605.4003 39.9738
v 335.6282 -605.4003 39.9784
v 335.4891 -605.4003 39.9861
v 335.2947 -605.4003 39.9967
v 335.0456 -605.4003 40.0105
v 334.7422 -605.4003 40.0272
v 334.3852 -605.4003 40.0469
v 333.9754 -605.4003 40.0696
v 333.5135 -605.4003 40.0952
v 333.0007 -605.4003 40.1238
v 332.4380 -605.4003 40.1552
v 331.8265 -605.4003 40.1896
v 331.1676 -605.4003 40.2268
v 330.4627 -605.4003 40.2670
v 329.7132 -605.4003 40.3100
v 328.9208 -605.4003 40.3559
v 328.0869 -605.4003 40.4046
v 327.2135 -605.4003 40.4563
v 326.3023 -605.4003 40.5108
v 325.3551 -605.4003 40.5682
v 324.3740 -605.4003 40.6284
v 323.3609 -605.4003 40.6915
v 322.3180 -605.4003 40.7574
v 321.2472 -605.4003 40.8259
v 320.1509 -605.4003 40.8971
v 319.0313 -605.4003 40.9708
v 317.8905 -605.4003 41.0468
v 316.7309 -605.4003 41.1251
v 315.5459 -605.4003 41.2031
v 314.3437 -605.4003 41.2763
v 313.1288 -605.4003 41.3440
v 311.9038 -605.4003 41.4058
v 310.6712 -605.4003 41.4611
v 309.4334 -605.4003 41.5095
v 308.1930 -605.4003 41.5504
v 306.9526 -605.4003 41.5836
v 305.7146 -605.4003 41.6085
v 304.4816 -605.4003 41.6247
v 303.2561 -605.4003 41.6319
v 302.0408 -605.4003 41.6298
v 300.8324 -605.4003 41.6172
v 299.6354 -605.4003 41.5909
v 298.4561 -605.4003 41.5508
v 297.2969 -605.4003 41.4969
v 296.1605 -605.4003 41.4293
v 295.0492 -605.4003 41.3483
v 293.9655 -605.4003 41.2543
v 292.9115 -605.4003 41.1475
v 291.8895 -605.4003 41.0285
v 290.9018 -605.4003 40.8978
v 289.9504 -605.4003 40.7562
v 289.0372 -605.4003 40.6042
v 288.1643 -605.4003 40.4428
v 287.3333 -605.4003 40.2726
v 286.5461 -605.4003 40.0947
v 285.8042 -605.4003 39.9098
v 285.1090 -605.4003 39.7190
v 284.4620 -605.4003 39.5232
v 283.8645 -605.4003 39.3233
v 283.3175 -605.4003 39.1204
v 282.8221 -605.4003 38.9153
v 282.3792 -605.4003 38.7089
v 281.9897 -605.4003 38.5021
v 281.6541 -605.4003 38.2956
v 281.3731 -605.4003 38.0902
v 281.1472 -605.4003 37.8864
v 280.9766 -605.4003 37.6849
v 280.8617 -605.4003 37.4861
v 280.8024 -605.4003 37.2903
v 280.7990 -605.4003 37.0977
v 280.8506 -605.4003 36.9122
v 280.9568 -605.4003 36.7375
v 281.1172 -605.4003 36.5736
v 281.3314 -605.4003 36.4206
v 281.5988 -605.4003 36.2785
v 281.9187 -605.4003 36.1475
v 282.2905 -605.4003 36.0276
v 282.7134 -605.4003 35.9188
v 283.1863 -605.4003 35.8212
v 283.7083 -605.4003 35.7347
v 284.2783 -605.4003 35.6593
v 284.8950 -605.4003 35.5949
v 285.5572 -605.4003 35.5415
v 286.2635 -605.4003 35.4989
v 287.0126 -605.4003 35.4668
v 287.8029 -605.4003 35.4452
v 288.6329 -605.4003 35.4335
v 289.5010 -605.4003 35.4317
v 290.4055 -605.4003 35.4391
v 291.3447 -605.4003 35.4554
v 292.3168 -605.4003 35.4801
v 293.3199 -605.4003 35.5126
v 294.3522 -605.4003 35.5524
v 295.4118 -605.4003 35.5987
v 296.4967 -605.4003 35.6511
v 297.6048 -605.4003 35.7087
v 298.7341 -605.4003 35.7709
v 299.8825 -605.4003 35.8369
v 301.0479 -605.4003 35.9060
v 302.2317 -605.4003 35.9780
v 303.4333 -605.4003 36.0551
v 304.6449 -605.4003 36.1372
v 305.8639 -605.4003 36.2239
v 307.0880 -605.4003 36.3144
v 308.3148 -605.4003 36.4083
v 309.5419 -605.4003 36.5049
v 310.7667 -605.4003 36.6038
v 311.9870 -605.4003 36.7044
v 313.2002 -605.4003 36.8061
v 314.4039 -605.4003 36.9087
v 315.5957 -605.4003 37.0116
v 316.7756 -605.4003 37.1145
v 317.9464 -605.4003 37.2214
v 319.0968 -605.4003 37.3336
v 320.2245 -605.4003 37.4504
v 321.3272 -605.4003 37.5712
v 322.4028 -605.4003 37.6951
v 323.4492 -605.4003 37.8214
v 324.4642 -605.4003 37.9495
v 325.4458 -605.4003 38.0786
v 326.3923 -605.4003 38.2078
v 327.3016 -605.4003 38.3365
v 328.1721 -605.4003 38.4639
v 329.0021 -605.4003 38.5892
v 329.7899 -605.4003 38.7117
v 330.5341 -605.4003 38.8305
v 331.2332 -605.4003 38.9450
v 331.8860 -605.4003 39.0543
v 332.4911 -605.4003 39.1579
v 333.0474 -605.4003 39.2550
v 333.5540 -605.4003 39.3450
v 334.0097 -605.4003 39.4273
v 334.4139 -605.4003 39.5013
v 334.7657 -605.4003 39.5665
v 335.0644 -605.4003 39.6224
v 335.3096 -605.4003 39.6688
v 335.5008 -605.4003 39.7052
v 335.6376 -605.4003 39.7313
v 335.7198 -605.4003 39.7471
v 335.7472 -605.4003 39.7524
v 342.6083 -610.8006 56.1068
v 342.5839 -610.8006 56.1084
v 342.5107 -610.8006 56.1130
v 342.3888 -610.8006 56.1207
v 342.2187 -610.8006 56.1314
v 342.0005 -610.8006 56.1451
v 341.7347 -610.8006 56.1618
v 341.4220 -610.8006 56.1814
v 341.0630 -610.8006 56.2038
v 340.6584 -610.8006 56.2290
v 340.2091 -610.8006 56.2569
v 339.7160 -610.8006 56.2875
v 339.1802 -610.8006 56.3206
v 338.6028 -610.8006 56.3561
v 337.9849 -610.8006 56.3941
v 337.3280 -610.8006 56.4345
v 336.6332 -610.8006 56.4771
v 335.9022 -610.8006 56.5219
v 335.1363 -610.8006 56.5688
v 334.3371 -610.8006 56.6178
v 333.5064 -610.8006 56.6688
v 332.6458 -610.8006 56.7217
v 331.7570 -610.8006 56.7763
v 330.8419 -610.8006 56.8327
v 329.9023 -610.8006 56.8907
v 328.9401 -610.8006 56.9502
v 327.9574 -610.8006 57.0110
v 326.9560 -610.8006 57.0729
v 325.9380 -610.8006 57.1358
v 324.8996 -610.8006 57.1980
v 323.8466 -610.8006 57.2563
v 322.7827 -610.8006 57.3103
v 321.7099 -610.8006 57.3596
v 320.6305 -610.8006 57.4037
v 319.5467 -610.8006 57.4423
v 318.4607 -610.8006 57.4750
v 317.3746 -610.8006 57.5014
v 316.2908 -610.8006 57.5211
v 315.2114 -610.8006 57.5338
v 314.1387 -610.8006 57.5391
v 313.0747 -610.8006 57.5369
v 312.0181 -610.8006 57.5261
v 310.9723 -610.8006 57.5047
v 309.9420 -610.8006 57.4725
v 308.9292 -610.8006 57.4295
v 307.9362 -610.8006 57.3757
v 306.9650 -610.8006 57.3113
v 306.0178 -610.8006 57.2363
v 305.0964 -610.8006 57.1512
v 304.2028 -610.8006 57.0561
v 303.3389 -610.8006 56.9514
v 302.5065 -610.8006 56.8376
v 301.7073 -610.8006 56.7153
v 300.9430 -610.8006 56.5848
v 300.2152 -610.8006 56.4469
v 299.5253 -610.8006 56.3022
v 298.8747 -610.8006 56.1514
v 298.2647 -610.8006 55.9952
v 297.6966 -610.8006 55.8342
v 297.1714 -610.8006 55.6692
v 296.6903 -610.8006 55.5010
v 296.2540 -610.8006 55.3303
v 295.8634 -610.8006 55.1576
v 295.5193 -610.8006 54.9838
v 295.2223 -610.8006 54.8094
v 294.9729 -610.8006 54.6349
v 294.7715 -610.8006 54.4609
v 294.6185 -610.8006 54.2877
v 294.5140 -610.8006 54.1158
v 294.4584 -610.8006 53.9455
v 294.4515 -610.8006 53.7769
v 294.4930 -610.8006 53.6133
v 294.5824 -610.8006 53.4580
v 294.7195 -610.8006 53.3112
v 294.9039 -610.8006 53.1729
v 295.1352 -610.8006 53.0431
v 295.4129 -610.8006 52.9221
v 295.7362 -610.8006 52.8100
v 296.1047 -610.8006 52.7068
v 296.5173 -610.8006 52.6126
v 296.9733 -610.8006 52.5275
v 297.4717 -610.8006 52.4516
v 298.0114 -610.8006 52.3849
v 298.5914 -610.8006 52.3275
v 299.2105 -610.8006 52.2793
v 299.8674 -610.8006 52.2402
v 300.5608 -610.8006 52.2102
v 301.2894 -610.8006 52.1892
v 302.0517 -610.8006 52.1768
v 302.8462 -610.8006 52.1730
v 303.6715 -610.8006 52.1774
v 304.5258 -610.8006 52.1897
v 305.4077 -610.8006 52.2096
v 306.3153 -610.8006 52.2365
v 307.2470 -610.8006 52.2702
v 308.2010 -610.8006 52.3100
v 309.1755 -610.8006 52.3555
v 310.1686 -610.8006 52.4062
v 311.1784 -610.8006 52.4614
v 312.2031 -610.8006 52.5206
v 313.2430 -610.8006 52.5836
v 314.2974 -610.8006 52.6517
v 315.3603 -610.8006 52.7247
v 316.4298 -610.8006 52.8023
v 317.5036 -610.8006 52.8838
v 318.5797 -610.8006 52.9687
v 319.6559 -610.8006 53.0567
v 320.7301 -610.8006 53.1471
v 321.8002 -610.8006 53.2396
v 322.8639 -610.8006 53.3336
v 323.9192 -610.8006 53.4288
v 324.9641 -610.8006 53.5248
v 325.9977 -610.8006 53.6212
v 327.0217 -610.8006 53.7206
v 328.0280 -610.8006 53.8236
v 329.0146 -610.8006 53.9298
v 329.9795 -610.8006 54.0384
v 330.9208 -610.8006 54.1491
v 331.8367 -610.8006 54.2611
v 332.7253 -610.8006 54.3738
v 333.5849 -610.8006 54.4868
v 334.4137 -610.8006 54.5994
v 335.2102 -610.8006 54.7109
v 335.9729 -610.8006 54.8209
v 336.7001 -610.8006 54.9286
v 337.3905 -610.8006 55.0335
v 338.0428 -610.8006 55.1350
v 338.6556 -610.8006 55.2325
v 339.2279 -610.8006 55.3254
v 339.7585 -610.8006 55.4132
v 340.2464 -610.8006 55.4954
v 340.6907 -610.8006 55.5714
v 341.0904 -610.8006 55.6408
v 341.4450 -610.8006 55.7031
v 341.7536 -610.8006 55.7580
v 342.0158 -610.8006 55.8050
v 342.2309 -610.8006 55.8439
v 342.3987 -610.8006 55.8745
v 342.5188 -610.8006 55.8964
v 342.5909 -610.8006 55.9097
v 342.6149 -610.8006 55.9141
v 349.4751 -616.2009 72.2947
v 349.4541 -616.2009 72.2962
v 349.3913 -616.2009 72.3007
v 349.2867 -616.2009 72.3082
v 349.1406 -616.2009 72.3186
v 348.9533 -616.2009 72.3318
v 348.7252 -616.2009 72.3479
v 348.4568 -616.2009 72.3667
v 348.1485 -616.2009 72.3882
v 347.8011 -616.2009 72.4122
v 347.4153 -616.2009 72.4386
v 346.9919 -616.2009 72.4674
v 346.5317 -616.2009 72.4984
v 346.0357 -616.2009 72.5314
v 345.5049 -616.2009 72.5665
v 344.9405 -616.2009 72.6034
v 344.3436 -616.2009 72.6421
v 343.7153 -616.2009 72.6823
v 343.0571 -616.2009 72.7241
v 342.3702 -616.2009 72.7672
v 341.6561 -616.2009 72.8116
v 340.9161 -616.2009 72.8571
v 340.1519 -616.2009 72.9035
v 339.3649 -616.2009 72.9508
v 338.5568 -616.2009 72.9989
v 337.7292 -616.2009 73.0474
v 336.8838 -616.2009 73.0964
v 336.0223 -616.2009 73.1455
v 335.1463 -616.2009 73.1946
v 334.2545 -616.2009 73.2427
v 333.3505 -616.2009 73.2878
v 332.4373 -616.2009 73.3296
v 331.5166 -616.2009 73.3678
v 330.5902 -616.2009 73.4020
v 329.6601 -616.2009 73.4319
v 328.7281 -616.2009 73.4572
v 327.7962 -616.2009 73.4775
v 326.8662 -616.2009 73.4927
v 325.9400 -616.2009 73.5022
v 325.0196 -616.2009 73.5060
v 324.1068 -616.2009 73.5037
v 323.2013 -616.2009 73.4946
v 322.3058 -616.2009 73.4777
v 321.4234 -616.2009 73.4526
v 320.5562 -616.2009 73.4193
v 319.7057 -616.2009 73.3777
v 318.8739 -616.2009 73.3279
v 318.0624 -616.2009 73.2700
v 317.2730 -616.2009 73.2040
v 316.5072 -616.2009 73.1301
v 315.7667 -616.2009 73.0487
v 315.0529 -616.2009 72.9598
v 314.3674 -616.2009 72.8639
v 313.7116 -616.2009 72.7614
v 313.0867 -616.2009 72.6525
v 312.4941 -616.2009 72.5379
v 311.9350 -616.2009 72.4179
v 311.4104 -616.2009 72.2931
v 310.9215 -616.2009 72.1640
v 310.4691 -616.2009 72.0310
v 310.0543 -616.2009 71.8948
v 309.6777 -616.2009 71.7559
v 309.3401 -616.2009 71.6147
v 309.0422 -616.2009 71.4718
v 308.7845 -616.2009 71.3276
v 308.5675 -616.2009 71.1826
v 308.3916 -616.2009 71.0371
v 308.2572 -616.2009 70.8914
v 308.1643 -616.2009 70.7458
v 308.1132 -616.2009 70.6007
v 308.1040 -616.2009 70.4560
v 308.1364 -616.2009 70.3147
v 308.2100 -616.2009 70.1796
v 308.3248 -616.2009 70.0508
v 308.4804 -616.2009 69.9284
v 308.6764 -616.2009 69.8125
v 308.9125 -616.2009 69.7034
v 309.1882 -616.2009 69.6010
v 309.5028 -616.2009 69.5056
v 309.8556 -616.2009 69.4173
v 310.2460 -616.2009 69.3363
v 310.6732 -616.2009 69.2627
v 311.1361 -616.2009 69.1966
v 311.6340 -616.2009 69.1381
v 312.1658 -616.2009 69.0874
v 312.7304 -616.2009 69.0443
v 313.3268 -616.2009 69.0091
v 313.9536 -616.2009 68.9816
v 314.6097 -616.2009 68.9618
v 315.2938 -616.2009 68.9496
v 316.0045 -616.2009 68.9449
v 316.7405 -616.2009 68.9474
v 317.5003 -616.2009 68.9570
v 318.2824 -616.2009 68.9733
v 319.0853 -616.2009 68.9962
v 319.9076 -616.2009 69.0251
v 320.7474 -616.2009 69.0599
v 321.6034 -616.2009 69.1001
v 322.4737 -616.2009 69.1453
v 323.3567 -616.2009 69.1950
v 324.2522 -616.2009 69.2489
v 325.1589 -616.2009 69.3079
v 326.0729 -616.2009 69.3715
v 326.9924 -616.2009 69.4395
v 327.9157 -616.2009 69.5114
v 328.8408 -616.2009 69.5867
v 329.7660 -616.2009 69.6650
v 330.6893 -616.2009 69.7460
v 331.6090 -616.2009 69.8291
v 332.5232 -616.2009 69.9141
v 333.4300 -616.2009 70.0004
v 334.3277 -616.2009 70.0879
v 335.2153 -616.2009 70.1760
v 336.0931 -616.2009 70.2663
v 336.9558 -616.2009 70.3588
v 337.8017 -616.2009 70.4532
v 338.6293 -616.2009 70.5490
v 339.4367 -616.2009 70.6457
v 340.2224 -616.2009 70.7430
v 340.9849 -616.2009 70.8404
v 341.7226 -616.2009 70.9373
v 342.4340 -616.2009 71.0334
v 343.1178 -616.2009 71.1281
v 343.7726 -616.2009 71.2211
v 344.3972 -616.2009 71.3118
v 344.9902 -616.2009 71.3998
v 345.5505 -616.2009 71.4847
v 346.0771 -616.2009 71.5661
v 346.5688 -616.2009 71.6434
v 347.0248 -616.2009 71.7162
v 347.4442 -616.2009 71.7843
v 347.8261 -616.2009 71.8471
v 348.1698 -616.2009 71.9044
v 348.4747 -616.2009 71.9558
v 348.7400 -616.2009 72.0009
v 348.9655 -616.2009 72.0396
v 349.1505 -616.2009 72.0716
v 349.2948 -616.2009 72.0967
v 349.3981 -616.2009 72.1147
v 349.4601 -616.2009 72.1256
v 349.4808 -616.2009 72.1292
v 356.3400 -621.6012 88.5361
v 356.3225 -621.6012 88.5375
v 356.2701 -621.6012 88.5416
v 356.1827 -621.6012 88.5486
v 356.0607 -621.6012 88.5583
v 355.9043 -621.6012 88.5706
v 355.7137 -621.6012 88.5855
v 355.4894 -621.6012 88.6028
v 355.2319 -621.6012 88.6226
v 354.9417 -621.6012 88.6446
v 354.6193 -621.6012 88.6688
v 354.2655 -621.6012 88.6949
v 353.8809 -621.6012 88.7230
v 353.4663 -621.6012 88.7527
v 353.0227 -621.6012 88.7841
v 352.5508 -621.6012 88.8168
v 352.0517 -621.6012 88.8508
v 351.5264 -621.6012 88.8860
v 350.9760 -621.6012 88.9221
v 350.4015 -621.6012 88.9590
v 349.8041 -621.6012 88.9966
v 349.1851 -621.6012 89.0346
v 348.5457 -621.6012 89.0730
v 347.8872 -621.6012 89.1117
v 347.2109 -621.6012 89.1503
v 346.5182 -621.6012 89.1888
v 345.8105 -621.6012 89.2269
v 345.0893 -621.6012 89.2646
v 344.3559 -621.6012 89.3015
v 343.6105 -621.6012 89.3372
v 342.8555 -621.6012 89.3708
v 342.0927 -621.6012 89.4019
v 341.3238 -621.6012 89.4303
v 340.5501 -621.6012 89.4558
v 339.7734 -621.6012 89.4781
v 338.9952 -621.6012 89.4969
v 338.2171 -621.6012 89.5120
v 337.4406 -621.6012 89.5232
v 336.6674 -621.6012 89.5301
v 335.8989 -621.6012 89.5325
v 335.1369 -621.6012 89.5302
v 334.3818 -621.6012 89.5229
v 333.6357 -621.6012 89.5099
v 332.9005 -621.6012 89.4911
v 332.1778 -621.6012 89.4662
v 331.4691 -621.6012 89.4353
v 330.7759 -621.6012 89.3984
v 330.0995 -621.6012 89.3553
v 329.4413 -621.6012 89.3061
v 328.8027 -621.6012 89.2509
v 328.1851 -621.6012 89.1897
v 327.5896 -621.6012 89.1228
v 327.0174 -621.6012 89.0504
v 326.4698 -621.6012 88.9725
v 325.9478 -621.6012 88.8896
v 325.4525 -621.6012 88.8018
v 324.9850 -621.6012 88.7095
v 324.5460 -621.6012 88.6130
v 324.1366 -621.6012 88.5127
v 323.7574 -621.6012 88.4089
v 323.4094 -621.6012 88.3020
v 323.0931 -621.6012 88.1924
v 322.8092 -621.6012 88.0804
v 322.5583 -621.6012 87.9663
v 322.3408 -621.6012 87.8506
v 322.1571 -621.6012 87.7334
v 322.0077 -621.6012 87.6151
v 321.8927 -621.6012 87.4960
v 321.8124 -621.6012 87.3762
v 321.7670 -621.6012 87.2558
v 321.7565 -621.6012 87.1351
v 321.7808 -621.6012 87.0164
v 321.8398 -621.6012 86.9021
v 321.9332 -621.6012 86.7923
v 322.0608 -621.6012 86.6871
v 322.2225 -621.6012 86.5866
v 322.4178 -621.6012 86.4909
v 322.6464 -621.6012 86.4004
v 322.9078 -621.6012 86.3150
v 323.2014 -621.6012 86.2351
v 323.5266 -621.6012 86.1608
v 323.8828 -621.6012 86.0922
v 324.2693 -621.6012 86.0296
v 324.6852 -621.6012 85.9731
v 325.1297 -621.6012 85.9229
v 325.6019 -621.6012 85.8790
v 326.1009 -621.6012 85.8416
v 326.6257 -621.6012 85.8107
v 327.1751 -621.6012 85.7865
v 327.7482 -621.6012 85.7688
v 328.3438 -621.6012 85.7576
v 328.9607 -621.6012 85.7530
v 329.5977 -621.6012 85.7547
v 330.2535 -621.6012 85.7626
v 330.9268 -621.6012 85.7766
v 331.6164 -621.6012 85.7964
v 332.3208 -621.6012 85.8219
v 333.0386 -621.6012 85.8527
v 333.7685 -621.6012 85.8885
v 334.5089 -621.6012 85.9291
v 335.2591 -621.6012 85.9741
v 336.0178 -621.6012 86.0237
v 336.7826 -621.6012 86.0777
v 337.5520 -621.6012 86.1356
v 338.3244 -621.6012 86.1973
v 339.0983 -621.6012 86.2622
v 339.8721 -621.6012 86.3300
v 340.6444 -621.6012 86.4004
v 341.4135 -621.6012 86.4730
v 342.1780 -621.6012 86.5475
v 342.9362 -621.6012 86.6235
v 343.6867 -621.6012 86.7007
v 344.4283 -621.6012 86.7789
v 345.1604 -621.6012 86.8584
v 345.8801 -621.6012 86.9391
v 346.5860 -621.6012 87.0206
v 347.2765 -621.6012 87.1028
v 347.9505 -621.6012 87.1851
v 348.6064 -621.6012 87.2673
v 349.2430 -621.6012 87.3490
v 349.8590 -621.6012 87.4300
v 350.4532 -621.6012 87.5097
v 351.0244 -621.6012 87.5880
v 351.5715 -621.6012 87.6645
v 352.0934 -621.6012 87.7388
v 352.5890 -621.6012 87.8107
v 353.0574 -621.6012 87.8798
v 353.4976 -621.6012 87.9457
v 353.9088 -621.6012 88.0082
v 354.2901 -621.6012 88.0670
v 354.6408 -621.6012 88.1218
v 354.9603 -621.6012 88.1722
v 355.2478 -621.6012 88.2181
v 355.5029 -621.6012 88.2593
v 355.7249 -621.6012 88.2954
v 355.9136 -621.6012 88.3263
v 356.0684 -621.6012 88.3518
v 356.1892 -621.6012 88.3718
v 356.2756 -621.6012 88.3862
v 356.3275 -621.6012 88.3948
v 356.3448 -621.6012 88.3977
v 363.2031 -627.0015 104.8308
v 363.1891 -627.0015 104.8320
v 363.1469 -627.0015 104.8357
v 363.0768 -627.0015 104.8419
v 362.9788 -627.0015 104.8504
v 362.8532 -627.0015 104.8613
v 362.7002 -627.0015 104.8744
v 362.5201 -627.0015 104.8897
v 362.3132 -627.0015 104.9071
v 362.0801 -627.0015 104.9264
v 361.8211 -627.0015 104.9474
v 361.5368 -627.0015 104.9702
v 361.2278 -627.0015 104.9944
v 360.8947 -627.0015 105.0200
v 360.5382 -627.0015 105.0468
v 360.1590 -627.0015 105.0747
v 359.7578 -627.0015 105.1034
v 359.3355 -627.0015 105.1328
v 358.8929 -627.0015 105.1628
v 358.4310 -627.0015 105.1932
v 357.9506 -627.0015 105.2237
v 357.4527 -627.0015 105.2544
v 356.9383 -627.0015 105.2849
v 356.4086 -627.0015 105.3152
v 355.8644 -627.0015 105.3450
v 355.3071 -627.0015 105.3742
v 354.7375 -627.0015 105.4027
v 354.1570 -627.0015 105.4302
v 353.5667 -627.0015 105.4566
v 352.9678 -627.0015 105.4817
v 352.3615 -627.0015 105.5053
v 351.7490 -627.0015 105.5272
v 351.1315 -627.0015 105.5473
v 350.5104 -627.0015 105.5653
v 349.8869 -627.0015 105.5810
v 349.2621 -627.0015 105.5943
v 348.6375 -627.0015 105.6049
v 348.0142 -627.0015 105.6126
v 347.3935 -627.0015 105.6173
v 346.7767 -627.0015 105.6187
v 346.1651 -627.0015 105.6166
v 345.5597 -627.0015 105.6109
v 344.9620 -627.0015 105.6014
v 344.3731 -627.0015 105.5879
v 343.7942 -627.0015 105.5704
v 343.2264 -627.0015 105.5486
v 342.6709 -627.0015 105.5226
v 342.1288 -627.0015 105.4922
v 341.6013 -627.0015 105.4575
v 341.0894 -627.0015 105.4183
v 340.5941 -627.0015 105.3748
v 340.1164 -627.0015 105.3269
v 339.6573 -627.0015 105.2748
v 339.2177 -627.0015 105.2186
v 338.7985 -627.0015 105.1583
v 338.4005 -627.0015 105.0943
v 338.0246 -627.0015 105.0265
v 337.6714 -627.0015 104.9553
v 337.3418 -627.0015 104.8808
v 337.0363 -627.0015 104.8033
v 336.7556 -627.0015 104.7229
v 336.5002 -627.0015 104.6401
v 336.2707 -627.0015 104.5549
v 336.0675 -627.0015 104.4676
v 335.8910 -627.0015 104.3784
v 335.7415 -627.0015 104.2876
v 335.6195 -627.0015 104.1952
v 335.5250 -627.0015 104.1016
v 335.4584 -627.0015 104.0068
v 335.4197 -627.0015 103.9110
v 335.4090 -627.0015 103.8143
v 335.4264 -627.0015 103.7184
v 335.4716 -627.0015 103.6255
v 335.5446 -627.0015 103.5356
v 335.6453 -627.0015 103.4487
v 335.7734 -627.0015 103.3650
v 335.9288 -627.0015 103.2847
v 336.1110 -627.0015 103.2080
v 336.3198 -627.0015 103.1349
v 336.5547 -627.0015 103.0658
v 336.8151 -627.0015 103.0007
v 337.1007 -627.0015 102.9400
v 337.4108 -627.0015 102.8837
v 337.7448 -627.0015 102.8322
v 338.1021 -627.0015 102.7855
v 338.4818 -627.0015 102.7439
v 338.8832 -627.0015 102.7074
v 339.3056 -627.0015 102.6763
v 339.7480 -627.0015 102.6505
v 340.2096 -627.0015 102.6303
v 340.6895 -627.0015 102.6155
v 341.1866 -627.0015 102.6063
v 341.7000 -627.0015 102.6026
v 342.2287 -627.0015 102.6043
v 342.7715 -627.0015 102.6115
v 343.3275 -627.0015 102.6239
v 343.8954 -627.0015 102.6414
v 344.4742 -627.0015 102.6639
v 345.0626 -627.0015 102.6911
v 345.6596 -627.0015 102.7229
v 346.2638 -627.0015 102.7590
v 346.8742 -627.0015 102.7992
v 347.4894 -627.0015 102.8432
v 348.1083 -627.0015 102.8907
v 348.7296 -627.0015 102.9414
v 349.3520 -627.0015 102.9952
v 349.9743 -627.0015 103.0515
v 350.5953 -627.0015 103.1103
v 351.2137 -627.0015 103.1712
v 351.8283 -627.0015 103.2338
v 352.4378 -627.0015 103.2980
v 353.0410 -627.0015 103.3634
v 353.6368 -627.0015 103.4298
v 354.2239 -627.0015 103.4969
v 354.8011 -627.0015 103.5645
v 355.3673 -627.0015 103.6322
v 355.9213 -627.0015 103.6998
v 356.4621 -627.0015 103.7671
v 356.9885 -627.0015 103.8339
v 357.4995 -627.0015 103.8999
v 357.9941 -627.0015 103.9648
v 358.4712 -627.0015 104.0285
v 358.9300 -627.0015 104.0907
v 359.3694 -627.0015 104.1512
v 359.7887 -627.0015 104.2097
v 360.1869 -627.0015 104.2661
v 360.5633 -627.0015 104.3200
v 360.9172 -627.0015 104.3714
v 361.2477 -627.0015 104.4200
v 361.5543 -627.0015 104.4655
v 361.8363 -627.0015 104.5078
v 362.0932 -627.0015 104.5467
v 362.3245 -627.0015 104.5820
v 362.5296 -627.0015 104.6136
v 362.7082 -627.0015 104.6413
v 362.8600 -627.0015 104.6650
v 362.9846 -627.0015 104.6845
v 363.0817 -627.0015 104.6998
v 363.1513 -627.0015 104.7108
v 363.1930 -627.0015 104.7174
v 363.2070 -627.0015 104.7196
v 76.2652 -0.0000 2.2942
v 349.4056 -627.0015 104.2981
v -50.3707 2.7961 -4.4069
v -50.4716 2.7309 -3.2534
v -50.5423 2.5368 -2.4453
v -50.5988 2.2178 -1.8000
v -50.6418 1.7786 -1.3083
v -50.6709 1.2200 -0.9753
v -50.6857 0.5146 -0.8069
v -50.6857 -0.5146 -0.8069
v -50.6709 -1.2200 -0.9753
v -50.6418 -1.7786 -1.3083
v -50.5988 -2.2178 -1.8000
v -50.5423 -2.5368 -2.4453
v -50.4716 -2.7309 -3.2534
v -50.3707 -2.7961 -4.4069
v -50.2698 -2.7309 -5.5604
v -50.1991 -2.5368 -6.3684
v -50.1426 -2.2178 -7.0137
v -50.0996 -1.7786 -7.5054
v -50.0705 -1.2200 -7.8385
v -50.0557 -0.5146 -8.0068
v -50.0557 0.5146 -8.0068
v -50.0705 1.2200 -7.8385
v -50.0996 1.7786 -7.5054
v -50.1426 2.2178 -7.0137
v -50.1991 2.5368 -6.3684
v -50.2698 2.7309 -5.5604
v -21.6930 11.7437 -0.6816
v -22.0799 11.4699 3.7402
v -22.3509 10.6546 6.8376
v -22.5673 9.3146 9.3114
v -22.7322 7.4700 11.1961
v -22.8439 5.1239 12.4729
v -22.9004 2.1612 13.1183
v -22.9004 -2.1612 13.1183
v -22.8439 -5.1239 12.4729
v -22.7322 -7.4700 11.1961
v -22.5673 -9.3146 9.3114
v -22.3509 -10.6546 6.8376
v -22.0799 -11.4699 3.7402
v -21.6930 -11.7437 -0.6816
v -21.3062 -11.4699 -5.1034
v -21.0352 -10.6546 -8.2009
v -20.8188 -9.3146 -10.6746
v -20.6539 -7.4700 -12.5593
v -20.5422 -5.1239 -13.8361
v -20.4857 -2.1612 -14.4815
v -20.4857 2.1612 -14.4815
v -20.5422 5.1239 -13.8361
v -20.6539 7.4700 -12.5593
v -20.8188 9.3146 -10.6746
v -21.0352 10.6546 -8.2009
v -21.3062 11.4699 -5.1034
v 14.2332 20.6913 3.0697
v 13.5436 20.2088 10.9520
v 13.0605 18.7724 16.4736
v 12.6747 16.4114 20.8832
v 12.3808 13.1615 24.2430
v 12.1817 9.0278 26.5190
v 12.0810 3.8079 27.6695
v 12.0810 -3.8079 27.6695
v 12.1817 -9.0278 26.5190
v 12.3808 -13.1615 24.2430
v 12.6747 -16.4114 20.8832
v 13.0605 -18.7724 16.4736
v 13.5436 -20.2088 10.9520
v 14.2332 -20.6913 3.0697
v 14.9228 -20.2088 -4.8126
v 15.4059 -18.7724 -10.3342
v 15.7917 -16.4114 -14.7439
v 16.0856 -13.1615 -18.1036
v 16.2848 -9.0278 -20.3797
v 16.3854 -3.8079 -21.5302
v 16.3854 3.8079 -21.5302
v 16.2848 9.0278 -20.3797
v 16.0856 13.1615 -18.1036
v 15.7917 16.4114 -14.7439
v 15.4059 18.7724 -10.3342
v 14.9228 20.2088 -4.8126
v 64.6567 27.9612 6.8730
v 63.8157 27.3093 16.4856
v 63.2266 25.3682 23.2192
v 62.7561 22.1776 28.5969
v 62.3977 17.7858 32.6941
v 62.1548 12.1998 35.4698
v 62.0321 5.1458 36.8729
v 62.0321 -5.1458 36.8729
v 62.1548 -12.1998 35.4698
v 62.3977 -17.7858 32.6941
v 62.7561 -22.1776 28.5969
v 63.2266 -25.3682 23.2192
v 63.8157 -27.3093 16.4856
v 64.6567 -27.9612 6.8730
v 65.4977 -27.3093 -2.7395
v 66.0868 -25.3682 -9.4732
v 66.5573 -22.1776 -14.8508
v 66.9158 -17.7858 -18.9481
v 67.1586 -12.1998 -21.7238
v 67.2814 -5.1458 -23.1268
v 67.2814 5.1458 -23.1268
v 67.1586 12.1998 -21.7238
v 66.9158 17.7858 -18.9481
v 66.5573 22.1776 -14.8508
v 66.0868 25.3682 -9.4732
v 65.4977 27.3093 -2.7395
v 129.5247 27.4019 11.3319
v 128.7257 26.7631 20.4639
v 128.1661 24.8608 26.8608
v 127.7191 21.7340 31.9696
v 127.3786 17.4301 35.8620
v 127.1479 11.9558 38.4989
v 127.0312 5.0429 39.8318
v 127.0312 -5.0429 39.8318
v 127.1479 -11.9558 38.4989
v 127.3786 -17.4301 35.8620
v 127.7191 -21.7340 31.9696
v 128.1661 -24.8608 26.8608
v 128.7257 -26.7631 20.4639
v 129.5247 -27.4019 11.3319
v 130.3236 -26.7631 2.2000
v 130.8833 -24.8608 -4.1970
v 131.3302 -21.7340 -9.3057
v 131.6708 -17.4301 -13.1981
v 131.9015 -11.9558 -15.8350
v 132.0181 -5.0429 -17.1679
v 132.0181 5.0429 -17.1679
v 131.9015 11.9558 -15.8350
v 131.6708 17.4301 -13.1981
v 131.3302 21.7340 -9.3057
v 130.8833 24.8608 -4.1970
v 130.3236 26.7631 2.2000
v 201.5884 23.4874 16.4204
v 200.9156 22.9398 24.1105
v 200.4443 21.3092 29.4974
v 200.0679 18.6291 33.7995
v 199.7812 14.9401 37.0773
v 199.5869 10.2478 39.2978
v 199.4887 4.3224 40.4203
v 199.4887 -4.3224 40.4203
v 199.5869 -10.2478 39.2978
v 199.7812 -14.9401 37.0773
v 200.0679 -18.6291 33.7995
v 200.4443 -21.3092 29.4974
v 200.9156 -22.9398 24.1105
v 201.5884 -23.4874 16.4204
v 202.2612 -22.9398 8.7304
v 202.7325 -21.3092 3.3435
v 203.1089 -18.6291 -0.9587
v 203.3956 -14.9401 -4.2365
v 203.5899 -10.2478 -6.4570
v 203.6881 -4.3224 -7.5795
v 203.6881 4.3224 -7.5795
v 203.5899 10.2478 -6.4570
v 203.3956 14.9401 -4.2365
v 203.1089 18.6291 -0.9587
v 202.7325 21.3092 3.3435
v 202.2612 22.9398 8.7304
v 266.4035 17.3359 21.4829
v 265.9158 16.9317 27.0581
v 265.5741 15.7283 30.9637
v 265.3012 13.7501 34.0827
v 265.0933 11.0272 36.4591
v 264.9524 7.5638 38.0690
v 264.8812 3.1904 38.8828
v 264.8812 -3.1904 38.8828
v 264.9524 -7.5638 38.0690
v 265.0933 -11.0272 36.4591
v 265.3012 -13.7501 34.0827
v 265.5741 -15.7283 30.9637
v 265.9158 -16.9317 27.0581
v 266.4035 -17.3359 21.4829
v 266.8913 -16.9317 15.9076
v 267.2330 -15.7283 12.0021
v 267.5059 -13.7501 8.8830
v 267.7138 -11.0272 6.5066
v 267.8546 -7.5638 4.8967
v 267.9258 -3.1904 4.0830
v 267.9258 3.1904 4.0830
v 267.8546 7.5638 4.8967
v 267.7138 11.0272 6.5066
v 267.5059 13.7501 8.8830
v 267.2330 15.7283 12.0021
v 266.8913 16.9317 15.9076
v 316.7742 11.1845 25.8897
v 316.4715 10.9237 29.3503
v 316.2594 10.1473 31.7744
v 316.0900 8.8710 33.7103
v 315.9610 7.1143 35.1853
v 315.8735 4.8799 36.1846
v 315.8294 2.0583 36.6897
v 315.8294 -2.0583 36.6897
v 315.8735 -4.8799 36.1846
v 315.9610 -7.1143 35.1853
v 316.0900 -8.8710 33.7103
v 316.2594 -10.1473 31.7744
v 316.4715 -10.9237 29.3503
v 316.7742 -11.1845 25.8897
v 317.0770 -10.9237 22.4292
v 317.2891 -10.1473 20.0051
v 317.4584 -8.8710 18.0692
v 317.5875 -7.1143 16.5941
v 317.6749 -4.8799 15.5949
v 317.7191 -2.0583 15.0898
v 317.7191 2.0583 15.0898
v 317.6749 4.8799 15.5949
v 317.5875 7.1143 16.5941
v 317.4584 8.8710 18.0692
v 317.2891 10.1473 20.0051
v 317.0770 10.9237 22.4292
v 349.1026 5.5922 29.3262
v 348.9512 5.4619 31.0565
v 348.8452 5.0736 32.2686
v 348.7605 4.4355 33.2365
v 348.6960 3.5572 33.9740
v 348.6522 2.4400 34.4737
v 348.6302 1.0292 34.7262
v 348.6302 -1.0292 34.7262
v 348.6522 -2.4400 34.4737
v 348.6960 -3.5572 33.9740
v 348.7605 -4.4355 33.2365
v 348.8452 -5.0736 32.2686
v 348.9512 -5.4619 31.0565
v 349.1026 -5.5922 29.3262
v 349.2540 -5.4619 27.5960
v 349.3600 -5.0736 26.3839
v 349.4447 -4.4355 25.4159
v 349.5092 -3.5572 24.6784
v 349.5529 -2.4400 24.1788
v 349.5750 -1.0292 23.9263
v 349.5750 1.0292 23.9263
v 349.5529 2.4400 24.1788
v 349.5092 3.5572 24.6784
v 349.4447 4.4355 25.4159
v 349.3600 5.0736 26.3839
v 349.2540 5.4619 27.5960
v -50.3707 -0.0000 -4.4069
v 349.1026 -0.0000 29.3262
v 393.2039 0.2971 20.0000
v 392.8429 0.3298 20.0000
v 391.7651 0.4266 20.0000
v 389.9862 0.5834 20.0000
v 387.5323 0.7939 20.0000
v 384.4390 1.0501 20.0000
v 380.7515 1.3427 20.0000
v 376.5235 1.6622 20.0000
v 371.8168 1.9986 20.0000
v 366.6999 2.3417 20.0000
v 361.2474 2.6811 20.0000
v 355.5389 3.0058 20.0000
v 349.6576 3.3043 20.0000
v 343.6893 3.5642 20.0000
v 337.7210 3.7725 20.0000
v 331.8397 3.9167 20.0000
v 326.1312 3.9848 20.0000
v 320.6788 3.9669 20.0000
v 315.5618 3.8563 20.0000
v 310.8551 3.6499 20.0000
v 306.6271 3.3486 20.0000
v 302.9396 2.9579 20.0000
v 299.8464 2.4860 20.0000
v 297.3924 1.9437 20.0000
v 295.6136 1.3422 20.0000
v 294.5358 0.6917 20.0000
v 294.1748 0.0000 20.0000
v 294.5358 -0.6917 20.0000
v 295.6136 -1.3422 20.0000
v 297.3924 -1.9437 20.0000
v 299.8464 -2.4860 20.0000
v 302.9396 -2.9579 20.0000
v 306.6271 -3.3486 20.0000
v 310.8551 -3.6499 20.0000
v 315.5618 -3.8563 20.0000
v 320.6788 -3.9669 20.0000
v 326.1312 -3.9848 20.0000
v 331.8397 -3.9167 20.0000
v 337.7210 -3.7725 20.0000
v 343.6893 -3.5642 20.0000
v 349.6576 -3.3043 20.0000
v 355.5389 -3.0058 20.0000
v 361.2474 -2.6811 20.0000
v 366.6999 -2.3417 20.0000
v 371.8168 -1.9986 20.0000
v 376.5235 -1.6622 20.0000
v 380.7515 -1.3427 20.0000
v 384.4390 -1.0501 20.0000
v 387.5323 -0.7939 20.0000
v 389.9862 -0.5834 20.0000
v 391.7651 -0.4266 20.0000
v 392.8429 -0.3298 20.0000
v 393.2039 -0.2971 20.0000
v 398.4660 0.2741 35.3953
v 398.1329 0.3043 35.3953
v 397.1385 0.3937 35.3953
v 395.4971 0.5383 35.3953
v 393.2329 0.7326 35.3953
v 390.3788 0.9689 35.3953
v 386.9764 1.2389 35.3953
v 383.0753 1.5337 35.3953
v 378.7324 1.8441 35.3953
v 374.0111 2.1606 35.3953
v 368.9802 2.4738 35.3953
v 363.7130 2.7734 35.3953
v 358.2864 3.0488 35.3953
v 352.7795 3.2886 35.3953
v 347.2726 3.4809 35.3953
v 341.8460 3.6139 35.3953
v 336.5788 3.6767 35.3953
v 331.5479 3.6603 35.3953
v 326.8266 3.5582 35.3953
v 322.4837 3.3677 35.3953
v 318.5826 3.0898 35.3953
v 315.1802 2.7292 35.3953
v 312.3261 2.2938 35.3953
v 310.0618 1.7935 35.3953
v 308.4205 1.2385 35.3953
v 307.4260 0.6382 35.3953
v 307.0929 0.0000 35.3953
v 307.4260 -0.6382 35.3953
v 308.4205 -1.2385 35.3953
v 310.0618 -1.7935 35.3953
v 312.3261 -2.2938 35.3953
v 315.1802 -2.7292 35.3953
v 318.5826 -3.0898 35.3953
v 322.4837 -3.3677 35.3953
v 326.8266 -3.5582 35.3953
v 331.5479 -3.6603 35.3953
v 336.5788 -3.6767 35.3953
v 341.8460 -3.6139 35.3953
v 347.2726 -3.4809 35.3953
v 352.7795 -3.2886 35.3953
v 358.2864 -3.0488 35.3953
v 363.7130 -2.7734 35.3953
v 368.9802 -2.4738 35.3953
v 374.0111 -2.1606 35.3953
v 378.7324 -1.8441 35.3953
v 383.0753 -1.5337 35.3953
v 386.9764 -1.2389 35.3953
v 390.3788 -0.9689 35.3953
v 393.2329 -0.7326 35.3953
v 395.4971 -0.5383 35.3953
v 397.1385 -0.3937 35.3953
v 398.1329 -0.3043 35.3953
v 398.4660 -0.2741 35.3953
v 403.7282 0.2512 50.7906
v 403.4230 0.2788 50.7906
v 402.5118 0.3607 50.7906
v 401.0080 0.4932 50.7906
v 398.9335 0.6712 50.7906
v 396.3185 0.8877 50.7906
v 393.2012 1.1351 50.7906
v 389.6270 1.4052 50.7906
v 385.6480 1.6896 50.7906
v 381.3223 1.9796 50.7906
v 376.7129 2.2665 50.7906
v 371.8870 2.5410 50.7906
v 366.9151 2.7934 50.7906
v 361.8696 3.0131 50.7906
v 356.8242 3.1892 50.7906
v 351.8522 3.3111 50.7906
v 347.0264 3.3686 50.7906
v 342.4170 3.3536 50.7906
v 338.0913 3.2601 50.7906
v 334.1123 3.0855 50.7906
v 330.5381 2.8309 50.7906
v 327.4207 2.5005 50.7906
v 324.8058 2.1016 50.7906
v 322.7312 1.6432 50.7906
v 321.2274 1.1347 50.7906
v 320.3163 0.5848 50.7906
v 320.0111 0.0000 50.7906
v 320.3163 -0.5848 50.7906
v 321.2274 -1.1347 50.7906
v 322.7312 -1.6432 50.7906
v 324.8058 -2.1016 50.7906
v 327.4207 -2.5005 50.7906
v 330.5381 -2.8309 50.7906
v 334.1123 -3.0855 50.7906
v 338.0913 -3.2601 50.7906
v 342.4170 -3.3536 50.7906
v 347.0264 -3.3686 50.7906
v 351.8522 -3.3111 50.7906
v 356.8242 -3.1892 50.7906
v 361.8696 -3.0131 50.7906
v 366.9151 -2.7934 50.7906
v 371.8870 -2.5410 50.7906
v 376.7129 -2.2665 50.7906
v 381.3223 -1.9796 50.7906
v 385.6480 -1.6896 50.7906
v 389.6270 -1.4052 50.7906
v 393.2012 -1.1351 50.7906
v 396.3185 -0.8877 50.7906
v 398.9335 -0.6712 50.7906
v 401.0080 -0.4932 50.7906
v 402.5118 -0.3607 50.7906
v 403.4230 -0.2788 50.7906
v 403.7282 -0.2512 50.7906
v 408.9903 0.2282 66.1859
v 408.7130 0.2533 66.1859
v 407.8852 0.3277 66.1859
v 406.5190 0.4481 66.1859
v 404.6341 0.6098 66.1859
v 402.2583 0.8065 66.1859
v 399.4261 1.0313 66.1859
v 396.1787 1.2767 66.1859
v 392.5636 1.5351 66.1859
v 388.6335 1.7986 66.1859
v 384.4456 2.0592 66.1859
v 380.0611 2.3087 66.1859
v 375.5439 2.5379 66.1859
v 370.9598 2.7375 66.1859
v 366.3757 2.8976 66.1859
v 361.8585 3.0083 66.1859
v 357.4740 3.0606 66.1859
v 353.2861 3.0469 66.1859
v 349.3560 2.9619 66.1859
v 345.7409 2.8033 66.1859
v 342.4936 2.5720 66.1859
v 339.6613 2.2718 66.1859
v 337.2855 1.9094 66.1859
v 335.4007 1.4929 66.1859
v 334.0344 1.0309 66.1859
v 333.2066 0.5313 66.1859
v 332.9293 0.0000 66.1859
v 333.2066 -0.5313 66.1859
v 334.0344 -1.0309 66.1859
v 335.4007 -1.4929 66.1859
v 337.2855 -1.9094 66.1859
v 339.6613 -2.2718 66.1859
v 342.4936 -2.5720 66.1859
v 345.7409 -2.8033 66.1859
v 349.3560 -2.9619 66.1859
v 353.2861 -3.0469 66.1859
v 357.4740 -3.0606 66.1859
v 361.8585 -3.0083 66.1859
v 366.3757 -2.8976 66.1859
v 370.9598 -2.7375 66.1859
v 375.5439 -2.5379 66.1859
v 380.0611 -2.3087 66.1859
v 384.4456 -2.0592 66.1859
v 388.6335 -1.7986 66.1859
v 392.5636 -1.5351 66.1859
v 396.1787 -1.2767 66.1859
v 399.4261 -1.0313 66.1859
v 402.2583 -0.8065 66.1859
v 404.6341 -0.6098 66.1859
v 406.5190 -0.4481 66.1859
v 407.8852 -0.3277 66.1859
v 408.7130 -0.2533 66.1859
v 408.9903 -0.2282 66.1859
v 414.2525 0.2052 81.5811
v 414.0031 0.2278 81.5811
v 413.2586 0.2947 81.5811
v 412.0299 0.4030 81.5811
v 410.3348 0.5484 81.5811
v 408.1981 0.7253 81.5811
v 405.6509 0.9275 81.5811
v 402.7304 1.1482 81.5811
v 399.4792 1.3805 81.5811
v 395.9447 1.6175 81.5811
v 392.1783 1.8520 81.5811
v 388.2352 2.0763 81.5811
v 384.1726 2.2825 81.5811
v 380.0500 2.4620 81.5811
v 375.9273 2.6059 81.5811
v 371.8648 2.7055 81.5811
v 367.9216 2.7525 81.5811
v 364.1553 2.7402 81.5811
v 360.6207 2.6638 81.5811
v 357.3695 2.5212 81.5811
v 354.4490 2.3131 81.5811
v 351.9019 2.0432 81.5811
v 349.7652 1.7172 81.5811
v 348.0701 1.3427 81.5811
v 346.8413 0.9272 81.5811
v 346.0968 0.4778 81.5811
v 345.8475 0.0000 81.5811
v 346.0968 -0.4778 81.5811
v 346.8413 -0.9272 81.5811
v 348.0701 -1.3427 81.5811
v 349.7652 -1.7172 81.5811
v 351.9019 -2.0432 81.5811
v 354.4490 -2.3131 81.5811
v 357.3695 -2.5212 81.5811
v 360.6207 -2.6638 81.5811
v 364.1553 -2.7402 81.5811
v 367.9216 -2.7525 81.5811
v 371.8648 -2.7055 81.5811
v 375.9273 -2.6059 81.5811
v 380.0500 -2.4620 81.5811
v 384.1726 -2.2825 81.5811
v 388.2352 -2.0763 81.5811
v 392.1783 -1.8520 81.5811
v 395.9447 -1.6175 81.5811
v 399.4792 -1.3805 81.5811
v 402.7304 -1.1482 81.5811
v 405.6509 -0.9275 81.5811
v 408.1981 -0.7253 81.5811
v 410.3348 -0.5484 81.5811
v 412.0299 -0.4030 81.5811
v 413.2586 -0.2947 81.5811
v 414.0031 -0.2278 81.5811
v 414.2525 -0.2052 81.5811
v 419.5146 0.1822 96.9764
v 419.2931 0.2023 96.9764
v 418.6320 0.2617 96.9764
v 417.5408 0.3579 96.9764
v 416.0354 0.4870 96.9764
v 414.1378 0.6442 96.9764
v 411.8757 0.8237 96.9764
v 409.2821 1.0197 96.9764
v 406.3948 1.2260 96.9764
v 403.2558 1.4365 96.9764
v 399.9111 1.6447 96.9764
v 396.4092 1.8439 96.9764
v 392.8014 2.0270 96.9764
v 389.1401 2.1864 96.9764
v 385.4789 2.3143 96.9764
v 381.8710 2.4027 96.9764
v 378.3692 2.4444 96.9764
v 375.0244 2.4335 96.9764
v 371.8855 2.3656 96.9764
v 368.9981 2.2390 96.9764
v 366.4045 2.0542 96.9764
v 364.1424 1.8145 96.9764
v 362.2449 1.5250 96.9764
v 360.7395 1.1924 96.9764
v 359.6483 0.8234 96.9764
v 358.9871 0.4243 96.9764
v 358.7656 0.0000 96.9764
v 358.9871 -0.4243 96.9764
v 359.6483 -0.8234 96.9764
v 360.7395 -1.1924 96.9764
v 362.2449 -1.5250 96.9764
v 364.1424 -1.8145 96.9764
v 366.4045 -2.0542 96.9764
v 368.9981 -2.2390 96.9764
v 371.8855 -2.3656 96.9764
v 375.0244 -2.4335 96.9764
v 378.3692 -2.4444 96.9764
v 381.8710 -2.4027 96.9764
v 385.4789 -2.3143 96.9764
v 389.1401 -2.1864 96.9764
v 392.8014 -2.0270 96.9764
v 396.4092 -1.8439 96.9764
v 399.9111 -1.6447 96.9764
v 403.2558 -1.4365 96.9764
v 406.3948 -1.2260 96.9764
v 409.2821 -1.0197 96.9764
v 411.8757 -0.8237 96.9764
v 414.1378 -0.6442 96.9764
v 416.0354 -0.4870 96.9764
v 417.5408 -0.3579 96.9764
v 418.6320 -0.2617 96.9764
v 419.2931 -0.2023 96.9764
v 419.5146 -0.1822 96.9764
v 424.7767 0.1593 112.3717
v 424.5832 0.1768 112.3717
v 424.0054 0.2287 112.3717
v 423.0517 0.3128 112.3717
v 421.7360 0.4257 112.3717
v 420.0776 0.5630 112.3717
v 418.1006 0.7199 112.3717
v 415.8338 0.8912 112.3717
v 413.3104 1.0715 112.3717
v 410.5670 1.2555 112.3717
v 407.6438 1.4374 112.3717
v 404.5833 1.6115 112.3717
v 401.4301 1.7715 112.3717
v 398.2303 1.9109 112.3717
v 395.0305 2.0226 112.3717
v 391.8773 2.0999 112.3717
v 388.8168 2.1364 112.3717
v 385.8935 2.1268 112.3717
v 383.1502 2.0675 112.3717
v 380.6267 1.9568 112.3717
v 378.3600 1.7953 112.3717
v 376.3830 1.5858 112.3717
v 374.7246 1.3328 112.3717
v 373.4089 1.0421 112.3717
v 372.4552 0.7196 112.3717
v 371.8774 0.3709 112.3717
v 371.6838 0.0000 112.3717
v 371.8774 -0.3709 112.3717
v 372.4552 -0.7196 112.3717
v 373.4089 -1.0421 112.3717
v 374.7246 -1.3328 112.3717
v 376.3830 -1.5858 112.3717
v 378.3600 -1.7953 112.3717
v 380.6267 -1.9568 112.3717
v 383.1502 -2.0675 112.3717
v 385.8935 -2.1268 112.3717
v 388.8168 -2.1364 112.3717
v 391.8773 -2.0999 112.3717
v 395.0305 -2.0226 112.3717
v 398.2303 -1.9109 112.3717
v 401.4301 -1.7715 112.3717
v 404.5833 -1.6115 112.3717
v 407.6438 -1.4374 112.3717
v 410.5670 -1.2555 112.3717
v 413.3104 -1.0715 112.3717
v 415.8338 -0.8912 112.3717
v 418.1006 -0.7199 112.3717
v 420.0776 -0.5630 112.3717
v 421.7360 -0.4257 112.3717
v 423.0517 -0.3128 112.3717
v 424.0054 -0.2287 112.3717
v 424.5832 -0.1768 112.3717
v 424.7767 -0.1593 112.3717
v 430.0389 0.1363 127.7670
v 429.8732 0.1513 127.7670
v 429.3787 0.1957 127.7670
v 428.5626 0.2677 127.7670
v 427.4366 0.3643 127.7670
v 426.0174 0.4818 127.7670
v 424.3254 0.6161 127.7670
v 422.3856 0.7627 127.7670
v 420.2260 0.9170 127.7670
v 417.8782 1.0744 127.7670
v 415.3765 1.2301 127.7670
v 412.7573 1.3791 127.7670
v 410.0589 1.5161 127.7670
v 407.3204 1.6353 127.7670
v 404.5820 1.7309 127.7670
v 401.8836 1.7971 127.7670
v 399.2644 1.8283 127.7670
v 396.7627 1.8201 127.7670
v 394.4149 1.7694 127.7670
v 392.2553 1.6746 127.7670
v 390.3154 1.5364 127.7670
v 388.6235 1.3571 127.7670
v 387.2043 1.1407 127.7670
v 386.0783 0.8918 127.7670
v 385.2622 0.6158 127.7670
v 384.7676 0.3174 127.7670
v 384.6020 0.0000 127.7670
v 384.7676 -0.3174 127.7670
v 385.2622 -0.6158 127.7670
v 386.0783 -0.8918 127.7670
v 387.2043 -1.1407 127.7670
v 388.6235 -1.3571 127.7670
v 390.3154 -1.5364 127.7670
v 392.2553 -1.6746 127.7670
v 394.4149 -1.7694 127.7670
v 396.7627 -1.8201 127.7670
v 399.2644 -1.8283 127.7670
v 401.8836 -1.7971 127.7670
v 404.5820 -1.7309 127.7670
v 407.3204 -1.6353 127.7670
v 410.0589 -1.5161 127.7670
v 412.7573 -1.3791 127.7670
v 415.3765 -1.2301 127.7670
v 417.8782 -1.0744 127.7670
v 420.2260 -0.9170 127.7670
v 422.3856 -0.7627 127.7670
v 424.3254 -0.6161 127.7670
v 426.0174 -0.4818 127.7670
v 427.4366 -0.3643 127.7670
v 428.5626 -0.2677 127.7670
v 429.3787 -0.1957 127.7670
v 429.8732 -0.1513 127.7670
v 430.0389 -0.1363 127.7670
v 344.6236 -0.0000 20.0000
v 407.7491 0.0000 127.7670
v 142.9850 96.0000 10.1921
v 145.3857 96.0000 9.9485
v 152.0138 123.0000 11.0282
v 154.4149 123.0000 10.7874
v 161.0424 150.0000 11.8646
v 163.4438 150.0000 11.6270
v 170.0710 177.0000 12.7003
v 172.4728 177.0000 12.4659
v 179.0997 204.0000 13.5342
v 181.5017 204.0000 13.3033
v 188.1284 231.0000 14.3658
v 190.5308 231.0000 14.1384
v 197.1573 258.0000 15.1943
v 199.5601 258.0000 14.9706
v 206.1864 285.0000 16.0193
v 208.5895 285.0000 15.7994
v 215.2158 312.0000 16.8403
v 217.6193 312.0000 16.6243
v 143.0103 96.0000 1.3332
v 145.4097 96.0000 1.5304
v 152.0478 123.0000 2.3972
v 154.4470 123.0000 2.5972
v 161.0852 150.0000 3.4615
v 163.4841 150.0000 3.6645
v 170.1225 177.0000 4.5250
v 172.5211 177.0000 4.7312
v 179.1596 204.0000 5.5868
v 181.5579 204.0000 5.7964
v 188.1966 231.0000 6.6463
v 190.5946 231.0000 6.8593
v 197.2334 258.0000 7.7027
v 199.6310 258.0000 7.9194
v 206.2700 285.0000 8.7556
v 208.6673 285.0000 8.9760
v 215.3064 312.0000 9.8046
v 217.7034 312.0000 10.0288
v 142.9850 -96.0000 10.1921
v 145.3857 -96.0000 9.9485
v 152.0138 -123.0000 11.0282
v 154.4149 -123.0000 10.7874
v 161.0424 -150.0000 11.8646
v 163.4438 -150.0000 11.6270
v 170.0710 -177.0000 12.7003
v 172.4728 -177.0000 12.4659
v 179.0997 -204.0000 13.5342
v 181.5017 -204.0000 13.3033
v 188.1284 -231.0000 14.3658
v 190.5308 -231.0000 14.1384
v 197.1573 -258.0000 15.1943
v 199.5601 -258.0000 14.9706
v 206.1864 -285.0000 16.0193
v 208.5895 -285.0000 15.7994
v 215.2158 -312.0000 16.8403
v 217.6193 -312.0000 16.6243
v 143.0103 -96.0000 1.3332
v 145.4097 -96.0000 1.5304
v 152.0478 -123.0000 2.3972
v 154.4470 -123.0000 2.5972
v 161.0852 -150.0000 3.4615
v 163.4841 -150.0000 3.6645
v 170.1225 -177.0000 4.5250
v 172.5211 -177.0000 4.7312
v 179.1596 -204.0000 5.5868
v 181.5579 -204.0000 5.7964
v 188.1966 -231.0000 6.6463
v 190.5946 -231.0000 6.8593
v 197.2334 -258.0000 7.7027
v 199.6310 -258.0000 7.9194
v 206.2700 -285.0000 8.7556
v 208.6673 -285.0000 8.9760
v 215.3064 -312.0000 9.8046
v 217.7034 -312.0000 10.0288
v 221.2356 330.0000 17.3852
v 223.6393 330.0000 17.1719
v 231.2689 360.0000 18.2887
v 233.6730 360.0000 18.0799
v 241.3026 390.0000 19.1859
v 243.7071 390.0000 18.9819
v 251.3369 420.0000 20.0766
v 253.7418 420.0000 19.8773
v 261.3718 450.0000 20.9602
v 263.7771 450.0000 20.7658
v 271.4074 480.0000 21.8364
v 273.8131 480.0000 21.6470
v 281.4437 510.0000 22.7048
v 283.8498 510.0000 22.5205
v 291.4808 540.0000 23.5652
v 293.8873 540.0000 23.3861
v 301.5187 570.0000 24.4173
v 303.9256 570.0000 24.2436
v 221.3306 330.0000 10.5014
v 223.7273 330.0000 10.7282
v 231.3708 360.0000 11.6582
v 233.7671 360.0000 11.8895
v 241.4108 390.0000 12.8088
v 243.8066 390.0000 13.0446
v 251.4505 420.0000 13.9527
v 253.8458 420.0000 14.1932
v 261.4900 450.0000 15.0896
v 263.8849 450.0000 15.3349
v 271.5294 480.0000 16.2191
v 273.9237 480.0000 16.4693
v 281.5686 510.0000 17.3408
v 283.9624 510.0000 17.5960
v 291.6077 540.0000 18.4545
v 294.0010 540.0000 18.7151
v 301.6467 570.0000 19.5599
v 304.0393 570.0000 19.8261
v 221.2356 -330.0000 17.3852
v 223.6393 -330.0000 17.1719
v 231.2689 -360.0000 18.2887
v 233.6730 -360.0000 18.0799
v 241.3026 -390.0000 19.1859
v 243.7071 -390.0000 18.9819
v 251.3369 -420.0000 20.0766
v 253.7418 -420.0000 19.8773
v 261.3718 -450.0000 20.9602
v 263.7771 -450.0000 20.7658
v 271.4074 -480.0000 21.8364
v 273.8131 -480.0000 21.6470
v 281.4437 -510.0000 22.7048
v 283.8498 -510.0000 22.5205
v 291.4808 -540.0000 23.5652
v 293.8873 -540.0000 23.3861
v 301.5187 -570.0000 24.4173
v 303.9256 -570.0000 24.2436
v 221.3306 -330.0000 10.5014
v 223.7273 -330.0000 10.7282
v 231.3708 -360.0000 11.6582
v 233.7671 -360.0000 11.8895
v 241.4108 -390.0000 12.8088
v 243.8066 -390.0000 13.0446
v 251.4505 -420.0000 13.9527
v 253.8458 -420.0000 14.1932
v 261.4900 -450.0000 15.0896
v 263.8849 -450.0000 15.3349
v 271.5294 -480.0000 16.2191
v 273.9237 -480.0000 16.4693
v 281.5686 -510.0000 17.3408
v 283.9624 -510.0000 17.5960
v 291.6077 -540.0000 18.4545
v 294.0010 -540.0000 18.7151
v 301.6467 -570.0000 19.5599
v 304.0393 -570.0000 19.8261
g wing_stbd
f 1 142 143
f 1 143 2
f 2 143 144
f 2 144 3
f 3 144 145
f 3 145 4
f 4 145 146
f 4 146 5
f 5 146 147
f 5 147 6
f 6 147 148
f 6 148 7
f 7 148 149
f 7 149 8
f 8 149 150
f 8 150 9
f 9 150 151
f 9 151 10
f 10 151 152
f 10 152 11
f 11 152 153
f 11 153 12
f 12 153 154
f 12 154 13
f 13 154 155
f 13 155 14
f 14 155 156
f 14 156 15
f 15 156 157
f 15 157 16
f 16 157 158
f 16 158 17
f 17 158 159
f 17 159 18
f 18 159 160
f 18 160 19
f 19 160 161
f 19 161 20
f 20 161 162
f 20 162 21
f 21 162 163
f 21 163 22
f 22 163 164
f 22 164 23
f 23 164 165
f 23 165 24
f 24 165 166
f 24 166 25
f 25 166 167
f 25 167 26
f 26 167 168
f 26 168 27
f 27 168 169
f 27 169 28
f 28 169 170
f 28 170 29
f 29 170 171
f 29 171 30
f 30 171 172
f 30 172 31
f 31 172 173
f 31 173 32
f 32 173 174
f 32 174 33
f 33 174 175
f 33 175 34
f 34 175 176
f 34 176 35
f 35 176 177
f 35 177 36
f 36 177 178
f 36 178 37
f 37 178 179
f 37 179 38
f 38 179 180
f 38 180 39
f 39 180 181
f 39 181 40
f 40 181 182
f 40 182 41
f 41 182 183
f 41 183 42
f 42 183 184
f 42 184 43
f 43 184 185
f 43 185 44
f 44 185 186
f 44 186 45
f 45 186 187
f 45 187 46
f 46 187 188
f 46 188 47
f 47 188 189
f 47 189 48
f 48 189 190
f 48 190 49
f 49 190 191
f 49 191 50
f 50 191 192
f 50 192 51
f 51 192 193
f 51 193 52
f 52 193 194
f 52 194 53
f 53 194 195
f 53 195 54
f 54 195 196
f 54 196 55
f 55 196 197
f 55 197 56
f 56 197 198
f 56 198 57
f 57 198 199
f 57 199 58
f 58 199 200
f 58 200 59
f 59 200 201
f 59 201 60
f 60 201 202
f 60 202 61
f 61 202 203
f 61 203 62
f 62 203 204
f 62 204 63
f 63 204 205
f 63 205 64
f 64 205 206
f 64 206 65
f 65 206 207
f 65 207 66
f 66 207 208
f 66 208 67
f 67 208 209
f 67 209 68
f 68 209 210
f 68 210 69
f 69 210 211
f 69 211 70
f 70 211 212
f 70 212 71
f 71 212 213
f 71 213 72
f 72 213 214
f 72 214 73
f 73 214 215
f 73 215 74
f 74 215 216
f 74 216 75
f 75 216 217
f 75 217 76
f 76 217 218
f 76 218 77
f 77 218 219
f 77 219 78
f 78 219 220
f 78 220 79
f 79 220 221
f 79 221 80
f 80 221 222
f 80 222 81
f 81 222 223
f 81 223 82
f 82 223 224
f 82 224 83
f 83 224 225
f 83 225 84
f 84 225 226
f 84 226 85
f 85 226 227
f 85 227 86
f 86 227 228
f 86 228 87
f 87 228 229
f 87 229 88
f 88 229 230
f 88 230 89
f 89 230 231
f 89 231 90
f 90 231 232
f 90 232 91
f 91 232 233
f 91 233 92
f 92 233 234
f 92 234 93
f 93 234 235
f 93 235 94
f 94 235 236
f 94 236 95
f 95 236 237
f 95 237 96
f 96 237 238
f 96 238 97
f 97 238 239
f 97 239 98
f 98 239 240
f 98 240 99
f 99 240 241
f 99 241 100
f 100 241 242
f 100 242 101
f 101 242 243
f 101 243 102
f 102 243 244
f 102 244 103
f 103 244 245
f 103 245 104
f 104 245 246
f 104 246 105
f 105 246 247
f 105 247 106
f 106 247 248
f 106 248 107
f 107 248 249
f 107 249 108
f 108 249 250
f 108 250 109
f 109 250 251
f 109 251 110
f 110 251 252
f 110 252 111
f 111 252 253
f 111 253 112
f 112 253 254
f 112 254 113
f 113 254 255
f 113 255 114
f 114 255 256
f 114 256 115
f 115 256 257
f 115 257 116
f 116 257 258
f 116 258 117
f 117 258 259
f 117 259 118
f 118 259 260
f 118 260 119
f 119 260 261
f 119 261 120
f 120 261 262
f 120 262 121
f 121 262 263
f 121 263 122
f 122 263 264
f 122 264 123
f 123 264 265
f 123 265 124
f 124 265 266
f 124 266 125
f 125 266 267
f 125 267 126
f 126 267 268
f 126 268 127
f 127 268 269
f 127 269 128
f 128 269 270
f 128 270 129
f 129 270 271
f 129 271 130
f 130 271 272
f 130 272 131
f 131 272 273
f 131 273 132
f 132 273 274
f 132 274 133
f 133 274 275
f 133 275 134
f 134 275 276
f 134 276 135
f 135 276 277
f 135 277 136
f 136 277 278
f 136 278 137
f 137 278 279
f 137 279 138
f 138 279 280
f 138 280 139
f 139 280 281
f 139 281 140
f 140 281 282
f 140 282 141
f 141 282 142
f 141 142 1
f 142 283 284
f 142 284 143
f 143 284 285
f 143 285 144
f 144 285 286
f 144 286 145
f 145 286 287
f 145 287 146
f 146 287 288
f 146 288 147
f 147 288 289
f 147 289 148
f 148 289 290
f 148 290 149
f 149 290 291
f 149 291 150
f 150 291 292
f 150 292 151
f 151 292 293
f 151 293 152
f 152 293 294
f 152 294 153
f 153 294 295
f 153 295 154
f 154 295 296
f 154 296 155
f 155 296 297
f 155 297 156
f 156 297 298
f 156 298 157
f 157 298 299
f 157 299 158
f 158 299 300
f 158 300 159
f 159 300 301
f 159 301 160
f 160 301 302
f 160 302 161
f 161 302 303
f 161 303 162
f 162 303 304
f 162 304 163
f 163 304 305
f 163 305 164
f 164 305 306
f 164 306 165
f 165 306 307
f 165 307 166
f 166 307 308
f 166 308 167
f 167 308 309
f 167 309 168
f 168 309 310
f 168 310 169
f 169 310 311
f 169 311 170
f 170 311 312
f 170 312 171
f 171 312 313
f 171 313 172
f 172 313 314
f 172 314 173
f 173 314 315
f 173 315 174
f 174 315 316
f 174 316 175
f 175 316 317
f 175 317 176
f 176 317 318
f 176 318 177
f 177 318 319
f 177 319 178
f 178 319 320
f 178 320 179
f 179 320 321
f 179 321 180
f 180 321 322
f 180 322 181
f 181 322 323
f 181 323 182
f 182 323 324
f 182 324 183
f 183 324 325
f 183 325 184
f 184 325 326
f 184 326 185
f 185 326 327
f 185 327 186
f 186 327 328
f 186 328 187
f 187 328 329
f 187 329 188
f 188 329 330
f 188 330 189
f 189 330 331
f 189 331 190
f 190 331 332
f 190 332 191
f 191 332 333
f 191 333 192
f 192 333 334
f 192 334 193
f 193 334 335
f 193 335 194
f 194 335 336
f 194 336 195
f 195 336 337
f 195 337 196
f 196 337 338
f 196 338 197
f 197 338 339
f 197 339 198
f 198 339 340
f 198 340 199
f 199 340 341
f 199 341 200
f 200 341 342
f 200 342 201
f 201 342 343
f 201 343 202
f 202 343 344
f 202 344 203
f 203 344 345
f 203 345 204
f 204 345 346
f 204 346 205
f 205 346 347
f 205 347 206
f 206 347 348
f 206 348 207
f 207 348 349
f 207 349 208
f 208 349 350
f 208 350 209
f 209 350 351
f 209 351 210
f 210 351 352
f 210 352 211
f 211 352 353
f 211 353 212
f 212 353 354
f 212 354 213
f 213 354 355
f 213 355 214
f 214 355 356
f 214 356 215
f 215 356 357
f 215 357 216
f 216 357 358
f 216 358 217
f 217 358 359
f 217 359 218
f 218 359 360
f 218 360 219
f 219 360 361
f 219 361 220
f 220 361 362
f 220 362 221
f 221 362 363
f 221 363 222
f 222 363 364
f 222 364 223
f 223 364 365
f 223 365 224
f 224 365 366
f 224 366 225
f 225 366 367
f 225 367 226
f 226 367 368
f 226 368 227
f 227 368 369
f 227 369 228
f 228 369 370
f 228 370 229
f 229 370 371
f 229 371 230
f 230 371 372
f 230 372 231
f 231 372 373
f 231 373 232
f 232 373 374
f 232 374 233
f 233 374 375
f 233 375 234
f 234 375 376
f 234 376 235
f 235 376 377
f 235 377 236
f 236 377 378
f 236 378 237
f 237 378 379
f 237 379 238
f 238 379 380
f 238 380 239
f 239 380 381
f 239 381 240
f 240 381 382
f 240 382 241
f 241 382 383
f 241 383 242
f 242 383 384
f 242 384 243
f 243 384 385
f 243 385 244
f 244 385 386
f 244 386 245
f 245 386 387
f 245 387 246
f 246 387 388
f 246 388 247
f 247 388 389
f 247 389 248
f 248 389 390
f 248 390 249
f 249 390 391
f 249 391 250
f 250 391 392
f 250 392 251
f 251 392 393
f 251 393 252
f 252 393 394
f 252 394 253
f 253 394 395
f 253 395 254
f 254 395 396
f 254 396 255
f 255 396 397
f 255 397 256
f 256 397 398
f 256 398 257
f 257 398 399
f 257 399 258
f 258 399 400
f 258 400 259
f 259 400 401
f 259 401 260
f 260 401 402
f 260 402 261
f 261 402 403
f 261 403 262
f 262 403 404
f 262 404 263
f 263 404 405
f 263 405 264
f 264 405 406
f 264 406 265
f 265 406 407
f 265 407 266
f 266 407 408
f 266 408 267
f 267 408 409
f 267 409 268
f 268 409 410
f 268 410 269
f 269 410 411
f 269 411 270
f 270 411 412
f 270 412 271
f 271 412 413
f 271 413 272
f 272 413 414
f 272 414 273
f 273 414 415
f 273 415 274
f 274 415 416
f 274 416 275
f 275 416 417
f 275 417 276
f 276 417 418
f 276 418 277
f 277 418 419
f 277 419 278
f 278 419 420
f 278 420 279
f 279 420 421
f 279 421 280
f 280 421 422
f 280 422 281
f 281 422 423
f 281 423 282
f 282 423 283
f 282 283 142
f 283 424 425
f 283 425 284
f 284 425 426
f 284 426 285
f 285 426 427
f 285 427 286
f 286 427 428
f 286 428 287
f 287 428 429
f 287 429 288
f 288 429 430
f 288 430 289
f 289 430 431
f 289 431 290
f 290 431 432
f 290 432 291
f 291 432 433
f 291 433 292
f 292 433 434
f 292 434 293
f 293 434 435
f 293 435 294
f 294 435 436
f 294 436 295
f 295 436 437
f 295 437 296
f 296 437 438
f 296 438 297
f 297 438 439
f 297 439 298
f 298 439 440
f 298 440 299
f 299 440 441
f 299 441 300
f 300 441 442
f 300 442 301
f 301 442 443
f 301 443 302
f 302 443 444
f 302 444 303
f 303 444 445
f 303 445 304
f 304 445 446
f 304 446 305
f 305 446 447
f 305 447 306
f 306 447 448
f 306 448 307
f 307 448 449
f 307 449 308
f 308 449 450
f 308 450 309
f 309 450 451
f 309 451 310
f 310 451 452
f 310 452 311
f 311 452 453
f 311 453 312
f 312 453 454
f 312 454 313
f 313 454 455
f 313 455 314
f 314 455 456
f 314 456 315
f 315 456 457
f 315 457 316
f 316 457 458
f 316 458 317
f 317 458 459
f 317 459 318
f 318 459 460
f 318 460 319
f 319 460 461
f 319 461 320
f 320 461 462
f 320 462 321
f 321 462 463
f 321 463 322
f 322 463 464
f 322 464 323
f 323 464 465
f 323 465 324
f 324 465 466
f 324 466 325
f 325 466 467
f 325 467 326
f 326 467 468
f 326 468 327
f 327 468 469
f 327 469 328
f 328 469 470
f 328 470 329
f 329 470 471
f 329 471 330
f 330 471 472
f 330 472 331
f 331 472 473
f 331 473 332
f 332 473 474
f 332 474 333
f 333 474 475
f 333 475 334
f 334 475 476
f 334 476 335
f 335 476 477
f 335 477 336
f 336 477 478
f 336 478 337
f 337 478 479
f 337 479 338
f 338 479 480
f 338 480 339
f 339 480 481
f 339 481 340
f 340 481 482
f 340 482 341
f 341 482 483
f 341 483 342
f 342 483 484
f 342 484 343
f 343 484 485
f 343 485 344
f 344 485 486
f 344 486 345
f 345 486 487
f 345 487 346
f 346 487 488
f 346 488 347
f 347 488 489
f 347 489 348
f 348 489 490
f 348 490 349
f 349 490 491
f 349 491 350
f 350 491 492
f 350 492 351
f 351 492 493
f 351 493 352
f 352 493 494
f 352 494 353
f 353 494 495
f 353 495 354
f 354 495 496
f 354 496 355
f 355 496 497
f 355 497 356
f 356 497 498
f 356 498 357
f 357 498 499
f 357 499 358
f 358 499 500
f 358 500 359
f 359 500 501
f 359 501 360
f 360 501 502
f 360 502 361
f 361 502 503
f 361 503 362
f 362 503 504
f 362 504 363
f 363 504 505
f 363 505 364
f 364 505 506
f 364 506 365
f 365 506 507
f 365 507 366
f 366 507 508
f 366 508 367
f 367 508 509
f 367 509 368
f 368 509 510
f 368 510 369
f 369 510 511
f 369 511 370
f 370 511 512
f 370 512 371
f 371 512 513
f 371 513 372
f 372 513 514
f 372 514 373
f 373 514 515
f 373 515 374
f 374 515 516
f 374 516 375
f 375 516 517
f 375 517 376
f 376 517 518
f 376 518 377
f 377 518 519
f 377 519 378
f 378 519 520
f 378 520 379
f 379 520 521
f 379 521 380
f 380 521 522
f 380 522 381
f 381 522 523
f 381 523 382
f 382 523 524
f 382 524 383
f 383 524 525
f 383 525 384
f 384 525 526
f 384 526 385
f 385 526 527
f 385 527 386
f 386 527 528
f 386 528 387
f 387 528 529
f 387 529 388
f 388 529 530
f 388 530 389
f 389 530 531
f 389 531 390
f 390 531 532
f 390 532 391
f 391 532 533
f 391 533 392
f 392 533 534
f 392 534 393
f 393 534 535
f 393 535 394
f 394 535 536
f 394 536 395
f 395 536 537
f 395 537 396
f 396 537 538
f 396 538 397
f 397 538 539
f 397 539 398
f 398 539 540
f 398 540 399
f 399 540 541
f 399 541 400
f 400 541 542
f 400 542 401
f 401 542 543
f 401 543 402
f 402 543 544
f 402 544 403
f 403 544 545
f 403 545 404
f 404 545 546
f 404 546 405
f 405 546 547
f 405 547 406
f 406 547 548
f 406 548 407
f 407 548 549
f 407 549 408
f 408 549 550
f 408 550 409
f 409 550 551
f 409 551 410
f 410 551 552
f 410 552 411
f 411 552 553
f 411 553 412
f 412 553 554
f 412 554 413
f 413 554 555
f 413 555 414
f 414 555 556
f 414 556 415
f 415 556 557
f 415 557 416
f 416 557 558
f 416 558 417
f 417 558 559
f 417 559 418
f 418 559 560
f 418 560 419
f 419 560 561
f 419 561 420
f 420 561 562
f 420 562 421
f 421 562 563
f 421 563 422
f 422 563 564
f 422 564 423
f 423 564 424
f 423 424 283
f 424 565 566
f 424 566 425
f 425 566 567
f 425 567 426
f 426 567 568
f 426 568 427
f 427 568 569
f 427 569 428
f 428 569 570
f 428 570 429
f 429 570 571
f 429 571 430
f 430 571 572
f 430 572 431
f 431 572 573
f 431 573 432
f 432 573 574
f 432 574 433
f 433 574 575
f 433 575 434
f 434 575 576
f 434 576 435
f 435 576 577
f 435 577 436
f 436 577 578
f 436 578 437
f 437 578 579
f 437 579 438
f 438 579 580
f 438 580 439
f 439 580 581
f 439 581 440
f 440 581 582
f 440 582 441
f 441 582 583
f 441 583 442
f 442 583 584
f 442 584 443
f 443 584 585
f 443 585 444
f 444 585 586
f 444 586 445
f 445 586 587
f 445 587 446
f 446 587 588
f 446 588 447
f 447 588 589
f 447 589 448
f 448 589 590
f 448 590 449
f 449 590 591
f 449 591 450
f 450 591 592
f 450 592 451
f 451 592 593
f 451 593 452
f 452 593 594
f 452 594 453
f 453 594 595
f 453 595 454
f 454 595 596
f 454 596 455
f 455 596 597
f 455 597 456
f 456 597 598
f 456 598 457
f 457 598 599
f 457 599 458
f 458 599 600
f 458 600 459
f 459 600 601
f 459 601 460
f 460 601 602
f 460 602 461
f 461 602 603
f 461 603 462
f 462 603 604
f 462 604 463
f 463 604 605
f 463 605 464
f 464 605 606
f 464 606 465
f 465 606 607
f 465 607 466
f 466 607 608
f 466 608 467
f 467 608 609
f 467 609 468
f 468 609 610
f 468 610 469
f 469 610 611
f 469 611 470
f 470 611 612
f 470 612 471
f 471 612 613
f 471 613 472
f 472 613 614
f 472 614 473
f 473 614 615
f 473 615 474
f 474 615 616
f 474 616 475
f 475 616 617
f 475 617 476
f 476 617 618
f 476 618 477
f 477 618 619
f 477 619 478
f 478 619 620
f 478 620 479
f 479 620 621
f 479 621 480
f 480 621 622
f 480 622 481
f 481 622 623
f 481 623 482
f 482 623 624
f 482 624 483
f 483 624 625
f 483 625 484
f 484 625 626
f 484 626 485
f 485 626 627
f 485 627 486
f 486 627 628
f 486 628 487
f 487 628 629
f 487 629 488
f 488 629 630
f 488 630 489
f 489 630 631
f 489 631 490
f 490 631 632
f 490 632 491
f 491 632 633
f 491 633 492
f 492 633 634
f 492 634 493
f 493 634 635
f 493 635 494
f 494 635 636
f 494 636 495
f 495 636 637
f 495 637 496
f 496 637 638
f 496 638 497
f 497 638 639
f 497 639 498
f 498 639 640
f 498 640 499
f 499 640 641
f 499 641 500
f 500 641 642
f 500 642 501
f 501 642 643
f 501 643 502
f 502 643 644
f 502 644 503
f 503 644 645
f 503 645 504
f 504 645 646
f 504 646 505
f 505 646 647
f 505 647 506
f 506 647 648
f 506 648 507
f 507 648 649
f 507 649 508
f 508 649 650
f 508 650 509
f 509 650 651
f 509 651 510
f 510 651 652
f 510 652 511
f 511 652 653
f 511 653 512
f 512 653 654
f 512 654 513
f 513 654 655
f 513 655 514
f 514 655 656
f 514 656 515
f 515 656 657
f 515 657 516
f 516 657 658
f 516 658 517
f 517 658 659
f 517 659 518
f 518 659 660
f 518 660 519
f 519 660 661
f 519 661 520
f 520 661 662
f 520 662 521
f 521 662 663
f 521 663 522
f 522 663 664
f 522 664 523
f 523 664 665
f 523 665 524
f 524 665 666
f 524 666 525
f 525 666 667
f 525 667 526
f 526 667 668
f 526 668 527
f 527 668 669
f 527 669 528
f 528 669 670
f 528 670 529
f 529 670 671
f 529 671 530
f 530 671 672
f 530 672 531
f 531 672 673
f 531 673 532
f 532 673 674
f 532 674 533
f 533 674 675
f 533 675 534
f 534 675 676
f 534 676 535
f 535 676 677
f 535 677 536
f 536 677 678
f 536 678 537
f 537 678 679
f 537 679 538
f 538 679 680
f 538 680 539
f 539 680 681
f 539 681 540
f 540 681 682
f 540 682 541
f 541 682 683
f 541 683 542
f 542 683 684
f 542 684 543
f 543 684 685
f 543 685 544
f 544 685 686
f 544 686 545
f 545 686 687
f 545 687 546
f 546 687 688
f 546 688 547
f 547 688 689
f 547 689 548
f 548 689 690
f 548 690 549
f 549 690 691
f 549 691 550
f 550 691 692
f 550 692 551
f 551 692 693
f 551 693 552
f 552 693 694
f 552 694 553
f 553 694 695
f 553 695 554
f 554 695 696
f 554 696 555
f 555 696 697
f 555 697 556
f 556 697 698
f 556 698 557
f 557 698 699
f 557 699 558
f 558 699 700
f 558 700 559
f 559 700 701
f 559 701 560
f 560 701 702
f 560 702 561
f 561 702 703
f 561 703 562
f 562 703 704
f 562 704 563
f 563 704 705
f 563 705 564
f 564 705 565
f 564 565 424
f 565 706 707
f 565 707 566
f 566 707 708
f 566 708 567
f 567 708 709
f 567 709 568
f 568 709 710
f 568 710 569
f 569 710 711
f 569 711 570
f 570 711 712
f 570 712 571
f 571 712 713
f 571 713 572
f 572 713 714
f 572 714 573
f 573 714 715
f 573 715 574
f 574 715 716
f 574 716 575
f 575 716 717
f 575 717 576
f 576 717 718
f 576 718 577
f 577 718 719
f 577 719 578
f 578 719 720
f 578 720 579
f 579 720 721
f 579 721 580
f 580 721 722
f 580 722 581
f 581 722 723
f 581 723 582
f 582 723 724
f 582 724 583
f 583 724 725
f 583 725 584
f 584 725 726
f 584 726 585
f 585 726 727
f 585 727 586
f 586 727 728
f 586 728 587
f 587 728 729
f 587 729 588
f 588 729 730
f 588 730 589
f 589 730 731
f 589 731 590
f 590 731 732
f 590 732 591
f 591 732 733
f 591 733 592
f 592 733 734
f 592 734 593
f 593 734 735
f 593 735 594
f 594 735 736
f 594 736 595
f 595 736 737
f 595 737 596
f 596 737 738
f 596 738 597
f 597 738 739
f 597 739 598
f 598 739 740
f 598 740 599
f 599 740 741
f 599 741 600
f 600 741 742
f 600 742 601
f 601 742 743
f 601 743 602
f 602 743 744
f 602 744 603
f 603 744 745
f 603 745 604
f 604 745 746
f 604 746 605
f 605 746 747
f 605 747 606
f 606 747 748
f 606 748 607
f 607 748 749
f 607 749 608
f 608 749 750
f 608 750 609
f 609 750 751
f 609 751 610
f 610 751 752
f 610 752 611
f 611 752 753
f 611 753 612
f 612 753 754
f 612 754 613
f 613 754 755
f 613 755 614
f 614 755 756
f 614 756 615
f 615 756 757
f 615 757 616
f 616 757 758
f 616 758 617
f 617 758 759
f 617 759 618
f 618 759 760
f 618 760 619
f 619 760 761
f 619 761 620
f 620 761 762
f 620 762 621
f 621 762 763
f 621 763 622
f 622 763 764
f 622 764 623
f 623 764 765
f 623 765 624
f 624 765 766
f 624 766 625
f 625 766 767
f 625 767 626
f 626 767 768
f 626 768 627
f 627 768 769
f 627 769 628
f 628 769 770
f 628 770 629
f 629 770 771
f 629 771 630
f 630 771 772
f 630 772 631
f 631 772 773
f 631 773 632
f 632 773 774
f 632 774 633
f 633 774 775
f 633 775 634
f 634 775 776
f 634 776 635
f 635 776 777
f 635 777 636
f 636 777 778
f 636 778 637
f 637 778 779
f 637 779 638
f 638 779 780
f 638 780 639
f 639 780 781
f 639 781 640
f 640 781 782
f 640 782 641
f 641 782 783
f 641 783 642
f 642 783 784
f 642 784 643
f 643 784 785
f 643 785 644
f 644 785 786
f 644 786 645
f 645 786 787
f 645 787 646
f 646 787 788
f 646 788 647
f 647 788 789
f 647 789 648
f 648 789 790
f 648 790 649
f 649 790 791
f 649 791 650
f 650 791 792
f 650 792 651
f 651 792 793
f 651 793 652
f 652 793 794
f 652 794 653
f 653 794 795
f 653 795 654
f 654 795 796
f 654 796 655
f 655 796 797
f 655 797 656
f 656 797 798
f 656 798 657
f 657 798 799
f 657 799 658
f 658 799 800
f 658 800 659
f 659 800 801
f 659 801 660
f 660 801 802
f 660 802 661
f 661 802 803
f 661 803 662
f 662 803 804
f 662 804 663
f 663 804 805
f 663 805 664
f 664 805 806
f 664 806 665
f 665 806 807
f 665 807 666
f 666 807 808
f 666 808 667
f 667 808 809
f 667 809 668
f 668 809 810
f 668 810 669
f 669 810 811
f 669 811 670
f 670 811 812
f 670 812 671
f 671 812 813
f 671 813 672
f 672 813 814
f 672 814 673
f 673 814 815
f 673 815 674
f 674 815 816
f 674 816 675
f 675 816 817
f 675 817 676
f 676 817 818
f 676 818 677
f 677 818 819
f 677 819 678
f 678 819 820
f 678 820 679
f 679 820 821
f 679 821 680
f 680 821 822
f 680 822 681
f 681 822 823
f 681 823 682
f 682 823 824
f 682 824 683
f 683 824 825
f 683 825 684
f 684 825 826
f 684 826 685
f 685 826 827
f 685 827 686
f 686 827 828
f 686 828 687
f 687 828 829
f 687 829 688
f 688 829 830
f 688 830 689
f 689 830 831
f 689 831 690
f 690 831 832
f 690 832 691
f 691 832 833
f 691 833 692
f 692 833 834
f 692 834 693
f 693 834 835
f 693 835 694
f 694 835 836
f 694 836 695
f 695 836 837
f 695 837 696
f 696 837 838
f 696 838 697
f 697 838 839
f 697 839 698
f 698 839 840
f 698 840 699
f 699 840 841
f 699 841 700
f 700 841 842
f 700 842 701
f 701 842 843
f 701 843 702
f 702 843 844
f 702 844 703
f 703 844 845
f 703 845 704
f 704 845 846
f 704 846 705
f 705 846 706
f 705 706 565
f 706 847 848
f 706 848 707
f 707 848 849
f 707 849 708
f 708 849 850
f 708 850 709
f 709 850 851
f 709 851 710
f 710 851 852
f 710 852 711
f 711 852 853
f 711 853 712
f 712 853 854
f 712 854 713
f 713 854 855
f 713 855 714
f 714 855 856
f 714 856 715
f 715 856 857
f 715 857 716
f 716 857 858
f 716 858 717
f 717 858 859
f 717 859 718
f 718 859 860
f 718 860 719
f 719 860 861
f 719 861 720
f 720 861 862
f 720 862 721
f 721 862 863
f 721 863 722
f 722 863 864
f 722 864 723
f 723 864 865
f 723 865 724
f 724 865 866
f 724 866 725
f 725 866 867
f 725 867 726
f 726 867 868
f 726 868 727
f 727 868 869
f 727 869 728
f 728 869 870
f 728 870 729
f 729 870 871
f 729 871 730
f 730 871 872
f 730 872 731
f 731 872 873
f 731 873 732
f 732 873 874
f 732 874 733
f 733 874 875
f 733 875 734
f 734 875 876
f 734 876 735
f 735 876 877
f 735 877 736
f 736 877 878
f 736 878 737
f 737 878 879
f 737 879 738
f 738 879 880
f 738 880 739
f 739 880 881
f 739 881 740
f 740 881 882
f 740 882 741
f 741 882 883
f 741 883 742
f 742 883 884
f 742 884 743
f 743 884 885
f 743 885 744
f 744 885 886
f 744 886 745
f 745 886 887
f 745 887 746
f 746 887 888
f 746 888 747
f 747 888 889
f 747 889 748
f 748 889 890
f 748 890 749
f 749 890 891
f 749 891 750
f 750 891 892
f 750 892 751
f 751 892 893
f 751 893 752
f 752 893 894
f 752 894 753
f 753 894 895
f 753 895 754
f 754 895 896
f 754 896 755
f 755 896 897
f 755 897 756
f 756 897 898
f 756 898 757
f 757 898 899
f 757 899 758
f 758 899 900
f 758 900 759
f 759 900 901
f 759 901 760
f 760 901 902
f 760 902 761
f 761 902 903
f 761 903 762
f 762 903 904
f 762 904 763
f 763 904 905
f 763 905 764
f 764 905 906
f 764 906 765
f 765 906 907
f 765 907 766
f 766 907 908
f 766 908 767
f 767 908 909
f 767 909 768
f 768 909 910
f 768 910 769
f 769 910 911
f 769 911 770
f 770 911 912
f 770 912 771
f 771 912 913
f 771 913 772
f 772 913 914
f 772 914 773
f 773 914 915
f 773 915 774
f 774 915 916
f 774 916 775
f 775 916 917
f 775 917 776
f 776 917 918
f 776 918 777
f 777 918 919
f 777 919 778
f 778 919 920
f 778 920 779
f 779 920 921
f 779 921 780
f 780 921 922
f 780 922 781
f 781 922 923
f 781 923 782
f 782 923 924
f 782 924 783
f 783 924 925
f 783 925 784
f 784 925 926
f 784 926 785
f 785 926 927
f 785 927 786
f 786 927 928
f 786 928 787
f 787 928 929
f 787 929 788
f 788 929 930
f 788 930 789
f 789 930 931
f 789 931 790
f 790 931 932
f 790 932 791
f 791 932 933
f 791 933 792
f 792 933 934
f 792 934 793
f 793 934 935
f 793 935 794
f 794 935 936
f 794 936 795
f 795 936 937
f 795 937 796
f 796 937 938
f 796 938 797
f 797 938 939
f 797 939 798
f 798 939 940
f 798 940 799
f 799 940 941
f 799 941 800
f 800 941 942
f 800 942 801
f 801 942 943
f 801 943 802
f 802 943 944
f 802 944 803
f 803 944 945
f 803 945 804
f 804 945 946
f 804 946 805
f 805 946 947
f 805 947 806
f 806 947 948
f 806 948 807
f 807 948 949
f 807 949 808
f 808 949 950
f 808 950 809
f 809 950 951
f 809 951 810
f 810 951 952
f 810 952 811
f 811 952 953
f 811 953 812
f 812 953 954
f 812 954 813
f 813 954 955
f 813 955 814
f 814 955 956
f 814 956 815
f 815 956 957
f 815 957 816
f 816 957 958
f 816 958 817
f 817 958 959
f 817 959 818
f 818 959 960
f 818 960 819
f 819 960 961
f 819 961 820
f 820 961 962
f 820 962 821
f 821 962 963
f 821 963 822
f 822 963 964
f 822 964 823
f 823 964 965
f 823 965 824
f 824 965 966
f 824 966 825
f 825 966 967
f 825 967 826
f 826 967 968
f 826 968 827
f 827 968 969
f 827 969 828
f 828 969 970
f 828 970 829
f 829 970 971
f 829 971 830
f 830 971 972
f 830 972 831
f 831 972 973
f 831 973 832
f 832 973 974
f 832 974 833
f 833 974 975
f 833 975 834
f 834 975 976
f 834 976 835
f 835 976 977
f 835 977 836
f 836 977 978
f 836 978 837
f 837 978 979
f 837 979 838
f 838 979 980
f 838 980 839
f 839 980 981
f 839 981 840
f 840 981 982
f 840 982 841
f 841 982 983
f 841 983 842
f 842 983 984
f 842 984 843
f 843 984 985
f 843 985 844
f 844 985 986
f 844 986 845
f 845 986 987
f 845 987 846
f 846 987 847
f 846 847 706
f 847 988 989
f 847 989 848
f 848 989 990
f 848 990 849
f 849 990 991
f 849 991 850
f 850 991 992
f 850 992 851
f 851 992 993
f 851 993 852
f 852 993 994
f 852 994 853
f 853 994 995
f 853 995 854
f 854 995 996
f 854 996 855
f 855 996 997
f 855 997 856
f 856 997 998
f 856 998 857
f 857 998 999
f 857 999 858
f 858 999 1000
f 858 1000 859
f 859 1000 1001
f 859 1001 860
f 860 1001 1002
f 860 1002 861
f 861 1002 1003
f 861 1003 862
f 862 1003 1004
f 862 1004 863
f 863 1004 1005
f 863 1005 864
f 864 1005 1006
f 864 1006 865
f 865 1006 1007
f 865 1007 866
f 866 1007 1008
f 866 1008 867
f 867 1008 1009
f 867 1009 868
f 868 1009 1010
f 868 1010 869
f 869 1010 1011
f 869 1011 870
f 870 1011 1012
f 870 1012 871
f 871 1012 1013
f 871 1013 872
f 872 1013 1014
f 872 1014 873
f 873 1014 1015
f 873 1015 874
f 874 1015 1016
f 874 1016 875
f 875 1016 1017
f 875 1017 876
f 876 1017 1018
f 876 1018 877
f 877 1018 1019
f 877 1019 878
f 878 1019 1020
f 878 1020 879
f 879 1020 1021
f 879 1021 880
f 880 1021 1022
f 880 1022 881
f 881 1022 1023
f 881 1023 882
f 882 1023 1024
f 882 1024 883
f 883 1024 1025
f 883 1025 884
f 884 1025 1026
f 884 1026 885
f 885 1026 1027
f 885 1027 886
f 886 1027 1028
f 886 1028 887
f 887 1028 1029
f 887 1029 888
f 888 1029 1030
f 888 1030 889
f 889 1030 1031
f 889 1031 890
f 890 1031 1032
f 890 1032 891
f 891 1032 1033
f 891 1033 892
f 892 1033 1034
f 892 1034 893
f 893 1034 1035
f 893 1035 894
f 894 1035 1036
f 894 1036 895
f 895 1036 1037
f 895 1037 896
f 896 1037 1038
f 896 1038 897
f 897 1038 1039
f 897 1039 898
f 898 1039 1040
f 898 1040 899
f 899 1040 1041
f 899 1041 900
f 900 1041 1042
f 900 1042 901
f 901 1042 1043
f 901 1043 902
f 902 1043 1044
f 902 1044 903
f 903 1044 1045
f 903 1045 904
f 904 1045 1046
f 904 1046 905
f 905 1046 1047
f 905 1047 906
f 906 1047 1048
f 906 1048 907
f 907 1048 1049
f 907 1049 908
f 908 1049 1050
f 908 1050 909
f 909 1050 1051
f 909 1051 910
f 910 1051 1052
f 910 1052 911
f 911 1052 1053
f 911 1053 912
f 912 1053 1054
f 912 1054 913
f 913 1054 1055
f 913 1055 914
f 914 1055 1056
f 914 1056 915
f 915 1056 1057
f 915 1057 916
f 916 1057 1058
f 916 1058 917
f 917 1058 1059
f 917 1059 918
f 918 1059 1060
f 918 1060 919
f 919 1060 1061
f 919 1061 920
f 920 1061 1062
f 920 1062 921
f 921 1062 1063
f 921 1063 922
f 922 1063 1064
f 922 1064 923
f 923 1064 1065
f 923 1065 924
f 924 1065 1066
f 924 1066 925
f 925 1066 1067
f 925 1067 926
f 926 1067 1068
f 926 1068 927
f 927 1068 1069
f 927 1069 928
f 928 1069 1070
f 928 1070 929
f 929 1070 1071
f 929 1071 930
f 930 1071 1072
f 930 1072 931
f 931 1072 1073
f 931 1073 932
f 932 1073 1074
f 932 1074 933
f 933 1074 1075
f 933 1075 934
f 934 1075 1076
f 934 1076 935
f 935 1076 1077
f 935 1077 936
f 936 1077 1078
f 936 1078 937
f 937 1078 1079
f 937 1079 938
f 938 1079 1080
f 938 1080 939
f 939 1080 1081
f 939 1081 940
f 940 1081 1082
f 940 1082 941
f 941 1082 1083
f 941 1083 942
f 942 1083 1084
f 942 1084 943
f 943 1084 1085
f 943 1085 944
f 944 1085 1086
f 944 1086 945
f 945 1086 1087
f 945 1087 946
f 946 1087 1088
f 946 1088 947
f 947 1088 1089
f 947 1089 948
f 948 1089 1090
f 948 1090 949
f 949 1090 1091
f 949 1091 950
f 950 1091 1092
f 950 1092 951
f 951 1092 1093
f 951 1093 952
f 952 1093 1094
f 952 1094 953
f 953 1094 1095
f 953 1095 954
f 954 1095 1096
f 954 1096 955
f 955 1096 1097
f 955 1097 956
f 956 1097 1098
f 956 1098 957
f 957 1098 1099
f 957 1099 958
f 958 1099 1100
f 958 1100 959
f 959 1100 1101
f 959 1101 960
f 960 1101 1102
f 960 1102 961
f 961 1102 1103
f 961 1103 962
f 962 1103 1104
f 962 1104 963
f 963 1104 1105
f 963 1105 964
f 964 1105 1106
f 964 1106 965
f 965 1106 1107
f 965 1107 966
f 966 1107 1108
f 966 1108 967
f 967 1108 1109
f 967 1109 968
f 968 1109 1110
f 968 1110 969
f 969 1110 1111
f 969 1111 970
f 970 1111 1112
f 970 1112 971
f 971 1112 1113
f 971 1113 972
f 972 1113 1114
f 972 1114 973
f 973 1114 1115
f 973 1115 974
f 974 1115 1116
f 974 1116 975
f 975 1116 1117
f 975 1117 976
f 976 1117 1118
f 976 1118 977
f 977 1118 1119
f 977 1119 978
f 978 1119 1120
f 978 1120 979
f 979 1120 1121
f 979 1121 980
f 980 1121 1122
f 980 1122 981
f 981 1122 1123
f 981 1123 982
f 982 1123 1124
f 982 1124 983
f 983 1124 1125
f 983 1125 984
f 984 1125 1126
f 984 1126 985
f 985 1126 1127
f 985 1127 986
f 986 1127 1128
f 986 1128 987
f 987 1128 988
f 987 988 847
f 988 1129 1130
f 988 1130 989
f 989 1130 1131
f 989 1131 990
f 990 1131 1132
f 990 1132 991
f 991 1132 1133
f 991 1133 992
f 992 1133 1134
f 992 1134 993
f 993 1134 1135
f 993 1135 994
f 994 1135 1136
f 994 1136 995
f 995 1136 1137
f 995 1137 996
f 996 1137 1138
f 996 1138 997
f 997 1138 1139
f 997 1139 998
f 998 1139 1140
f 998 1140 999
f 999 1140 1141
f 999 1141 1000
f 1000 1141 1142
f 1000 1142 1001
f 1001 1142 1143
f 1001 1143 1002
f 1002 1143 1144
f 1002 1144 1003
f 1003 1144 1145
f 1003 1145 1004
f 1004 1145 1146
f 1004 1146 1005
f 1005 1146 1147
f 1005 1147 1006
f 1006 1147 1148
f 1006 1148 1007
f 1007 1148 1149
f 1007 1149 1008
f 1008 1149 1150
f 1008 1150 1009
f 1009 1150 1151
f 1009 1151 1010
f 1010 1151 1152
f 1010 1152 1011
f 1011 1152 1153
f 1011 1153 1012
f 1012 1153 1154
f 1012 1154 1013
f 1013 1154 1155
f 1013 1155 1014
f 1014 1155 1156
f 1014 1156 1015
f 1015 1156 1157
f 1015 1157 1016
f 1016 1157 1158
f 1016 1158 1017
f 1017 1158 1159
f 1017 1159 1018
f 1018 1159 1160
f 1018 1160 1019
f 1019 1160 1161
f 1019 1161 1020
f 1020 1161 1162
f 1020 1162 1021
f 1021 1162 1163
f 1021 1163 1022
f 1022 1163 1164
f 1022 1164 1023
f 1023 1164 1165
f 1023 1165 1024
f 1024 1165 1166
f 1024 1166 1025
f 1025 1166 1167
f 1025 1167 1026
f 1026 1167 1168
f 1026 1168 1027
f 1027 1168 1169
f 1027 1169 1028
f 1028 1169 1170
f 1028 1170 1029
f 1029 1170 1171
f 1029 1171 1030
f 1030 1171 1172
f 1030 1172 1031
f 1031 1172 1173
f 1031 1173 1032
f 1032 1173 1174
f 1032 1174 1033
f 1033 1174 1175
f 1033 1175 1034
f 1034 1175 1176
f 1034 1176 1035
f 1035 1176 1177
f 1035 1177 1036
f 1036 1177 1178
f 1036 1178 1037
f 1037 1178 1179
f 1037 1179 1038
f 1038 1179 1180
f 1038 1180 1039
f 1039 1180 1181
f 1039 1181 1040
f 1040 1181 1182
f 1040 1182 1041
f 1041 1182 1183
f 1041 1183 1042
f 1042 1183 1184
f 1042 1184 1043
f 1043 1184 1185
f 1043 1185 1044
f 1044 1185 1186
f 1044 1186 1045
f 1045 1186 1187
f 1045 1187 1046
f 1046 1187 1188
f 1046 1188 1047
f 1047 1188 1189
f 1047 1189 1048
f 1048 1189 1190
f 1048 1190 1049
f 1049 1190 1191
f 1049 1191 1050
f 1050 1191 1192
f 1050 1192 1051
f 1051 1192 1193
f 1051 1193 1052
f 1052 1193 1194
f 1052 1194 1053
f 1053 1194 1195
f 1053 1195 1054
f 1054 1195 1196
f 1054 1196 1055
f 1055 1196 1197
f 1055 1197 1056
f 1056 1197 1198
f 1056 1198 1057
f 1057 1198 1199
f 1057 1199 1058
f 1058 1199 1200
f 1058 1200 1059
f 1059 1200 1201
f 1059 1201 1060
f 1060 1201 1202
f 1060 1202 1061
f 1061 1202 1203
f 1061 1203 1062
f 1062 1203 1204
f 1062 1204 1063
f 1063 1204 1205
f 1063 1205 1064
f 1064 1205 1206
f 1064 1206 1065
f 1065 1206 1207
f 1065 1207 1066
f 1066 1207 1208
f 1066 1208 1067
f 1067 1208 1209
f 1067 1209 1068
f 1068 1209 1210
f 1068 1210 1069
f 1069 1210 1211
f 1069 1211 1070
f 1070 1211 1212
f 1070 1212 1071
f 1071 1212 1213
f 1071 1213 1072
f 1072 1213 1214
f 1072 1214 1073
f 1073 1214 1215
f 1073 1215 1074
f 1074 1215 1216
f 1074 1216 1075
f 1075 1216 1217
f 1075 1217 1076
f 1076 1217 1218
f 1076 1218 1077
f 1077 1218 1219
f 1077 1219 1078
f 1078 1219 1220
f 1078 1220 1079
f 1079 1220 1221
f 1079 1221 1080
f 1080 1221 1222
f 1080 1222 1081
f 1081 1222 1223
f 1081 1223 1082
f 1082 1223 1224
f 1082 1224 1083
f 1083 1224 1225
f 1083 1225 1084
f 1084 1225 1226
f 1084 1226 1085
f 1085 1226 1227
f 1085 1227 1086
f 1086 1227 1228
f 1086 1228 1087
f 1087 1228 1229
f 1087 1229 1088
f 1088 1229 1230
f 1088 1230 1089
f 1089 1230 1231
f 1089 1231 1090
f 1090 1231 1232
f 1090 1232 1091
f 1091 1232 1233
f 1091 1233 1092
f 1092 1233 1234
f 1092 1234 1093
f 1093 1234 1235
f 1093 1235 1094
f 1094 1235 1236
f 1094 1236 1095
f 1095 1236 1237
f 1095 1237 1096
f 1096 1237 1238
f 1096 1238 1097
f 1097 1238 1239
f 1097 1239 1098
f 1098 1239 1240
f 1098 1240 1099
f 1099 1240 1241
f 1099 1241 1100
f 1100 1241 1242
f 1100 1242 1101
f 1101 1242 1243
f 1101 1243 1102
f 1102 1243 1244
f 1102 1244 1103
f 1103 1244 1245
f 1103 1245 1104
f 1104 1245 1246
f 1104 1246 1105
f 1105 1246 1247
f 1105 1247 1106
f 1106 1247 1248
f 1106 1248 1107
f 1107 1248 1249
f 1107 1249 1108
f 1108 1249 1250
f 1108 1250 1109
f 1109 1250 1251
f 1109 1251 1110
f 1110 1251 1252
f 1110 1252 1111
f 1111 1252 1253
f 1111 1253 1112
f 1112 1253 1254
f 1112 1254 1113
f 1113 1254 1255
f 1113 1255 1114
f 1114 1255 1256
f 1114 1256 1115
f 1115 1256 1257
f 1115 1257 1116
f 1116 1257 1258
f 1116 1258 1117
f 1117 1258 1259
f 1117 1259 1118
f 1118 1259 1260
f 1118 1260 1119
f 1119 1260 1261
f 1119 1261 1120
f 1120 1261 1262
f 1120 1262 1121
f 1121 1262 1263
f 1121 1263 1122
f 1122 1263 1264
f 1122 1264 1123
f 1123 1264 1265
f 1123 1265 1124
f 1124 1265 1266
f 1124 1266 1125
f 1125 1266 1267
f 1125 1267 1126
f 1126 1267 1268
f 1126 1268 1127
f 1127 1268 1269
f 1127 1269 1128
f 1128 1269 1129
f 1128 1129 988
f 1129 1270 1271
f 1129 1271 1130
f 1130 1271 1272
f 1130 1272 1131
f 1131 1272 1273
f 1131 1273 1132
f 1132 1273 1274
f 1132 1274 1133
f 1133 1274 1275
f 1133 1275 1134
f 1134 1275 1276
f 1134 1276 1135
f 1135 1276 1277
f 1135 1277 1136
f 1136 1277 1278
f 1136 1278 1137
f 1137 1278 1279
f 1137 1279 1138
f 1138 1279 1280
f 1138 1280 1139
f 1139 1280 1281
f 1139 1281 1140
f 1140 1281 1282
f 1140 1282 1141
f 1141 1282 1283
f 1141 1283 1142
f 1142 1283 1284
f 1142 1284 1143
f 1143 1284 1285
f 1143 1285 1144
f 1144 1285 1286
f 1144 1286 1145
f 1145 1286 1287
f 1145 1287 1146
f 1146 1287 1288
f 1146 1288 1147
f 1147 1288 1289
f 1147 1289 1148
f 1148 1289 1290
f 1148 1290 1149
f 1149 1290 1291
f 1149 1291 1150
f 1150 1291 1292
f 1150 1292 1151
f 1151 1292 1293
f 1151 1293 1152
f 1152 1293 1294
f 1152 1294 1153
f 1153 1294 1295
f 1153 1295 1154
f 1154 1295 1296
f 1154 1296 1155
f 1155 1296 1297
f 1155 1297 1156
f 1156 1297 1298
f 1156 1298 1157
f 1157 1298 1299
f 1157 1299 1158
f 1158 1299 1300
f 1158 1300 1159
f 1159 1300 1301
f 1159 1301 1160
f 1160 1301 1302
f 1160 1302 1161
f 1161 1302 1303
f 1161 1303 1162
f 1162 1303 1304
f 1162 1304 1163
f 1163 1304 1305
f 1163 1305 1164
f 1164 1305 1306
f 1164 1306 1165
f 1165 1306 1307
f 1165 1307 1166
f 1166 1307 1308
f 1166 1308 1167
f 1167 1308 1309
f 1167 1309 1168
f 1168 1309 1310
f 1168 1310 1169
f 1169 1310 1311
f 1169 1311 1170
f 1170 1311 1312
f 1170 1312 1171
f 1171 1312 1313
f 1171 1313 1172
f 1172 1313 1314
f 1172 1314 1173
f 1173 1314 1315
f 1173 1315 1174
f 1174 1315 1316
f 1174 1316 1175
f 1175 1316 1317
f 1175 1317 1176
f 1176 1317 1318
f 1176 1318 1177
f 1177 1318 1319
f 1177 1319 1178
f 1178 1319 1320
f 1178 1320 1179
f 1179 1320 1321
f 1179 1321 1180
f 1180 1321 1322
f 1180 1322 1181
f 1181 1322 1323
f 1181 1323 1182
f 1182 1323 1324
f 1182 1324 1183
f 1183 1324 1325
f 1183 1325 1184
f 1184 1325 1326
f 1184 1326 1185
f 1185 1326 1327
f 1185 1327 1186
f 1186 1327 1328
f 1186 1328 1187
f 1187 1328 1329
f 1187 1329 1188
f 1188 1329 1330
f 1188 1330 1189
f 1189 1330 1331
f 1189 1331 1190
f 1190 1331 1332
f 1190 1332 1191
f 1191 1332 1333
f 1191 1333 1192
f 1192 1333 1334
f 1192 1334 1193
f 1193 1334 1335
f 1193 1335 1194
f 1194 1335 1336
f 1194 1336 1195
f 1195 1336 1337
f 1195 1337 1196
f 1196 1337 1338
f 1196 1338 1197
f 1197 1338 1339
f 1197 1339 1198
f 1198 1339 1340
f 1198 1340 1199
f 1199 1340 1341
f 1199 1341 1200
f 1200 1341 1342
f 1200 1342 1201
f 1201 1342 1343
f 1201 1343 1202
f 1202 1343 1344
f 1202 1344 1203
f 1203 1344 1345
f 1203 1345 1204
f 1204 1345 1346
f 1204 1346 1205
f 1205 1346 1347
f 1205 1347 1206
f 1206 1347 1348
f 1206 1348 1207
f 1207 1348 1349
f 1207 1349 1208
f 1208 1349 1350
f 1208 1350 1209
f 1209 1350 1351
f 1209 1351 1210
f 1210 1351 1352
f 1210 1352 1211
f 1211 1352 1353
f 1211 1353 1212
f 1212 1353 1354
f 1212 1354 1213
f 1213 1354 1355
f 1213 1355 1214
f 1214 1355 1356
f 1214 1356 1215
f 1215 1356 1357
f 1215 1357 1216
f 1216 1357 1358
f 1216 1358 1217
f 1217 1358 1359
f 1217 1359 1218
f 1218 1359 1360
f 1218 1360 1219
f 1219 1360 1361
f 1219 1361 1220
f 1220 1361 1362
f 1220 1362 1221
f 1221 1362 1363
f 1221 1363 1222
f 1222 1363 1364
f 1222 1364 1223
f 1223 1364 1365
f 1223 1365 1224
f 1224 1365 1366
f 1224 1366 1225
f 1225 1366 1367
f 1225 1367 1226
f 1226 1367 1368
f 1226 1368 1227
f 1227 1368 1369
f 1227 1369 1228
f 1228 1369 1370
f 1228 1370 1229
f 1229 1370 1371
f 1229 1371 1230
f 1230 1371 1372
f 1230 1372 1231
f 1231 1372 1373
f 1231 1373 1232
f 1232 1373 1374
f 1232 1374 1233
f 1233 1374 1375
f 1233 1375 1234
f 1234 1375 1376
f 1234 1376 1235
f 1235 1376 1377
f 1235 1377 1236
f 1236 1377 1378
f 1236 1378 1237
f 1237 1378 1379
f 1237 1379 1238
f 1238 1379 1380
f 1238 1380 1239
f 1239 1380 1381
f 1239 1381 1240
f 1240 1381 1382
f 1240 1382 1241
f 1241 1382 1383
f 1241 1383 1242
f 1242 1383 1384
f 1242 1384 1243
f 1243 1384 1385
f 1243 1385 1244
f 1244 1385 1386
f 1244 1386 1245
f 1245 1386 1387
f 1245 1387 1246
f 1246 1387 1388
f 1246 1388 1247
f 1247 1388 1389
f 1247 1389 1248
f 1248 1389 1390
f 1248 1390 1249
f 1249 1390 1391
f 1249 1391 1250
f 1250 1391 1392
f 1250 1392 1251
f 1251 1392 1393
f 1251 1393 1252
f 1252 1393 1394
f 1252 1394 1253
f 1253 1394 1395
f 1253 1395 1254
f 1254 1395 1396
f 1254 1396 1255
f 1255 1396 1397
f 1255 1397 1256
f 1256 1397 1398
f 1256 1398 1257
f 1257 1398 1399
f 1257 1399 1258
f 1258 1399 1400
f 1258 1400 1259
f 1259 1400 1401
f 1259 1401 1260
f 1260 1401 1402
f 1260 1402 1261
f 1261 1402 1403
f 1261 1403 1262
f 1262 1403 1404
f 1262 1404 1263
f 1263 1404 1405
f 1263 1405 1264
f 1264 1405 1406
f 1264 1406 1265
f 1265 1406 1407
f 1265 1407 1266
f 1266 1407 1408
f 1266 1408 1267
f 1267 1408 1409
f 1267 1409 1268
f 1268 1409 1410
f 1268 1410 1269
f 1269 1410 1270
f 1269 1270 1129
f 1270 1411 1412
f 1270 1412 1271
f 1271 1412 1413
f 1271 1413 1272
f 1272 1413 1414
f 1272 1414 1273
f 1273 1414 1415
f 1273 1415 1274
f 1274 1415 1416
f 1274 1416 1275
f 1275 1416 1417
f 1275 1417 1276
f 1276 1417 1418
f 1276 1418 1277
f 1277 1418 1419
f 1277 1419 1278
f 1278 1419 1420
f 1278 1420 1279
f 1279 1420 1421
f 1279 1421 1280
f 1280 1421 1422
f 1280 1422 1281
f 1281 1422 1423
f 1281 1423 1282
f 1282 1423 1424
f 1282 1424 1283
f 1283 1424 1425
f 1283 1425 1284
f 1284 1425 1426
f 1284 1426 1285
f 1285 1426 1427
f 1285 1427 1286
f 1286 1427 1428
f 1286 1428 1287
f 1287 1428 1429
f 1287 1429 1288
f 1288 1429 1430
f 1288 1430 1289
f 1289 1430 1431
f 1289 1431 1290
f 1290 1431 1432
f 1290 1432 1291
f 1291 1432 1433
f 1291 1433 1292
f 1292 1433 1434
f 1292 1434 1293
f 1293 1434 1435
f 1293 1435 1294
f 1294 1435 1436
f 1294 1436 1295
f 1295 1436 1437
f 1295 1437 1296
f 1296 1437 1438
f 1296 1438 1297
f 1297 1438 1439
f 1297 1439 1298
f 1298 1439 1440
f 1298 1440 1299
f 1299 1440 1441
f 1299 1441 1300
f 1300 1441 1442
f 1300 1442 1301
f 1301 1442 1443
f 1301 1443 1302
f 1302 1443 1444
f 1302 1444 1303
f 1303 1444 1445
f 1303 1445 1304
f 1304 1445 1446
f 1304 1446 1305
f 1305 1446 1447
f 1305 1447 1306
f 1306 1447 1448
f 1306 1448 1307
f 1307 1448 1449
f 1307 1449 1308
f 1308 1449 1450
f 1308 1450 1309
f 1309 1450 1451
f 1309 1451 1310
f 1310 1451 1452
f 1310 1452 1311
f 1311 1452 1453
f 1311 1453 1312
f 1312 1453 1454
f 1312 1454 1313
f 1313 1454 1455
f 1313 1455 1314
f 1314 1455 1456
f 1314 1456 1315
f 1315 1456 1457
f 1315 1457 1316
f 1316 1457 1458
f 1316 1458 1317
f 1317 1458 1459
f 1317 1459 1318
f 1318 1459 1460
f 1318 1460 1319
f 1319 1460 1461
f 1319 1461 1320
f 1320 1461 1462
f 1320 1462 1321
f 1321 1462 1463
f 1321 1463 1322
f 1322 1463 1464
f 1322 1464 1323
f 1323 1464 1465
f 1323 1465 1324
f 1324 1465 1466
f 1324 1466 1325
f 1325 1466 1467
f 1325 1467 1326
f 1326 1467 1468
f 1326 1468 1327
f 1327 1468 1469
f 1327 1469 1328
f 1328 1469 1470
f 1328 1470 1329
f 1329 1470 1471
f 1329 1471 1330
f 1330 1471 1472
f 1330 1472 1331
f 1331 1472 1473
f 1331 1473 1332
f 1332 1473 1474
f 1332 1474 1333
f 1333 1474 1475
f 1333 1475 1334
f 1334 1475 1476
f 1334 1476 1335
f 1335 1476 1477
f 1335 1477 1336
f 1336 1477 1478
f 1336 1478 1337
f 1337 1478 1479
f 1337 1479 1338
f 1338 1479 1480
f 1338 1480 1339
f 1339 1480 1481
f 1339 1481 1340
f 1340 1481 1482
f 1340 1482 1341
f 1341 1482 1483
f 1341 1483 1342
f 1342 1483 1484
f 1342 1484 1343
f 1343 1484 1485
f 1343 1485 1344
f 1344 1485 1486
f 1344 1486 1345
f 1345 1486 1487
f 1345 1487 1346
f 1346 1487 1488
f 1346 1488 1347
f 1347 1488 1489
f 1347 1489 1348
f 1348 1489 1490
f 1348 1490 1349
f 1349 1490 1491
f 1349 1491 1350
f 1350 1491 1492
f 1350 1492 1351
f 1351 1492 1493
f 1351 1493 1352
f 1352 1493 1494
f 1352 1494 1353
f 1353 1494 1495
f 1353 1495 1354
f 1354 1495 1496
f 1354 1496 1355
f 1355 1496 1497
f 1355 1497 1356
f 1356 1497 1498
f 1356 1498 1357
f 1357 1498 1499
f 1357 1499 1358
f 1358 1499 1500
f 1358 1500 1359
f 1359 1500 1501
f 1359 1501 1360
f 1360 1501 1502
f 1360 1502 1361
f 1361 1502 1503
f 1361 1503 1362
f 1362 1503 1504
f 1362 1504 1363
f 1363 1504 1505
f 1363 1505 1364
f 1364 1505 1506
f 1364 1506 1365
f 1365 1506 1507
f 1365 1507 1366
f 1366 1507 1508
f 1366 1508 1367
f 1367 1508 1509
f 1367 1509 1368
f 1368 1509 1510
f 1368 1510 1369
f 1369 1510 1511
f 1369 1511 1370
f 1370 1511 1512
f 1370 1512 1371
f 1371 1512 1513
f 1371 1513 1372
f 1372 1513 1514
f 1372 1514 1373
f 1373 1514 1515
f 1373 1515 1374
f 1374 1515 1516
f 1374 1516 1375
f 1375 1516 1517
f 1375 1517 1376
f 1376 1517 1518
f 1376 1518 1377
f 1377 1518 1519
f 1377 1519 1378
f 1378 1519 1520
f 1378 1520 1379
f 1379 1520 1521
f 1379 1521 1380
f 1380 1521 1522
f 1380 1522 1381
f 1381 1522 1523
f 1381 1523 1382
f 1382 1523 1524
f 1382 1524 1383
f 1383 1524 1525
f 1383 1525 1384
f 1384 1525 1526
f 1384 1526 1385
f 1385 1526 1527
f 1385 1527 1386
f 1386 1527 1528
f 1386 1528 1387
f 1387 1528 1529
f 1387 1529 1388
f 1388 1529 1530
f 1388 1530 1389
f 1389 1530 1531
f 1389 1531 1390
f 1390 1531 1532
f 1390 1532 1391
f 1391 1532 1533
f 1391 1533 1392
f 1392 1533 1534
f 1392 1534 1393
f 1393 1534 1535
f 1393 1535 1394
f 1394 1535 1536
f 1394 1536 1395
f 1395 1536 1537
f 1395 1537 1396
f 1396 1537 1538
f 1396 1538 1397
f 1397 1538 1539
f 1397 1539 1398
f 1398 1539 1540
f 1398 1540 1399
f 1399 1540 1541
f 1399 1541 1400
f 1400 1541 1542
f 1400 1542 1401
f 1401 1542 1543
f 1401 1543 1402
f 1402 1543 1544
f 1402 1544 1403
f 1403 1544 1545
f 1403 1545 1404
f 1404 1545 1546
f 1404 1546 1405
f 1405 1546 1547
f 1405 1547 1406
f 1406 1547 1548
f 1406 1548 1407
f 1407 1548 1549
f 1407 1549 1408
f 1408 1549 1550
f 1408 1550 1409
f 1409 1550 1551
f 1409 1551 1410
f 1410 1551 1411
f 1410 1411 1270
f 1411 1552 1553
f 1411 1553 1412
f 1412 1553 1554
f 1412 1554 1413
f 1413 1554 1555
f 1413 1555 1414
f 1414 1555 1556
f 1414 1556 1415
f 1415 1556 1557
f 1415 1557 1416
f 1416 1557 1558
f 1416 1558 1417
f 1417 1558 1559
f 1417 1559 1418
f 1418 1559 1560
f 1418 1560 1419
f 1419 1560 1561
f 1419 1561 1420
f 1420 1561 1562
f 1420 1562 1421
f 1421 1562 1563
f 1421 1563 1422
f 1422 1563 1564
f 1422 1564 1423
f 1423 1564 1565
f 1423 1565 1424
f 1424 1565 1566
f 1424 1566 1425
f 1425 1566 1567
f 1425 1567 1426
f 1426 1567 1568
f 1426 1568 1427
f 1427 1568 1569
f 1427 1569 1428
f 1428 1569 1570
f 1428 1570 1429
f 1429 1570 1571
f 1429 1571 1430
f 1430 1571 1572
f 1430 1572 1431
f 1431 1572 1573
f 1431 1573 1432
f 1432 1573 1574
f 1432 1574 1433
f 1433 1574 1575
f 1433 1575 1434
f 1434 1575 1576
f 1434 1576 1435
f 1435 1576 1577
f 1435 1577 1436
f 1436 1577 1578
f 1436 1578 1437
f 1437 1578 1579
f 1437 1579 1438
f 1438 1579 1580
f 1438 1580 1439
f 1439 1580 1581
f 1439 1581 1440
f 1440 1581 1582
f 1440 1582 1441
f 1441 1582 1583
f 1441 1583 1442
f 1442 1583 1584
f 1442 1584 1443
f 1443 1584 1585
f 1443 1585 1444
f 1444 1585 1586
f 1444 1586 1445
f 1445 1586 1587
f 1445 1587 1446
f 1446 1587 1588
f 1446 1588 1447
f 1447 1588 1589
f 1447 1589 1448
f 1448 1589 1590
f 1448 1590 1449
f 1449 1590 1591
f 1449 1591 1450
f 1450 1591 1592
f 1450 1592 1451
f 1451 1592 1593
f 1451 1593 1452
f 1452 1593 1594
f 1452 1594 1453
f 1453 1594 1595
f 1453 1595 1454
f 1454 1595 1596
f 1454 1596 1455
f 1455 1596 1597
f 1455 1597 1456
f 1456 1597 1598
f 1456 1598 1457
f 1457 1598 1599
f 1457 1599 1458
f 1458 1599 1600
f 1458 1600 1459
f 1459 1600 1601
f 1459 1601 1460
f 1460 1601 1602
f 1460 1602 1461
f 1461 1602 1603
f 1461 1603 1462
f 1462 1603 1604
f 1462 1604 1463
f 1463 1604 1605
f 1463 1605 1464
f 1464 1605 1606
f 1464 1606 1465
f 1465 1606 1607
f 1465 1607 1466
f 1466 1607 1608
f 1466 1608 1467
f 1467 1608 1609
f 1467 1609 1468
f 1468 1609 1610
f 1468 1610 1469
f 1469 1610 1611
f 1469 1611 1470
f 1470 1611 1612
f 1470 1612 1471
f 1471 1612 1613
f 1471 1613 1472
f 1472 1613 1614
f 1472 1614 1473
f 1473 1614 1615
f 1473 1615 1474
f 1474 1615 1616
f 1474 1616 1475
f 1475 1616 1617
f 1475 1617 1476
f 1476 1617 1618
f 1476 1618 1477
f 1477 1618 1619
f 1477 1619 1478
f 1478 1619 1620
f 1478 1620 1479
f 1479 1620 1621
f 1479 1621 1480
f 1480 1621 1622
f 1480 1622 1481
f 1481 1622 1623
f 1481 1623 1482
f 1482 1623 1624
f 1482 1624 1483
f 1483 1624 1625
f 1483 1625 1484
f 1484 1625 1626
f 1484 1626 1485
f 1485 1626 1627
f 1485 1627 1486
f 1486 1627 1628
f 1486 1628 1487
f 1487 1628 1629
f 1487 1629 1488
f 1488 1629 1630
f 1488 1630 1489
f 1489 1630 1631
f 1489 1631 1490
f 1490 1631 1632
f 1490 1632 1491
f 1491 1632 1633
f 1491 1633 1492
f 1492 1633 1634
f 1492 1634 1493
f 1493 1634 1635
f 1493 1635 1494
f 1494 1635 1636
f 1494 1636 1495
f 1495 1636 1637
f 1495 1637 1496
f 1496 1637 1638
f 1496 1638 1497
f 1497 1638 1639
f 1497 1639 1498
f 1498 1639 1640
f 1498 1640 1499
f 1499 1640 1641
f 1499 1641 1500
f 1500 1641 1642
f 1500 1642 1501
f 1501 1642 1643
f 1501 1643 1502
f 1502 1643 1644
f 1502 1644 1503
f 1503 1644 1645
f 1503 1645 1504
f 1504 1645 1646
f 1504 1646 1505
f 1505 1646 1647
f 1505 1647 1506
f 1506 1647 1648
f 1506 1648 1507
f 1507 1648 1649
f 1507 1649 1508
f 1508 1649 1650
f 1508 1650 1509
f 1509 1650 1651
f 1509 1651 1510
f 1510 1651 1652
f 1510 1652 1511
f 1511 1652 1653
f 1511 1653 1512
f 1512 1653 1654
f 1512 1654 1513
f 1513 1654 1655
f 1513 1655 1514
f 1514 1655 1656
f 1514 1656 1515
f 1515 1656 1657
f 1515 1657 1516
f 1516 1657 1658
f 1516 1658 1517
f 1517 1658 1659
f 1517 1659 1518
f 1518 1659 1660
f 1518 1660 1519
f 1519 1660 1661
f 1519 1661 1520
f 1520 1661 1662
f 1520 1662 1521
f 1521 1662 1663
f 1521 1663 1522
f 1522 1663 1664
f 1522 1664 1523
f 1523 1664 1665
f 1523 1665 1524
f 1524 1665 1666
f 1524 1666 1525
f 1525 1666 1667
f 1525 1667 1526
f 1526 1667 1668
f 1526 1668 1527
f 1527 1668 1669
f 1527 1669 1528
f 1528 1669 1670
f 1528 1670 1529
f 1529 1670 1671
f 1529 1671 1530
f 1530 1671 1672
f 1530 1672 1531
f 1531 1672 1673
f 1531 1673 1532
f 1532 1673 1674
f 1532 1674 1533
f 1533 1674 1675
f 1533 1675 1534
f 1534 1675 1676
f 1534 1676 1535
f 1535 1676 1677
f 1535 1677 1536
f 1536 1677 1678
f 1536 1678 1537
f 1537 1678 1679
f 1537 1679 1538
f 1538 1679 1680
f 1538 1680 1539
f 1539 1680 1681
f 1539 1681 1540
f 1540 1681 1682
f 1540 1682 1541
f 1541 1682 1683
f 1541 1683 1542
f 1542 1683 1684
f 1542 1684 1543
f 1543 1684 1685
f 1543 1685 1544
f 1544 1685 1686
f 1544 1686 1545
f 1545 1686 1687
f 1545 1687 1546
f 1546 1687 1688
f 1546 1688 1547
f 1547 1688 1689
f 1547 1689 1548
f 1548 1689 1690
f 1548 1690 1549
f 1549 1690 1691
f 1549 1691 1550
f 1550 1691 1692
f 1550 1692 1551
f 1551 1692 1552
f 1551 1552 1411
f 1552 1693 1694
f 1552 1694 1553
f 1553 1694 1695
f 1553 1695 1554
f 1554 1695 1696
f 1554 1696 1555
f 1555 1696 1697
f 1555 1697 1556
f 1556 1697 1698
f 1556 1698 1557
f 1557 1698 1699
f 1557 1699 1558
f 1558 1699 1700
f 1558 1700 1559
f 1559 1700 1701
f 1559 1701 1560
f 1560 1701 1702
f 1560 1702 1561
f 1561 1702 1703
f 1561 1703 1562
f 1562 1703 1704
f 1562 1704 1563
f 1563 1704 1705
f 1563 1705 1564
f 1564 1705 1706
f 1564 1706 1565
f 1565 1706 1707
f 1565 1707 1566
f 1566 1707 1708
f 1566 1708 1567
f 1567 1708 1709
f 1567 1709 1568
f 1568 1709 1710
f 1568 1710 1569
f 1569 1710 1711
f 1569 1711 1570
f 1570 1711 1712
f 1570 1712 1571
f 1571 1712 1713
f 1571 1713 1572
f 1572 1713 1714
f 1572 1714 1573
f 1573 1714 1715
f 1573 1715 1574
f 1574 1715 1716
f 1574 1716 1575
f 1575 1716 1717
f 1575 1717 1576
f 1576 1717 1718
f 1576 1718 1577
f 1577 1718 1719
f 1577 1719 1578
f 1578 1719 1720
f 1578 1720 1579
f 1579 1720 1721
f 1579 1721 1580
f 1580 1721 1722
f 1580 1722 1581
f 1581 1722 1723
f 1581 1723 1582
f 1582 1723 1724
f 1582 1724 1583
f 1583 1724 1725
f 1583 1725 1584
f 1584 1725 1726
f 1584 1726 1585
f 1585 1726 1727
f 1585 1727 1586
f 1586 1727 1728
f 1586 1728 1587
f 1587 1728 1729
f 1587 1729 1588
f 1588 1729 1730
f 1588 1730 1589
f 1589 1730 1731
f 1589 1731 1590
f 1590 1731 1732
f 1590 1732 1591
f 1591 1732 1733
f 1591 1733 1592
f 1592 1733 1734
f 1592 1734 1593
f 1593 1734 1735
f 1593 1735 1594
f 1594 1735 1736
f 1594 1736 1595
f 1595 1736 1737
f 1595 1737 1596
f 1596 1737 1738
f 1596 1738 1597
f 1597 1738 1739
f 1597 1739 1598
f 1598 1739 1740
f 1598 1740 1599
f 1599 1740 1741
f 1599 1741 1600
f 1600 1741 1742
f 1600 1742 1601
f 1601 1742 1743
f 1601 1743 1602
f 1602 1743 1744
f 1602 1744 1603
f 1603 1744 1745
f 1603 1745 1604
f 1604 1745 1746
f 1604 1746 1605
f 1605 1746 1747
f 1605 1747 1606
f 1606 1747 1748
f 1606 1748 1607
f 1607 1748 1749
f 1607 1749 1608
f 1608 1749 1750
f 1608 1750 1609
f 1609 1750 1751
f 1609 1751 1610
f 1610 1751 1752
f 1610 1752 1611
f 1611 1752 1753
f 1611 1753 1612
f 1612 1753 1754
f 1612 1754 1613
f 1613 1754 1755
f 1613 1755 1614
f 1614 1755 1756
f 1614 1756 1615
f 1615 1756 1757
f 1615 1757 1616
f 1616 1757 1758
f 1616 1758 1617
f 1617 1758 1759
f 1617 1759 1618
f 1618 1759 1760
f 1618 1760 1619
f 1619 1760 1761
f 1619 1761 1620
f 1620 1761 1762
f 1620 1762 1621
f 1621 1762 1763
f 1621 1763 1622
f 1622 1763 1764
f 1622 1764 1623
f 1623 1764 1765
f 1623 1765 1624
f 1624 1765 1766
f 1624 1766 1625
f 1625 1766 1767
f 1625 1767 1626
f 1626 1767 1768
f 1626 1768 1627
f 1627 1768 1769
f 1627 1769 1628
f 1628 1769 1770
f 1628 1770 1629
f 1629 1770 1771
f 1629 1771 1630
f 1630 1771 1772
f 1630 1772 1631
f 1631 1772 1773
f 1631 1773 1632
f 1632 1773 1774
f 1632 1774 1633
f 1633 1774 1775
f 1633 1775 1634
f 1634 1775 1776
f 1634 1776 1635
f 1635 1776 1777
f 1635 1777 1636
f 1636 1777 1778
f 1636 1778 1637
f 1637 1778 1779
f 1637 1779 1638
f 1638 1779 1780
f 1638 1780 1639
f 1639 1780 1781
f 1639 1781 1640
f 1640 1781 1782
f 1640 1782 1641
f 1641 1782 1783
f 1641 1783 1642
f 1642 1783 1784
f 1642 1784 1643
f 1643 1784 1785
f 1643 1785 1644
f 1644 1785 1786
f 1644 1786 1645
f 1645 1786 1787
f 1645 1787 1646
f 1646 1787 1788
f 1646 1788 1647
f 1647 1788 1789
f 1647 1789 1648
f 1648 1789 1790
f 1648 1790 1649
f 1649 1790 1791
f 1649 1791 1650
f 1650 1791 1792
f 1650 1792 1651
f 1651 1792 1793
f 1651 1793 1652
f 1652 1793 1794
f 1652 1794 1653
f 1653 1794 1795
f 1653 1795 1654
f 1654 1795 1796
f 1654 1796 1655
f 1655 1796 1797
f 1655 1797 1656
f 1656 1797 1798
f 1656 1798 1657
f 1657 1798 1799
f 1657 1799 1658
f 1658 1799 1800
f 1658 1800 1659
f 1659 1800 1801
f 1659 1801 1660
f 1660 1801 1802
f 1660 1802 1661
f 1661 1802 1803
f 1661 1803 1662
f 1662 1803 1804
f 1662 1804 1663
f 1663 1804 1805
f 1663 1805 1664
f 1664 1805 1806
f 1664 1806 1665
f 1665 1806 1807
f 1665 1807 1666
f 1666 1807 1808
f 1666 1808 1667
f 1667 1808 1809
f 1667 1809 1668
f 1668 1809 1810
f 1668 1810 1669
f 1669 1810 1811
f 1669 1811 1670
f 1670 1811 1812
f 1670 1812 1671
f 1671 1812 1813
f 1671 1813 1672
f 1672 1813 1814
f 1672 1814 1673
f 1673 1814 1815
f 1673 1815 1674
f 1674 1815 1816
f 1674 1816 1675
f 1675 1816 1817
f 1675 1817 1676
f 1676 1817 1818
f 1676 1818 1677
f 1677 1818 1819
f 1677 1819 1678
f 1678 1819 1820
f 1678 1820 1679
f 1679 1820 1821
f 1679 1821 1680
f 1680 1821 1822
f 1680 1822 1681
f 1681 1822 1823
f 1681 1823 1682
f 1682 1823 1824
f 1682 1824 1683
f 1683 1824 1825
f 1683 1825 1684
f 1684 1825 1826
f 1684 1826 1685
f 1685 1826 1827
f 1685 1827 1686
f 1686 1827 1828
f 1686 1828 1687
f 1687 1828 1829
f 1687 1829 1688
f 1688 1829 1830
f 1688 1830 1689
f 1689 1830 1831
f 1689 1831 1690
f 1690 1831 1832
f 1690 1832 1691
f 1691 1832 1833
f 1691 1833 1692
f 1692 1833 1693
f 1692 1693 1552
f 1693 1834 1835
f 1693 1835 1694
f 1694 1835 1836
f 1694 1836 1695
f 1695 1836 1837
f 1695 1837 1696
f 1696 1837 1838
f 1696 1838 1697
f 1697 1838 1839
f 1697 1839 1698
f 1698 1839 1840
f 1698 1840 1699
f 1699 1840 1841
f 1699 1841 1700
f 1700 1841 1842
f 1700 1842 1701
f 1701 1842 1843
f 1701 1843 1702
f 1702 1843 1844
f 1702 1844 1703
f 1703 1844 1845
f 1703 1845 1704
f 1704 1845 1846
f 1704 1846 1705
f 1705 1846 1847
f 1705 1847 1706
f 1706 1847 1848
f 1706 1848 1707
f 1707 1848 1849
f 1707 1849 1708
f 1708 1849 1850
f 1708 1850 1709
f 1709 1850 1851
f 1709 1851 1710
f 1710 1851 1852
f 1710 1852 1711
f 1711 1852 1853
f 1711 1853 1712
f 1712 1853 1854
f 1712 1854 1713
f 1713 1854 1855
f 1713 1855 1714
f 1714 1855 1856
f 1714 1856 1715
f 1715 1856 1857
f 1715 1857 1716
f 1716 1857 1858
f 1716 1858 1717
f 1717 1858 1859
f 1717 1859 1718
f 1718 1859 1860
f 1718 1860 1719
f 1719 1860 1861
f 1719 1861 1720
f 1720 1861 1862
f 1720 1862 1721
f 1721 1862 1863
f 1721 1863 1722
f 1722 1863 1864
f 1722 1864 1723
f 1723 1864 1865
f 1723 1865 1724
f 1724 1865 1866
f 1724 1866 1725
f 1725 1866 1867
f 1725 1867 1726
f 1726 1867 1868
f 1726 1868 1727
f 1727 1868 1869
f 1727 1869 1728
f 1728 1869 1870
f 1728 1870 1729
f 1729 1870 1871
f 1729 1871 1730
f 1730 1871 1872
f 1730 1872 1731
f 1731 1872 1873
f 1731 1873 1732
f 1732 1873 1874
f 1732 1874 1733
f 1733 1874 1875
f 1733 1875 1734
f 1734 1875 1876
f 1734 1876 1735
f 1735 1876 1877
f 1735 1877 1736
f 1736 1877 1878
f 1736 1878 1737
f 1737 1878 1879
f 1737 1879 1738
f 1738 1879 1880
f 1738 1880 1739
f 1739 1880 1881
f 1739 1881 1740
f 1740 1881 1882
f 1740 1882 1741
f 1741 1882 1883
f 1741 1883 1742
f 1742 1883 1884
f 1742 1884 1743
f 1743 1884 1885
f 1743 1885 1744
f 1744 1885 1886
f 1744 1886 1745
f 1745 1886 1887
f 1745 1887 1746
f 1746 1887 1888
f 1746 1888 1747
f 1747 1888 1889
f 1747 1889 1748
f 1748 1889 1890
f 1748 1890 1749
f 1749 1890 1891
f 1749 1891 1750
f 1750 1891 1892
f 1750 1892 1751
f 1751 1892 1893
f 1751 1893 1752
f 1752 1893 1894
f 1752 1894 1753
f 1753 1894 1895
f 1753 1895 1754
f 1754 1895 1896
f 1754 1896 1755
f 1755 1896 1897
f 1755 1897 1756
f 1756 1897 1898
f 1756 1898 1757
f 1757 1898 1899
f 1757 1899 1758
f 1758 1899 1900
f 1758 1900 1759
f 1759 1900 1901
f 1759 1901 1760
f 1760 1901 1902
f 1760 1902 1761
f 1761 1902 1903
f 1761 1903 1762
f 1762 1903 1904
f 1762 1904 1763
f 1763 1904 1905
f 1763 1905 1764
f 1764 1905 1906
f 1764 1906 1765
f 1765 1906 1907
f 1765 1907 1766
f 1766 1907 1908
f 1766 1908 1767
f 1767 1908 1909
f 1767 1909 1768
f 1768 1909 1910
f 1768 1910 1769
f 1769 1910 1911
f 1769 1911 1770
f 1770 1911 1912
f 1770 1912 1771
f 1771 1912 1913
f 1771 1913 1772
f 1772 1913 1914
f 1772 1914 1773
f 1773 1914 1915
f 1773 1915 1774
f 1774 1915 1916
f 1774 1916 1775
f 1775 1916 1917
f 1775 1917 1776
f 1776 1917 1918
f 1776 1918 1777
f 1777 1918 1919
f 1777 1919 1778
f 1778 1919 1920
f 1778 1920 1779
f 1779 1920 1921
f 1779 1921 1780
f 1780 1921 1922
f 1780 1922 1781
f 1781 1922 1923
f 1781 1923 1782
f 1782 1923 1924
f 1782 1924 1783
f 1783 1924 1925
f 1783 1925 1784
f 1784 1925 1926
f 1784 1926 1785
f 1785 1926 1927
f 1785 1927 1786
f 1786 1927 1928
f 1786 1928 1787
f 1787 1928 1929
f 1787 1929 1788
f 1788 1929 1930
f 1788 1930 1789
f 1789 1930 1931
f 1789 1931 1790
f 1790 1931 1932
f 1790 1932 1791
f 1791 1932 1933
f 1791 1933 1792
f 1792 1933 1934
f 1792 1934 1793
f 1793 1934 1935
f 1793 1935 1794
f 1794 1935 1936
f 1794 1936 1795
f 1795 1936 1937
f 1795 1937 1796
f 1796 1937 1938
f 1796 1938 1797
f 1797 1938 1939
f 1797 1939 1798
f 1798 1939 1940
f 1798 1940 1799
f 1799 1940 1941
f 1799 1941 1800
f 1800 1941 1942
f 1800 1942 1801
f 1801 1942 1943
f 1801 1943 1802
f 1802 1943 1944
f 1802 1944 1803
f 1803 1944 1945
f 1803 1945 1804
f 1804 1945 1946
f 1804 1946 1805
f 1805 1946 1947
f 1805 1947 1806
f 1806 1947 1948
f 1806 1948 1807
f 1807 1948 1949
f 1807 1949 1808
f 1808 1949 1950
f 1808 1950 1809
f 1809 1950 1951
f 1809 1951 1810
f 1810 1951 1952
f 1810 1952 1811
f 1811 1952 1953
f 1811 1953 1812
f 1812 1953 1954
f 1812 1954 1813
f 1813 1954 1955
f 1813 1955 1814
f 1814 1955 1956
f 1814 1956 1815
f 1815 1956 1957
f 1815 1957 1816
f 1816 1957 1958
f 1816 1958 1817
f 1817 1958 1959
f 1817 1959 1818
f 1818 1959 1960
f 1818 1960 1819
f 1819 1960 1961
f 1819 1961 1820
f 1820 1961 1962
f 1820 1962 1821
f 1821 1962 1963
f 1821 1963 1822
f 1822 1963 1964
f 1822 1964 1823
f 1823 1964 1965
f 1823 1965 1824
f 1824 1965 1966
f 1824 1966 1825
f 1825 1966 1967
f 1825 1967 1826
f 1826 1967 1968
f 1826 1968 1827
f 1827 1968 1969
f 1827 1969 1828
f 1828 1969 1970
f 1828 1970 1829
f 1829 1970 1971
f 1829 1971 1830
f 1830 1971 1972
f 1830 1972 1831
f 1831 1972 1973
f 1831 1973 1832
f 1832 1973 1974
f 1832 1974 1833
f 1833 1974 1834
f 1833 1834 1693
f 1834 1975 1976
f 1834 1976 1835
f 1835 1976 1977
f 1835 1977 1836
f 1836 1977 1978
f 1836 1978 1837
f 1837 1978 1979
f 1837 1979 1838
f 1838 1979 1980
f 1838 1980 1839
f 1839 1980 1981
f 1839 1981 1840
f 1840 1981 1982
f 1840 1982 1841
f 1841 1982 1983
f 1841 1983 1842
f 1842 1983 1984
f 1842 1984 1843
f 1843 1984 1985
f 1843 1985 1844
f 1844 1985 1986
f 1844 1986 1845
f 1845 1986 1987
f 1845 1987 1846
f 1846 1987 1988
f 1846 1988 1847
f 1847 1988 1989
f 1847 1989 1848
f 1848 1989 1990
f 1848 1990 1849
f 1849 1990 1991
f 1849 1991 1850
f 1850 1991 1992
f 1850 1992 1851
f 1851 1992 1993
f 1851 1993 1852
f 1852 1993 1994
f 1852 1994 1853
f 1853 1994 1995
f 1853 1995 1854
f 1854 1995 1996
f 1854 1996 1855
f 1855 1996 1997
f 1855 1997 1856
f 1856 1997 1998
f 1856 1998 1857
f 1857 1998 1999
f 1857 1999 1858
f 1858 1999 2000
f 1858 2000 1859
f 1859 2000 2001
f 1859 2001 1860
f 1860 2001 2002
f 1860 2002 1861
f 1861 2002 2003
f 1861 2003 1862
f 1862 2003 2004
f 1862 2004 1863
f 1863 2004 2005
f 1863 2005 1864
f 1864 2005 2006
f 1864 2006 1865
f 1865 2006 2007
f 1865 2007 1866
f 1866 2007 2008
f 1866 2008 1867
f 1867 2008 2009
f 1867 2009 1868
f 1868 2009 2010
f 1868 2010 1869
f 1869 2010 2011
f 1869 2011 1870
f 1870 2011 2012
f 1870 2012 1871
f 1871 2012 2013
f 1871 2013 1872
f 1872 2013 2014
f 1872 2014 1873
f 1873 2014 2015
f 1873 2015 1874
f 1874 2015 2016
f 1874 2016 1875
f 1875 2016 2017
f 1875 2017 1876
f 1876 2017 2018
f 1876 2018 1877
f 1877 2018 2019
f 1877 2019 1878
f 1878 2019 2020
f 1878 2020 1879
f 1879 2020 2021
f 1879 2021 1880
f 1880 2021 2022
f 1880 2022 1881
f 1881 2022 2023
f 1881 2023 1882
f 1882 2023 2024
f 1882 2024 1883
f 1883 2024 2025
f 1883 2025 1884
f 1884 2025 2026
f 1884 2026 1885
f 1885 2026 2027
f 1885 2027 1886
f 1886 2027 2028
f 1886 2028 1887
f 1887 2028 2029
f 1887 2029 1888
f 1888 2029 2030
f 1888 2030 1889
f 1889 2030 2031
f 1889 2031 1890
f 1890 2031 2032
f 1890 2032 1891
f 1891 2032 2033
f 1891 2033 1892
f 1892 2033 2034
f 1892 2034 1893
f 1893 2034 2035
f 1893 2035 1894
f 1894 2035 2036
f 1894 2036 1895
f 1895 2036 2037
f 1895 2037 1896
f 1896 2037 2038
f 1896 2038 1897
f 1897 2038 2039
f 1897 2039 1898
f 1898 2039 2040
f 1898 2040 1899
f 1899 2040 2041
f 1899 2041 1900
f 1900 2041 2042
f 1900 2042 1901
f 1901 2042 2043
f 1901 2043 1902
f 1902 2043 2044
f 1902 2044 1903
f 1903 2044 2045
f 1903 2045 1904
f 1904 2045 2046
f 1904 2046 1905
f 1905 2046 2047
f 1905 2047 1906
f 1906 2047 2048
f 1906 2048 1907
f 1907 2048 2049
f 1907 2049 1908
f 1908 2049 2050
f 1908 2050 1909
f 1909 2050 2051
f 1909 2051 1910
f 1910 2051 2052
f 1910 2052 1911
f 1911 2052 2053
f 1911 2053 1912
f 1912 2053 2054
f 1912 2054 1913
f 1913 2054 2055
f 1913 2055 1914
f 1914 2055 2056
f 1914 2056 1915
f 1915 2056 2057
f 1915 2057 1916
f 1916 2057 2058
f 1916 2058 1917
f 1917 2058 2059
f 1917 2059 1918
f 1918 2059 2060
f 1918 2060 1919
f 1919 2060 2061
f 1919 2061 1920
f 1920 2061 2062
f 1920 2062 1921
f 1921 2062 2063
f 1921 2063 1922
f 1922 2063 2064
f 1922 2064 1923
f 1923 2064 2065
f 1923 2065 1924
f 1924 2065 2066
f 1924 2066 1925
f 1925 2066 2067
f 1925 2067 1926
f 1926 2067 2068
f 1926 2068 1927
f 1927 2068 2069
f 1927 2069 1928
f 1928 2069 2070
f 1928 2070 1929
f 1929 2070 2071
f 1929 2071 1930
f 1930 2071 2072
f 1930 2072 1931
f 1931 2072 2073
f 1931 2073 1932
f 1932 2073 2074
f 1932 2074 1933
f 1933 2074 2075
f 1933 2075 1934
f 1934 2075 2076
f 1934 2076 1935
f 1935 2076 2077
f 1935 2077 1936
f 1936 2077 2078
f 1936 2078 1937
f 1937 2078 2079
f 1937 2079 1938
f 1938 2079 2080
f 1938 2080 1939
f 1939 2080 2081
f 1939 2081 1940
f 1940 2081 2082
f 1940 2082 1941
f 1941 2082 2083
f 1941 2083 1942
f 1942 2083 2084
f 1942 2084 1943
f 1943 2084 2085
f 1943 2085 1944
f 1944 2085 2086
f 1944 2086 1945
f 1945 2086 2087
f 1945 2087 1946
f 1946 2087 2088
f 1946 2088 1947
f 1947 2088 2089
f 1947 2089 1948
f 1948 2089 2090
f 1948 2090 1949
f 1949 2090 2091
f 1949 2091 1950
f 1950 2091 2092
f 1950 2092 1951
f 1951 2092 2093
f 1951 2093 1952
f 1952 2093 2094
f 1952 2094 1953
f 1953 2094 2095
f 1953 2095 1954
f 1954 2095 2096
f 1954 2096 1955
f 1955 2096 2097
f 1955 2097 1956
f 1956 2097 2098
f 1956 2098 1957
f 1957 2098 2099
f 1957 2099 1958
f 1958 2099 2100
f 1958 2100 1959
f 1959 2100 2101
f 1959 2101 1960
f 1960 2101 2102
f 1960 2102 1961
f 1961 2102 2103
f 1961 2103 1962
f 1962 2103 2104
f 1962 2104 1963
f 1963 2104 2105
f 1963 2105 1964
f 1964 2105 2106
f 1964 2106 1965
f 1965 2106 2107
f 1965 2107 1966
f 1966 2107 2108
f 1966 2108 1967
f 1967 2108 2109
f 1967 2109 1968
f 1968 2109 2110
f 1968 2110 1969
f 1969 2110 2111
f 1969 2111 1970
f 1970 2111 2112
f 1970 2112 1971
f 1971 2112 2113
f 1971 2113 1972
f 1972 2113 2114
f 1972 2114 1973
f 1973 2114 2115
f 1973 2115 1974
f 1974 2115 1975
f 1974 1975 1834
f 1975 2116 2117
f 1975 2117 1976
f 1976 2117 2118
f 1976 2118 1977
f 1977 2118 2119
f 1977 2119 1978
f 1978 2119 2120
f 1978 2120 1979
f 1979 2120 2121
f 1979 2121 1980
f 1980 2121 2122
f 1980 2122 1981
f 1981 2122 2123
f 1981 2123 1982
f 1982 2123 2124
f 1982 2124 1983
f 1983 2124 2125
f 1983 2125 1984
f 1984 2125 2126
f 1984 2126 1985
f 1985 2126 2127
f 1985 2127 1986
f 1986 2127 2128
f 1986 2128 1987
f 1987 2128 2129
f 1987 2129 1988
f 1988 2129 2130
f 1988 2130 1989
f 1989 2130 2131
f 1989 2131 1990
f 1990 2131 2132
f 1990 2132 1991
f 1991 2132 2133
f 1991 2133 1992
f 1992 2133 2134
f 1992 2134 1993
f 1993 2134 2135
f 1993 2135 1994
f 1994 2135 2136
f 1994 2136 1995
f 1995 2136 2137
f 1995 2137 1996
f 1996 2137 2138
f 1996 2138 1997
f 1997 2138 2139
f 1997 2139 1998
f 1998 2139 2140
f 1998 2140 1999
f 1999 2140 2141
f 1999 2141 2000
f 2000 2141 2142
f 2000 2142 2001
f 2001 2142 2143
f 2001 2143 2002
f 2002 2143 2144
f 2002 2144 2003
f 2003 2144 2145
f 2003 2145 2004
f 2004 2145 2146
f 2004 2146 2005
f 2005 2146 2147
f 2005 2147 2006
f 2006 2147 2148
f 2006 2148 2007
f 2007 2148 2149
f 2007 2149 2008
f 2008 2149 2150
f 2008 2150 2009
f 2009 2150 2151
f 2009 2151 2010
f 2010 2151 2152
f 2010 2152 2011
f 2011 2152 2153
f 2011 2153 2012
f 2012 2153 2154
f 2012 2154 2013
f 2013 2154 2155
f 2013 2155 2014
f 2014 2155 2156
f 2014 2156 2015
f 2015 2156 2157
f 2015 2157 2016
f 2016 2157 2158
f 2016 2158 2017
f 2017 2158 2159
f 2017 2159 2018
f 2018 2159 2160
f 2018 2160 2019
f 2019 2160 2161
f 2019 2161 2020
f 2020 2161 2162
f 2020 2162 2021
f 2021 2162 2163
f 2021 2163 2022
f 2022 2163 2164
f 2022 2164 2023
f 2023 2164 2165
f 2023 2165 2024
f 2024 2165 2166
f 2024 2166 2025
f 2025 2166 2167
f 2025 2167 2026
f 2026 2167 2168
f 2026 2168 2027
f 2027 2168 2169
f 2027 2169 2028
f 2028 2169 2170
f 2028 2170 2029
f 2029 2170 2171
f 2029 2171 2030
f 2030 2171 2172
f 2030 2172 2031
f 2031 2172 2173
f 2031 2173 2032
f 2032 2173 2174
f 2032 2174 2033
f 2033 2174 2175
f 2033 2175 2034
f 2034 2175 2176
f 2034 2176 2035
f 2035 2176 2177
f 2035 2177 2036
f 2036 2177 2178
f 2036 2178 2037
f 2037 2178 2179
f 2037 2179 2038
f 2038 2179 2180
f 2038 2180 2039
f 2039 2180 2181
f 2039 2181 2040
f 2040 2181 2182
f 2040 2182 2041
f 2041 2182 2183
f 2041 2183 2042
f 2042 2183 2184
f 2042 2184 2043
f 2043 2184 2185
f 2043 2185 2044
f 2044 2185 2186
f 2044 2186 2045
f 2045 2186 2187
f 2045 2187 2046
f 2046 2187 2188
f 2046 2188 2047
f 2047 2188 2189
f 2047 2189 2048
f 2048 2189 2190
f 2048 2190 2049
f 2049 2190 2191
f 2049 2191 2050
f 2050 2191 2192
f 2050 2192 2051
f 2051 2192 2193
f 2051 2193 2052
f 2052 2193 2194
f 2052 2194 2053
f 2053 2194 2195
f 2053 2195 2054
f 2054 2195 2196
f 2054 2196 2055
f 2055 2196 2197
f 2055 2197 2056
f 2056 2197 2198
f 2056 2198 2057
f 2057 2198 2199
f 2057 2199 2058
f 2058 2199 2200
f 2058 2200 2059
f 2059 2200 2201
f 2059 2201 2060
f 2060 2201 2202
f 2060 2202 2061
f 2061 2202 2203
f 2061 2203 2062
f 2062 2203 2204
f 2062 2204 2063
f 2063 2204 2205
f 2063 2205 2064
f 2064 2205 2206
f 2064 2206 2065
f 2065 2206 2207
f 2065 2207 2066
f 2066 2207 2208
f 2066 2208 2067
f 2067 2208 2209
f 2067 2209 2068
f 2068 2209 2210
f 2068 2210 2069
f 2069 2210 2211
f 2069 2211 2070
f 2070 2211 2212
f 2070 2212 2071
f 2071 2212 2213
f 2071 2213 2072
f 2072 2213 2214
f 2072 2214 2073
f 2073 2214 2215
f 2073 2215 2074
f 2074 2215 2216
f 2074 2216 2075
f 2075 2216 2217
f 2075 2217 2076
f 2076 2217 2218
f 2076 2218 2077
f 2077 2218 2219
f 2077 2219 2078
f 2078 2219 2220
f 2078 2220 2079
f 2079 2220 2221
f 2079 2221 2080
f 2080 2221 2222
f 2080 2222 2081
f 2081 2222 2223
f 2081 2223 2082
f 2082 2223 2224
f 2082 2224 2083
f 2083 2224 2225
f 2083 2225 2084
f 2084 2225 2226
f 2084 2226 2085
f 2085 2226 2227
f 2085 2227 2086
f 2086 2227 2228
f 2086 2228 2087
f 2087 2228 2229
f 2087 2229 2088
f 2088 2229 2230
f 2088 2230 2089
f 2089 2230 2231
f 2089 2231 2090
f 2090 2231 2232
f 2090 2232 2091
f 2091 2232 2233
f 2091 2233 2092
f 2092 2233 2234
f 2092 2234 2093
f 2093 2234 2235
f 2093 2235 2094
f 2094 2235 2236
f 2094 2236 2095
f 2095 2236 2237
f 2095 2237 2096
f 2096 2237 2238
f 2096 2238 2097
f 2097 2238 2239
f 2097 2239 2098
f 2098 2239 2240
f 2098 2240 2099
f 2099 2240 2241
f 2099 2241 2100
f 2100 2241 2242
f 2100 2242 2101
f 2101 2242 2243
f 2101 2243 2102
f 2102 2243 2244
f 2102 2244 2103
f 2103 2244 2245
f 2103 2245 2104
f 2104 2245 2246
f 2104 2246 2105
f 2105 2246 2247
f 2105 2247 2106
f 2106 2247 2248
f 2106 2248 2107
f 2107 2248 2249
f 2107 2249 2108
f 2108 2249 2250
f 2108 2250 2109
f 2109 2250 2251
f 2109 2251 2110
f 2110 2251 2252
f 2110 2252 2111
f 2111 2252 2253
f 2111 2253 2112
f 2112 2253 2254
f 2112 2254 2113
f 2113 2254 2255
f 2113 2255 2114
f 2114 2255 2256
f 2114 2256 2115
f 2115 2256 2116
f 2115 2116 1975
f 2116 2257 2258
f 2116 2258 2117
f 2117 2258 2259
f 2117 2259 2118
f 2118 2259 2260
f 2118 2260 2119
f 2119 2260 2261
f 2119 2261 2120
f 2120 2261 2262
f 2120 2262 2121
f 2121 2262 2263
f 2121 2263 2122
f 2122 2263 2264
f 2122 2264 2123
f 2123 2264 2265
f 2123 2265 2124
f 2124 2265 2266
f 2124 2266 2125
f 2125 2266 2267
f 2125 2267 2126
f 2126 2267 2268
f 2126 2268 2127
f 2127 2268 2269
f 2127 2269 2128
f 2128 2269 2270
f 2128 2270 2129
f 2129 2270 2271
f 2129 2271 2130
f 2130 2271 2272
f 2130 2272 2131
f 2131 2272 2273
f 2131 2273 2132
f 2132 2273 2274
f 2132 2274 2133
f 2133 2274 2275
f 2133 2275 2134
f 2134 2275 2276
f 2134 2276 2135
f 2135 2276 2277
f 2135 2277 2136
f 2136 2277 2278
f 2136 2278 2137
f 2137 2278 2279
f 2137 2279 2138
f 2138 2279 2280
f 2138 2280 2139
f 2139 2280 2281
f 2139 2281 2140
f 2140 2281 2282
f 2140 2282 2141
f 2141 2282 2283
f 2141 2283 2142
f 2142 2283 2284
f 2142 2284 2143
f 2143 2284 2285
f 2143 2285 2144
f 2144 2285 2286
f 2144 2286 2145
f 2145 2286 2287
f 2145 2287 2146
f 2146 2287 2288
f 2146 2288 2147
f 2147 2288 2289
f 2147 2289 2148
f 2148 2289 2290
f 2148 2290 2149
f 2149 2290 2291
f 2149 2291 2150
f 2150 2291 2292
f 2150 2292 2151
f 2151 2292 2293
f 2151 2293 2152
f 2152 2293 2294
f 2152 2294 2153
f 2153 2294 2295
f 2153 2295 2154
f 2154 2295 2296
f 2154 2296 2155
f 2155 2296 2297
f 2155 2297 2156
f 2156 2297 2298
f 2156 2298 2157
f 2157 2298 2299
f 2157 2299 2158
f 2158 2299 2300
f 2158 2300 2159
f 2159 2300 2301
f 2159 2301 2160
f 2160 2301 2302
f 2160 2302 2161
f 2161 2302 2303
f 2161 2303 2162
f 2162 2303 2304
f 2162 2304 2163
f 2163 2304 2305
f 2163 2305 2164
f 2164 2305 2306
f 2164 2306 2165
f 2165 2306 2307
f 2165 2307 2166
f 2166 2307 2308
f 2166 2308 2167
f 2167 2308 2309
f 2167 2309 2168
f 2168 2309 2310
f 2168 2310 2169
f 2169 2310 2311
f 2169 2311 2170
f 2170 2311 2312
f 2170 2312 2171
f 2171 2312 2313
f 2171 2313 2172
f 2172 2313 2314
f 2172 2314 2173
f 2173 2314 2315
f 2173 2315 2174
f 2174 2315 2316
f 2174 2316 2175
f 2175 2316 2317
f 2175 2317 2176
f 2176 2317 2318
f 2176 2318 2177
f 2177 2318 2319
f 2177 2319 2178
f 2178 2319 2320
f 2178 2320 2179
f 2179 2320 2321
f 2179 2321 2180
f 2180 2321 2322
f 2180 2322 2181
f 2181 2322 2323
f 2181 2323 2182
f 2182 2323 2324
f 2182 2324 2183
f 2183 2324 2325
f 2183 2325 2184
f 2184 2325 2326
f 2184 2326 2185
f 2185 2326 2327
f 2185 2327 2186
f 2186 2327 2328
f 2186 2328 2187
f 2187 2328 2329
f 2187 2329 2188
f 2188 2329 2330
f 2188 2330 2189
f 2189 2330 2331
f 2189 2331 2190
f 2190 2331 2332
f 2190 2332 2191
f 2191 2332 2333
f 2191 2333 2192
f 2192 2333 2334
f 2192 2334 2193
f 2193 2334 2335
f 2193 2335 2194
f 2194 2335 2336
f 2194 2336 2195
f 2195 2336 2337
f 2195 2337 2196
f 2196 2337 2338
f 2196 2338 2197
f 2197 2338 2339
f 2197 2339 2198
f 2198 2339 2340
f 2198 2340 2199
f 2199 2340 2341
f 2199 2341 2200
f 2200 2341 2342
f 2200 2342 2201
f 2201 2342 2343
f 2201 2343 2202
f 2202 2343 2344
f 2202 2344 2203
f 2203 2344 2345
f 2203 2345 2204
f 2204 2345 2346
f 2204 2346 2205
f 2205 2346 2347
f 2205 2347 2206
f 2206 2347 2348
f 2206 2348 2207
f 2207 2348 2349
f 2207 2349 2208
f 2208 2349 2350
f 2208 2350 2209
f 2209 2350 2351
f 2209 2351 2210
f 2210 2351 2352
f 2210 2352 2211
f 2211 2352 2353
f 2211 2353 2212
f 2212 2353 2354
f 2212 2354 2213
f 2213 2354 2355
f 2213 2355 2214
f 2214 2355 2356
f 2214 2356 2215
f 2215 2356 2357
f 2215 2357 2216
f 2216 2357 2358
f 2216 2358 2217
f 2217 2358 2359
f 2217 2359 2218
f 2218 2359 2360
f 2218 2360 2219
f 2219 2360 2361
f 2219 2361 2220
f 2220 2361 2362
f 2220 2362 2221
f 2221 2362 2363
f 2221 2363 2222
f 2222 2363 2364
f 2222 2364 2223
f 2223 2364 2365
f 2223 2365 2224
f 2224 2365 2366
f 2224 2366 2225
f 2225 2366 2367
f 2225 2367 2226
f 2226 2367 2368
f 2226 2368 2227
f 2227 2368 2369
f 2227 2369 2228
f 2228 2369 2370
f 2228 2370 2229
f 2229 2370 2371
f 2229 2371 2230
f 2230 2371 2372
f 2230 2372 2231
f 2231 2372 2373
f 2231 2373 2232
f 2232 2373 2374
f 2232 2374 2233
f 2233 2374 2375
f 2233 2375 2234
f 2234 2375 2376
f 2234 2376 2235
f 2235 2376 2377
f 2235 2377 2236
f 2236 2377 2378
f 2236 2378 2237
f 2237 2378 2379
f 2237 2379 2238
f 2238 2379 2380
f 2238 2380 2239
f 2239 2380 2381
f 2239 2381 2240
f 2240 2381 2382
f 2240 2382 2241
f 2241 2382 2383
f 2241 2383 2242
f 2242 2383 2384
f 2242 2384 2243
f 2243 2384 2385
f 2243 2385 2244
f 2244 2385 2386
f 2244 2386 2245
f 2245 2386 2387
f 2245 2387 2246
f 2246 2387 2388
f 2246 2388 2247
f 2247 2388 2389
f 2247 2389 2248
f 2248 2389 2390
f 2248 2390 2249
f 2249 2390 2391
f 2249 2391 2250
f 2250 2391 2392
f 2250 2392 2251
f 2251 2392 2393
f 2251 2393 2252
f 2252 2393 2394
f 2252 2394 2253
f 2253 2394 2395
f 2253 2395 2254
f 2254 2395 2396
f 2254 2396 2255
f 2255 2396 2397
f 2255 2397 2256
f 2256 2397 2257
f 2256 2257 2116
f 2257 2398 2399
f 2257 2399 2258
f 2258 2399 2400
f 2258 2400 2259
f 2259 2400 2401
f 2259 2401 2260
f 2260 2401 2402
f 2260 2402 2261
f 2261 2402 2403
f 2261 2403 2262
f 2262 2403 2404
f 2262 2404 2263
f 2263 2404 2405
f 2263 2405 2264
f 2264 2405 2406
f 2264 2406 2265
f 2265 2406 2407
f 2265 2407 2266
f 2266 2407 2408
f 2266 2408 2267
f 2267 2408 2409
f 2267 2409 2268
f 2268 2409 2410
f 2268 2410 2269
f 2269 2410 2411
f 2269 2411 2270
f 2270 2411 2412
f 2270 2412 2271
f 2271 2412 2413
f 2271 2413 2272
f 2272 2413 2414
f 2272 2414 2273
f 2273 2414 2415
f 2273 2415 2274
f 2274 2415 2416
f 2274 2416 2275
f 2275 2416 2417
f 2275 2417 2276
f 2276 2417 2418
f 2276 2418 2277
f 2277 2418 2419
f 2277 2419 2278
f 2278 2419 2420
f 2278 2420 2279
f 2279 2420 2421
f 2279 2421 2280
f 2280 2421 2422
f 2280 2422 2281
f 2281 2422 2423
f 2281 2423 2282
f 2282 2423 2424
f 2282 2424 2283
f 2283 2424 2425
f 2283 2425 2284
f 2284 2425 2426
f 2284 2426 2285
f 2285 2426 2427
f 2285 2427 2286
f 2286 2427 2428
f 2286 2428 2287
f 2287 2428 2429
f 2287 2429 2288
f 2288 2429 2430
f 2288 2430 2289
f 2289 2430 2431
f 2289 2431 2290
f 2290 2431 2432
f 2290 2432 2291
f 2291 2432 2433
f 2291 2433 2292
f 2292 2433 2434
f 2292 2434 2293
f 2293 2434 2435
f 2293 2435 2294
f 2294 2435 2436
f 2294 2436 2295
f 2295 2436 2437
f 2295 2437 2296
f 2296 2437 2438
f 2296 2438 2297
f 2297 2438 2439
f 2297 2439 2298
f 2298 2439 2440
f 2298 2440 2299
f 2299 2440 2441
f 2299 2441 2300
f 2300 2441 2442
f 2300 2442 2301
f 2301 2442 2443
f 2301 2443 2302
f 2302 2443 2444
f 2302 2444 2303
f 2303 2444 2445
f 2303 2445 2304
f 2304 2445 2446
f 2304 2446 2305
f 2305 2446 2447
f 2305 2447 2306
f 2306 2447 2448
f 2306 2448 2307
f 2307 2448 2449
f 2307 2449 2308
f 2308 2449 2450
f 2308 2450 2309
f 2309 2450 2451
f 2309 2451 2310
f 2310 2451 2452
f 2310 2452 2311
f 2311 2452 2453
f 2311 2453 2312
f 2312 2453 2454
f 2312 2454 2313
f 2313 2454 2455
f 2313 2455 2314
f 2314 2455 2456
f 2314 2456 2315
f 2315 2456 2457
f 2315 2457 2316
f 2316 2457 2458
f 2316 2458 2317
f 2317 2458 2459
f 2317 2459 2318
f 2318 2459 2460
f 2318 2460 2319
f 2319 2460 2461
f 2319 2461 2320
f 2320 2461 2462
f 2320 2462 2321
f 2321 2462 2463
f 2321 2463 2322
f 2322 2463 2464
f 2322 2464 2323
f 2323 2464 2465
f 2323 2465 2324
f 2324 2465 2466
f 2324 2466 2325
f 2325 2466 2467
f 2325 2467 2326
f 2326 2467 2468
f 2326 2468 2327
f 2327 2468 2469
f 2327 2469 2328
f 2328 2469 2470
f 2328 2470 2329
f 2329 2470 2471
f 2329 2471 2330
f 2330 2471 2472
f 2330 2472 2331
f 2331 2472 2473
f 2331 2473 2332
f 2332 2473 2474
f 2332 2474 2333
f 2333 2474 2475
f 2333 2475 2334
f 2334 2475 2476
f 2334 2476 2335
f 2335 2476 2477
f 2335 2477 2336
f 2336 2477 2478
f 2336 2478 2337
f 2337 2478 2479
f 2337 2479 2338
f 2338 2479 2480
f 2338 2480 2339
f 2339 2480 2481
f 2339 2481 2340
f 2340 2481 2482
f 2340 2482 2341
f 2341 2482 2483
f 2341 2483 2342
f 2342 2483 2484
f 2342 2484 2343
f 2343 2484 2485
f 2343 2485 2344
f 2344 2485 2486
f 2344 2486 2345
f 2345 2486 2487
f 2345 2487 2346
f 2346 2487 2488
f 2346 2488 2347
f 2347 2488 2489
f 2347 2489 2348
f 2348 2489 2490
f 2348 2490 2349
f 2349 2490 2491
f 2349 2491 2350
f 2350 2491 2492
f 2350 2492 2351
f 2351 2492 2493
f 2351 2493 2352
f 2352 2493 2494
f 2352 2494 2353
f 2353 2494 2495
f 2353 2495 2354
f 2354 2495 2496
f 2354 2496 2355
f 2355 2496 2497
f 2355 2497 2356
f 2356 2497 2498
f 2356 2498 2357
f 2357 2498 2499
f 2357 2499 2358
f 2358 2499 2500
f 2358 2500 2359
f 2359 2500 2501
f 2359 2501 2360
f 2360 2501 2502
f 2360 2502 2361
f 2361 2502 2503
f 2361 2503 2362
f 2362 2503 2504
f 2362 2504 2363
f 2363 2504 2505
f 2363 2505 2364
f 2364 2505 2506
f 2364 2506 2365
f 2365 2506 2507
f 2365 2507 2366
f 2366 2507 2508
f 2366 2508 2367
f 2367 2508 2509
f 2367 2509 2368
f 2368 2509 2510
f 2368 2510 2369
f 2369 2510 2511
f 2369 2511 2370
f 2370 2511 2512
f 2370 2512 2371
f 2371 2512 2513
f 2371 2513 2372
f 2372 2513 2514
f 2372 2514 2373
f 2373 2514 2515
f 2373 2515 2374
f 2374 2515 2516
f 2374 2516 2375
f 2375 2516 2517
f 2375 2517 2376
f 2376 2517 2518
f 2376 2518 2377
f 2377 2518 2519
f 2377 2519 2378
f 2378 2519 2520
f 2378 2520 2379
f 2379 2520 2521
f 2379 2521 2380
f 2380 2521 2522
f 2380 2522 2381
f 2381 2522 2523
f 2381 2523 2382
f 2382 2523 2524
f 2382 2524 2383
f 2383 2524 2525
f 2383 2525 2384
f 2384 2525 2526
f 2384 2526 2385
f 2385 2526 2527
f 2385 2527 2386
f 2386 2527 2528
f 2386 2528 2387
f 2387 2528 2529
f 2387 2529 2388
f 2388 2529 2530
f 2388 2530 2389
f 2389 2530 2531
f 2389 2531 2390
f 2390 2531 2532
f 2390 2532 2391
f 2391 2532 2533
f 2391 2533 2392
f 2392 2533 2534
f 2392 2534 2393
f 2393 2534 2535
f 2393 2535 2394
f 2394 2535 2536
f 2394 2536 2395
f 2395 2536 2537
f 2395 2537 2396
f 2396 2537 2538
f 2396 2538 2397
f 2397 2538 2398
f 2397 2398 2257
f 2398 2539 2540
f 2398 2540 2399
f 2399 2540 2541
f 2399 2541 2400
f 2400 2541 2542
f 2400 2542 2401
f 2401 2542 2543
f 2401 2543 2402
f 2402 2543 2544
f 2402 2544 2403
f 2403 2544 2545
f 2403 2545 2404
f 2404 2545 2546
f 2404 2546 2405
f 2405 2546 2547
f 2405 2547 2406
f 2406 2547 2548
f 2406 2548 2407
f 2407 2548 2549
f 2407 2549 2408
f 2408 2549 2550
f 2408 2550 2409
f 2409 2550 2551
f 2409 2551 2410
f 2410 2551 2552
f 2410 2552 2411
f 2411 2552 2553
f 2411 2553 2412
f 2412 2553 2554
f 2412 2554 2413
f 2413 2554 2555
f 2413 2555 2414
f 2414 2555 2556
f 2414 2556 2415
f 2415 2556 2557
f 2415 2557 2416
f 2416 2557 2558
f 2416 2558 2417
f 2417 2558 2559
f 2417 2559 2418
f 2418 2559 2560
f 2418 2560 2419
f 2419 2560 2561
f 2419 2561 2420
f 2420 2561 2562
f 2420 2562 2421
f 2421 2562 2563
f 2421 2563 2422
f 2422 2563 2564
f 2422 2564 2423
f 2423 2564 2565
f 2423 2565 2424
f 2424 2565 2566
f 2424 2566 2425
f 2425 2566 2567
f 2425 2567 2426
f 2426 2567 2568
f 2426 2568 2427
f 2427 2568 2569
f 2427 2569 2428
f 2428 2569 2570
f 2428 2570 2429
f 2429 2570 2571
f 2429 2571 2430
f 2430 2571 2572
f 2430 2572 2431
f 2431 2572 2573
f 2431 2573 2432
f 2432 2573 2574
f 2432 2574 2433
f 2433 2574 2575
f 2433 2575 2434
f 2434 2575 2576
f 2434 2576 2435
f 2435 2576 2577
f 2435 2577 2436
f 2436 2577 2578
f 2436 2578 2437
f 2437 2578 2579
f 2437 2579 2438
f 2438 2579 2580
f 2438 2580 2439
f 2439 2580 2581
f 2439 2581 2440
f 2440 2581 2582
f 2440 2582 2441
f 2441 2582 2583
f 2441 2583 2442
f 2442 2583 2584
f 2442 2584 2443
f 2443 2584 2585
f 2443 2585 2444
f 2444 2585 2586
f 2444 2586 2445
f 2445 2586 2587
f 2445 2587 2446
f 2446 2587 2588
f 2446 2588 2447
f 2447 2588 2589
f 2447 2589 2448
f 2448 2589 2590
f 2448 2590 2449
f 2449 2590 2591
f 2449 2591 2450
f 2450 2591 2592
f 2450 2592 2451
f 2451 2592 2593
f 2451 2593 2452
f 2452 2593 2594
f 2452 2594 2453
f 2453 2594 2595
f 2453 2595 2454
f 2454 2595 2596
f 2454 2596 2455
f 2455 2596 2597
f 2455 2597 2456
f 2456 2597 2598
f 2456 2598 2457
f 2457 2598 2599
f 2457 2599 2458
f 2458 2599 2600
f 2458 2600 2459
f 2459 2600 2601
f 2459 2601 2460
f 2460 2601 2602
f 2460 2602 2461
f 2461 2602 2603
f 2461 2603 2462
f 2462 2603 2604
f 2462 2604 2463
f 2463 2604 2605
f 2463 2605 2464
f 2464 2605 2606
f 2464 2606 2465
f 2465 2606 2607
f 2465 2607 2466
f 2466 2607 2608
f 2466 2608 2467
f 2467 2608 2609
f 2467 2609 2468
f 2468 2609 2610
f 2468 2610 2469
f 2469 2610 2611
f 2469 2611 2470
f 2470 2611 2612
f 2470 2612 2471
f 2471 2612 2613
f 2471 2613 2472
f 2472 2613 2614
f 2472 2614 2473
f 2473 2614 2615
f 2473 2615 2474
f 2474 2615 2616
f 2474 2616 2475
f 2475 2616 2617
f 2475 2617 2476
f 2476 2617 2618
f 2476 2618 2477
f 2477 2618 2619
f 2477 2619 2478
f 2478 2619 2620
f 2478 2620 2479
f 2479 2620 2621
f 2479 2621 2480
f 2480 2621 2622
f 2480 2622 2481
f 2481 2622 2623
f 2481 2623 2482
f 2482 2623 2624
f 2482 2624 2483
f 2483 2624 2625
f 2483 2625 2484
f 2484 2625 2626
f 2484 2626 2485
f 2485 2626 2627
f 2485 2627 2486
f 2486 2627 2628
f 2486 2628 2487
f 2487 2628 2629
f 2487 2629 2488
f 2488 2629 2630
f 2488 2630 2489
f 2489 2630 2631
f 2489 2631 2490
f 2490 2631 2632
f 2490 2632 2491
f 2491 2632 2633
f 2491 2633 2492
f 2492 2633 2634
f 2492 2634 2493
f 2493 2634 2635
f 2493 2635 2494
f 2494 2635 2636
f 2494 2636 2495
f 2495 2636 2637
f 2495 2637 2496
f 2496 2637 2638
f 2496 2638 2497
f 2497 2638 2639
f 2497 2639 2498
f 2498 2639 2640
f 2498 2640 2499
f 2499 2640 2641
f 2499 2641 2500
f 2500 2641 2642
f 2500 2642 2501
f 2501 2642 2643
f 2501 2643 2502
f 2502 2643 2644
f 2502 2644 2503
f 2503 2644 2645
f 2503 2645 2504
f 2504 2645 2646
f 2504 2646 2505
f 2505 2646 2647
f 2505 2647 2506
f 2506 2647 2648
f 2506 2648 2507
f 2507 2648 2649
f 2507 2649 2508
f 2508 2649 2650
f 2508 2650 2509
f 2509 2650 2651
f 2509 2651 2510
f 2510 2651 2652
f 2510 2652 2511
f 2511 2652 2653
f 2511 2653 2512
f 2512 2653 2654
f 2512 2654 2513
f 2513 2654 2655
f 2513 2655 2514
f 2514 2655 2656
f 2514 2656 2515
f 2515 2656 2657
f 2515 2657 2516
f 2516 2657 2658
f 2516 2658 2517
f 2517 2658 2659
f 2517 2659 2518
f 2518 2659 2660
f 2518 2660 2519
f 2519 2660 2661
f 2519 2661 2520
f 2520 2661 2662
f 2520 2662 2521
f 2521 2662 2663
f 2521 2663 2522
f 2522 2663 2664
f 2522 2664 2523
f 2523 2664 2665
f 2523 2665 2524
f 2524 2665 2666
f 2524 2666 2525
f 2525 2666 2667
f 2525 2667 2526
f 2526 2667 2668
f 2526 2668 2527
f 2527 2668 2669
f 2527 2669 2528
f 2528 2669 2670
f 2528 2670 2529
f 2529 2670 2671
f 2529 2671 2530
f 2530 2671 2672
f 2530 2672 2531
f 2531 2672 2673
f 2531 2673 2532
f 2532 2673 2674
f 2532 2674 2533
f 2533 2674 2675
f 2533 2675 2534
f 2534 2675 2676
f 2534 2676 2535
f 2535 2676 2677
f 2535 2677 2536
f 2536 2677 2678
f 2536 2678 2537
f 2537 2678 2679
f 2537 2679 2538
f 2538 2679 2539
f 2538 2539 2398
f 2680 2 1
f 2680 3 2
f 2680 4 3
f 2680 5 4
f 2680 6 5
f 2680 7 6
f 2680 8 7
f 2680 9 8
f 2680 10 9
f 2680 11 10
f 2680 12 11
f 2680 13 12
f 2680 14 13
f 2680 15 14
f 2680 16 15
f 2680 17 16
f 2680 18 17
f 2680 19 18
f 2680 20 19
f 2680 21 20
f 2680 22 21
f 2680 23 22
f 2680 24 23
f 2680 25 24
f 2680 26 25
f 2680 27 26
f 2680 28 27
f 2680 29 28
f 2680 30 29
f 2680 31 30
f 2680 32 31
f 2680 33 32
f 2680 34 33
f 2680 35 34
f 2680 36 35
f 2680 37 36
f 2680 38 37
f 2680 39 38
f 2680 40 39
f 2680 41 40
f 2680 42 41
f 2680 43 42
f 2680 44 43
f 2680 45 44
f 2680 46 45
f 2680 47 46
f 2680 48 47
f 2680 49 48
f 2680 50 49
f 2680 51 50
f 2680 52 51
f 2680 53 52
f 2680 54 53
f 2680 55 54
f 2680 56 55
f 2680 57 56
f 2680 58 57
f 2680 59 58
f 2680 60 59
f 2680 61 60
f 2680 62 61
f 2680 63 62
f 2680 64 63
f 2680 65 64
f 2680 66 65
f 2680 67 66
f 2680 68 67
f 2680 69 68
f 2680 70 69
f 2680 71 70
f 2680 72 71
f 2680 73 72
f 2680 74 73
f 2680 75 74
f 2680 76 75
f 2680 77 76
f 2680 78 77
f 2680 79 78
f 2680 80 79
f 2680 81 80
f 2680 82 81
f 2680 83 82
f 2680 84 83
f 2680 85 84
f 2680 86 85
f 2680 87 86
f 2680 88 87
f 2680 89 88
f 2680 90 89
f 2680 91 90
f 2680 92 91
f 2680 93 92
f 2680 94 93
f 2680 95 94
f 2680 96 95
f 2680 97 96
f 2680 98 97
f 2680 99 98
f 2680 100 99
f 2680 101 100
f 2680 102 101
f 2680 103 102
f 2680 104 103
f 2680 105 104
f 2680 106 105
f 2680 107 106
f 2680 108 107
f 2680 109 108
f 2680 110 109
f 2680 111 110
f 2680 112 111
f 2680 113 112
f 2680 114 113
f 2680 115 114
f 2680 116 115
f 2680 117 116
f 2680 118 117
f 2680 119 118
f 2680 120 119
f 2680 121 120
f 2680 122 121
f 2680 123 122
f 2680 124 123
f 2680 125 124
f 2680 126 125
f 2680 127 126
f 2680 128 127
f 2680 129 128
f 2680 130 129
f 2680 131 130
f 2680 132 131
f 2680 133 132
f 2680 134 133
f 2680 135 134
f 2680 136 135
f 2680 137 136
f 2680 138 137
f 2680 139 138
f 2680 140 139
f 2680 141 140
f 2680 1 141
f 2681 2539 2540
f 2681 2540 2541
f 2681 2541 2542
f 2681 2542 2543
f 2681 2543 2544
f 2681 2544 2545
f 2681 2545 2546
f 2681 2546 2547
f 2681 2547 2548
f 2681 2548 2549
f 2681 2549 2550
f 2681 2550 2551
f 2681 2551 2552
f 2681 2552 2553
f 2681 2553 2554
f 2681 2554 2555
f 2681 2555 2556
f 2681 2556 2557
f 2681 2557 2558
f 2681 2558 2559
f 2681 2559 2560
f 2681 2560 2561
f 2681 2561 2562
f 2681 2562 2563
f 2681 2563 2564
f 2681 2564 2565
f 2681 2565 2566
f 2681 2566 2567
f 2681 2567 2568
f 2681 2568 2569
f 2681 2569 2570
f 2681 2570 2571
f 2681 2571 2572
f 2681 2572 2573
f 2681 2573 2574
f 2681 2574 2575
f 2681 2575 2576
f 2681 2576 2577
f 2681 2577 2578
f 2681 2578 2579
f 2681 2579 2580
f 2681 2580 2581
f 2681 2581 2582
f 2681 2582 2583
f 2681 2583 2584
f 2681 2584 2585
f 2681 2585 2586
f 2681 2586 2587
f 2681 2587 2588
f 2681 2588 2589
f 2681 2589 2590
f 2681 2590 2591
f 2681 2591 2592
f 2681 2592 2593
f 2681 2593 2594
f 2681 2594 2595
f 2681 2595 2596
f 2681 2596 2597
f 2681 2597 2598
f 2681 2598 2599
f 2681 2599 2600
f 2681 2600 2601
f 2681 2601 2602
f 2681 2602 2603
f 2681 2603 2604
f 2681 2604 2605
f 2681 2605 2606
f 2681 2606 2607
f 2681 2607 2608
f 2681 2608 2609
f 2681 2609 2610
f 2681 2610 2611
f 2681 2611 2612
f 2681 2612 2613
f 2681 2613 2614
f 2681 2614 2615
f 2681 2615 2616
f 2681 2616 2617
f 2681 2617 2618
f 2681 2618 2619
f 2681 2619 2620
f 2681 2620 2621
f 2681 2621 2622
f 2681 2622 2623
f 2681 2623 2624
f 2681 2624 2625
f 2681 2625 2626
f 2681 2626 2627
f 2681 2627 2628
f 2681 2628 2629
f 2681 2629 2630
f 2681 2630 2631
f 2681 2631 2632
f 2681 2632 2633
f 2681 2633 2634
f 2681 2634 2635
f 2681 2635 2636
f 2681 2636 2637
f 2681 2637 2638
f 2681 2638 2639
f 2681 2639 2640
f 2681 2640 2641
f 2681 2641 2642
f 2681 2642 2643
f 2681 2643 2644
f 2681 2644 2645
f 2681 2645 2646
f 2681 2646 2647
f 2681 2647 2648
f 2681 2648 2649
f 2681 2649 2650
f 2681 2650 2651
f 2681 2651 2652
f 2681 2652 2653
f 2681 2653 2654
f 2681 2654 2655
f 2681 2655 2656
f 2681 2656 2657
f 2681 2657 2658
f 2681 2658 2659
f 2681 2659 2660
f 2681 2660 2661
f 2681 2661 2662
f 2681 2662 2663
f 2681 2663 2664
f 2681 2664 2665
f 2681 2665 2666
f 2681 2666 2667
f 2681 2667 2668
f 2681 2668 2669
f 2681 2669 2670
f 2681 2670 2671
f 2681 2671 2672
f 2681 2672 2673
f 2681 2673 2674
f 2681 2674 2675
f 2681 2675 2676
f 2681 2676 2677
f 2681 2677 2678
f 2681 2678 2679
f 2681 2679 2539
g wing_port
f 2682 2824 2823
f 2682 2683 2824
f 2683 2825 2824
f 2683 2684 2825
f 2684 2826 2825
f 2684 2685 2826
f 2685 2827 2826
f 2685 2686 2827
f 2686 2828 2827
f 2686 2687 2828
f 2687 2829 2828
f 2687 2688 2829
f 2688 2830 2829
f 2688 2689 2830
f 2689 2831 2830
f 2689 2690 2831
f 2690 2832 2831
f 2690 2691 2832
f 2691 2833 2832
f 2691 2692 2833
f 2692 2834 2833
f 2692 2693 2834
f 2693 2835 2834
f 2693 2694 2835
f 2694 2836 2835
f 2694 2695 2836
f 2695 2837 2836
f 2695 2696 2837
f 2696 2838 2837
f 2696 2697 2838
f 2697 2839 2838
f 2697 2698 2839
f 2698 2840 2839
f 2698 2699 2840
f 2699 2841 2840
f 2699 2700 2841
f 2700 2842 2841
f 2700 2701 2842
f 2701 2843 2842
f 2701 2702 2843
f 2702 2844 2843
f 2702 2703 2844
f 2703 2845 2844
f 2703 2704 2845
f 2704 2846 2845
f 2704 2705 2846
f 2705 2847 2846
f 2705 2706 2847
f 2706 2848 2847
f 2706 2707 2848
f 2707 2849 2848
f 2707 2708 2849
f 2708 2850 2849
f 2708 2709 2850
f 2709 2851 2850
f 2709 2710 2851
f 2710 2852 2851
f 2710 2711 2852
f 2711 2853 2852
f 2711 2712 2853
f 2712 2854 2853
f 2712 2713 2854
f 2713 2855 2854
f 2713 2714 2855
f 2714 2856 2855
f 2714 2715 2856
f 2715 2857 2856
f 2715 2716 2857
f 2716 2858 2857
f 2716 2717 2858
f 2717 2859 2858
f 2717 2718 2859
f 2718 2860 2859
f 2718 2719 2860
f 2719 2861 2860
f 2719 2720 2861
f 2720 2862 2861
f 2720 2721 2862
f 2721 2863 2862
f 2721 2722 2863
f 2722 2864 2863
f 2722 2723 2864
f 2723 2865 2864
f 2723 2724 2865
f 2724 2866 2865
f 2724 2725 2866
f 2725 2867 2866
f 2725 2726 2867
f 2726 2868 2867
f 2726 2727 2868
f 2727 2869 2868
f 2727 2728 2869
f 2728 2870 2869
f 2728 2729 2870
f 2729 2871 2870
f 2729 2730 2871
f 2730 2872 2871
f 2730 2731 2872
f 2731 2873 2872
f 2731 2732 2873
f 2732 2874 2873
f 2732 2733 2874
f 2733 2875 2874
f 2733 2734 2875
f 2734 2876 2875
f 2734 2735 2876
f 2735 2877 2876
f 2735 2736 2877
f 2736 2878 2877
f 2736 2737 2878
f 2737 2879 2878
f 2737 2738 2879
f 2738 2880 2879
f 2738 2739 2880
f 2739 2881 2880
f 2739 2740 2881
f 2740 2882 2881
f 2740 2741 2882
f 2741 2883 2882
f 2741 2742 2883
f 2742 2884 2883
f 2742 2743 2884
f 2743 2885 2884
f 2743 2744 2885
f 2744 2886 2885
f 2744 2745 2886
f 2745 2887 2886
f 2745 2746 2887
f 2746 2888 2887
f 2746 2747 2888
f 2747 2889 2888
f 2747 2748 2889
f 2748 2890 2889
f 2748 2749 2890
f 2749 2891 2890
f 2749 2750 2891
f 2750 2892 2891
f 2750 2751 2892
f 2751 2893 2892
f 2751 2752 2893
f 2752 2894 2893
f 2752 2753 2894
f 2753 2895 2894
f 2753 2754 2895
f 2754 2896 2895
f 2754 2755 2896
f 2755 2897 2896
f 2755 2756 2897
f 2756 2898 2897
f 2756 2757 2898
f 2757 2899 2898
f 2757 2758 2899
f 2758 2900 2899
f 2758 2759 2900
f 2759 2901 2900
f 2759 2760 2901
f 2760 2902 2901
f 2760 2761 2902
f 2761 2903 2902
f 2761 2762 2903
f 2762 2904 2903
f 2762 2763 2904
f 2763 2905 2904
f 2763 2764 2905
f 2764 2906 2905
f 2764 2765 2906
f 2765 2907 2906
f 2765 2766 2907
f 2766 2908 2907
f 2766 2767 2908
f 2767 2909 2908
f 2767 2768 2909
f 2768 2910 2909
f 2768 2769 2910
f 2769 2911 2910
f 2769 2770 2911
f 2770 2912 2911
f 2770 2771 2912
f 2771 2913 2912
f 2771 2772 2913
f 2772 2914 2913
f 2772 2773 2914
f 2773 2915 2914
f 2773 2774 2915
f 2774 2916 2915
f 2774 2775 2916
f 2775 2917 2916
f 2775 2776 2917
f 2776 2918 2917
f 2776 2777 2918
f 2777 2919 2918
f 2777 2778 2919
f 2778 2920 2919
f 2778 2779 2920
f 2779 2921 2920
f 2779 2780 2921
f 2780 2922 2921
f 2780 2781 2922
f 2781 2923 2922
f 2781 2782 2923
f 2782 2924 2923
f 2782 2783 2924
f 2783 2925 2924
f 2783 2784 2925
f 2784 2926 2925
f 2784 2785 2926
f 2785 2927 2926
f 2785 2786 2927
f 2786 2928 2927
f 2786 2787 2928
f 2787 2929 2928
f 2787 2788 2929
f 2788 2930 2929
f 2788 2789 2930
f 2789 2931 2930
f 2789 2790 2931
f 2790 2932 2931
f 2790 2791 2932
f 2791 2933 2932
f 2791 2792 2933
f 2792 2934 2933
f 2792 2793 2934
f 2793 2935 2934
f 2793 2794 2935
f 2794 2936 2935
f 2794 2795 2936
f 2795 2937 2936
f 2795 2796 2937
f 2796 2938 2937
f 2796 2797 2938
f 2797 2939 2938
f 2797 2798 2939
f 2798 2940 2939
f 2798 2799 2940
f 2799 2941 2940
f 2799 2800 2941
f 2800 2942 2941
f 2800 2801 2942
f 2801 2943 2942
f 2801 2802 2943
f 2802 2944 2943
f 2802 2803 2944
f 2803 2945 2944
f 2803 2804 2945
f 2804 2946 2945
f 2804 2805 2946
f 2805 2947 2946
f 2805 2806 2947
f 2806 2948 2947
f 2806 2807 2948
f 2807 2949 2948
f 2807 2808 2949
f 2808 2950 2949
f 2808 2809 2950
f 2809 2951 2950
f 2809 2810 2951
f 2810 2952 2951
f 2810 2811 2952
f 2811 2953 2952
f 2811 2812 2953
f 2812 2954 2953
f 2812 2813 2954
f 2813 2955 2954
f 2813 2814 2955
f 2814 2956 2955
f 2814 2815 2956
f 2815 2957 2956
f 2815 2816 2957
f 2816 2958 2957
f 2816 2817 2958
f 2817 2959 2958
f 2817 2818 2959
f 2818 2960 2959
f 2818 2819 2960
f 2819 2961 2960
f 2819 2820 2961
f 2820 2962 2961
f 2820 2821 2962
f 2821 2963 2962
f 2821 2822 2963
f 2822 2823 2963
f 2822 2682 2823
f 2823 2965 2964
f 2823 2824 2965
f 2824 2966 2965
f 2824 2825 2966
f 2825 2967 2966
f 2825 2826 2967
f 2826 2968 2967
f 2826 2827 2968
f 2827 2969 2968
f 2827 2828 2969
f 2828 2970 2969
f 2828 2829 2970
f 2829 2971 2970
f 2829 2830 2971
f 2830 2972 2971
f 2830 2831 2972
f 2831 2973 2972
f 2831 2832 2973
f 2832 2974 2973
f 2832 2833 2974
f 2833 2975 2974
f 2833 2834 2975
f 2834 2976 2975
f 2834 2835 2976
f 2835 2977 2976
f 2835 2836 2977
f 2836 2978 2977
f 2836 2837 2978
f 2837 2979 2978
f 2837 2838 2979
f 2838 2980 2979
f 2838 2839 2980
f 2839 2981 2980
f 2839 2840 2981
f 2840 2982 2981
f 2840 2841 2982
f 2841 2983 2982
f 2841 2842 2983
f 2842 2984 2983
f 2842 2843 2984
f 2843 2985 2984
f 2843 2844 2985
f 2844 2986 2985
f 2844 2845 2986
f 2845 2987 2986
f 2845 2846 2987
f 2846 2988 2987
f 2846 2847 2988
f 2847 2989 2988
f 2847 2848 2989
f 2848 2990 2989
f 2848 2849 2990
f 2849 2991 2990
f 2849 2850 2991
f 2850 2992 2991
f 2850 2851 2992
f 2851 2993 2992
f 2851 2852 2993
f 2852 2994 2993
f 2852 2853 2994
f 2853 2995 2994
f 2853 2854 2995
f 2854 2996 2995
f 2854 2855 2996
f 2855 2997 2996
f 2855 2856 2997
f 2856 2998 2997
f 2856 2857 2998
f 2857 2999 2998
f 2857 2858 2999
f 2858 3000 2999
f 2858 2859 3000
f 2859 3001 3000
f 2859 2860 3001
f 2860 3002 3001
f 2860 2861 3002
f 2861 3003 3002
f 2861 2862 3003
f 2862 3004 3003
f 2862 2863 3004
f 2863 3005 3004
f 2863 2864 3005
f 2864 3006 3005
f 2864 2865 3006
f 2865 3007 3006
f 2865 2866 3007
f 2866 3008 3007
f 2866 2867 3008
f 2867 3009 3008
f 2867 2868 3009
f 2868 3010 3009
f 2868 2869 3010
f 2869 3011 3010
f 2869 2870 3011
f 2870 3012 3011
f 2870 2871 3012
f 2871 3013 3012
f 2871 2872 3013
f 2872 3014 3013
f 2872 2873 3014
f 2873 3015 3014
f 2873 2874 3015
f 2874 3016 3015
f 2874 2875 3016
f 2875 3017 3016
f 2875 2876 3017
f 2876 3018 3017
f 2876 2877 3018
f 2877 3019 3018
f 2877 2878 3019
f 2878 3020 3019
f 2878 2879 3020
f 2879 3021 3020
f 2879 2880 3021
f 2880 3022 3021
f 2880 2881 3022
f 2881 3023 3022
f 2881 2882 3023
f 2882 3024 3023
f 2882 2883 3024
f 2883 3025 3024
f 2883 2884 3025
f 2884 3026 3025
f 2884 2885 3026
f 2885 3027 3026
f 2885 2886 3027
f 2886 3028 3027
f 2886 2887 3028
f 2887 3029 3028
f 2887 2888 3029
f 2888 3030 3029
f 2888 2889 3030
f 2889 3031 3030
f 2889 2890 3031
f 2890 3032 3031
f 2890 2891 3032
f 2891 3033 3032
f 2891 2892 3033
f 2892 3034 3033
f 2892 2893 3034
f 2893 3035 3034
f 2893 2894 3035
f 2894 3036 3035
f 2894 2895 3036
f 2895 3037 3036
f 2895 2896 3037
f 2896 3038 3037
f 2896 2897 3038
f 2897 3039 3038
f 2897 2898 3039
f 2898 3040 3039
f 2898 2899 3040
f 2899 3041 3040
f 2899 2900 3041
f 2900 3042 3041
f 2900 2901 3042
f 2901 3043 3042
f 2901 2902 3043
f 2902 3044 3043
f 2902 2903 3044
f 2903 3045 3044
f 2903 2904 3045
f 2904 3046 3045
f 2904 2905 3046
f 2905 3047 3046
f 2905 2906 3047
f 2906 3048 3047
f 2906 2907 3048
f 2907 3049 3048
f 2907 2908 3049
f 2908 3050 3049
f 2908 2909 3050
f 2909 3051 3050
f 2909 2910 3051
f 2910 3052 3051
f 2910 2911 3052
f 2911 3053 3052
f 2911 2912 3053
f 2912 3054 3053
f 2912 2913 3054
f 2913 3055 3054
f 2913 2914 3055
f 2914 3056 3055
f 2914 2915 3056
f 2915 3057 3056
f 2915 2916 3057
f 2916 3058 3057
f 2916 2917 3058
f 2917 3059 3058
f 2917 2918 3059
f 2918 3060 3059
f 2918 2919 3060
f 2919 3061 3060
f 2919 2920 3061
f 2920 3062 3061
f 2920 2921 3062
f 2921 3063 3062
f 2921 2922 3063
f 2922 3064 3063
f 2922 2923 3064
f 2923 3065 3064
f 2923 2924 3065
f 2924 3066 3065
f 2924 2925 3066
f 2925 3067 3066
f 2925 2926 3067
f 2926 3068 3067
f 2926 2927 3068
f 2927 3069 3068
f 2927 2928 3069
f 2928 3070 3069
f 2928 2929 3070
f 2929 3071 3070
f 2929 2930 3071
f 2930 3072 3071
f 2930 2931 3072
f 2931 3073 3072
f 2931 2932 3073
f 2932 3074 3073
f 2932 2933 3074
f 2933 3075 3074
f 2933 2934 3075
f 2934 3076 3075
f 2934 2935 3076
f 2935 3077 3076
f 2935 2936 3077
f 2936 3078 3077
f 2936 2937 3078
f 2937 3079 3078
f 2937 2938 3079
f 2938 3080 3079
f 2938 2939 3080
f 2939 3081 3080
f 2939 2940 3081
f 2940 3082 3081
f 2940 2941 3082
f 2941 3083 3082
f 2941 2942 3083
f 2942 3084 3083
f 2942 2943 3084
f 2943 3085 3084
f 2943 2944 3085
f 2944 3086 3085
f 2944 2945 3086
f 2945 3087 3086
f 2945 2946 3087
f 2946 3088 3087
f 2946 2947 3088
f 2947 3089 3088
f 2947 2948 3089
f 2948 3090 3089
f 2948 2949 3090
f 2949 3091 3090
f 2949 2950 3091
f 2950 3092 3091
f 2950 2951 3092
f 2951 3093 3092
f 2951 2952 3093
f 2952 3094 3093
f 2952 2953 3094
f 2953 3095 3094
f 2953 2954 3095
f 2954 3096 3095
f 2954 2955 3096
f 2955 3097 3096
f 2955 2956 3097
f 2956 3098 3097
f 2956 2957 3098
f 2957 3099 3098
f 2957 2958 3099
f 2958 3100 3099
f 2958 2959 3100
f 2959 3101 3100
f 2959 2960 3101
f 2960 3102 3101
f 2960 2961 3102
f 2961 3103 3102
f 2961 2962 3103
f 2962 3104 3103
f 2962 2963 3104
f 2963 2964 3104
f 2963 2823 2964
f 2964 3106 3105
f 2964 2965 3106
f 2965 3107 3106
f 2965 2966 3107
f 2966 3108 3107
f 2966 2967 3108
f 2967 3109 3108
f 2967 2968 3109
f 2968 3110 3109
f 2968 2969 3110
f 2969 3111 3110
f 2969 2970 3111
f 2970 3112 3111
f 2970 2971 3112
f 2971 3113 3112
f 2971 2972 3113
f 2972 3114 3113
f 2972 2973 3114
f 2973 3115 3114
f 2973 2974 3115
f 2974 3116 3115
f 2974 2975 3116
f 2975 3117 3116
f 2975 2976 3117
f 2976 3118 3117
f 2976 2977 3118
f 2977 3119 3118
f 2977 2978 3119
f 2978 3120 3119
f 2978 2979 3120
f 2979 3121 3120
f 2979 2980 3121
f 2980 3122 3121
f 2980 2981 3122
f 2981 3123 3122
f 2981 2982 3123
f 2982 3124 3123
f 2982 2983 3124
f 2983 3125 3124
f 2983 2984 3125
f 2984 3126 3125
f 2984 2985 3126
f 2985 3127 3126
f 2985 2986 3127
f 2986 3128 3127
f 2986 2987 3128
f 2987 3129 3128
f 2987 2988 3129
f 2988 3130 3129
f 2988 2989 3130
f 2989 3131 3130
f 2989 2990 3131
f 2990 3132 3131
f 2990 2991 3132
f 2991 3133 3132
f 2991 2992 3133
f 2992 3134 3133
f 2992 2993 3134
f 2993 3135 3134
f 2993 2994 3135
f 2994 3136 3135
f 2994 2995 3136
f 2995 3137 3136
f 2995 2996 3137
f 2996 3138 3137
f 2996 2997 3138
f 2997 3139 3138
f 2997 2998 3139
f 2998 3140 3139
f 2998 2999 3140
f 2999 3141 3140
f 2999 3000 3141
f 3000 3142 3141
f 3000 3001 3142
f 3001 3143 3142
f 3001 3002 3143
f 3002 3144 3143
f 3002 3003 3144
f 3003 3145 3144
f 3003 3004 3145
f 3004 3146 3145
f 3004 3005 3146
f 3005 3147 3146
f 3005 3006 3147
f 3006 3148 3147
f 3006 3007 3148
f 3007 3149 3148
f 3007 3008 3149
f 3008 3150 3149
f 3008 3009 3150
f 3009 3151 3150
f 3009 3010 3151
f 3010 3152 3151
f 3010 3011 3152
f 3011 3153 3152
f 3011 3012 3153
f 3012 3154 3153
f 3012 3013 3154
f 3013 3155 3154
f 3013 3014 3155
f 3014 3156 3155
f 3014 3015 3156
f 3015 3157 3156
f 3015 3016 3157
f 3016 3158 3157
f 3016 3017 3158
f 3017 3159 3158
f 3017 3018 3159
f 3018 3160 3159
f 3018 3019 3160
f 3019 3161 3160
f 3019 3020 3161
f 3020 3162 3161
f 3020 3021 3162
f 3021 3163 3162
f 3021 3022 3163
f 3022 3164 3163
f 3022 3023 3164
f 3023 3165 3164
f 3023 3024 3165
f 3024 3166 3165
f 3024 3025 3166
f 3025 3167 3166
f 3025 3026 3167
f 3026 3168 3167
f 3026 3027 3168
f 3027 3169 3168
f 3027 3028 3169
f 3028 3170 3169
f 3028 3029 3170
f 3029 3171 3170
f 3029 3030 3171
f 3030 3172 3171
f 3030 3031 3172
f 3031 3173 3172
f 3031 3032 3173
f 3032 3174 3173
f 3032 3033 3174
f 3033 3175 3174
f 3033 3034 3175
f 3034 3176 3175
f 3034 3035 3176
f 3035 3177 3176
f 3035 3036 3177
f 3036 3178 3177
f 3036 3037 3178
f 3037 3179 3178
f 3037 3038 3179
f 3038 3180 3179
f 3038 3039 3180
f 3039 3181 3180
f 3039 3040 3181
f 3040 3182 3181
f 3040 3041 3182
f 3041 3183 3182
f 3041 3042 3183
f 3042 3184 3183
f 3042 3043 3184
f 3043 3185 3184
f 3043 3044 3185
f 3044 3186 3185
f 3044 3045 3186
f 3045 3187 3186
f 3045 3046 3187
f 3046 3188 3187
f 3046 3047 3188
f 3047 3189 3188
f 3047 3048 3189
f 3048 3190 3189
f 3048 3049 3190
f 3049 3191 3190
f 3049 3050 3191
f 3050 3192 3191
f 3050 3051 3192
f 3051 3193 3192
f 3051 3052 3193
f 3052 3194 3193
f 3052 3053 3194
f 3053 3195 3194
f 3053 3054 3195
f 3054 3196 3195
f 3054 3055 3196
f 3055 3197 3196
f 3055 3056 3197
f 3056 3198 3197
f 3056 3057 3198
f 3057 3199 3198
f 3057 3058 3199
f 3058 3200 3199
f 3058 3059 3200
f 3059 3201 3200
f 3059 3060 3201
f 3060 3202 3201
f 3060 3061 3202
f 3061 3203 3202
f 3061 3062 3203
f 3062 3204 3203
f 3062 3063 3204
f 3063 3205 3204
f 3063 3064 3205
f 3064 3206 3205
f 3064 3065 3206
f 3065 3207 3206
f 3065 3066 3207
f 3066 3208 3207
f 3066 3067 3208
f 3067 3209 3208
f 3067 3068 3209
f 3068 3210 3209
f 3068 3069 3210
f 3069 3211 3210
f 3069 3070 3211
f 3070 3212 3211
f 3070 3071 3212
f 3071 3213 3212
f 3071 3072 3213
f 3072 3214 3213
f 3072 3073 3214
f 3073 3215 3214
f 3073 3074 3215
f 3074 3216 3215
f 3074 3075 3216
f 3075 3217 3216
f 3075 3076 3217
f 3076 3218 3217
f 3076 3077 3218
f 3077 3219 3218
f 3077 3078 3219
f 3078 3220 3219
f 3078 3079 3220
f 3079 3221 3220
f 3079 3080 3221
f 3080 3222 3221
f 3080 3081 3222
f 3081 3223 3222
f 3081 3082 3223
f 3082 3224 3223
f 3082 3083 3224
f 3083 3225 3224
f 3083 3084 3225
f 3084 3226 3225
f 3084 3085 3226
f 3085 3227 3226
f 3085 3086 3227
f 3086 3228 3227
f 3086 3087 3228
f 3087 3229 3228
f 3087 3088 3229
f 3088 3230 3229
f 3088 3089 3230
f 3089 3231 3230
f 3089 3090 3231
f 3090 3232 3231
f 3090 3091 3232
f 3091 3233 3232
f 3091 3092 3233
f 3092 3234 3233
f 3092 3093 3234
f 3093 3235 3234
f 3093 3094 3235
f 3094 3236 3235
f 3094 3095 3236
f 3095 3237 3236
f 3095 3096 3237
f 3096 3238 3237
f 3096 3097 3238
f 3097 3239 3238
f 3097 3098 3239
f 3098 3240 3239
f 3098 3099 3240
f 3099 3241 3240
f 3099 3100 3241
f 3100 3242 3241
f 3100 3101 3242
f 3101 3243 3242
f 3101 3102 3243
f 3102 3244 3243
f 3102 3103 3244
f 3103 3245 3244
f 3103 3104 3245
f 3104 3105 3245
f 3104 2964 3105
f 3105 3247 3246
f 3105 3106 3247
f 3106 3248 3247
f 3106 3107 3248
f 3107 3249 3248
f 3107 3108 3249
f 3108 3250 3249
f 3108 3109 3250
f 3109 3251 3250
f 3109 3110 3251
f 3110 3252 3251
f 3110 3111 3252
f 3111 3253 3252
f 3111 3112 3253
f 3112 3254 3253
f 3112 3113 3254
f 3113 3255 3254
f 3113 3114 3255
f 3114 3256 3255
f 3114 3115 3256
f 3115 3257 3256
f 3115 3116 3257
f 3116 3258 3257
f 3116 3117 3258
f 3117 3259 3258
f 3117 3118 3259
f 3118 3260 3259
f 3118 3119 3260
f 3119 3261 3260
f 3119 3120 3261
f 3120 3262 3261
f 3120 3121 3262
f 3121 3263 3262
f 3121 3122 3263
f 3122 3264 3263
f 3122 3123 3264
f 3123 3265 3264
f 3123 3124 3265
f 3124 3266 3265
f 3124 3125 3266
f 3125 3267 3266
f 3125 3126 3267
f 3126 3268 3267
f 3126 3127 3268
f 3127 3269 3268
f 3127 3128 3269
f 3128 3270 3269
f 3128 3129 3270
f 3129 3271 3270
f 3129 3130 3271
f 3130 3272 3271
f 3130 3131 3272
f 3131 3273 3272
f 3131 3132 3273
f 3132 3274 3273
f 3132 3133 3274
f 3133 3275 3274
f 3133 3134 3275
f 3134 3276 3275
f 3134 3135 3276
f 3135 3277 3276
f 3135 3136 3277
f 3136 3278 3277
f 3136 3137 3278
f 3137 3279 3278
f 3137 3138 3279
f 3138 3280 3279
f 3138 3139 3280
f 3139 3281 3280
f 3139 3140 3281
f 3140 3282 3281
f 3140 3141 3282
f 3141 3283 3282
f 3141 3142 3283
f 3142 3284 3283
f 3142 3143 3284
f 3143 3285 3284
f 3143 3144 3285
f 3144 3286 3285
f 3144 3145 3286
f 3145 3287 3286
f 3145 3146 3287
f 3146 3288 3287
f 3146 3147 3288
f 3147 3289 3288
f 3147 3148 3289
f 3148 3290 3289
f 3148 3149 3290
f 3149 3291 3290
f 3149 3150 3291
f 3150 3292 3291
f 3150 3151 3292
f 3151 3293 3292
f 3151 3152 3293
f 3152 3294 3293
f 3152 3153 3294
f 3153 3295 3294
f 3153 3154 3295
f 3154 3296 3295
f 3154 3155 3296
f 3155 3297 3296
f 3155 3156 3297
f 3156 3298 3297
f 3156 3157 3298
f 3157 3299 3298
f 3157 3158 3299
f 3158 3300 3299
f 3158 3159 3300
f 3159 3301 3300
f 3159 3160 3301
f 3160 3302 3301
f 3160 3161 3302
f 3161 3303 3302
f 3161 3162 3303
f 3162 3304 3303
f 3162 3163 3304
f 3163 3305 3304
f 3163 3164 3305
f 3164 3306 3305
f 3164 3165 3306
f 3165 3307 3306
f 3165 3166 3307
f 3166 3308 3307
f 3166 3167 3308
f 3167 3309 3308
f 3167 3168 3309
f 3168 3310 3309
f 3168 3169 3310
f 3169 3311 3310
f 3169 3170 3311
f 3170 3312 3311
f 3170 3171 3312
f 3171 3313 3312
f 3171 3172 3313
f 3172 3314 3313
f 3172 3173 3314
f 3173 3315 3314
f 3173 3174 3315
f 3174 3316 3315
f 3174 3175 3316
f 3175 3317 3316
f 3175 3176 3317
f 3176 3318 3317
f 3176 3177 3318
f 3177 3319 3318
f 3177 3178 3319
f 3178 3320 3319
f 3178 3179 3320
f 3179 3321 3320
f 3179 3180 3321
f 3180 3322 3321
f 3180 3181 3322
f 3181 3323 3322
f 3181 3182 3323
f 3182 3324 3323
f 3182 3183 3324
f 3183 3325 3324
f 3183 3184 3325
f 3184 3326 3325
f 3184 3185 3326
f 3185 3327 3326
f 3185 3186 3327
f 3186 3328 3327
f 3186 3187 3328
f 3187 3329 3328
f 3187 3188 3329
f 3188 3330 3329
f 3188 3189 3330
f 3189 3331 3330
f 3189 3190 3331
f 3190 3332 3331
f 3190 3191 3332
f 3191 3333 3332
f 3191 3192 3333
f 3192 3334 3333
f 3192 3193 3334
f 3193 3335 3334
f 3193 3194 3335
f 3194 3336 3335
f 3194 3195 3336
f 3195 3337 3336
f 3195 3196 3337
f 3196 3338 3337
f 3196 3197 3338
f 3197 3339 3338
f 3197 3198 3339
f 3198 3340 3339
f 3198 3199 3340
f 3199 3341 3340
f 3199 3200 3341
f 3200 3342 3341
f 3200 3201 3342
f 3201 3343 3342
f 3201 3202 3343
f 3202 3344 3343
f 3202 3203 3344
f 3203 3345 3344
f 3203 3204 3345
f 3204 3346 3345
f 3204 3205 3346
f 3205 3347 3346
f 3205 3206 3347
f 3206 3348 3347
f 3206 3207 3348
f 3207 3349 3348
f 3207 3208 3349
f 3208 3350 3349
f 3208 3209 3350
f 3209 3351 3350
f 3209 3210 3351
f 3210 3352 3351
f 3210 3211 3352
f 3211 3353 3352
f 3211 3212 3353
f 3212 3354 3353
f 3212 3213 3354
f 3213 3355 3354
f 3213 3214 3355
f 3214 3356 3355
f 3214 3215 3356
f 3215 3357 3356
f 3215 3216 3357
f 3216 3358 3357
f 3216 3217 3358
f 3217 3359 3358
f 3217 3218 3359
f 3218 3360 3359
f 3218 3219 3360
f 3219 3361 3360
f 3219 3220 3361
f 3220 3362 3361
f 3220 3221 3362
f 3221 3363 3362
f 3221 3222 3363
f 3222 3364 3363
f 3222 3223 3364
f 3223 3365 3364
f 3223 3224 3365
f 3224 3366 3365
f 3224 3225 3366
f 3225 3367 3366
f 3225 3226 3367
f 3226 3368 3367
f 3226 3227 3368
f 3227 3369 3368
f 3227 3228 3369
f 3228 3370 3369
f 3228 3229 3370
f 3229 3371 3370
f 3229 3230 3371
f 3230 3372 3371
f 3230 3231 3372
f 3231 3373 3372
f 3231 3232 3373
f 3232 3374 3373
f 3232 3233 3374
f 3233 3375 3374
f 3233 3234 3375
f 3234 3376 3375
f 3234 3235 3376
f 3235 3377 3376
f 3235 3236 3377
f 3236 3378 3377
f 3236 3237 3378
f 3237 3379 3378
f 3237 3238 3379
f 3238 3380 3379
f 3238 3239 3380
f 3239 3381 3380
f 3239 3240 3381
f 3240 3382 3381
f 3240 3241 3382
f 3241 3383 3382
f 3241 3242 3383
f 3242 3384 3383
f 3242 3243 3384
f 3243 3385 3384
f 3243 3244 3385
f 3244 3386 3385
f 3244 3245 3386
f 3245 3246 3386
f 3245 3105 3246
f 3246 3388 3387
f 3246 3247 3388
f 3247 3389 3388
f 3247 3248 3389
f 3248 3390 3389
f 3248 3249 3390
f 3249 3391 3390
f 3249 3250 3391
f 3250 3392 3391
f 3250 3251 3392
f 3251 3393 3392
f 3251 3252 3393
f 3252 3394 3393
f 3252 3253 3394
f 3253 3395 3394
f 3253 3254 3395
f 3254 3396 3395
f 3254 3255 3396
f 3255 3397 3396
f 3255 3256 3397
f 3256 3398 3397
f 3256 3257 3398
f 3257 3399 3398
f 3257 3258 3399
f 3258 3400 3399
f 3258 3259 3400
f 3259 3401 3400
f 3259 3260 3401
f 3260 3402 3401
f 3260 3261 3402
f 3261 3403 3402
f 3261 3262 3403
f 3262 3404 3403
f 3262 3263 3404
f 3263 3405 3404
f 3263 3264 3405
f 3264 3406 3405
f 3264 3265 3406
f 3265 3407 3406
f 3265 3266 3407
f 3266 3408 3407
f 3266 3267 3408
f 3267 3409 3408
f 3267 3268 3409
f 3268 3410 3409
f 3268 3269 3410
f 3269 3411 3410
f 3269 3270 3411
f 3270 3412 3411
f 3270 3271 3412
f 3271 3413 3412
f 3271 3272 3413
f 3272 3414 3413
f 3272 3273 3414
f 3273 3415 3414
f 3273 3274 3415
f 3274 3416 3415
f 3274 3275 3416
f 3275 3417 3416
f 3275 3276 3417
f 3276 3418 3417
f 3276 3277 3418
f 3277 3419 3418
f 3277 3278 3419
f 3278 3420 3419
f 3278 3279 3420
f 3279 3421 3420
f 3279 3280 3421
f 3280 3422 3421
f 3280 3281 3422
f 3281 3423 3422
f 3281 3282 3423
f 3282 3424 3423
f 3282 3283 3424
f 3283 3425 3424
f 3283 3284 3425
f 3284 3426 3425
f 3284 3285 3426
f 3285 3427 3426
f 3285 3286 3427
f 3286 3428 3427
f 3286 3287 3428
f 3287 3429 3428
f 3287 3288 3429
f 3288 3430 3429
f 3288 3289 3430
f 3289 3431 3430
f 3289 3290 3431
f 3290 3432 3431
f 3290 3291 3432
f 3291 3433 3432
f 3291 3292 3433
f 3292 3434 3433
f 3292 3293 3434
f 3293 3435 3434
f 3293 3294 3435
f 3294 3436 3435
f 3294 3295 3436
f 3295 3437 3436
f 3295 3296 3437
f 3296 3438 3437
f 3296 3297 3438
f 3297 3439 3438
f 3297 3298 3439
f 3298 3440 3439
f 3298 3299 3440
f 3299 3441 3440
f 3299 3300 3441
f 3300 3442 3441
f 3300 3301 3442
f 3301 3443 3442
f 3301 3302 3443
f 3302 3444 3443
f 3302 3303 3444
f 3303 3445 3444
f 3303 3304 3445
f 3304 3446 3445
f 3304 3305 3446
f 3305 3447 3446
f 3305 3306 3447
f 3306 3448 3447
f 3306 3307 3448
f 3307 3449 3448
f 3307 3308 3449
f 3308 3450 3449
f 3308 3309 3450
f 3309 3451 3450
f 3309 3310 3451
f 3310 3452 3451
f 3310 3311 3452
f 3311 3453 3452
f 3311 3312 3453
f 3312 3454 3453
f 3312 3313 3454
f 3313 3455 3454
f 3313 3314 3455
f 3314 3456 3455
f 3314 3315 3456
f 3315 3457 3456
f 3315 3316 3457
f 3316 3458 3457
f 3316 3317 3458
f 3317 3459 3458
f 3317 3318 3459
f 3318 3460 3459
f 3318 3319 3460
f 3319 3461 3460
f 3319 3320 3461
f 3320 3462 3461
f 3320 3321 3462
f 3321 3463 3462
f 3321 3322 3463
f 3322 3464 3463
f 3322 3323 3464
f 3323 3465 3464
f 3323 3324 3465
f 3324 3466 3465
f 3324 3325 3466
f 3325 3467 3466
f 3325 3326 3467
f 3326 3468 3467
f 3326 3327 3468
f 3327 3469 3468
f 3327 3328 3469
f 3328 3470 3469
f 3328 3329 3470
f 3329 3471 3470
f 3329 3330 3471
f 3330 3472 3471
f 3330 3331 3472
f 3331 3473 3472
f 3331 3332 3473
f 3332 3474 3473
f 3332 3333 3474
f 3333 3475 3474
f 3333 3334 3475
f 3334 3476 3475
f 3334 3335 3476
f 3335 3477 3476
f 3335 3336 3477
f 3336 3478 3477
f 3336 3337 3478
f 3337 3479 3478
f 3337 3338 3479
f 3338 3480 3479
f 3338 3339 3480
f 3339 3481 3480
f 3339 3340 3481
f 3340 3482 3481
f 3340 3341 3482
f 3341 3483 3482
f 3341 3342 3483
f 3342 3484 3483
f 3342 3343 3484
f 3343 3485 3484
f 3343 3344 3485
f 3344 3486 3485
f 3344 3345 3486
f 3345 3487 3486
f 3345 3346 3487
f 3346 3488 3487
f 3346 3347 3488
f 3347 3489 3488
f 3347 3348 3489
f 3348 3490 3489
f 3348 3349 3490
f 3349 3491 3490
f 3349 3350 3491
f 3350 3492 3491
f 3350 3351 3492
f 3351 3493 3492
f 3351 3352 3493
f 3352 3494 3493
f 3352 3353 3494
f 3353 3495 3494
f 3353 3354 3495
f 3354 3496 3495
f 3354 3355 3496
f 3355 3497 3496
f 3355 3356 3497
f 3356 3498 3497
f 3356 3357 3498
f 3357 3499 3498
f 3357 3358 3499
f 3358 3500 3499
f 3358 3359 3500
f 3359 3501 3500
f 3359 3360 3501
f 3360 3502 3501
f 3360 3361 3502
f 3361 3503 3502
f 3361 3362 3503
f 3362 3504 3503
f 3362 3363 3504
f 3363 3505 3504
f 3363 3364 3505
f 3364 3506 3505
f 3364 3365 3506
f 3365 3507 3506
f 3365 3366 3507
f 3366 3508 3507
f 3366 3367 3508
f 3367 3509 3508
f 3367 3368 3509
f 3368 3510 3509
f 3368 3369 3510
f 3369 3511 3510
f 3369 3370 3511
f 3370 3512 3511
f 3370 3371 3512
f 3371 3513 3512
f 3371 3372 3513
f 3372 3514 3513
f 3372 3373 3514
f 3373 3515 3514
f 3373 3374 3515
f 3374 3516 3515
f 3374 3375 3516
f 3375 3517 3516
f 3375 3376 3517
f 3376 3518 3517
f 3376 3377 3518
f 3377 3519 3518
f 3377 3378 3519
f 3378 3520 3519
f 3378 3379 3520
f 3379 3521 3520
f 3379 3380 3521
f 3380 3522 3521
f 3380 3381 3522
f 3381 3523 3522
f 3381 3382 3523
f 3382 3524 3523
f 3382 3383 3524
f 3383 3525 3524
f 3383 3384 3525
f 3384 3526 3525
f 3384 3385 3526
f 3385 3527 3526
f 3385 3386 3527
f 3386 3387 3527
f 3386 3246 3387
f 3387 3529 3528
f 3387 3388 3529
f 3388 3530 3529
f 3388 3389 3530
f 3389 3531 3530
f 3389 3390 3531
f 3390 3532 3531
f 3390 3391 3532
f 3391 3533 3532
f 3391 3392 3533
f 3392 3534 3533
f 3392 3393 3534
f 3393 3535 3534
f 3393 3394 3535
f 3394 3536 3535
f 3394 3395 3536
f 3395 3537 3536
f 3395 3396 3537
f 3396 3538 3537
f 3396 3397 3538
f 3397 3539 3538
f 3397 3398 3539
f 3398 3540 3539
f 3398 3399 3540
f 3399 3541 3540
f 3399 3400 3541
f 3400 3542 3541
f 3400 3401 3542
f 3401 3543 3542
f 3401 3402 3543
f 3402 3544 3543
f 3402 3403 3544
f 3403 3545 3544
f 3403 3404 3545
f 3404 3546 3545
f 3404 3405 3546
f 3405 3547 3546
f 3405 3406 3547
f 3406 3548 3547
f 3406 3407 3548
f 3407 3549 3548
f 3407 3408 3549
f 3408 3550 3549
f 3408 3409 3550
f 3409 3551 3550
f 3409 3410 3551
f 3410 3552 3551
f 3410 3411 3552
f 3411 3553 3552
f 3411 3412 3553
f 3412 3554 3553
f 3412 3413 3554
f 3413 3555 3554
f 3413 3414 3555
f 3414 3556 3555
f 3414 3415 3556
f 3415 3557 3556
f 3415 3416 3557
f 3416 3558 3557
f 3416 3417 3558
f 3417 3559 3558
f 3417 3418 3559
f 3418 3560 3559
f 3418 3419 3560
f 3419 3561 3560
f 3419 3420 3561
f 3420 3562 3561
f 3420 3421 3562
f 3421 3563 3562
f 3421 3422 3563
f 3422 3564 3563
f 3422 3423 3564
f 3423 3565 3564
f 3423 3424 3565
f 3424 3566 3565
f 3424 3425 3566
f 3425 3567 3566
f 3425 3426 3567
f 3426 3568 3567
f 3426 3427 3568
f 3427 3569 3568
f 3427 3428 3569
f 3428 3570 3569
f 3428 3429 3570
f 3429 3571 3570
f 3429 3430 3571
f 3430 3572 3571
f 3430 3431 3572
f 3431 3573 3572
f 3431 3432 3573
f 3432 3574 3573
f 3432 3433 3574
f 3433 3575 3574
f 3433 3434 3575
f 3434 3576 3575
f 3434 3435 3576
f 3435 3577 3576
f 3435 3436 3577
f 3436 3578 3577
f 3436 3437 3578
f 3437 3579 3578
f 3437 3438 3579
f 3438 3580 3579
f 3438 3439 3580
f 3439 3581 3580
f 3439 3440 3581
f 3440 3582 3581
f 3440 3441 3582
f 3441 3583 3582
f 3441 3442 3583
f 3442 3584 3583
f 3442 3443 3584
f 3443 3585 3584
f 3443 3444 3585
f 3444 3586 3585
f 3444 3445 3586
f 3445 3587 3586
f 3445 3446 3587
f 3446 3588 3587
f 3446 3447 3588
f 3447 3589 3588
f 3447 3448 3589
f 3448 3590 3589
f 3448 3449 3590
f 3449 3591 3590
f 3449 3450 3591
f 3450 3592 3591
f 3450 3451 3592
f 3451 3593 3592
f 3451 3452 3593
f 3452 3594 3593
f 3452 3453 3594
f 3453 3595 3594
f 3453 3454 3595
f 3454 3596 3595
f 3454 3455 3596
f 3455 3597 3596
f 3455 3456 3597
f 3456 3598 3597
f 3456 3457 3598
f 3457 3599 3598
f 3457 3458 3599
f 3458 3600 3599
f 3458 3459 3600
f 3459 3601 3600
f 3459 3460 3601
f 3460 3602 3601
f 3460 3461 3602
f 3461 3603 3602
f 3461 3462 3603
f 3462 3604 3603
f 3462 3463 3604
f 3463 3605 3604
f 3463 3464 3605
f 3464 3606 3605
f 3464 3465 3606
f 3465 3607 3606
f 3465 3466 3607
f 3466 3608 3607
f 3466 3467 3608
f 3467 3609 3608
f 3467 3468 3609
f 3468 3610 3609
f 3468 3469 3610
f 3469 3611 3610
f 3469 3470 3611
f 3470 3612 3611
f 3470 3471 3612
f 3471 3613 3612
f 3471 3472 3613
f 3472 3614 3613
f 3472 3473 3614
f 3473 3615 3614
f 3473 3474 3615
f 3474 3616 3615
f 3474 3475 3616
f 3475 3617 3616
f 3475 3476 3617
f 3476 3618 3617
f 3476 3477 3618
f 3477 3619 3618
f 3477 3478 3619
f 3478 3620 3619
f 3478 3479 3620
f 3479 3621 3620
f 3479 3480 3621
f 3480 3622 3621
f 3480 3481 3622
f 3481 3623 3622
f 3481 3482 3623
f 3482 3624 3623
f 3482 3483 3624
f 3483 3625 3624
f 3483 3484 3625
f 3484 3626 3625
f 3484 3485 3626
f 3485 3627 3626
f 3485 3486 3627
f 3486 3628 3627
f 3486 3487 3628
f 3487 3629 3628
f 3487 3488 3629
f 3488 3630 3629
f 3488 3489 3630
f 3489 3631 3630
f 3489 3490 3631
f 3490 3632 3631
f 3490 3491 3632
f 3491 3633 3632
f 3491 3492 3633
f 3492 3634 3633
f 3492 3493 3634
f 3493 3635 3634
f 3493 3494 3635
f 3494 3636 3635
f 3494 3495 3636
f 3495 3637 3636
f 3495 3496 3637
f 3496 3638 3637
f 3496 3497 3638
f 3497 3639 3638
f 3497 3498 3639
f 3498 3640 3639
f 3498 3499 3640
f 3499 3641 3640
f 3499 3500 3641
f 3500 3642 3641
f 3500 3501 3642
f 3501 3643 3642
f 3501 3502 3643
f 3502 3644 3643
f 3502 3503 3644
f 3503 3645 3644
f 3503 3504 3645
f 3504 3646 3645
f 3504 3505 3646
f 3505 3647 3646
f 3505 3506 3647
f 3506 3648 3647
f 3506 3507 3648
f 3507 3649 3648
f 3507 3508 3649
f 3508 3650 3649
f 3508 3509 3650
f 3509 3651 3650
f 3509 3510 3651
f 3510 3652 3651
f 3510 3511 3652
f 3511 3653 3652
f 3511 3512 3653
f 3512 3654 3653
f 3512 3513 3654
f 3513 3655 3654
f 3513 3514 3655
f 3514 3656 3655
f 3514 3515 3656
f 3515 3657 3656
f 3515 3516 3657
f 3516 3658 3657
f 3516 3517 3658
f 3517 3659 3658
f 3517 3518 3659
f 3518 3660 3659
f 3518 3519 3660
f 3519 3661 3660
f 3519 3520 3661
f 3520 3662 3661
f 3520 3521 3662
f 3521 3663 3662
f 3521 3522 3663
f 3522 3664 3663
f 3522 3523 3664
f 3523 3665 3664
f 3523 3524 3665
f 3524 3666 3665
f 3524 3525 3666
f 3525 3667 3666
f 3525 3526 3667
f 3526 3668 3667
f 3526 3527 3668
f 3527 3528 3668
f 3527 3387 3528
f 3528 3670 3669
f 3528 3529 3670
f 3529 3671 3670
f 3529 3530 3671
f 3530 3672 3671
f 3530 3531 3672
f 3531 3673 3672
f 3531 3532 3673
f 3532 3674 3673
f 3532 3533 3674
f 3533 3675 3674
f 3533 3534 3675
f 3534 3676 3675
f 3534 3535 3676
f 3535 3677 3676
f 3535 3536 3677
f 3536 3678 3677
f 3536 3537 3678
f 3537 3679 3678
f 3537 3538 3679
f 3538 3680 3679
f 3538 3539 3680
f 3539 3681 3680
f 3539 3540 3681
f 3540 3682 3681
f 3540 3541 3682
f 3541 3683 3682
f 3541 3542 3683
f 3542 3684 3683
f 3542 3543 3684
f 3543 3685 3684
f 3543 3544 3685
f 3544 3686 3685
f 3544 3545 3686
f 3545 3687 3686
f 3545 3546 3687
f 3546 3688 3687
f 3546 3547 3688
f 3547 3689 3688
f 3547 3548 3689
f 3548 3690 3689
f 3548 3549 3690
f 3549 3691 3690
f 3549 3550 3691
f 3550 3692 3691
f 3550 3551 3692
f 3551 3693 3692
f 3551 3552 3693
f 3552 3694 3693
f 3552 3553 3694
f 3553 3695 3694
f 3553 3554 3695
f 3554 3696 3695
f 3554 3555 3696
f 3555 3697 3696
f 3555 3556 3697
f 3556 3698 3697
f 3556 3557 3698
f 3557 3699 3698
f 3557 3558 3699
f 3558 3700 3699
f 3558 3559 3700
f 3559 3701 3700
f 3559 3560 3701
f 3560 3702 3701
f 3560 3561 3702
f 3561 3703 3702
f 3561 3562 3703
f 3562 3704 3703
f 3562 3563 3704
f 3563 3705 3704
f 3563 3564 3705
f 3564 3706 3705
f 3564 3565 3706
f 3565 3707 3706
f 3565 3566 3707
f 3566 3708 3707
f 3566 3567 3708
f 3567 3709 3708
f 3567 3568 3709
f 3568 3710 3709
f 3568 3569 3710
f 3569 3711 3710
f 3569 3570 3711
f 3570 3712 3711
f 3570 3571 3712
f 3571 3713 3712
f 3571 3572 3713
f 3572 3714 3713
f 3572 3573 3714
f 3573 3715 3714
f 3573 3574 3715
f 3574 3716 3715
f 3574 3575 3716
f 3575 3717 3716
f 3575 3576 3717
f 3576 3718 3717
f 3576 3577 3718
f 3577 3719 3718
f 3577 3578 3719
f 3578 3720 3719
f 3578 3579 3720
f 3579 3721 3720
f 3579 3580 3721
f 3580 3722 3721
f 3580 3581 3722
f 3581 3723 3722
f 3581 3582 3723
f 3582 3724 3723
f 3582 3583 3724
f 3583 3725 3724
f 3583 3584 3725
f 3584 3726 3725
f 3584 3585 3726
f 3585 3727 3726
f 3585 3586 3727
f 3586 3728 3727
f 3586 3587 3728
f 3587 3729 3728
f 3587 3588 3729
f 3588 3730 3729
f 3588 3589 3730
f 3589 3731 3730
f 3589 3590 3731
f 3590 3732 3731
f 3590 3591 3732
f 3591 3733 3732
f 3591 3592 3733
f 3592 3734 3733
f 3592 3593 3734
f 3593 3735 3734
f 3593 3594 3735
f 3594 3736 3735
f 3594 3595 3736
f 3595 3737 3736
f 3595 3596 3737
f 3596 3738 3737
f 3596 3597 3738
f 3597 3739 3738
f 3597 3598 3739
f 3598 3740 3739
f 3598 3599 3740
f 3599 3741 3740
f 3599 3600 3741
f 3600 3742 3741
f 3600 3601 3742
f 3601 3743 3742
f 3601 3602 3743
f 3602 3744 3743
f 3602 3603 3744
f 3603 3745 3744
f 3603 3604 3745
f 3604 3746 3745
f 3604 3605 3746
f 3605 3747 3746
f 3605 3606 3747
f 3606 3748 3747
f 3606 3607 3748
f 3607 3749 3748
f 3607 3608 3749
f 3608 3750 3749
f 3608 3609 3750
f 3609 3751 3750
f 3609 3610 3751
f 3610 3752 3751
f 3610 3611 3752
f 3611 3753 3752
f 3611 3612 3753
f 3612 3754 3753
f 3612 3613 3754
f 3613 3755 3754
f 3613 3614 3755
f 3614 3756 3755
f 3614 3615 3756
f 3615 3757 3756
f 3615 3616 3757
f 3616 3758 3757
f 3616 3617 3758
f 3617 3759 3758
f 3617 3618 3759
f 3618 3760 3759
f 3618 3619 3760
f 3619 3761 3760
f 3619 3620 3761
f 3620 3762 3761
f 3620 3621 3762
f 3621 3763 3762
f 3621 3622 3763
f 3622 3764 3763
f 3622 3623 3764
f 3623 3765 3764
f 3623 3624 3765
f 3624 3766 3765
f 3624 3625 3766
f 3625 3767 3766
f 3625 3626 3767
f 3626 3768 3767
f 3626 3627 3768
f 3627 3769 3768
f 3627 3628 3769
f 3628 3770 3769
f 3628 3629 3770
f 3629 3771 3770
f 3629 3630 3771
f 3630 3772 3771
f 3630 3631 3772
f 3631 3773 3772
f 3631 3632 3773
f 3632 3774 3773
f 3632 3633 3774
f 3633 3775 3774
f 3633 3634 3775
f 3634 3776 3775
f 3634 3635 3776
f 3635 3777 3776
f 3635 3636 3777
f 3636 3778 3777
f 3636 3637 3778
f 3637 3779 3778
f 3637 3638 3779
f 3638 3780 3779
f 3638 3639 3780
f 3639 3781 3780
f 3639 3640 3781
f 3640 3782 3781
f 3640 3641 3782
f 3641 3783 3782
f 3641 3642 3783
f 3642 3784 3783
f 3642 3643 3784
f 3643 3785 3784
f 3643 3644 3785
f 3644 3786 3785
f 3644 3645 3786
f 3645 3787 3786
f 3645 3646 3787
f 3646 3788 3787
f 3646 3647 3788
f 3647 3789 3788
f 3647 3648 3789
f 3648 3790 3789
f 3648 3649 3790
f 3649 3791 3790
f 3649 3650 3791
f 3650 3792 3791
f 3650 3651 3792
f 3651 3793 3792
f 3651 3652 3793
f 3652 3794 3793
f 3652 3653 3794
f 3653 3795 3794
f 3653 3654 3795
f 3654 3796 3795
f 3654 3655 3796
f 3655 3797 3796
f 3655 3656 3797
f 3656 3798 3797
f 3656 3657 3798
f 3657 3799 3798
f 3657 3658 3799
f 3658 3800 3799
f 3658 3659 3800
f 3659 3801 3800
f 3659 3660 3801
f 3660 3802 3801
f 3660 3661 3802
f 3661 3803 3802
f 3661 3662 3803
f 3662 3804 3803
f 3662 3663 3804
f 3663 3805 3804
f 3663 3664 3805
f 3664 3806 3805
f 3664 3665 3806
f 3665 3807 3806
f 3665 3666 3807
f 3666 3808 3807
f 3666 3667 3808
f 3667 3809 3808
f 3667 3668 3809
f 3668 3669 3809
f 3668 3528 3669
f 3669 3811 3810
f 3669 3670 3811
f 3670 3812 3811
f 3670 3671 3812
f 3671 3813 3812
f 3671 3672 3813
f 3672 3814 3813
f 3672 3673 3814
f 3673 3815 3814
f 3673 3674 3815
f 3674 3816 3815
f 3674 3675 3816
f 3675 3817 3816
f 3675 3676 3817
f 3676 3818 3817
f 3676 3677 3818
f 3677 3819 3818
f 3677 3678 3819
f 3678 3820 3819
f 3678 3679 3820
f 3679 3821 3820
f 3679 3680 3821
f 3680 3822 3821
f 3680 3681 3822
f 3681 3823 3822
f 3681 3682 3823
f 3682 3824 3823
f 3682 3683 3824
f 3683 3825 3824
f 3683 3684 3825
f 3684 3826 3825
f 3684 3685 3826
f 3685 3827 3826
f 3685 3686 3827
f 3686 3828 3827
f 3686 3687 3828
f 3687 3829 3828
f 3687 3688 3829
f 3688 3830 3829
f 3688 3689 3830
f 3689 3831 3830
f 3689 3690 3831
f 3690 3832 3831
f 3690 3691 3832
f 3691 3833 3832
f 3691 3692 3833
f 3692 3834 3833
f 3692 3693 3834
f 3693 3835 3834
f 3693 3694 3835
f 3694 3836 3835
f 3694 3695 3836
f 3695 3837 3836
f 3695 3696 3837
f 3696 3838 3837
f 3696 3697 3838
f 3697 3839 3838
f 3697 3698 3839
f 3698 3840 3839
f 3698 3699 3840
f 3699 3841 3840
f 3699 3700 3841
f 3700 3842 3841
f 3700 3701 3842
f 3701 3843 3842
f 3701 3702 3843
f 3702 3844 3843
f 3702 3703 3844
f 3703 3845 3844
f 3703 3704 3845
f 3704 3846 3845
f 3704 3705 3846
f 3705 3847 3846
f 3705 3706 3847
f 3706 3848 3847
f 3706 3707 3848
f 3707 3849 3848
f 3707 3708 3849
f 3708 3850 3849
f 3708 3709 3850
f 3709 3851 3850
f 3709 3710 3851
f 3710 3852 3851
f 3710 3711 3852
f 3711 3853 3852
f 3711 3712 3853
f 3712 3854 3853
f 3712 3713 3854
f 3713 3855 3854
f 3713 3714 3855
f 3714 3856 3855
f 3714 3715 3856
f 3715 3857 3856
f 3715 3716 3857
f 3716 3858 3857
f 3716 3717 3858
f 3717 3859 3858
f 3717 3718 3859
f 3718 3860 3859
f 3718 3719 3860
f 3719 3861 3860
f 3719 3720 3861
f 3720 3862 3861
f 3720 3721 3862
f 3721 3863 3862
f 3721 3722 3863
f 3722 3864 3863
f 3722 3723 3864
f 3723 3865 3864
f 3723 3724 3865
f 3724 3866 3865
f 3724 3725 3866
f 3725 3867 3866
f 3725 3726 3867
f 3726 3868 3867
f 3726 3727 3868
f 3727 3869 3868
f 3727 3728 3869
f 3728 3870 3869
f 3728 3729 3870
f 3729 3871 3870
f 3729 3730 3871
f 3730 3872 3871
f 3730 3731 3872
f 3731 3873 3872
f 3731 3732 3873
f 3732 3874 3873
f 3732 3733 3874
f 3733 3875 3874
f 3733 3734 3875
f 3734 3876 3875
f 3734 3735 3876
f 3735 3877 3876
f 3735 3736 3877
f 3736 3878 3877
f 3736 3737 3878
f 3737 3879 3878
f 3737 3738 3879
f 3738 3880 3879
f 3738 3739 3880
f 3739 3881 3880
f 3739 3740 3881
f 3740 3882 3881
f 3740 3741 3882
f 3741 3883 3882
f 3741 3742 3883
f 3742 3884 3883
f 3742 3743 3884
f 3743 3885 3884
f 3743 3744 3885
f 3744 3886 3885
f 3744 3745 3886
f 3745 3887 3886
f 3745 3746 3887
f 3746 3888 3887
f 3746 3747 3888
f 3747 3889 3888
f 3747 3748 3889
f 3748 3890 3889
f 3748 3749 3890
f 3749 3891 3890
f 3749 3750 3891
f 3750 3892 3891
f 3750 3751 3892
f 3751 3893 3892
f 3751 3752 3893
f 3752 3894 3893
f 3752 3753 3894
f 3753 3895 3894
f 3753 3754 3895
f 3754 3896 3895
f 3754 3755 3896
f 3755 3897 3896
f 3755 3756 3897
f 3756 3898 3897
f 3756 3757 3898
f 3757 3899 3898
f 3757 3758 3899
f 3758 3900 3899
f 3758 3759 3900
f 3759 3901 3900
f 3759 3760 3901
f 3760 3902 3901
f 3760 3761 3902
f 3761 3903 3902
f 3761 3762 3903
f 3762 3904 3903
f 3762 3763 3904
f 3763 3905 3904
f 3763 3764 3905
f 3764 3906 3905
f 3764 3765 3906
f 3765 3907 3906
f 3765 3766 3907
f 3766 3908 3907
f 3766 3767 3908
f 3767 3909 3908
f 3767 3768 3909
f 3768 3910 3909
f 3768 3769 3910
f 3769 3911 3910
f 3769 3770 3911
f 3770 3912 3911
f 3770 3771 3912
f 3771 3913 3912
f 3771 3772 3913
f 3772 3914 3913
f 3772 3773 3914
f 3773 3915 3914
f 3773 3774 3915
f 3774 3916 3915
f 3774 3775 3916
f 3775 3917 3916
f 3775 3776 3917
f 3776 3918 3917
f 3776 3777 3918
f 3777 3919 3918
f 3777 3778 3919
f 3778 3920 3919
f 3778 3779 3920
f 3779 3921 3920
f 3779 3780 3921
f 3780 3922 3921
f 3780 3781 3922
f 3781 3923 3922
f 3781 3782 3923
f 3782 3924 3923
f 3782 3783 3924
f 3783 3925 3924
f 3783 3784 3925
f 3784 3926 3925
f 3784 3785 3926
f 3785 3927 3926
f 3785 3786 3927
f 3786 3928 3927
f 3786 3787 3928
f 3787 3929 3928
f 3787 3788 3929
f 3788 3930 3929
f 3788 3789 3930
f 3789 3931 3930
f 3789 3790 3931
f 3790 3932 3931
f 3790 3791 3932
f 3791 3933 3932
f 3791 3792 3933
f 3792 3934 3933
f 3792 3793 3934
f 3793 3935 3934
f 3793 3794 3935
f 3794 3936 3935
f 3794 3795 3936
f 3795 3937 3936
f 3795 3796 3937
f 3796 3938 3937
f 3796 3797 3938
f 3797 3939 3938
f 3797 3798 3939
f 3798 3940 3939
f 3798 3799 3940
f 3799 3941 3940
f 3799 3800 3941
f 3800 3942 3941
f 3800 3801 3942
f 3801 3943 3942
f 3801 3802 3943
f 3802 3944 3943
f 3802 3803 3944
f 3803 3945 3944
f 3803 3804 3945
f 3804 3946 3945
f 3804 3805 3946
f 3805 3947 3946
f 3805 3806 3947
f 3806 3948 3947
f 3806 3807 3948
f 3807 3949 3948
f 3807 3808 3949
f 3808 3950 3949
f 3808 3809 3950
f 3809 3810 3950
f 3809 3669 3810
f 3810 3952 3951
f 3810 3811 3952
f 3811 3953 3952
f 3811 3812 3953
f 3812 3954 3953
f 3812 3813 3954
f 3813 3955 3954
f 3813 3814 3955
f 3814 3956 3955
f 3814 3815 3956
f 3815 3957 3956
f 3815 3816 3957
f 3816 3958 3957
f 3816 3817 3958
f 3817 3959 3958
f 3817 3818 3959
f 3818 3960 3959
f 3818 3819 3960
f 3819 3961 3960
f 3819 3820 3961
f 3820 3962 3961
f 3820 3821 3962
f 3821 3963 3962
f 3821 3822 3963
f 3822 3964 3963
f 3822 3823 3964
f 3823 3965 3964
f 3823 3824 3965
f 3824 3966 3965
f 3824 3825 3966
f 3825 3967 3966
f 3825 3826 3967
f 3826 3968 3967
f 3826 3827 3968
f 3827 3969 3968
f 3827 3828 3969
f 3828 3970 3969
f 3828 3829 3970
f 3829 3971 3970
f 3829 3830 3971
f 3830 3972 3971
f 3830 3831 3972
f 3831 3973 3972
f 3831 3832 3973
f 3832 3974 3973
f 3832 3833 3974
f 3833 3975 3974
f 3833 3834 3975
f 3834 3976 3975
f 3834 3835 3976
f 3835 3977 3976
f 3835 3836 3977
f 3836 3978 3977
f 3836 3837 3978
f 3837 3979 3978
f 3837 3838 3979
f 3838 3980 3979
f 3838 3839 3980
f 3839 3981 3980
f 3839 3840 3981
f 3840 3982 3981
f 3840 3841 3982
f 3841 3983 3982
f 3841 3842 3983
f 3842 3984 3983
f 3842 3843 3984
f 3843 3985 3984
f 3843 3844 3985
f 3844 3986 3985
f 3844 3845 3986
f 3845 3987 3986
f 3845 3846 3987
f 3846 3988 3987
f 3846 3847 3988
f 3847 3989 3988
f 3847 3848 3989
f 3848 3990 3989
f 3848 3849 3990
f 3849 3991 3990
f 3849 3850 3991
f 3850 3992 3991
f 3850 3851 3992
f 3851 3993 3992
f 3851 3852 3993
f 3852 3994 3993
f 3852 3853 3994
f 3853 3995 3994
f 3853 3854 3995
f 3854 3996 3995
f 3854 3855 3996
f 3855 3997 3996
f 3855 3856 3997
f 3856 3998 3997
f 3856 3857 3998
f 3857 3999 3998
f 3857 3858 3999
f 3858 4000 3999
f 3858 3859 4000
f 3859 4001 4000
f 3859 3860 4001
f 3860 4002 4001
f 3860 3861 4002
f 3861 4003 4002
f 3861 3862 4003
f 3862 4004 4003
f 3862 3863 4004
f 3863 4005 4004
f 3863 3864 4005
f 3864 4006 4005
f 3864 3865 4006
f 3865 4007 4006
f 3865 3866 4007
f 3866 4008 4007
f 3866 3867 4008
f 3867 4009 4008
f 3867 3868 4009
f 3868 4010 4009
f 3868 3869 4010
f 3869 4011 4010
f 3869 3870 4011
f 3870 4012 4011
f 3870 3871 4012
f 3871 4013 4012
f 3871 3872 4013
f 3872 4014 4013
f 3872 3873 4014
f 3873 4015 4014
f 3873 3874 4015
f 3874 4016 4015
f 3874 3875 4016
f 3875 4017 4016
f 3875 3876 4017
f 3876 4018 4017
f 3876 3877 4018
f 3877 4019 4018
f 3877 3878 4019
f 3878 4020 4019
f 3878 3879 4020
f 3879 4021 4020
f 3879 3880 4021
f 3880 4022 4021
f 3880 3881 4022
f 3881 4023 4022
f 3881 3882 4023
f 3882 4024 4023
f 3882 3883 4024
f 3883 4025 4024
f 3883 3884 4025
f 3884 4026 4025
f 3884 3885 4026
f 3885 4027 4026
f 3885 3886 4027
f 3886 4028 4027
f 3886 3887 4028
f 3887 4029 4028
f 3887 3888 4029
f 3888 4030 4029
f 3888 3889 4030
f 3889 4031 4030
f 3889 3890 4031
f 3890 4032 4031
f 3890 3891 4032
f 3891 4033 4032
f 3891 3892 4033
f 3892 4034 4033
f 3892 3893 4034
f 3893 4035 4034
f 3893 3894 4035
f 3894 4036 4035
f 3894 3895 4036
f 3895 4037 4036
f 3895 3896 4037
f 3896 4038 4037
f 3896 3897 4038
f 3897 4039 4038
f 3897 3898 4039
f 3898 4040 4039
f 3898 3899 4040
f 3899 4041 4040
f 3899 3900 4041
f 3900 4042 4041
f 3900 3901 4042
f 3901 4043 4042
f 3901 3902 4043
f 3902 4044 4043
f 3902 3903 4044
f 3903 4045 4044
f 3903 3904 4045
f 3904 4046 4045
f 3904 3905 4046
f 3905 4047 4046
f 3905 3906 4047
f 3906 4048 4047
f 3906 3907 4048
f 3907 4049 4048
f 3907 3908 4049
f 3908 4050 4049
f 3908 3909 4050
f 3909 4051 4050
f 3909 3910 4051
f 3910 4052 4051
f 3910 3911 4052
f 3911 4053 4052
f 3911 3912 4053
f 3912 4054 4053
f 3912 3913 4054
f 3913 4055 4054
f 3913 3914 4055
f 3914 4056 4055
f 3914 3915 4056
f 3915 4057 4056
f 3915 3916 4057
f 3916 4058 4057
f 3916 3917 4058
f 3917 4059 4058
f 3917 3918 4059
f 3918 4060 4059
f 3918 3919 4060
f 3919 4061 4060
f 3919 3920 4061
f 3920 4062 4061
f 3920 3921 4062
f 3921 4063 4062
f 3921 3922 4063
f 3922 4064 4063
f 3922 3923 4064
f 3923 4065 4064
f 3923 3924 4065
f 3924 4066 4065
f 3924 3925 4066
f 3925 4067 4066
f 3925 3926 4067
f 3926 4068 4067
f 3926 3927 4068
f 3927 4069 4068
f 3927 3928 4069
f 3928 4070 4069
f 3928 3929 4070
f 3929 4071 4070
f 3929 3930 4071
f 3930 4072 4071
f 3930 3931 4072
f 3931 4073 4072
f 3931 3932 4073
f 3932 4074 4073
f 3932 3933 4074
f 3933 4075 4074
f 3933 3934 4075
f 3934 4076 4075
f 3934 3935 4076
f 3935 4077 4076
f 3935 3936 4077
f 3936 4078 4077
f 3936 3937 4078
f 3937 4079 4078
f 3937 3938 4079
f 3938 4080 4079
f 3938 3939 4080
f 3939 4081 4080
f 3939 3940 4081
f 3940 4082 4081
f 3940 3941 4082
f 3941 4083 4082
f 3941 3942 4083
f 3942 4084 4083
f 3942 3943 4084
f 3943 4085 4084
f 3943 3944 4085
f 3944 4086 4085
f 3944 3945 4086
f 3945 4087 4086
f 3945 3946 4087
f 3946 4088 4087
f 3946 3947 4088
f 3947 4089 4088
f 3947 3948 4089
f 3948 4090 4089
f 3948 3949 4090
f 3949 4091 4090
f 3949 3950 4091
f 3950 3951 4091
f 3950 3810 3951
f 3951 4093 4092
f 3951 3952 4093
f 3952 4094 4093
f 3952 3953 4094
f 3953 4095 4094
f 3953 3954 4095
f 3954 4096 4095
f 3954 3955 4096
f 3955 4097 4096
f 3955 3956 4097
f 3956 4098 4097
f 3956 3957 4098
f 3957 4099 4098
f 3957 3958 4099
f 3958 4100 4099
f 3958 3959 4100
f 3959 4101 4100
f 3959 3960 4101
f 3960 4102 4101
f 3960 3961 4102
f 3961 4103 4102
f 3961 3962 4103
f 3962 4104 4103
f 3962 3963 4104
f 3963 4105 4104
f 3963 3964 4105
f 3964 4106 4105
f 3964 3965 4106
f 3965 4107 4106
f 3965 3966 4107
f 3966 4108 4107
f 3966 3967 4108
f 3967 4109 4108
f 3967 3968 4109
f 3968 4110 4109
f 3968 3969 4110
f 3969 4111 4110
f 3969 3970 4111
f 3970 4112 4111
f 3970 3971 4112
f 3971 4113 4112
f 3971 3972 4113
f 3972 4114 4113
f 3972 3973 4114
f 3973 4115 4114
f 3973 3974 4115
f 3974 4116 4115
f 3974 3975 4116
f 3975 4117 4116
f 3975 3976 4117
f 3976 4118 4117
f 3976 3977 4118
f 3977 4119 4118
f 3977 3978 4119
f 3978 4120 4119
f 3978 3979 4120
f 3979 4121 4120
f 3979 3980 4121
f 3980 4122 4121
f 3980 3981 4122
f 3981 4123 4122
f 3981 3982 4123
f 3982 4124 4123
f 3982 3983 4124
f 3983 4125 4124
f 3983 3984 4125
f 3984 4126 4125
f 3984 3985 4126
f 3985 4127 4126
f 3985 3986 4127
f 3986 4128 4127
f 3986 3987 4128
f 3987 4129 4128
f 3987 3988 4129
f 3988 4130 4129
f 3988 3989 4130
f 3989 4131 4130
f 3989 3990 4131
f 3990 4132 4131
f 3990 3991 4132
f 3991 4133 4132
f 3991 3992 4133
f 3992 4134 4133
f 3992 3993 4134
f 3993 4135 4134
f 3993 3994 4135
f 3994 4136 4135
f 3994 3995 4136
f 3995 4137 4136
f 3995 3996 4137
f 3996 4138 4137
f 3996 3997 4138
f 3997 4139 4138
f 3997 3998 4139
f 3998 4140 4139
f 3998 3999 4140
f 3999 4141 4140
f 3999 4000 4141
f 4000 4142 4141
f 4000 4001 4142
f 4001 4143 4142
f 4001 4002 4143
f 4002 4144 4143
f 4002 4003 4144
f 4003 4145 4144
f 4003 4004 4145
f 4004 4146 4145
f 4004 4005 4146
f 4005 4147 4146
f 4005 4006 4147
f 4006 4148 4147
f 4006 4007 4148
f 4007 4149 4148
f 4007 4008 4149
f 4008 4150 4149
f 4008 4009 4150
f 4009 4151 4150
f 4009 4010 4151
f 4010 4152 4151
f 4010 4011 4152
f 4011 4153 4152
f 4011 4012 4153
f 4012 4154 4153
f 4012 4013 4154
f 4013 4155 4154
f 4013 4014 4155
f 4014 4156 4155
f 4014 4015 4156
f 4015 4157 4156
f 4015 4016 4157
f 4016 4158 4157
f 4016 4017 4158
f 4017 4159 4158
f 4017 4018 4159
f 4018 4160 4159
f 4018 4019 4160
f 4019 4161 4160
f 4019 4020 4161
f 4020 4162 4161
f 4020 4021 4162
f 4021 4163 4162
f 4021 4022 4163
f 4022 4164 4163
f 4022 4023 4164
f 4023 4165 4164
f 4023 4024 4165
f 4024 4166 4165
f 4024 4025 4166
f 4025 4167 4166
f 4025 4026 4167
f 4026 4168 4167
f 4026 4027 4168
f 4027 4169 4168
f 4027 4028 4169
f 4028 4170 4169
f 4028 4029 4170
f 4029 4171 4170
f 4029 4030 4171
f 4030 4172 4171
f 4030 4031 4172
f 4031 4173 4172
f 4031 4032 4173
f 4032 4174 4173
f 4032 4033 4174
f 4033 4175 4174
f 4033 4034 4175
f 4034 4176 4175
f 4034 4035 4176
f 4035 4177 4176
f 4035 4036 4177
f 4036 4178 4177
f 4036 4037 4178
f 4037 4179 4178
f 4037 4038 4179
f 4038 4180 4179
f 4038 4039 4180
f 4039 4181 4180
f 4039 4040 4181
f 4040 4182 4181
f 4040 4041 4182
f 4041 4183 4182
f 4041 4042 4183
f 4042 4184 4183
f 4042 4043 4184
f 4043 4185 4184
f 4043 4044 4185
f 4044 4186 4185
f 4044 4045 4186
f 4045 4187 4186
f 4045 4046 4187
f 4046 4188 4187
f 4046 4047 4188
f 4047 4189 4188
f 4047 4048 4189
f 4048 4190 4189
f 4048 4049 4190
f 4049 4191 4190
f 4049 4050 4191
f 4050 4192 4191
f 4050 4051 4192
f 4051 4193 4192
f 4051 4052 4193
f 4052 4194 4193
f 4052 4053 4194
f 4053 4195 4194
f 4053 4054 4195
f 4054 4196 4195
f 4054 4055 4196
f 4055 4197 4196
f 4055 4056 4197
f 4056 4198 4197
f 4056 4057 4198
f 4057 4199 4198
f 4057 4058 4199
f 4058 4200 4199
f 4058 4059 4200
f 4059 4201 4200
f 4059 4060 4201
f 4060 4202 4201
f 4060 4061 4202
f 4061 4203 4202
f 4061 4062 4203
f 4062 4204 4203
f 4062 4063 4204
f 4063 4205 4204
f 4063 4064 4205
f 4064 4206 4205
f 4064 4065 4206
f 4065 4207 4206
f 4065 4066 4207
f 4066 4208 4207
f 4066 4067 4208
f 4067 4209 4208
f 4067 4068 4209
f 4068 4210 4209
f 4068 4069 4210
f 4069 4211 4210
f 4069 4070 4211
f 4070 4212 4211
f 4070 4071 4212
f 4071 4213 4212
f 4071 4072 4213
f 4072 4214 4213
f 4072 4073 4214
f 4073 4215 4214
f 4073 4074 4215
f 4074 4216 4215
f 4074 4075 4216
f 4075 4217 4216
f 4075 4076 4217
f 4076 4218 4217
f 4076 4077 4218
f 4077 4219 4218
f 4077 4078 4219
f 4078 4220 4219
f 4078 4079 4220
f 4079 4221 4220
f 4079 4080 4221
f 4080 4222 4221
f 4080 4081 4222
f 4081 4223 4222
f 4081 4082 4223
f 4082 4224 4223
f 4082 4083 4224
f 4083 4225 4224
f 4083 4084 4225
f 4084 4226 4225
f 4084 4085 4226
f 4085 4227 4226
f 4085 4086 4227
f 4086 4228 4227
f 4086 4087 4228
f 4087 4229 4228
f 4087 4088 4229
f 4088 4230 4229
f 4088 4089 4230
f 4089 4231 4230
f 4089 4090 4231
f 4090 4232 4231
f 4090 4091 4232
f 4091 4092 4232
f 4091 3951 4092
f 4092 4234 4233
f 4092 4093 4234
f 4093 4235 4234
f 4093 4094 4235
f 4094 4236 4235
f 4094 4095 4236
f 4095 4237 4236
f 4095 4096 4237
f 4096 4238 4237
f 4096 4097 4238
f 4097 4239 4238
f 4097 4098 4239
f 4098 4240 4239
f 4098 4099 4240
f 4099 4241 4240
f 4099 4100 4241
f 4100 4242 4241
f 4100 4101 4242
f 4101 4243 4242
f 4101 4102 4243
f 4102 4244 4243
f 4102 4103 4244
f 4103 4245 4244
f 4103 4104 4245
f 4104 4246 4245
f 4104 4105 4246
f 4105 4247 4246
f 4105 4106 4247
f 4106 4248 4247
f 4106 4107 4248
f 4107 4249 4248
f 4107 4108 4249
f 4108 4250 4249
f 4108 4109 4250
f 4109 4251 4250
f 4109 4110 4251
f 4110 4252 4251
f 4110 4111 4252
f 4111 4253 4252
f 4111 4112 4253
f 4112 4254 4253
f 4112 4113 4254
f 4113 4255 4254
f 4113 4114 4255
f 4114 4256 4255
f 4114 4115 4256
f 4115 4257 4256
f 4115 4116 4257
f 4116 4258 4257
f 4116 4117 4258
f 4117 4259 4258
f 4117 4118 4259
f 4118 4260 4259
f 4118 4119 4260
f 4119 4261 4260
f 4119 4120 4261
f 4120 4262 4261
f 4120 4121 4262
f 4121 4263 4262
f 4121 4122 4263
f 4122 4264 4263
f 4122 4123 4264
f 4123 4265 4264
f 4123 4124 4265
f 4124 4266 4265
f 4124 4125 4266
f 4125 4267 4266
f 4125 4126 4267
f 4126 4268 4267
f 4126 4127 4268
f 4127 4269 4268
f 4127 4128 4269
f 4128 4270 4269
f 4128 4129 4270
f 4129 4271 4270
f 4129 4130 4271
f 4130 4272 4271
f 4130 4131 4272
f 4131 4273 4272
f 4131 4132 4273
f 4132 4274 4273
f 4132 4133 4274
f 4133 4275 4274
f 4133 4134 4275
f 4134 4276 4275
f 4134 4135 4276
f 4135 4277 4276
f 4135 4136 4277
f 4136 4278 4277
f 4136 4137 4278
f 4137 4279 4278
f 4137 4138 4279
f 4138 4280 4279
f 4138 4139 4280
f 4139 4281 4280
f 4139 4140 4281
f 4140 4282 4281
f 4140 4141 4282
f 4141 4283 4282
f 4141 4142 4283
f 4142 4284 4283
f 4142 4143 4284
f 4143 4285 4284
f 4143 4144 4285
f 4144 4286 4285
f 4144 4145 4286
f 4145 4287 4286
f 4145 4146 4287
f 4146 4288 4287
f 4146 4147 4288
f 4147 4289 4288
f 4147 4148 4289
f 4148 4290 4289
f 4148 4149 4290
f 4149 4291 4290
f 4149 4150 4291
f 4150 4292 4291
f 4150 4151 4292
f 4151 4293 4292
f 4151 4152 4293
f 4152 4294 4293
f 4152 4153 4294
f 4153 4295 4294
f 4153 4154 4295
f 4154 4296 4295
f 4154 4155 4296
f 4155 4297 4296
f 4155 4156 4297
f 4156 4298 4297
f 4156 4157 4298
f 4157 4299 4298
f 4157 4158 4299
f 4158 4300 4299
f 4158 4159 4300
f 4159 4301 4300
f 4159 4160 4301
f 4160 4302 4301
f 4160 4161 4302
f 4161 4303 4302
f 4161 4162 4303
f 4162 4304 4303
f 4162 4163 4304
f 4163 4305 4304
f 4163 4164 4305
f 4164 4306 4305
f 4164 4165 4306
f 4165 4307 4306
f 4165 4166 4307
f 4166 4308 4307
f 4166 4167 4308
f 4167 4309 4308
f 4167 4168 4309
f 4168 4310 4309
f 4168 4169 4310
f 4169 4311 4310
f 4169 4170 4311
f 4170 4312 4311
f 4170 4171 4312
f 4171 4313 4312
f 4171 4172 4313
f 4172 4314 4313
f 4172 4173 4314
f 4173 4315 4314
f 4173 4174 4315
f 4174 4316 4315
f 4174 4175 4316
f 4175 4317 4316
f 4175 4176 4317
f 4176 4318 4317
f 4176 4177 4318
f 4177 4319 4318
f 4177 4178 4319
f 4178 4320 4319
f 4178 4179 4320
f 4179 4321 4320
f 4179 4180 4321
f 4180 4322 4321
f 4180 4181 4322
f 4181 4323 4322
f 4181 4182 4323
f 4182 4324 4323
f 4182 4183 4324
f 4183 4325 4324
f 4183 4184 4325
f 4184 4326 4325
f 4184 4185 4326
f 4185 4327 4326
f 4185 4186 4327
f 4186 4328 4327
f 4186 4187 4328
f 4187 4329 4328
f 4187 4188 4329
f 4188 4330 4329
f 4188 4189 4330
f 4189 4331 4330
f 4189 4190 4331
f 4190 4332 4331
f 4190 4191 4332
f 4191 4333 4332
f 4191 4192 4333
f 4192 4334 4333
f 4192 4193 4334
f 4193 4335 4334
f 4193 4194 4335
f 4194 4336 4335
f 4194 4195 4336
f 4195 4337 4336
f 4195 4196 4337
f 4196 4338 4337
f 4196 4197 4338
f 4197 4339 4338
f 4197 4198 4339
f 4198 4340 4339
f 4198 4199 4340
f 4199 4341 4340
f 4199 4200 4341
f 4200 4342 4341
f 4200 4201 4342
f 4201 4343 4342
f 4201 4202 4343
f 4202 4344 4343
f 4202 4203 4344
f 4203 4345 4344
f 4203 4204 4345
f 4204 4346 4345
f 4204 4205 4346
f 4205 4347 4346
f 4205 4206 4347
f 4206 4348 4347
f 4206 4207 4348
f 4207 4349 4348
f 4207 4208 4349
f 4208 4350 4349
f 4208 4209 4350
f 4209 4351 4350
f 4209 4210 4351
f 4210 4352 4351
f 4210 4211 4352
f 4211 4353 4352
f 4211 4212 4353
f 4212 4354 4353
f 4212 4213 4354
f 4213 4355 4354
f 4213 4214 4355
f 4214 4356 4355
f 4214 4215 4356
f 4215 4357 4356
f 4215 4216 4357
f 4216 4358 4357
f 4216 4217 4358
f 4217 4359 4358
f 4217 4218 4359
f 4218 4360 4359
f 4218 4219 4360
f 4219 4361 4360
f 4219 4220 4361
f 4220 4362 4361
f 4220 4221 4362
f 4221 4363 4362
f 4221 4222 4363
f 4222 4364 4363
f 4222 4223 4364
f 4223 4365 4364
f 4223 4224 4365
f 4224 4366 4365
f 4224 4225 4366
f 4225 4367 4366
f 4225 4226 4367
f 4226 4368 4367
f 4226 4227 4368
f 4227 4369 4368
f 4227 4228 4369
f 4228 4370 4369
f 4228 4229 4370
f 4229 4371 4370
f 4229 4230 4371
f 4230 4372 4371
f 4230 4231 4372
f 4231 4373 4372
f 4231 4232 4373
f 4232 4233 4373
f 4232 4092 4233
f 4233 4375 4374
f 4233 4234 4375
f 4234 4376 4375
f 4234 4235 4376
f 4235 4377 4376
f 4235 4236 4377
f 4236 4378 4377
f 4236 4237 4378
f 4237 4379 4378
f 4237 4238 4379
f 4238 4380 4379
f 4238 4239 4380
f 4239 4381 4380
f 4239 4240 4381
f 4240 4382 4381
f 4240 4241 4382
f 4241 4383 4382
f 4241 4242 4383
f 4242 4384 4383
f 4242 4243 4384
f 4243 4385 4384
f 4243 4244 4385
f 4244 4386 4385
f 4244 4245 4386
f 4245 4387 4386
f 4245 4246 4387
f 4246 4388 4387
f 4246 4247 4388
f 4247 4389 4388
f 4247 4248 4389
f 4248 4390 4389
f 4248 4249 4390
f 4249 4391 4390
f 4249 4250 4391
f 4250 4392 4391
f 4250 4251 4392
f 4251 4393 4392
f 4251 4252 4393
f 4252 4394 4393
f 4252 4253 4394
f 4253 4395 4394
f 4253 4254 4395
f 4254 4396 4395
f 4254 4255 4396
f 4255 4397 4396
f 4255 4256 4397
f 4256 4398 4397
f 4256 4257 4398
f 4257 4399 4398
f 4257 4258 4399
f 4258 4400 4399
f 4258 4259 4400
f 4259 4401 4400
f 4259 4260 4401
f 4260 4402 4401
f 4260 4261 4402
f 4261 4403 4402
f 4261 4262 4403
f 4262 4404 4403
f 4262 4263 4404
f 4263 4405 4404
f 4263 4264 4405
f 4264 4406 4405
f 4264 4265 4406
f 4265 4407 4406
f 4265 4266 4407
f 4266 4408 4407
f 4266 4267 4408
f 4267 4409 4408
f 4267 4268 4409
f 4268 4410 4409
f 4268 4269 4410
f 4269 4411 4410
f 4269 4270 4411
f 4270 4412 4411
f 4270 4271 4412
f 4271 4413 4412
f 4271 4272 4413
f 4272 4414 4413
f 4272 4273 4414
f 4273 4415 4414
f 4273 4274 4415
f 4274 4416 4415
f 4274 4275 4416
f 4275 4417 4416
f 4275 4276 4417
f 4276 4418 4417
f 4276 4277 4418
f 4277 4419 4418
f 4277 4278 4419
f 4278 4420 4419
f 4278 4279 4420
f 4279 4421 4420
f 4279 4280 4421
f 4280 4422 4421
f 4280 4281 4422
f 4281 4423 4422
f 4281 4282 4423
f 4282 4424 4423
f 4282 4283 4424
f 4283 4425 4424
f 4283 4284 4425
f 4284 4426 4425
f 4284 4285 4426
f 4285 4427 4426
f 4285 4286 4427
f 4286 4428 4427
f 4286 4287 4428
f 4287 4429 4428
f 4287 4288 4429
f 4288 4430 4429
f 4288 4289 4430
f 4289 4431 4430
f 4289 4290 4431
f 4290 4432 4431
f 4290 4291 4432
f 4291 4433 4432
f 4291 4292 4433
f 4292 4434 4433
f 4292 4293 4434
f 4293 4435 4434
f 4293 4294 4435
f 4294 4436 4435
f 4294 4295 4436
f 4295 4437 4436
f 4295 4296 4437
f 4296 4438 4437
f 4296 4297 4438
f 4297 4439 4438
f 4297 4298 4439
f 4298 4440 4439
f 4298 4299 4440
f 4299 4441 4440
f 4299 4300 4441
f 4300 4442 4441
f 4300 4301 4442
f 4301 4443 4442
f 4301 4302 4443
f 4302 4444 4443
f 4302 4303 4444
f 4303 4445 4444
f 4303 4304 4445
f 4304 4446 4445
f 4304 4305 4446
f 4305 4447 4446
f 4305 4306 4447
f 4306 4448 4447
f 4306 4307 4448
f 4307 4449 4448
f 4307 4308 4449
f 4308 4450 4449
f 4308 4309 4450
f 4309 4451 4450
f 4309 4310 4451
f 4310 4452 4451
f 4310 4311 4452
f 4311 4453 4452
f 4311 4312 4453
f 4312 4454 4453
f 4312 4313 4454
f 4313 4455 4454
f 4313 4314 4455
f 4314 4456 4455
f 4314 4315 4456
f 4315 4457 4456
f 4315 4316 4457
f 4316 4458 4457
f 4316 4317 4458
f 4317 4459 4458
f 4317 4318 4459
f 4318 4460 4459
f 4318 4319 4460
f 4319 4461 4460
f 4319 4320 4461
f 4320 4462 4461
f 4320 4321 4462
f 4321 4463 4462
f 4321 4322 4463
f 4322 4464 4463
f 4322 4323 4464
f 4323 4465 4464
f 4323 4324 4465
f 4324 4466 4465
f 4324 4325 4466
f 4325 4467 4466
f 4325 4326 4467
f 4326 4468 4467
f 4326 4327 4468
f 4327 4469 4468
f 4327 4328 4469
f 4328 4470 4469
f 4328 4329 4470
f 4329 4471 4470
f 4329 4330 4471
f 4330 4472 4471
f 4330 4331 4472
f 4331 4473 4472
f 4331 4332 4473
f 4332 4474 4473
f 4332 4333 4474
f 4333 4475 4474
f 4333 4334 4475
f 4334 4476 4475
f 4334 4335 4476
f 4335 4477 4476
f 4335 4336 4477
f 4336 4478 4477
f 4336 4337 4478
f 4337 4479 4478
f 4337 4338 4479
f 4338 4480 4479
f 4338 4339 4480
f 4339 4481 4480
f 4339 4340 4481
f 4340 4482 4481
f 4340 4341 4482
f 4341 4483 4482
f 4341 4342 4483
f 4342 4484 4483
f 4342 4343 4484
f 4343 4485 4484
f 4343 4344 4485
f 4344 4486 4485
f 4344 4345 4486
f 4345 4487 4486
f 4345 4346 4487
f 4346 4488 4487
f 4346 4347 4488
f 4347 4489 4488
f 4347 4348 4489
f 4348 4490 4489
f 4348 4349 4490
f 4349 4491 4490
f 4349 4350 4491
f 4350 4492 4491
f 4350 4351 4492
f 4351 4493 4492
f 4351 4352 4493
f 4352 4494 4493
f 4352 4353 4494
f 4353 4495 4494
f 4353 4354 4495
f 4354 4496 4495
f 4354 4355 4496
f 4355 4497 4496
f 4355 4356 4497
f 4356 4498 4497
f 4356 4357 4498
f 4357 4499 4498
f 4357 4358 4499
f 4358 4500 4499
f 4358 4359 4500
f 4359 4501 4500
f 4359 4360 4501
f 4360 4502 4501
f 4360 4361 4502
f 4361 4503 4502
f 4361 4362 4503
f 4362 4504 4503
f 4362 4363 4504
f 4363 4505 4504
f 4363 4364 4505
f 4364 4506 4505
f 4364 4365 4506
f 4365 4507 4506
f 4365 4366 4507
f 4366 4508 4507
f 4366 4367 4508
f 4367 4509 4508
f 4367 4368 4509
f 4368 4510 4509
f 4368 4369 4510
f 4369 4511 4510
f 4369 4370 4511
f 4370 4512 4511
f 4370 4371 4512
f 4371 4513 4512
f 4371 4372 4513
f 4372 4514 4513
f 4372 4373 4514
f 4373 4374 4514
f 4373 4233 4374
f 4374 4516 4515
f 4374 4375 4516
f 4375 4517 4516
f 4375 4376 4517
f 4376 4518 4517
f 4376 4377 4518
f 4377 4519 4518
f 4377 4378 4519
f 4378 4520 4519
f 4378 4379 4520
f 4379 4521 4520
f 4379 4380 4521
f 4380 4522 4521
f 4380 4381 4522
f 4381 4523 4522
f 4381 4382 4523
f 4382 4524 4523
f 4382 4383 4524
f 4383 4525 4524
f 4383 4384 4525
f 4384 4526 4525
f 4384 4385 4526
f 4385 4527 4526
f 4385 4386 4527
f 4386 4528 4527
f 4386 4387 4528
f 4387 4529 4528
f 4387 4388 4529
f 4388 4530 4529
f 4388 4389 4530
f 4389 4531 4530
f 4389 4390 4531
f 4390 4532 4531
f 4390 4391 4532
f 4391 4533 4532
f 4391 4392 4533
f 4392 4534 4533
f 4392 4393 4534
f 4393 4535 4534
f 4393 4394 4535
f 4394 4536 4535
f 4394 4395 4536
f 4395 4537 4536
f 4395 4396 4537
f 4396 4538 4537
f 4396 4397 4538
f 4397 4539 4538
f 4397 4398 4539
f 4398 4540 4539
f 4398 4399 4540
f 4399 4541 4540
f 4399 4400 4541
f 4400 4542 4541
f 4400 4401 4542
f 4401 4543 4542
f 4401 4402 4543
f 4402 4544 4543
f 4402 4403 4544
f 4403 4545 4544
f 4403 4404 4545
f 4404 4546 4545
f 4404 4405 4546
f 4405 4547 4546
f 4405 4406 4547
f 4406 4548 4547
f 4406 4407 4548
f 4407 4549 4548
f 4407 4408 4549
f 4408 4550 4549
f 4408 4409 4550
f 4409 4551 4550
f 4409 4410 4551
f 4410 4552 4551
f 4410 4411 4552
f 4411 4553 4552
f 4411 4412 4553
f 4412 4554 4553
f 4412 4413 4554
f 4413 4555 4554
f 4413 4414 4555
f 4414 4556 4555
f 4414 4415 4556
f 4415 4557 4556
f 4415 4416 4557
f 4416 4558 4557
f 4416 4417 4558
f 4417 4559 4558
f 4417 4418 4559
f 4418 4560 4559
f 4418 4419 4560
f 4419 4561 4560
f 4419 4420 4561
f 4420 4562 4561
f 4420 4421 4562
f 4421 4563 4562
f 4421 4422 4563
f 4422 4564 4563
f 4422 4423 4564
f 4423 4565 4564
f 4423 4424 4565
f 4424 4566 4565
f 4424 4425 4566
f 4425 4567 4566
f 4425 4426 4567
f 4426 4568 4567
f 4426 4427 4568
f 4427 4569 4568
f 4427 4428 4569
f 4428 4570 4569
f 4428 4429 4570
f 4429 4571 4570
f 4429 4430 4571
f 4430 4572 4571
f 4430 4431 4572
f 4431 4573 4572
f 4431 4432 4573
f 4432 4574 4573
f 4432 4433 4574
f 4433 4575 4574
f 4433 4434 4575
f 4434 4576 4575
f 4434 4435 4576
f 4435 4577 4576
f 4435 4436 4577
f 4436 4578 4577
f 4436 4437 4578
f 4437 4579 4578
f 4437 4438 4579
f 4438 4580 4579
f 4438 4439 4580
f 4439 4581 4580
f 4439 4440 4581
f 4440 4582 4581
f 4440 4441 4582
f 4441 4583 4582
f 4441 4442 4583
f 4442 4584 4583
f 4442 4443 4584
f 4443 4585 4584
f 4443 4444 4585
f 4444 4586 4585
f 4444 4445 4586
f 4445 4587 4586
f 4445 4446 4587
f 4446 4588 4587
f 4446 4447 4588
f 4447 4589 4588
f 4447 4448 4589
f 4448 4590 4589
f 4448 4449 4590
f 4449 4591 4590
f 4449 4450 4591
f 4450 4592 4591
f 4450 4451 4592
f 4451 4593 4592
f 4451 4452 4593
f 4452 4594 4593
f 4452 4453 4594
f 4453 4595 4594
f 4453 4454 4595
f 4454 4596 4595
f 4454 4455 4596
f 4455 4597 4596
f 4455 4456 4597
f 4456 4598 4597
f 4456 4457 4598
f 4457 4599 4598
f 4457 4458 4599
f 4458 4600 4599
f 4458 4459 4600
f 4459 4601 4600
f 4459 4460 4601
f 4460 4602 4601
f 4460 4461 4602
f 4461 4603 4602
f 4461 4462 4603
f 4462 4604 4603
f 4462 4463 4604
f 4463 4605 4604
f 4463 4464 4605
f 4464 4606 4605
f 4464 4465 4606
f 4465 4607 4606
f 4465 4466 4607
f 4466 4608 4607
f 4466 4467 4608
f 4467 4609 4608
f 4467 4468 4609
f 4468 4610 4609
f 4468 4469 4610
f 4469 4611 4610
f 4469 4470 4611
f 4470 4612 4611
f 4470 4471 4612
f 4471 4613 4612
f 4471 4472 4613
f 4472 4614 4613
f 4472 4473 4614
f 4473 4615 4614
f 4473 4474 4615
f 4474 4616 4615
f 4474 4475 4616
f 4475 4617 4616
f 4475 4476 4617
f 4476 4618 4617
f 4476 4477 4618
f 4477 4619 4618
f 4477 4478 4619
f 4478 4620 4619
f 4478 4479 4620
f 4479 4621 4620
f 4479 4480 4621
f 4480 4622 4621
f 4480 4481 4622
f 4481 4623 4622
f 4481 4482 4623
f 4482 4624 4623
f 4482 4483 4624
f 4483 4625 4624
f 4483 4484 4625
f 4484 4626 4625
f 4484 4485 4626
f 4485 4627 4626
f 4485 4486 4627
f 4486 4628 4627
f 4486 4487 4628
f 4487 4629 4628
f 4487 4488 4629
f 4488 4630 4629
f 4488 4489 4630
f 4489 4631 4630
f 4489 4490 4631
f 4490 4632 4631
f 4490 4491 4632
f 4491 4633 4632
f 4491 4492 4633
f 4492 4634 4633
f 4492 4493 4634
f 4493 4635 4634
f 4493 4494 4635
f 4494 4636 4635
f 4494 4495 4636
f 4495 4637 4636
f 4495 4496 4637
f 4496 4638 4637
f 4496 4497 4638
f 4497 4639 4638
f 4497 4498 4639
f 4498 4640 4639
f 4498 4499 4640
f 4499 4641 4640
f 4499 4500 4641
f 4500 4642 4641
f 4500 4501 4642
f 4501 4643 4642
f 4501 4502 4643
f 4502 4644 4643
f 4502 4503 4644
f 4503 4645 4644
f 4503 4504 4645
f 4504 4646 4645
f 4504 4505 4646
f 4505 4647 4646
f 4505 4506 4647
f 4506 4648 4647
f 4506 4507 4648
f 4507 4649 4648
f 4507 4508 4649
f 4508 4650 4649
f 4508 4509 4650
f 4509 4651 4650
f 4509 4510 4651
f 4510 4652 4651
f 4510 4511 4652
f 4511 4653 4652
f 4511 4512 4653
f 4512 4654 4653
f 4512 4513 4654
f 4513 4655 4654
f 4513 4514 4655
f 4514 4515 4655
f 4514 4374 4515
f 4515 4657 4656
f 4515 4516 4657
f 4516 4658 4657
f 4516 4517 4658
f 4517 4659 4658
f 4517 4518 4659
f 4518 4660 4659
f 4518 4519 4660
f 4519 4661 4660
f 4519 4520 4661
f 4520 4662 4661
f 4520 4521 4662
f 4521 4663 4662
f 4521 4522 4663
f 4522 4664 4663
f 4522 4523 4664
f 4523 4665 4664
f 4523 4524 4665
f 4524 4666 4665
f 4524 4525 4666
f 4525 4667 4666
f 4525 4526 4667
f 4526 4668 4667
f 4526 4527 4668
f 4527 4669 4668
f 4527 4528 4669
f 4528 4670 4669
f 4528 4529 4670
f 4529 4671 4670
f 4529 4530 4671
f 4530 4672 4671
f 4530 4531 4672
f 4531 4673 4672
f 4531 4532 4673
f 4532 4674 4673
f 4532 4533 4674
f 4533 4675 4674
f 4533 4534 4675
f 4534 4676 4675
f 4534 4535 4676
f 4535 4677 4676
f 4535 4536 4677
f 4536 4678 4677
f 4536 4537 4678
f 4537 4679 4678
f 4537 4538 4679
f 4538 4680 4679
f 4538 4539 4680
f 4539 4681 4680
f 4539 4540 4681
f 4540 4682 4681
f 4540 4541 4682
f 4541 4683 4682
f 4541 4542 4683
f 4542 4684 4683
f 4542 4543 4684
f 4543 4685 4684
f 4543 4544 4685
f 4544 4686 4685
f 4544 4545 4686
f 4545 4687 4686
f 4545 4546 4687
f 4546 4688 4687
f 4546 4547 4688
f 4547 4689 4688
f 4547 4548 4689
f 4548 4690 4689
f 4548 4549 4690
f 4549 4691 4690
f 4549 4550 4691
f 4550 4692 4691
f 4550 4551 4692
f 4551 4693 4692
f 4551 4552 4693
f 4552 4694 4693
f 4552 4553 4694
f 4553 4695 4694
f 4553 4554 4695
f 4554 4696 4695
f 4554 4555 4696
f 4555 4697 4696
f 4555 4556 4697
f 4556 4698 4697
f 4556 4557 4698
f 4557 4699 4698
f 4557 4558 4699
f 4558 4700 4699
f 4558 4559 4700
f 4559 4701 4700
f 4559 4560 4701
f 4560 4702 4701
f 4560 4561 4702
f 4561 4703 4702
f 4561 4562 4703
f 4562 4704 4703
f 4562 4563 4704
f 4563 4705 4704
f 4563 4564 4705
f 4564 4706 4705
f 4564 4565 4706
f 4565 4707 4706
f 4565 4566 4707
f 4566 4708 4707
f 4566 4567 4708
f 4567 4709 4708
f 4567 4568 4709
f 4568 4710 4709
f 4568 4569 4710
f 4569 4711 4710
f 4569 4570 4711
f 4570 4712 4711
f 4570 4571 4712
f 4571 4713 4712
f 4571 4572 4713
f 4572 4714 4713
f 4572 4573 4714
f 4573 4715 4714
f 4573 4574 4715
f 4574 4716 4715
f 4574 4575 4716
f 4575 4717 4716
f 4575 4576 4717
f 4576 4718 4717
f 4576 4577 4718
f 4577 4719 4718
f 4577 4578 4719
f 4578 4720 4719
f 4578 4579 4720
f 4579 4721 4720
f 4579 4580 4721
f 4580 4722 4721
f 4580 4581 4722
f 4581 4723 4722
f 4581 4582 4723
f 4582 4724 4723
f 4582 4583 4724
f 4583 4725 4724
f 4583 4584 4725
f 4584 4726 4725
f 4584 4585 4726
f 4585 4727 4726
f 4585 4586 4727
f 4586 4728 4727
f 4586 4587 4728
f 4587 4729 4728
f 4587 4588 4729
f 4588 4730 4729
f 4588 4589 4730
f 4589 4731 4730
f 4589 4590 4731
f 4590 4732 4731
f 4590 4591 4732
f 4591 4733 4732
f 4591 4592 4733
f 4592 4734 4733
f 4592 4593 4734
f 4593 4735 4734
f 4593 4594 4735
f 4594 4736 4735
f 4594 4595 4736
f 4595 4737 4736
f 4595 4596 4737
f 4596 4738 4737
f 4596 4597 4738
f 4597 4739 4738
f 4597 4598 4739
f 4598 4740 4739
f 4598 4599 4740
f 4599 4741 4740
f 4599 4600 4741
f 4600 4742 4741
f 4600 4601 4742
f 4601 4743 4742
f 4601 4602 4743
f 4602 4744 4743
f 4602 4603 4744
f 4603 4745 4744
f 4603 4604 4745
f 4604 4746 4745
f 4604 4605 4746
f 4605 4747 4746
f 4605 4606 4747
f 4606 4748 4747
f 4606 4607 4748
f 4607 4749 4748
f 4607 4608 4749
f 4608 4750 4749
f 4608 4609 4750
f 4609 4751 4750
f 4609 4610 4751
f 4610 4752 4751
f 4610 4611 4752
f 4611 4753 4752
f 4611 4612 4753
f 4612 4754 4753
f 4612 4613 4754
f 4613 4755 4754
f 4613 4614 4755
f 4614 4756 4755
f 4614 4615 4756
f 4615 4757 4756
f 4615 4616 4757
f 4616 4758 4757
f 4616 4617 4758
f 4617 4759 4758
f 4617 4618 4759
f 4618 4760 4759
f 4618 4619 4760
f 4619 4761 4760
f 4619 4620 4761
f 4620 4762 4761
f 4620 4621 4762
f 4621 4763 4762
f 4621 4622 4763
f 4622 4764 4763
f 4622 4623 4764
f 4623 4765 4764
f 4623 4624 4765
f 4624 4766 4765
f 4624 4625 4766
f 4625 4767 4766
f 4625 4626 4767
f 4626 4768 4767
f 4626 4627 4768
f 4627 4769 4768
f 4627 4628 4769
f 4628 4770 4769
f 4628 4629 4770
f 4629 4771 4770
f 4629 4630 4771
f 4630 4772 4771
f 4630 4631 4772
f 4631 4773 4772
f 4631 4632 4773
f 4632 4774 4773
f 4632 4633 4774
f 4633 4775 4774
f 4633 4634 4775
f 4634 4776 4775
f 4634 4635 4776
f 4635 4777 4776
f 4635 4636 4777
f 4636 4778 4777
f 4636 4637 4778
f 4637 4779 4778
f 4637 4638 4779
f 4638 4780 4779
f 4638 4639 4780
f 4639 4781 4780
f 4639 4640 4781
f 4640 4782 4781
f 4640 4641 4782
f 4641 4783 4782
f 4641 4642 4783
f 4642 4784 4783
f 4642 4643 4784
f 4643 4785 4784
f 4643 4644 4785
f 4644 4786 4785
f 4644 4645 4786
f 4645 4787 4786
f 4645 4646 4787
f 4646 4788 4787
f 4646 4647 4788
f 4647 4789 4788
f 4647 4648 4789
f 4648 4790 4789
f 4648 4649 4790
f 4649 4791 4790
f 4649 4650 4791
f 4650 4792 4791
f 4650 4651 4792
f 4651 4793 4792
f 4651 4652 4793
f 4652 4794 4793
f 4652 4653 4794
f 4653 4795 4794
f 4653 4654 4795
f 4654 4796 4795
f 4654 4655 4796
f 4655 4656 4796
f 4655 4515 4656
f 4656 4798 4797
f 4656 4657 4798
f 4657 4799 4798
f 4657 4658 4799
f 4658 4800 4799
f 4658 4659 4800
f 4659 4801 4800
f 4659 4660 4801
f 4660 4802 4801
f 4660 4661 4802
f 4661 4803 4802
f 4661 4662 4803
f 4662 4804 4803
f 4662 4663 4804
f 4663 4805 4804
f 4663 4664 4805
f 4664 4806 4805
f 4664 4665 4806
f 4665 4807 4806
f 4665 4666 4807
f 4666 4808 4807
f 4666 4667 4808
f 4667 4809 4808
f 4667 4668 4809
f 4668 4810 4809
f 4668 4669 4810
f 4669 4811 4810
f 4669 4670 4811
f 4670 4812 4811
f 4670 4671 4812
f 4671 4813 4812
f 4671 4672 4813
f 4672 4814 4813
f 4672 4673 4814
f 4673 4815 4814
f 4673 4674 4815
f 4674 4816 4815
f 4674 4675 4816
f 4675 4817 4816
f 4675 4676 4817
f 4676 4818 4817
f 4676 4677 4818
f 4677 4819 4818
f 4677 4678 4819
f 4678 4820 4819
f 4678 4679 4820
f 4679 4821 4820
f 4679 4680 4821
f 4680 4822 4821
f 4680 4681 4822
f 4681 4823 4822
f 4681 4682 4823
f 4682 4824 4823
f 4682 4683 4824
f 4683 4825 4824
f 4683 4684 4825
f 4684 4826 4825
f 4684 4685 4826
f 4685 4827 4826
f 4685 4686 4827
f 4686 4828 4827
f 4686 4687 4828
f 4687 4829 4828
f 4687 4688 4829
f 4688 4830 4829
f 4688 4689 4830
f 4689 4831 4830
f 4689 4690 4831
f 4690 4832 4831
f 4690 4691 4832
f 4691 4833 4832
f 4691 4692 4833
f 4692 4834 4833
f 4692 4693 4834
f 4693 4835 4834
f 4693 4694 4835
f 4694 4836 4835
f 4694 4695 4836
f 4695 4837 4836
f 4695 4696 4837
f 4696 4838 4837
f 4696 4697 4838
f 4697 4839 4838
f 4697 4698 4839
f 4698 4840 4839
f 4698 4699 4840
f 4699 4841 4840
f 4699 4700 4841
f 4700 4842 4841
f 4700 4701 4842
f 4701 4843 4842
f 4701 4702 4843
f 4702 4844 4843
f 4702 4703 4844
f 4703 4845 4844
f 4703 4704 4845
f 4704 4846 4845
f 4704 4705 4846
f 4705 4847 4846
f 4705 4706 4847
f 4706 4848 4847
f 4706 4707 4848
f 4707 4849 4848
f 4707 4708 4849
f 4708 4850 4849
f 4708 4709 4850
f 4709 4851 4850
f 4709 4710 4851
f 4710 4852 4851
f 4710 4711 4852
f 4711 4853 4852
f 4711 4712 4853
f 4712 4854 4853
f 4712 4713 4854
f 4713 4855 4854
f 4713 4714 4855
f 4714 4856 4855
f 4714 4715 4856
f 4715 4857 4856
f 4715 4716 4857
f 4716 4858 4857
f 4716 4717 4858
f 4717 4859 4858
f 4717 4718 4859
f 4718 4860 4859
f 4718 4719 4860
f 4719 4861 4860
f 4719 4720 4861
f 4720 4862 4861
f 4720 4721 4862
f 4721 4863 4862
f 4721 4722 4863
f 4722 4864 4863
f 4722 4723 4864
f 4723 4865 4864
f 4723 4724 4865
f 4724 4866 4865
f 4724 4725 4866
f 4725 4867 4866
f 4725 4726 4867
f 4726 4868 4867
f 4726 4727 4868
f 4727 4869 4868
f 4727 4728 4869
f 4728 4870 4869
f 4728 4729 4870
f 4729 4871 4870
f 4729 4730 4871
f 4730 4872 4871
f 4730 4731 4872
f 4731 4873 4872
f 4731 4732 4873
f 4732 4874 4873
f 4732 4733 4874
f 4733 4875 4874
f 4733 4734 4875
f 4734 4876 4875
f 4734 4735 4876
f 4735 4877 4876
f 4735 4736 4877
f 4736 4878 4877
f 4736 4737 4878
f 4737 4879 4878
f 4737 4738 4879
f 4738 4880 4879
f 4738 4739 4880
f 4739 4881 4880
f 4739 4740 4881
f 4740 4882 4881
f 4740 4741 4882
f 4741 4883 4882
f 4741 4742 4883
f 4742 4884 4883
f 4742 4743 4884
f 4743 4885 4884
f 4743 4744 4885
f 4744 4886 4885
f 4744 4745 4886
f 4745 4887 4886
f 4745 4746 4887
f 4746 4888 4887
f 4746 4747 4888
f 4747 4889 4888
f 4747 4748 4889
f 4748 4890 4889
f 4748 4749 4890
f 4749 4891 4890
f 4749 4750 4891
f 4750 4892 4891
f 4750 4751 4892
f 4751 4893 4892
f 4751 4752 4893
f 4752 4894 4893
f 4752 4753 4894
f 4753 4895 4894
f 4753 4754 4895
f 4754 4896 4895
f 4754 4755 4896
f 4755 4897 4896
f 4755 4756 4897
f 4756 4898 4897
f 4756 4757 4898
f 4757 4899 4898
f 4757 4758 4899
f 4758 4900 4899
f 4758 4759 4900
f 4759 4901 4900
f 4759 4760 4901
f 4760 4902 4901
f 4760 4761 4902
f 4761 4903 4902
f 4761 4762 4903
f 4762 4904 4903
f 4762 4763 4904
f 4763 4905 4904
f 4763 4764 4905
f 4764 4906 4905
f 4764 4765 4906
f 4765 4907 4906
f 4765 4766 4907
f 4766 4908 4907
f 4766 4767 4908
f 4767 4909 4908
f 4767 4768 4909
f 4768 4910 4909
f 4768 4769 4910
f 4769 4911 4910
f 4769 4770 4911
f 4770 4912 4911
f 4770 4771 4912
f 4771 4913 4912
f 4771 4772 4913
f 4772 4914 4913
f 4772 4773 4914
f 4773 4915 4914
f 4773 4774 4915
f 4774 4916 4915
f 4774 4775 4916
f 4775 4917 4916
f 4775 4776 4917
f 4776 4918 4917
f 4776 4777 4918
f 4777 4919 4918
f 4777 4778 4919
f 4778 4920 4919
f 4778 4779 4920
f 4779 4921 4920
f 4779 4780 4921
f 4780 4922 4921
f 4780 4781 4922
f 4781 4923 4922
f 4781 4782 4923
f 4782 4924 4923
f 4782 4783 4924
f 4783 4925 4924
f 4783 4784 4925
f 4784 4926 4925
f 4784 4785 4926
f 4785 4927 4926
f 4785 4786 4927
f 4786 4928 4927
f 4786 4787 4928
f 4787 4929 4928
f 4787 4788 4929
f 4788 4930 4929
f 4788 4789 4930
f 4789 4931 4930
f 4789 4790 4931
f 4790 4932 4931
f 4790 4791 4932
f 4791 4933 4932
f 4791 4792 4933
f 4792 4934 4933
f 4792 4793 4934
f 4793 4935 4934
f 4793 4794 4935
f 4794 4936 4935
f 4794 4795 4936
f 4795 4937 4936
f 4795 4796 4937
f 4796 4797 4937
f 4796 4656 4797
f 4797 4939 4938
f 4797 4798 4939
f 4798 4940 4939
f 4798 4799 4940
f 4799 4941 4940
f 4799 4800 4941
f 4800 4942 4941
f 4800 4801 4942
f 4801 4943 4942
f 4801 4802 4943
f 4802 4944 4943
f 4802 4803 4944
f 4803 4945 4944
f 4803 4804 4945
f 4804 4946 4945
f 4804 4805 4946
f 4805 4947 4946
f 4805 4806 4947
f 4806 4948 4947
f 4806 4807 4948
f 4807 4949 4948
f 4807 4808 4949
f 4808 4950 4949
f 4808 4809 4950
f 4809 4951 4950
f 4809 4810 4951
f 4810 4952 4951
f 4810 4811 4952
f 4811 4953 4952
f 4811 4812 4953
f 4812 4954 4953
f 4812 4813 4954
f 4813 4955 4954
f 4813 4814 4955
f 4814 4956 4955
f 4814 4815 4956
f 4815 4957 4956
f 4815 4816 4957
f 4816 4958 4957
f 4816 4817 4958
f 4817 4959 4958
f 4817 4818 4959
f 4818 4960 4959
f 4818 4819 4960
f 4819 4961 4960
f 4819 4820 4961
f 4820 4962 4961
f 4820 4821 4962
f 4821 4963 4962
f 4821 4822 4963
f 4822 4964 4963
f 4822 4823 4964
f 4823 4965 4964
f 4823 4824 4965
f 4824 4966 4965
f 4824 4825 4966
f 4825 4967 4966
f 4825 4826 4967
f 4826 4968 4967
f 4826 4827 4968
f 4827 4969 4968
f 4827 4828 4969
f 4828 4970 4969
f 4828 4829 4970
f 4829 4971 4970
f 4829 4830 4971
f 4830 4972 4971
f 4830 4831 4972
f 4831 4973 4972
f 4831 4832 4973
f 4832 4974 4973
f 4832 4833 4974
f 4833 4975 4974
f 4833 4834 4975
f 4834 4976 4975
f 4834 4835 4976
f 4835 4977 4976
f 4835 4836 4977
f 4836 4978 4977
f 4836 4837 4978
f 4837 4979 4978
f 4837 4838 4979
f 4838 4980 4979
f 4838 4839 4980
f 4839 4981 4980
f 4839 4840 4981
f 4840 4982 4981
f 4840 4841 4982
f 4841 4983 4982
f 4841 4842 4983
f 4842 4984 4983
f 4842 4843 4984
f 4843 4985 4984
f 4843 4844 4985
f 4844 4986 4985
f 4844 4845 4986
f 4845 4987 4986
f 4845 4846 4987
f 4846 4988 4987
f 4846 4847 4988
f 4847 4989 4988
f 4847 4848 4989
f 4848 4990 4989
f 4848 4849 4990
f 4849 4991 4990
f 4849 4850 4991
f 4850 4992 4991
f 4850 4851 4992
f 4851 4993 4992
f 4851 4852 4993
f 4852 4994 4993
f 4852 4853 4994
f 4853 4995 4994
f 4853 4854 4995
f 4854 4996 4995
f 4854 4855 4996
f 4855 4997 4996
f 4855 4856 4997
f 4856 4998 4997
f 4856 4857 4998
f 4857 4999 4998
f 4857 4858 4999
f 4858 5000 4999
f 4858 4859 5000
f 4859 5001 5000
f 4859 4860 5001
f 4860 5002 5001
f 4860 4861 5002
f 4861 5003 5002
f 4861 4862 5003
f 4862 5004 5003
f 4862 4863 5004
f 4863 5005 5004
f 4863 4864 5005
f 4864 5006 5005
f 4864 4865 5006
f 4865 5007 5006
f 4865 4866 5007
f 4866 5008 5007
f 4866 4867 5008
f 4867 5009 5008
f 4867 4868 5009
f 4868 5010 5009
f 4868 4869 5010
f 4869 5011 5010
f 4869 4870 5011
f 4870 5012 5011
f 4870 4871 5012
f 4871 5013 5012
f 4871 4872 5013
f 4872 5014 5013
f 4872 4873 5014
f 4873 5015 5014
f 4873 4874 5015
f 4874 5016 5015
f 4874 4875 5016
f 4875 5017 5016
f 4875 4876 5017
f 4876 5018 5017
f 4876 4877 5018
f 4877 5019 5018
f 4877 4878 5019
f 4878 5020 5019
f 4878 4879 5020
f 4879 5021 5020
f 4879 4880 5021
f 4880 5022 5021
f 4880 4881 5022
f 4881 5023 5022
f 4881 4882 5023
f 4882 5024 5023
f 4882 4883 5024
f 4883 5025 5024
f 4883 4884 5025
f 4884 5026 5025
f 4884 4885 5026
f 4885 5027 5026
f 4885 4886 5027
f 4886 5028 5027
f 4886 4887 5028
f 4887 5029 5028
f 4887 4888 5029
f 4888 5030 5029
f 4888 4889 5030
f 4889 5031 5030
f 4889 4890 5031
f 4890 5032 5031
f 4890 4891 5032
f 4891 5033 5032
f 4891 4892 5033
f 4892 5034 5033
f 4892 4893 5034
f 4893 5035 5034
f 4893 4894 5035
f 4894 5036 5035
f 4894 4895 5036
f 4895 5037 5036
f 4895 4896 5037
f 4896 5038 5037
f 4896 4897 5038
f 4897 5039 5038
f 4897 4898 5039
f 4898 5040 5039
f 4898 4899 5040
f 4899 5041 5040
f 4899 4900 5041
f 4900 5042 5041
f 4900 4901 5042
f 4901 5043 5042
f 4901 4902 5043
f 4902 5044 5043
f 4902 4903 5044
f 4903 5045 5044
f 4903 4904 5045
f 4904 5046 5045
f 4904 4905 5046
f 4905 5047 5046
f 4905 4906 5047
f 4906 5048 5047
f 4906 4907 5048
f 4907 5049 5048
f 4907 4908 5049
f 4908 5050 5049
f 4908 4909 5050
f 4909 5051 5050
f 4909 4910 5051
f 4910 5052 5051
f 4910 4911 5052
f 4911 5053 5052
f 4911 4912 5053
f 4912 5054 5053
f 4912 4913 5054
f 4913 5055 5054
f 4913 4914 5055
f 4914 5056 5055
f 4914 4915 5056
f 4915 5057 5056
f 4915 4916 5057
f 4916 5058 5057
f 4916 4917 5058
f 4917 5059 5058
f 4917 4918 5059
f 4918 5060 5059
f 4918 4919 5060
f 4919 5061 5060
f 4919 4920 5061
f 4920 5062 5061
f 4920 4921 5062
f 4921 5063 5062
f 4921 4922 5063
f 4922 5064 5063
f 4922 4923 5064
f 4923 5065 5064
f 4923 4924 5065
f 4924 5066 5065
f 4924 4925 5066
f 4925 5067 5066
f 4925 4926 5067
f 4926 5068 5067
f 4926 4927 5068
f 4927 5069 5068
f 4927 4928 5069
f 4928 5070 5069
f 4928 4929 5070
f 4929 5071 5070
f 4929 4930 5071
f 4930 5072 5071
f 4930 4931 5072
f 4931 5073 5072
f 4931 4932 5073
f 4932 5074 5073
f 4932 4933 5074
f 4933 5075 5074
f 4933 4934 5075
f 4934 5076 5075
f 4934 4935 5076
f 4935 5077 5076
f 4935 4936 5077
f 4936 5078 5077
f 4936 4937 5078
f 4937 4938 5078
f 4937 4797 4938
f 4938 5080 5079
f 4938 4939 5080
f 4939 5081 5080
f 4939 4940 5081
f 4940 5082 5081
f 4940 4941 5082
f 4941 5083 5082
f 4941 4942 5083
f 4942 5084 5083
f 4942 4943 5084
f 4943 5085 5084
f 4943 4944 5085
f 4944 5086 5085
f 4944 4945 5086
f 4945 5087 5086
f 4945 4946 5087
f 4946 5088 5087
f 4946 4947 5088
f 4947 5089 5088
f 4947 4948 5089
f 4948 5090 5089
f 4948 4949 5090
f 4949 5091 5090
f 4949 4950 5091
f 4950 5092 5091
f 4950 4951 5092
f 4951 5093 5092
f 4951 4952 5093
f 4952 5094 5093
f 4952 4953 5094
f 4953 5095 5094
f 4953 4954 5095
f 4954 5096 5095
f 4954 4955 5096
f 4955 5097 5096
f 4955 4956 5097
f 4956 5098 5097
f 4956 4957 5098
f 4957 5099 5098
f 4957 4958 5099
f 4958 5100 5099
f 4958 4959 5100
f 4959 5101 5100
f 4959 4960 5101
f 4960 5102 5101
f 4960 4961 5102
f 4961 5103 5102
f 4961 4962 5103
f 4962 5104 5103
f 4962 4963 5104
f 4963 5105 5104
f 4963 4964 5105
f 4964 5106 5105
f 4964 4965 5106
f 4965 5107 5106
f 4965 4966 5107
f 4966 5108 5107
f 4966 4967 5108
f 4967 5109 5108
f 4967 4968 5109
f 4968 5110 5109
f 4968 4969 5110
f 4969 5111 5110
f 4969 4970 5111
f 4970 5112 5111
f 4970 4971 5112
f 4971 5113 5112
f 4971 4972 5113
f 4972 5114 5113
f 4972 4973 5114
f 4973 5115 5114
f 4973 4974 5115
f 4974 5116 5115
f 4974 4975 5116
f 4975 5117 5116
f 4975 4976 5117
f 4976 5118 5117
f 4976 4977 5118
f 4977 5119 5118
f 4977 4978 5119
f 4978 5120 5119
f 4978 4979 5120
f 4979 5121 5120
f 4979 4980 5121
f 4980 5122 5121
f 4980 4981 5122
f 4981 5123 5122
f 4981 4982 5123
f 4982 5124 5123
f 4982 4983 5124
f 4983 5125 5124
f 4983 4984 5125
f 4984 5126 5125
f 4984 4985 5126
f 4985 5127 5126
f 4985 4986 5127
f 4986 5128 5127
f 4986 4987 5128
f 4987 5129 5128
f 4987 4988 5129
f 4988 5130 5129
f 4988 4989 5130
f 4989 5131 5130
f 4989 4990 5131
f 4990 5132 5131
f 4990 4991 5132
f 4991 5133 5132
f 4991 4992 5133
f 4992 5134 5133
f 4992 4993 5134
f 4993 5135 5134
f 4993 4994 5135
f 4994 5136 5135
f 4994 4995 5136
f 4995 5137 5136
f 4995 4996 5137
f 4996 5138 5137
f 4996 4997 5138
f 4997 5139 5138
f 4997 4998 5139
f 4998 5140 5139
f 4998 4999 5140
f 4999 5141 5140
f 4999 5000 5141
f 5000 5142 5141
f 5000 5001 5142
f 5001 5143 5142
f 5001 5002 5143
f 5002 5144 5143
f 5002 5003 5144
f 5003 5145 5144
f 5003 5004 5145
f 5004 5146 5145
f 5004 5005 5146
f 5005 5147 5146
f 5005 5006 5147
f 5006 5148 5147
f 5006 5007 5148
f 5007 5149 5148
f 5007 5008 5149
f 5008 5150 5149
f 5008 5009 5150
f 5009 5151 5150
f 5009 5010 5151
f 5010 5152 5151
f 5010 5011 5152
f 5011 5153 5152
f 5011 5012 5153
f 5012 5154 5153
f 5012 5013 5154
f 5013 5155 5154
f 5013 5014 5155
f 5014 5156 5155
f 5014 5015 5156
f 5015 5157 5156
f 5015 5016 5157
f 5016 5158 5157
f 5016 5017 5158
f 5017 5159 5158
f 5017 5018 5159
f 5018 5160 5159
f 5018 5019 5160
f 5019 5161 5160
f 5019 5020 5161
f 5020 5162 5161
f 5020 5021 5162
f 5021 5163 5162
f 5021 5022 5163
f 5022 5164 5163
f 5022 5023 5164
f 5023 5165 5164
f 5023 5024 5165
f 5024 5166 5165
f 5024 5025 5166
f 5025 5167 5166
f 5025 5026 5167
f 5026 5168 5167
f 5026 5027 5168
f 5027 5169 5168
f 5027 5028 5169
f 5028 5170 5169
f 5028 5029 5170
f 5029 5171 5170
f 5029 5030 5171
f 5030 5172 5171
f 5030 5031 5172
f 5031 5173 5172
f 5031 5032 5173
f 5032 5174 5173
f 5032 5033 5174
f 5033 5175 5174
f 5033 5034 5175
f 5034 5176 5175
f 5034 5035 5176
f 5035 5177 5176
f 5035 5036 5177
f 5036 5178 5177
f 5036 5037 5178
f 5037 5179 5178
f 5037 5038 5179
f 5038 5180 5179
f 5038 5039 5180
f 5039 5181 5180
f 5039 5040 5181
f 5040 5182 5181
f 5040 5041 5182
f 5041 5183 5182
f 5041 5042 5183
f 5042 5184 5183
f 5042 5043 5184
f 5043 5185 5184
f 5043 5044 5185
f 5044 5186 5185
f 5044 5045 5186
f 5045 5187 5186
f 5045 5046 5187
f 5046 5188 5187
f 5046 5047 5188
f 5047 5189 5188
f 5047 5048 5189
f 5048 5190 5189
f 5048 5049 5190
f 5049 5191 5190
f 5049 5050 5191
f 5050 5192 5191
f 5050 5051 5192
f 5051 5193 5192
f 5051 5052 5193
f 5052 5194 5193
f 5052 5053 5194
f 5053 5195 5194
f 5053 5054 5195
f 5054 5196 5195
f 5054 5055 5196
f 5055 5197 5196
f 5055 5056 5197
f 5056 5198 5197
f 5056 5057 5198
f 5057 5199 5198
f 5057 5058 5199
f 5058 5200 5199
f 5058 5059 5200
f 5059 5201 5200
f 5059 5060 5201
f 5060 5202 5201
f 5060 5061 5202
f 5061 5203 5202
f 5061 5062 5203
f 5062 5204 5203
f 5062 5063 5204
f 5063 5205 5204
f 5063 5064 5205
f 5064 5206 5205
f 5064 5065 5206
f 5065 5207 5206
f 5065 5066 5207
f 5066 5208 5207
f 5066 5067 5208
f 5067 5209 5208
f 5067 5068 5209
f 5068 5210 5209
f 5068 5069 5210
f 5069 5211 5210
f 5069 5070 5211
f 5070 5212 5211
f 5070 5071 5212
f 5071 5213 5212
f 5071 5072 5213
f 5072 5214 5213
f 5072 5073 5214
f 5073 5215 5214
f 5073 5074 5215
f 5074 5216 5215
f 5074 5075 5216
f 5075 5217 5216
f 5075 5076 5217
f 5076 5218 5217
f 5076 5077 5218
f 5077 5219 5218
f 5077 5078 5219
f 5078 5079 5219
f 5078 4938 5079
f 5079 5221 5220
f 5079 5080 5221
f 5080 5222 5221
f 5080 5081 5222
f 5081 5223 5222
f 5081 5082 5223
f 5082 5224 5223
f 5082 5083 5224
f 5083 5225 5224
f 5083 5084 5225
f 5084 5226 5225
f 5084 5085 5226
f 5085 5227 5226
f 5085 5086 5227
f 5086 5228 5227
f 5086 5087 5228
f 5087 5229 5228
f 5087 5088 5229
f 5088 5230 5229
f 5088 5089 5230
f 5089 5231 5230
f 5089 5090 5231
f 5090 5232 5231
f 5090 5091 5232
f 5091 5233 5232
f 5091 5092 5233
f 5092 5234 5233
f 5092 5093 5234
f 5093 5235 5234
f 5093 5094 5235
f 5094 5236 5235
f 5094 5095 5236
f 5095 5237 5236
f 5095 5096 5237
f 5096 5238 5237
f 5096 5097 5238
f 5097 5239 5238
f 5097 5098 5239
f 5098 5240 5239
f 5098 5099 5240
f 5099 5241 5240
f 5099 5100 5241
f 5100 5242 5241
f 5100 5101 5242
f 5101 5243 5242
f 5101 5102 5243
f 5102 5244 5243
f 5102 5103 5244
f 5103 5245 5244
f 5103 5104 5245
f 5104 5246 5245
f 5104 5105 5246
f 5105 5247 5246
f 5105 5106 5247
f 5106 5248 5247
f 5106 5107 5248
f 5107 5249 5248
f 5107 5108 5249
f 5108 5250 5249
f 5108 5109 5250
f 5109 5251 5250
f 5109 5110 5251
f 5110 5252 5251
f 5110 5111 5252
f 5111 5253 5252
f 5111 5112 5253
f 5112 5254 5253
f 5112 5113 5254
f 5113 5255 5254
f 5113 5114 5255
f 5114 5256 5255
f 5114 5115 5256
f 5115 5257 5256
f 5115 5116 5257
f 5116 5258 5257
f 5116 5117 5258
f 5117 5259 5258
f 5117 5118 5259
f 5118 5260 5259
f 5118 5119 5260
f 5119 5261 5260
f 5119 5120 5261
f 5120 5262 5261
f 5120 5121 5262
f 5121 5263 5262
f 5121 5122 5263
f 5122 5264 5263
f 5122 5123 5264
f 5123 5265 5264
f 5123 5124 5265
f 5124 5266 5265
f 5124 5125 5266
f 5125 5267 5266
f 5125 5126 5267
f 5126 5268 5267
f 5126 5127 5268
f 5127 5269 5268
f 5127 5128 5269
f 5128 5270 5269
f 5128 5129 5270
f 5129 5271 5270
f 5129 5130 5271
f 5130 5272 5271
f 5130 5131 5272
f 5131 5273 5272
f 5131 5132 5273
f 5132 5274 5273
f 5132 5133 5274
f 5133 5275 5274
f 5133 5134 5275
f 5134 5276 5275
f 5134 5135 5276
f 5135 5277 5276
f 5135 5136 5277
f 5136 5278 5277
f 5136 5137 5278
f 5137 5279 5278
f 5137 5138 5279
f 5138 5280 5279
f 5138 5139 5280
f 5139 5281 5280
f 5139 5140 5281
f 5140 5282 5281
f 5140 5141 5282
f 5141 5283 5282
f 5141 5142 5283
f 5142 5284 5283
f 5142 5143 5284
f 5143 5285 5284
f 5143 5144 5285
f 5144 5286 5285
f 5144 5145 5286
f 5145 5287 5286
f 5145 5146 5287
f 5146 5288 5287
f 5146 5147 5288
f 5147 5289 5288
f 5147 5148 5289
f 5148 5290 5289
f 5148 5149 5290
f 5149 5291 5290
f 5149 5150 5291
f 5150 5292 5291
f 5150 5151 5292
f 5151 5293 5292
f 5151 5152 5293
f 5152 5294 5293
f 5152 5153 5294
f 5153 5295 5294
f 5153 5154 5295
f 5154 5296 5295
f 5154 5155 5296
f 5155 5297 5296
f 5155 5156 5297
f 5156 5298 5297
f 5156 5157 5298
f 5157 5299 5298
f 5157 5158 5299
f 5158 5300 5299
f 5158 5159 5300
f 5159 5301 5300
f 5159 5160 5301
f 5160 5302 5301
f 5160 5161 5302
f 5161 5303 5302
f 5161 5162 5303
f 5162 5304 5303
f 5162 5163 5304
f 5163 5305 5304
f 5163 5164 5305
f 5164 5306 5305
f 5164 5165 5306
f 5165 5307 5306
f 5165 5166 5307
f 5166 5308 5307
f 5166 5167 5308
f 5167 5309 5308
f 5167 5168 5309
f 5168 5310 5309
f 5168 5169 5310
f 5169 5311 5310
f 5169 5170 5311
f 5170 5312 5311
f 5170 5171 5312
f 5171 5313 5312
f 5171 5172 5313
f 5172 5314 5313
f 5172 5173 5314
f 5173 5315 5314
f 5173 5174 5315
f 5174 5316 5315
f 5174 5175 5316
f 5175 5317 5316
f 5175 5176 5317
f 5176 5318 5317
f 5176 5177 5318
f 5177 5319 5318
f 5177 5178 5319
f 5178 5320 5319
f 5178 5179 5320
f 5179 5321 5320
f 5179 5180 5321
f 5180 5322 5321
f 5180 5181 5322
f 5181 5323 5322
f 5181 5182 5323
f 5182 5324 5323
f 5182 5183 5324
f 5183 5325 5324
f 5183 5184 5325
f 5184 5326 5325
f 5184 5185 5326
f 5185 5327 5326
f 5185 5186 5327
f 5186 5328 5327
f 5186 5187 5328
f 5187 5329 5328
f 5187 5188 5329
f 5188 5330 5329
f 5188 5189 5330
f 5189 5331 5330
f 5189 5190 5331
f 5190 5332 5331
f 5190 5191 5332
f 5191 5333 5332
f 5191 5192 5333
f 5192 5334 5333
f 5192 5193 5334
f 5193 5335 5334
f 5193 5194 5335
f 5194 5336 5335
f 5194 5195 5336
f 5195 5337 5336
f 5195 5196 5337
f 5196 5338 5337
f 5196 5197 5338
f 5197 5339 5338
f 5197 5198 5339
f 5198 5340 5339
f 5198 5199 5340
f 5199 5341 5340
f 5199 5200 5341
f 5200 5342 5341
f 5200 5201 5342
f 5201 5343 5342
f 5201 5202 5343
f 5202 5344 5343
f 5202 5203 5344
f 5203 5345 5344
f 5203 5204 5345
f 5204 5346 5345
f 5204 5205 5346
f 5205 5347 5346
f 5205 5206 5347
f 5206 5348 5347
f 5206 5207 5348
f 5207 5349 5348
f 5207 5208 5349
f 5208 5350 5349
f 5208 5209 5350
f 5209 5351 5350
f 5209 5210 5351
f 5210 5352 5351
f 5210 5211 5352
f 5211 5353 5352
f 5211 5212 5353
f 5212 5354 5353
f 5212 5213 5354
f 5213 5355 5354
f 5213 5214 5355
f 5214 5356 5355
f 5214 5215 5356
f 5215 5357 5356
f 5215 5216 5357
f 5216 5358 5357
f 5216 5217 5358
f 5217 5359 5358
f 5217 5218 5359
f 5218 5360 5359
f 5218 5219 5360
f 5219 5220 5360
f 5219 5079 5220
f 5361 2682 2683
f 5361 2683 2684
f 5361 2684 2685
f 5361 2685 2686
f 5361 2686 2687
f 5361 2687 2688
f 5361 2688 2689
f 5361 2689 2690
f 5361 2690 2691
f 5361 2691 2692
f 5361 2692 2693
f 5361 2693 2694
f 5361 2694 2695
f 5361 2695 2696
f 5361 2696 2697
f 5361 2697 2698
f 5361 2698 2699
f 5361 2699 2700
f 5361 2700 2701
f 5361 2701 2702
f 5361 2702 2703
f 5361 2703 2704
f 5361 2704 2705
f 5361 2705 2706
f 5361 2706 2707
f 5361 2707 2708
f 5361 2708 2709
f 5361 2709 2710
f 5361 2710 2711
f 5361 2711 2712
f 5361 2712 2713
f 5361 2713 2714
f 5361 2714 2715
f 5361 2715 2716
f 5361 2716 2717
f 5361 2717 2718
f 5361 2718 2719
f 5361 2719 2720
f 5361 2720 2721
f 5361 2721 2722
f 5361 2722 2723
f 5361 2723 2724
f 5361 2724 2725
f 5361 2725 2726
f 5361 2726 2727
f 5361 2727 2728
f 5361 2728 2729
f 5361 2729 2730
f 5361 2730 2731
f 5361 2731 2732
f 5361 2732 2733
f 5361 2733 2734
f 5361 2734 2735
f 5361 2735 2736
f 5361 2736 2737
f 5361 2737 2738
f 5361 2738 2739
f 5361 2739 2740
f 5361 2740 2741
f 5361 2741 2742
f 5361 2742 2743
f 5361 2743 2744
f 5361 2744 2745
f 5361 2745 2746
f 5361 2746 2747
f 5361 2747 2748
f 5361 2748 2749
f 5361 2749 2750
f 5361 2750 2751
f 5361 2751 2752
f 5361 2752 2753
f 5361 2753 2754
f 5361 2754 2755
f 5361 2755 2756
f 5361 2756 2757
f 5361 2757 2758
f 5361 2758 2759
f 5361 2759 2760
f 5361 2760 2761
f 5361 2761 2762
f 5361 2762 2763
f 5361 2763 2764
f 5361 2764 2765
f 5361 2765 2766
f 5361 2766 2767
f 5361 2767 2768
f 5361 2768 2769
f 5361 2769 2770
f 5361 2770 2771
f 5361 2771 2772
f 5361 2772 2773
f 5361 2773 2774
f 5361 2774 2775
f 5361 2775 2776
f 5361 2776 2777
f 5361 2777 2778
f 5361 2778 2779
f 5361 2779 2780
f 5361 2780 2781
f 5361 2781 2782
f 5361 2782 2783
f 5361 2783 2784
f 5361 2784 2785
f 5361 2785 2786
f 5361 2786 2787
f 5361 2787 2788
f 5361 2788 2789
f 5361 2789 2790
f 5361 2790 2791
f 5361 2791 2792
f 5361 2792 2793
f 5361 2793 2794
f 5361 2794 2795
f 5361 2795 2796
f 5361 2796 2797
f 5361 2797 2798
f 5361 2798 2799
f 5361 2799 2800
f 5361 2800 2801
f 5361 2801 2802
f 5361 2802 2803
f 5361 2803 2804
f 5361 2804 2805
f 5361 2805 2806
f 5361 2806 2807
f 5361 2807 2808
f 5361 2808 2809
f 5361 2809 2810
f 5361 2810 2811
f 5361 2811 2812
f 5361 2812 2813
f 5361 2813 2814
f 5361 2814 2815
f 5361 2815 2816
f 5361 2816 2817
f 5361 2817 2818
f 5361 2818 2819
f 5361 2819 2820
f 5361 2820 2821
f 5361 2821 2822
f 5361 2822 2682
f 5362 5221 5220
f 5362 5222 5221
f 5362 5223 5222
f 5362 5224 5223
f 5362 5225 5224
f 5362 5226 5225
f 5362 5227 5226
f 5362 5228 5227
f 5362 5229 5228
f 5362 5230 5229
f 5362 5231 5230
f 5362 5232 5231
f 5362 5233 5232
f 5362 5234 5233
f 5362 5235 5234
f 5362 5236 5235
f 5362 5237 5236
f 5362 5238 5237
f 5362 5239 5238
f 5362 5240 5239
f 5362 5241 5240
f 5362 5242 5241
f 5362 5243 5242
f 5362 5244 5243
f 5362 5245 5244
f 5362 5246 5245
f 5362 5247 5246
f 5362 5248 5247
f 5362 5249 5248
f 5362 5250 5249
f 5362 5251 5250
f 5362 5252 5251
f 5362 5253 5252
f 5362 5254 5253
f 5362 5255 5254
f 5362 5256 5255
f 5362 5257 5256
f 5362 5258 5257
f 5362 5259 5258
f 5362 5260 5259
f 5362 5261 5260
f 5362 5262 5261
f 5362 5263 5262
f 5362 5264 5263
f 5362 5265 5264
f 5362 5266 5265
f 5362 5267 5266
f 5362 5268 5267
f 5362 5269 5268
f 5362 5270 5269
f 5362 5271 5270
f 5362 5272 5271
f 5362 5273 5272
f 5362 5274 5273
f 5362 5275 5274
f 5362 5276 5275
f 5362 5277 5276
f 5362 5278 5277
f 5362 5279 5278
f 5362 5280 5279
f 5362 5281 5280
f 5362 5282 5281
f 5362 5283 5282
f 5362 5284 5283
f 5362 5285 5284
f 5362 5286 5285
f 5362 5287 5286
f 5362 5288 5287
f 5362 5289 5288
f 5362 5290 5289
f 5362 5291 5290
f 5362 5292 5291
f 5362 5293 5292
f 5362 5294 5293
f 5362 5295 5294
f 5362 5296 5295
f 5362 5297 5296
f 5362 5298 5297
f 5362 5299 5298
f 5362 5300 5299
f 5362 5301 5300
f 5362 5302 5301
f 5362 5303 5302
f 5362 5304 5303
f 5362 5305 5304
f 5362 5306 5305
f 5362 5307 5306
f 5362 5308 5307
f 5362 5309 5308
f 5362 5310 5309
f 5362 5311 5310
f 5362 5312 5311
f 5362 5313 5312
f 5362 5314 5313
f 5362 5315 5314
f 5362 5316 5315
f 5362 5317 5316
f 5362 5318 5317
f 5362 5319 5318
f 5362 5320 5319
f 5362 5321 5320
f 5362 5322 5321
f 5362 5323 5322
f 5362 5324 5323
f 5362 5325 5324
f 5362 5326 5325
f 5362 5327 5326
f 5362 5328 5327
f 5362 5329 5328
f 5362 5330 5329
f 5362 5331 5330
f 5362 5332 5331
f 5362 5333 5332
f 5362 5334 5333
f 5362 5335 5334
f 5362 5336 5335
f 5362 5337 5336
f 5362 5338 5337
f 5362 5339 5338
f 5362 5340 5339
f 5362 5341 5340
f 5362 5342 5341
f 5362 5343 5342
f 5362 5344 5343
f 5362 5345 5344
f 5362 5346 5345
f 5362 5347 5346
f 5362 5348 5347
f 5362 5349 5348
f 5362 5350 5349
f 5362 5351 5350
f 5362 5352 5351
f 5362 5353 5352
f 5362 5354 5353
f 5362 5355 5354
f 5362 5356 5355
f 5362 5357 5356
f 5362 5358 5357
f 5362 5359 5358
f 5362 5360 5359
f 5362 5220 5360
g pod
f 5363 5389 5390
f 5363 5390 5364
f 5364 5390 5391
f 5364 5391 5365
f 5365 5391 5392
f 5365 5392 5366
f 5366 5392 5393
f 5366 5393 5367
f 5367 5393 5394
f 5367 5394 5368
f 5368 5394 5395
f 5368 5395 5369
f 5369 5395 5396
f 5369 5396 5370
f 5370 5396 5397
f 5370 5397 5371
f 5371 5397 5398
f 5371 5398 5372
f 5372 5398 5399
f 5372 5399 5373
f 5373 5399 5400
f 5373 5400 5374
f 5374 5400 5401
f 5374 5401 5375
f 5375 5401 5402
f 5375 5402 5376
f 5376 5402 5403
f 5376 5403 5377
f 5377 5403 5404
f 5377 5404 5378
f 5378 5404 5405
f 5378 5405 5379
f 5379 5405 5406
f 5379 5406 5380
f 5380 5406 5407
f 5380 5407 5381
f 5381 5407 5408
f 5381 5408 5382
f 5382 5408 5409
f 5382 5409 5383
f 5383 5409 5410
f 5383 5410 5384
f 5384 5410 5411
f 5384 5411 5385
f 5385 5411 5412
f 5385 5412 5386
f 5386 5412 5413
f 5386 5413 5387
f 5387 5413 5414
f 5387 5414 5388
f 5388 5414 5389
f 5388 5389 5363
f 5389 5415 5416
f 5389 5416 5390
f 5390 5416 5417
f 5390 5417 5391
f 5391 5417 5418
f 5391 5418 5392
f 5392 5418 5419
f 5392 5419 5393
f 5393 5419 5420
f 5393 5420 5394
f 5394 5420 5421
f 5394 5421 5395
f 5395 5421 5422
f 5395 5422 5396
f 5396 5422 5423
f 5396 5423 5397
f 5397 5423 5424
f 5397 5424 5398
f 5398 5424 5425
f 5398 5425 5399
f 5399 5425 5426
f 5399 5426 5400
f 5400 5426 5427
f 5400 5427 5401
f 5401 5427 5428
f 5401 5428 5402
f 5402 5428 5429
f 5402 5429 5403
f 5403 5429 5430
f 5403 5430 5404
f 5404 5430 5431
f 5404 5431 5405
f 5405 5431 5432
f 5405 5432 5406
f 5406 5432 5433
f 5406 5433 5407
f 5407 5433 5434
f 5407 5434 5408
f 5408 5434 5435
f 5408 5435 5409
f 5409 5435 5436
f 5409 5436 5410
f 5410 5436 5437
f 5410 5437 5411
f 5411 5437 5438
f 5411 5438 5412
f 5412 5438 5439
f 5412 5439 5413
f 5413 5439 5440
f 5413 5440 5414
f 5414 5440 5415
f 5414 5415 5389
f 5415 5441 5442
f 5415 5442 5416
f 5416 5442 5443
f 5416 5443 5417
f 5417 5443 5444
f 5417 5444 5418
f 5418 5444 5445
f 5418 5445 5419
f 5419 5445 5446
f 5419 5446 5420
f 5420 5446 5447
f 5420 5447 5421
f 5421 5447 5448
f 5421 5448 5422
f 5422 5448 5449
f 5422 5449 5423
f 5423 5449 5450
f 5423 5450 5424
f 5424 5450 5451
f 5424 5451 5425
f 5425 5451 5452
f 5425 5452 5426
f 5426 5452 5453
f 5426 5453 5427
f 5427 5453 5454
f 5427 5454 5428
f 5428 5454 5455
f 5428 5455 5429
f 5429 5455 5456
f 5429 5456 5430
f 5430 5456 5457
f 5430 5457 5431
f 5431 5457 5458
f 5431 5458 5432
f 5432 5458 5459
f 5432 5459 5433
f 5433 5459 5460
f 5433 5460 5434
f 5434 5460 5461
f 5434 5461 5435
f 5435 5461 5462
f 5435 5462 5436
f 5436 5462 5463
f 5436 5463 5437
f 5437 5463 5464
f 5437 5464 5438
f 5438 5464 5465
f 5438 5465 5439
f 5439 5465 5466
f 5439 5466 5440
f 5440 5466 5441
f 5440 5441 5415
f 5441 5467 5468
f 5441 5468 5442
f 5442 5468 5469
f 5442 5469 5443
f 5443 5469 5470
f 5443 5470 5444
f 5444 5470 5471
f 5444 5471 5445
f 5445 5471 5472
f 5445 5472 5446
f 5446 5472 5473
f 5446 5473 5447
f 5447 5473 5474
f 5447 5474 5448
f 5448 5474 5475
f 5448 5475 5449
f 5449 5475 5476
f 5449 5476 5450
f 5450 5476 5477
f 5450 5477 5451
f 5451 5477 5478
f 5451 5478 5452
f 5452 5478 5479
f 5452 5479 5453
f 5453 5479 5480
f 5453 5480 5454
f 5454 5480 5481
f 5454 5481 5455
f 5455 5481 5482
f 5455 5482 5456
f 5456 5482 5483
f 5456 5483 5457
f 5457 5483 5484
f 5457 5484 5458
f 5458 5484 5485
f 5458 5485 5459
f 5459 5485 5486
f 5459 5486 5460
f 5460 5486 5487
f 5460 5487 5461
f 5461 5487 5488
f 5461 5488 5462
f 5462 5488 5489
f 5462 5489 5463
f 5463 5489 5490
f 5463 5490 5464
f 5464 5490 5491
f 5464 5491 5465
f 5465 5491 5492
f 5465 5492 5466
f 5466 5492 5467
f 5466 5467 5441
f 5467 5493 5494
f 5467 5494 5468
f 5468 5494 5495
f 5468 5495 5469
f 5469 5495 5496
f 5469 5496 5470
f 5470 5496 5497
f 5470 5497 5471
f 5471 5497 5498
f 5471 5498 5472
f 5472 5498 5499
f 5472 5499 5473
f 5473 5499 5500
f 5473 5500 5474
f 5474 5500 5501
f 5474 5501 5475
f 5475 5501 5502
f 5475 5502 5476
f 5476 5502 5503
f 5476 5503 5477
f 5477 5503 5504
f 5477 5504 5478
f 5478 5504 5505
f 5478 5505 5479
f 5479 5505 5506
f 5479 5506 5480
f 5480 5506 5507
f 5480 5507 5481
f 5481 5507 5508
f 5481 5508 5482
f 5482 5508 5509
f 5482 5509 5483
f 5483 5509 5510
f 5483 5510 5484
f 5484 5510 5511
f 5484 5511 5485
f 5485 5511 5512
f 5485 5512 5486
f 5486 5512 5513
f 5486 5513 5487
f 5487 5513 5514
f 5487 5514 5488
f 5488 5514 5515
f 5488 5515 5489
f 5489 5515 5516
f 5489 5516 5490
f 5490 5516 5517
f 5490 5517 5491
f 5491 5517 5518
f 5491 5518 5492
f 5492 5518 5493
f 5492 5493 5467
f 5493 5519 5520
f 5493 5520 5494
f 5494 5520 5521
f 5494 5521 5495
f 5495 5521 5522
f 5495 5522 5496
f 5496 5522 5523
f 5496 5523 5497
f 5497 5523 5524
f 5497 5524 5498
f 5498 5524 5525
f 5498 5525 5499
f 5499 5525 5526
f 5499 5526 5500
f 5500 5526 5527
f 5500 5527 5501
f 5501 5527 5528
f 5501 5528 5502
f 5502 5528 5529
f 5502 5529 5503
f 5503 5529 5530
f 5503 5530 5504
f 5504 5530 5531
f 5504 5531 5505
f 5505 5531 5532
f 5505 5532 5506
f 5506 5532 5533
f 5506 5533 5507
f 5507 5533 5534
f 5507 5534 5508
f 5508 5534 5535
f 5508 5535 5509
f 5509 5535 5536
f 5509 5536 5510
f 5510 5536 5537
f 5510 5537 5511
f 5511 5537 5538
f 5511 5538 5512
f 5512 5538 5539
f 5512 5539 5513
f 5513 5539 5540
f 5513 5540 5514
f 5514 5540 5541
f 5514 5541 5515
f 5515 5541 5542
f 5515 5542 5516
f 5516 5542 5543
f 5516 5543 5517
f 5517 5543 5544
f 5517 5544 5518
f 5518 5544 5519
f 5518 5519 5493
f 5519 5545 5546
f 5519 5546 5520
f 5520 5546 5547
f 5520 5547 5521
f 5521 5547 5548
f 5521 5548 5522
f 5522 5548 5549
f 5522 5549 5523
f 5523 5549 5550
f 5523 5550 5524
f 5524 5550 5551
f 5524 5551 5525
f 5525 5551 5552
f 5525 5552 5526
f 5526 5552 5553
f 5526 5553 5527
f 5527 5553 5554
f 5527 5554 5528
f 5528 5554 5555
f 5528 5555 5529
f 5529 5555 5556
f 5529 5556 5530
f 5530 5556 5557
f 5530 5557 5531
f 5531 5557 5558
f 5531 5558 5532
f 5532 5558 5559
f 5532 5559 5533
f 5533 5559 5560
f 5533 5560 5534
f 5534 5560 5561
f 5534 5561 5535
f 5535 5561 5562
f 5535 5562 5536
f 5536 5562 5563
f 5536 5563 5537
f 5537 5563 5564
f 5537 5564 5538
f 5538 5564 5565
f 5538 5565 5539
f 5539 5565 5566
f 5539 5566 5540
f 5540 5566 5567
f 5540 5567 5541
f 5541 5567 5568
f 5541 5568 5542
f 5542 5568 5569
f 5542 5569 5543
f 5543 5569 5570
f 5543 5570 5544
f 5544 5570 5545
f 5544 5545 5519
f 5545 5571 5572
f 5545 5572 5546
f 5546 5572 5573
f 5546 5573 5547
f 5547 5573 5574
f 5547 5574 5548
f 5548 5574 5575
f 5548 5575 5549
f 5549 5575 5576
f 5549 5576 5550
f 5550 5576 5577
f 5550 5577 5551
f 5551 5577 5578
f 5551 5578 5552
f 5552 5578 5579
f 5552 5579 5553
f 5553 5579 5580
f 5553 5580 5554
f 5554 5580 5581
f 5554 5581 5555
f 5555 5581 5582
f 5555 5582 5556
f 5556 5582 5583
f 5556 5583 5557
f 5557 5583 5584
f 5557 5584 5558
f 5558 5584 5585
f 5558 5585 5559
f 5559 5585 5586
f 5559 5586 5560
f 5560 5586 5587
f 5560 5587 5561
f 5561 5587 5588
f 5561 5588 5562
f 5562 5588 5589
f 5562 5589 5563
f 5563 5589 5590
f 5563 5590 5564
f 5564 5590 5591
f 5564 5591 5565
f 5565 5591 5592
f 5565 5592 5566
f 5566 5592 5593
f 5566 5593 5567
f 5567 5593 5594
f 5567 5594 5568
f 5568 5594 5595
f 5568 5595 5569
f 5569 5595 5596
f 5569 5596 5570
f 5570 5596 5571
f 5570 5571 5545
f 5597 5364 5363
f 5597 5365 5364
f 5597 5366 5365
f 5597 5367 5366
f 5597 5368 5367
f 5597 5369 5368
f 5597 5370 5369
f 5597 5371 5370
f 5597 5372 5371
f 5597 5373 5372
f 5597 5374 5373
f 5597 5375 5374
f 5597 5376 5375
f 5597 5377 5376
f 5597 5378 5377
f 5597 5379 5378
f 5597 5380 5379
f 5597 5381 5380
f 5597 5382 5381
f 5597 5383 5382
f 5597 5384 5383
f 5597 5385 5384
f 5597 5386 5385
f 5597 5387 5386
f 5597 5388 5387
f 5597 5363 5388
f 5598 5571 5572
f 5598 5572 5573
f 5598 5573 5574
f 5598 5574 5575
f 5598 5575 5576
f 5598 5576 5577
f 5598 5577 5578
f 5598 5578 5579
f 5598 5579 5580
f 5598 5580 5581
f 5598 5581 5582
f 5598 5582 5583
f 5598 5583 5584
f 5598 5584 5585
f 5598 5585 5586
f 5598 5586 5587
f 5598 5587 5588
f 5598 5588 5589
f 5598 5589 5590
f 5598 5590 5591
f 5598 5591 5592
f 5598 5592 5593
f 5598 5593 5594
f 5598 5594 5595
f 5598 5595 5596
f 5598 5596 5571
g fin
f 5599 5652 5653
f 5599 5653 5600
f 5600 5653 5654
f 5600 5654 5601
f 5601 5654 5655
f 5601 5655 5602
f 5602 5655 5656
f 5602 5656 5603
f 5603 5656 5657
f 5603 5657 5604
f 5604 5657 5658
f 5604 5658 5605
f 5605 5658 5659
f 5605 5659 5606
f 5606 5659 5660
f 5606 5660 5607
f 5607 5660 5661
f 5607 5661 5608
f 5608 5661 5662
f 5608 5662 5609
f 5609 5662 5663
f 5609 5663 5610
f 5610 5663 5664
f 5610 5664 5611
f 5611 5664 5665
f 5611 5665 5612
f 5612 5665 5666
f 5612 5666 5613
f 5613 5666 5667
f 5613 5667 5614
f 5614 5667 5668
f 5614 5668 5615
f 5615 5668 5669
f 5615 5669 5616
f 5616 5669 5670
f 5616 5670 5617
f 5617 5670 5671
f 5617 5671 5618
f 5618 5671 5672
f 5618 5672 5619
f 5619 5672 5673
f 5619 5673 5620
f 5620 5673 5674
f 5620 5674 5621
f 5621 5674 5675
f 5621 5675 5622
f 5622 5675 5676
f 5622 5676 5623
f 5623 5676 5677
f 5623 5677 5624
f 5624 5677 5678
f 5624 5678 5625
f 5625 5678 5679
f 5625 5679 5626
f 5626 5679 5680
f 5626 5680 5627
f 5627 5680 5681
f 5627 5681 5628
f 5628 5681 5682
f 5628 5682 5629
f 5629 5682 5683
f 5629 5683 5630
f 5630 5683 5684
f 5630 5684 5631
f 5631 5684 5685
f 5631 5685 5632
f 5632 5685 5686
f 5632 5686 5633
f 5633 5686 5687
f 5633 5687 5634
f 5634 5687 5688
f 5634 5688 5635
f 5635 5688 5689
f 5635 5689 5636
f 5636 5689 5690
f 5636 5690 5637
f 5637 5690 5691
f 5637 5691 5638
f 5638 5691 5692
f 5638 5692 5639
f 5639 5692 5693
f 5639 5693 5640
f 5640 5693 5694
f 5640 5694 5641
f 5641 5694 5695
f 5641 5695 5642
f 5642 5695 5696
f 5642 5696 5643
f 5643 5696 5697
f 5643 5697 5644
f 5644 5697 5698
f 5644 5698 5645
f 5645 5698 5699
f 5645 5699 5646
f 5646 5699 5700
f 5646 5700 5647
f 5647 5700 5701
f 5647 5701 5648
f 5648 5701 5702
f 5648 5702 5649
f 5649 5702 5703
f 5649 5703 5650
f 5650 5703 5704
f 5650 5704 5651
f 5651 5704 5652
f 5651 5652 5599
f 5652 5705 5706
f 5652 5706 5653
f 5653 5706 5707
f 5653 5707 5654
f 5654 5707 5708
f 5654 5708 5655
f 5655 5708 5709
f 5655 5709 5656
f 5656 5709 5710
f 5656 5710 5657
f 5657 5710 5711
f 5657 5711 5658
f 5658 5711 5712
f 5658 5712 5659
f 5659 5712 5713
f 5659 5713 5660
f 5660 5713 5714
f 5660 5714 5661
f 5661 5714 5715
f 5661 5715 5662
f 5662 5715 5716
f 5662 5716 5663
f 5663 5716 5717
f 5663 5717 5664
f 5664 5717 5718
f 5664 5718 5665
f 5665 5718 5719
f 5665 5719 5666
f 5666 5719 5720
f 5666 5720 5667
f 5667 5720 5721
f 5667 5721 5668
f 5668 5721 5722
f 5668 5722 5669
f 5669 5722 5723
f 5669 5723 5670
f 5670 5723 5724
f 5670 5724 5671
f 5671 5724 5725
f 5671 5725 5672
f 5672 5725 5726
f 5672 5726 5673
f 5673 5726 5727
f 5673 5727 5674
f 5674 5727 5728
f 5674 5728 5675
f 5675 5728 5729
f 5675 5729 5676
f 5676 5729 5730
f 5676 5730 5677
f 5677 5730 5731
f 5677 5731 5678
f 5678 5731 5732
f 5678 5732 5679
f 5679 5732 5733
f 5679 5733 5680
f 5680 5733 5734
f 5680 5734 5681
f 5681 5734 5735
f 5681 5735 5682
f 5682 5735 5736
f 5682 5736 5683
f 5683 5736 5737
f 5683 5737 5684
f 5684 5737 5738
f 5684 5738 5685
f 5685 5738 5739
f 5685 5739 5686
f 5686 5739 5740
f 5686 5740 5687
f 5687 5740 5741
f 5687 5741 5688
f 5688 5741 5742
f 5688 5742 5689
f 5689 5742 5743
f 5689 5743 5690
f 5690 5743 5744
f 5690 5744 5691
f 5691 5744 5745
f 5691 5745 5692
f 5692 5745 5746
f 5692 5746 5693
f 5693 5746 5747
f 5693 5747 5694
f 5694 5747 5748
f 5694 5748 5695
f 5695 5748 5749
f 5695 5749 5696
f 5696 5749 5750
f 5696 5750 5697
f 5697 5750 5751
f 5697 5751 5698
f 5698 5751 5752
f 5698 5752 5699
f 5699 5752 5753
f 5699 5753 5700
f 5700 5753 5754
f 5700 5754 5701
f 5701 5754 5755
f 5701 5755 5702
f 5702 5755 5756
f 5702 5756 5703
f 5703 5756 5757
f 5703 5757 5704
f 5704 5757 5705
f 5704 5705 5652
f 5705 5758 5759
f 5705 5759 5706
f 5706 5759 5760
f 5706 5760 5707
f 5707 5760 5761
f 5707 5761 5708
f 5708 5761 5762
f 5708 5762 5709
f 5709 5762 5763
f 5709 5763 5710
f 5710 5763 5764
f 5710 5764 5711
f 5711 5764 5765
f 5711 5765 5712
f 5712 5765 5766
f 5712 5766 5713
f 5713 5766 5767
f 5713 5767 5714
f 5714 5767 5768
f 5714 5768 5715
f 5715 5768 5769
f 5715 5769 5716
f 5716 5769 5770
f 5716 5770 5717
f 5717 5770 5771
f 5717 5771 5718
f 5718 5771 5772
f 5718 5772 5719
f 5719 5772 5773
f 5719 5773 5720
f 5720 5773 5774
f 5720 5774 5721
f 5721 5774 5775
f 5721 5775 5722
f 5722 5775 5776
f 5722 5776 5723
f 5723 5776 5777
f 5723 5777 5724
f 5724 5777 5778
f 5724 5778 5725
f 5725 5778 5779
f 5725 5779 5726
f 5726 5779 5780
f 5726 5780 5727
f 5727 5780 5781
f 5727 5781 5728
f 5728 5781 5782
f 5728 5782 5729
f 5729 5782 5783
f 5729 5783 5730
f 5730 5783 5784
f 5730 5784 5731
f 5731 5784 5785
f 5731 5785 5732
f 5732 5785 5786
f 5732 5786 5733
f 5733 5786 5787
f 5733 5787 5734
f 5734 5787 5788
f 5734 5788 5735
f 5735 5788 5789
f 5735 5789 5736
f 5736 5789 5790
f 5736 5790 5737
f 5737 5790 5791
f 5737 5791 5738
f 5738 5791 5792
f 5738 5792 5739
f 5739 5792 5793
f 5739 5793 5740
f 5740 5793 5794
f 5740 5794 5741
f 5741 5794 5795
f 5741 5795 5742
f 5742 5795 5796
f 5742 5796 5743
f 5743 5796 5797
f 5743 5797 5744
f 5744 5797 5798
f 5744 5798 5745
f 5745 5798 5799
f 5745 5799 5746
f 5746 5799 5800
f 5746 5800 5747
f 5747 5800 5801
f 5747 5801 5748
f 5748 5801 5802
f 5748 5802 5749
f 5749 5802 5803
f 5749 5803 5750
f 5750 5803 5804
f 5750 5804 5751
f 5751 5804 5805
f 5751 5805 5752
f 5752 5805 5806
f 5752 5806 5753
f 5753 5806 5807
f 5753 5807 5754
f 5754 5807 5808
f 5754 5808 5755
f 5755 5808 5809
f 5755 5809 5756
f 5756 5809 5810
f 5756 5810 5757
f 5757 5810 5758
f 5757 5758 5705
f 5758 5811 5812
f 5758 5812 5759
f 5759 5812 5813
f 5759 5813 5760
f 5760 5813 5814
f 5760 5814 5761
f 5761 5814 5815
f 5761 5815 5762
f 5762 5815 5816
f 5762 5816 5763
f 5763 5816 5817
f 5763 5817 5764
f 5764 5817 5818
f 5764 5818 5765
f 5765 5818 5819
f 5765 5819 5766
f 5766 5819 5820
f 5766 5820 5767
f 5767 5820 5821
f 5767 5821 5768
f 5768 5821 5822
f 5768 5822 5769
f 5769 5822 5823
f 5769 5823 5770
f 5770 5823 5824
f 5770 5824 5771
f 5771 5824 5825
f 5771 5825 5772
f 5772 5825 5826
f 5772 5826 5773
f 5773 5826 5827
f 5773 5827 5774
f 5774 5827 5828
f 5774 5828 5775
f 5775 5828 5829
f 5775 5829 5776
f 5776 5829 5830
f 5776 5830 5777
f 5777 5830 5831
f 5777 5831 5778
f 5778 5831 5832
f 5778 5832 5779
f 5779 5832 5833
f 5779 5833 5780
f 5780 5833 5834
f 5780 5834 5781
f 5781 5834 5835
f 5781 5835 5782
f 5782 5835 5836
f 5782 5836 5783
f 5783 5836 5837
f 5783 5837 5784
f 5784 5837 5838
f 5784 5838 5785
f 5785 5838 5839
f 5785 5839 5786
f 5786 5839 5840
f 5786 5840 5787
f 5787 5840 5841
f 5787 5841 5788
f 5788 5841 5842
f 5788 5842 5789
f 5789 5842 5843
f 5789 5843 5790
f 5790 5843 5844
f 5790 5844 5791
f 5791 5844 5845
f 5791 5845 5792
f 5792 5845 5846
f 5792 5846 5793
f 5793 5846 5847
f 5793 5847 5794
f 5794 5847 5848
f 5794 5848 5795
f 5795 5848 5849
f 5795 5849 5796
f 5796 5849 5850
f 5796 5850 5797
f 5797 5850 5851
f 5797 5851 5798
f 5798 5851 5852
f 5798 5852 5799
f 5799 5852 5853
f 5799 5853 5800
f 5800 5853 5854
f 5800 5854 5801
f 5801 5854 5855
f 5801 5855 5802
f 5802 5855 5856
f 5802 5856 5803
f 5803 5856 5857
f 5803 5857 5804
f 5804 5857 5858
f 5804 5858 5805
f 5805 5858 5859
f 5805 5859 5806
f 5806 5859 5860
f 5806 5860 5807
f 5807 5860 5861
f 5807 5861 5808
f 5808 5861 5862
f 5808 5862 5809
f 5809 5862 5863
f 5809 5863 5810
f 5810 5863 5811
f 5810 5811 5758
f 5811 5864 5865
f 5811 5865 5812
f 5812 5865 5866
f 5812 5866 5813
f 5813 5866 5867
f 5813 5867 5814
f 5814 5867 5868
f 5814 5868 5815
f 5815 5868 5869
f 5815 5869 5816
f 5816 5869 5870
f 5816 5870 5817
f 5817 5870 5871
f 5817 5871 5818
f 5818 5871 5872
f 5818 5872 5819
f 5819 5872 5873
f 5819 5873 5820
f 5820 5873 5874
f 5820 5874 5821
f 5821 5874 5875
f 5821 5875 5822
f 5822 5875 5876
f 5822 5876 5823
f 5823 5876 5877
f 5823 5877 5824
f 5824 5877 5878
f 5824 5878 5825
f 5825 5878 5879
f 5825 5879 5826
f 5826 5879 5880
f 5826 5880 5827
f 5827 5880 5881
f 5827 5881 5828
f 5828 5881 5882
f 5828 5882 5829
f 5829 5882 5883
f 5829 5883 5830
f 5830 5883 5884
f 5830 5884 5831
f 5831 5884 5885
f 5831 5885 5832
f 5832 5885 5886
f 5832 5886 5833
f 5833 5886 5887
f 5833 5887 5834
f 5834 5887 5888
f 5834 5888 5835
f 5835 5888 5889
f 5835 5889 5836
f 5836 5889 5890
f 5836 5890 5837
f 5837 5890 5891
f 5837 5891 5838
f 5838 5891 5892
f 5838 5892 5839
f 5839 5892 5893
f 5839 5893 5840
f 5840 5893 5894
f 5840 5894 5841
f 5841 5894 5895
f 5841 5895 5842
f 5842 5895 5896
f 5842 5896 5843
f 5843 5896 5897
f 5843 5897 5844
f 5844 5897 5898
f 5844 5898 5845
f 5845 5898 5899
f 5845 5899 5846
f 5846 5899 5900
f 5846 5900 5847
f 5847 5900 5901
f 5847 5901 5848
f 5848 5901 5902
f 5848 5902 5849
f 5849 5902 5903
f 5849 5903 5850
f 5850 5903 5904
f 5850 5904 5851
f 5851 5904 5905
f 5851 5905 5852
f 5852 5905 5906
f 5852 5906 5853
f 5853 5906 5907
f 5853 5907 5854
f 5854 5907 5908
f 5854 5908 5855
f 5855 5908 5909
f 5855 5909 5856
f 5856 5909 5910
f 5856 5910 5857
f 5857 5910 5911
f 5857 5911 5858
f 5858 5911 5912
f 5858 5912 5859
f 5859 5912 5913
f 5859 5913 5860
f 5860 5913 5914
f 5860 5914 5861
f 5861 5914 5915
f 5861 5915 5862
f 5862 5915 5916
f 5862 5916 5863
f 5863 5916 5864
f 5863 5864 5811
f 5864 5917 5918
f 5864 5918 5865
f 5865 5918 5919
f 5865 5919 5866
f 5866 5919 5920
f 5866 5920 5867
f 5867 5920 5921
f 5867 5921 5868
f 5868 5921 5922
f 5868 5922 5869
f 5869 5922 5923
f 5869 5923 5870
f 5870 5923 5924
f 5870 5924 5871
f 5871 5924 5925
f 5871 5925 5872
f 5872 5925 5926
f 5872 5926 5873
f 5873 5926 5927
f 5873 5927 5874
f 5874 5927 5928
f 5874 5928 5875
f 5875 5928 5929
f 5875 5929 5876
f 5876 5929 5930
f 5876 5930 5877
f 5877 5930 5931
f 5877 5931 5878
f 5878 5931 5932
f 5878 5932 5879
f 5879 5932 5933
f 5879 5933 5880
f 5880 5933 5934
f 5880 5934 5881
f 5881 5934 5935
f 5881 5935 5882
f 5882 5935 5936
f 5882 5936 5883
f 5883 5936 5937
f 5883 5937 5884
f 5884 5937 5938
f 5884 5938 5885
f 5885 5938 5939
f 5885 5939 5886
f 5886 5939 5940
f 5886 5940 5887
f 5887 5940 5941
f 5887 5941 5888
f 5888 5941 5942
f 5888 5942 5889
f 5889 5942 5943
f 5889 5943 5890
f 5890 5943 5944
f 5890 5944 5891
f 5891 5944 5945
f 5891 5945 5892
f 5892 5945 5946
f 5892 5946 5893
f 5893 5946 5947
f 5893 5947 5894
f 5894 5947 5948
f 5894 5948 5895
f 5895 5948 5949
f 5895 5949 5896
f 5896 5949 5950
f 5896 5950 5897
f 5897 5950 5951
f 5897 5951 5898
f 5898 5951 5952
f 5898 5952 5899
f 5899 5952 5953
f 5899 5953 5900
f 5900 5953 5954
f 5900 5954 5901
f 5901 5954 5955
f 5901 5955 5902
f 5902 5955 5956
f 5902 5956 5903
f 5903 5956 5957
f 5903 5957 5904
f 5904 5957 5958
f 5904 5958 5905
f 5905 5958 5959
f 5905 5959 5906
f 5906 5959 5960
f 5906 5960 5907
f 5907 5960 5961
f 5907 5961 5908
f 5908 5961 5962
f 5908 5962 5909
f 5909 5962 5963
f 5909 5963 5910
f 5910 5963 5964
f 5910 5964 5911
f 5911 5964 5965
f 5911 5965 5912
f 5912 5965 5966
f 5912 5966 5913
f 5913 5966 5967
f 5913 5967 5914
f 5914 5967 5968
f 5914 5968 5915
f 5915 5968 5969
f 5915 5969 5916
f 5916 5969 5917
f 5916 5917 5864
f 5917 5970 5971
f 5917 5971 5918
f 5918 5971 5972
f 5918 5972 5919
f 5919 5972 5973
f 5919 5973 5920
f 5920 5973 5974
f 5920 5974 5921
f 5921 5974 5975
f 5921 5975 5922
f 5922 5975 5976
f 5922 5976 5923
f 5923 5976 5977
f 5923 5977 5924
f 5924 5977 5978
f 5924 5978 5925
f 5925 5978 5979
f 5925 5979 5926
f 5926 5979 5980
f 5926 5980 5927
f 5927 5980 5981
f 5927 5981 5928
f 5928 5981 5982
f 5928 5982 5929
f 5929 5982 5983
f 5929 5983 5930
f 5930 5983 5984
f 5930 5984 5931
f 5931 5984 5985
f 5931 5985 5932
f 5932 5985 5986
f 5932 5986 5933
f 5933 5986 5987
f 5933 5987 5934
f 5934 5987 5988
f 5934 5988 5935
f 5935 5988 5989
f 5935 5989 5936
f 5936 5989 5990
f 5936 5990 5937
f 5937 5990 5991
f 5937 5991 5938
f 5938 5991 5992
f 5938 5992 5939
f 5939 5992 5993
f 5939 5993 5940
f 5940 5993 5994
f 5940 5994 5941
f 5941 5994 5995
f 5941 5995 5942
f 5942 5995 5996
f 5942 5996 5943
f 5943 5996 5997
f 5943 5997 5944
f 5944 5997 5998
f 5944 5998 5945
f 5945 5998 5999
f 5945 5999 5946
f 5946 5999 6000
f 5946 6000 5947
f 5947 6000 6001
f 5947 6001 5948
f 5948 6001 6002
f 5948 6002 5949
f 5949 6002 6003
f 5949 6003 5950
f 5950 6003 6004
f 5950 6004 5951
f 5951 6004 6005
f 5951 6005 5952
f 5952 6005 6006
f 5952 6006 5953
f 5953 6006 6007
f 5953 6007 5954
f 5954 6007 6008
f 5954 6008 5955
f 5955 6008 6009
f 5955 6009 5956
f 5956 6009 6010
f 5956 6010 5957
f 5957 6010 6011
f 5957 6011 5958
f 5958 6011 6012
f 5958 6012 5959
f 5959 6012 6013
f 5959 6013 5960
f 5960 6013 6014
f 5960 6014 5961
f 5961 6014 6015
f 5961 6015 5962
f 5962 6015 6016
f 5962 6016 5963
f 5963 6016 6017
f 5963 6017 5964
f 5964 6017 6018
f 5964 6018 5965
f 5965 6018 6019
f 5965 6019 5966
f 5966 6019 6020
f 5966 6020 5967
f 5967 6020 6021
f 5967 6021 5968
f 5968 6021 6022
f 5968 6022 5969
f 5969 6022 5970
f 5969 5970 5917
f 6023 5600 5599
f 6023 5601 5600
f 6023 5602 5601
f 6023 5603 5602
f 6023 5604 5603
f 6023 5605 5604
f 6023 5606 5605
f 6023 5607 5606
f 6023 5608 5607
f 6023 5609 5608
f 6023 5610 5609
f 6023 5611 5610
f 6023 5612 5611
f 6023 5613 5612
f 6023 5614 5613
f 6023 5615 5614
f 6023 5616 5615
f 6023 5617 5616
f 6023 5618 5617
f 6023 5619 5618
f 6023 5620 5619
f 6023 5621 5620
f 6023 5622 5621
f 6023 5623 5622
f 6023 5624 5623
f 6023 5625 5624
f 6023 5626 5625
f 6023 5627 5626
f 6023 5628 5627
f 6023 5629 5628
f 6023 5630 5629
f 6023 5631 5630
f 6023 5632 5631
f 6023 5633 5632
f 6023 5634 5633
f 6023 5635 5634
f 6023 5636 5635
f 6023 5637 5636
f 6023 5638 5637
f 6023 5639 5638
f 6023 5640 5639
f 6023 5641 5640
f 6023 5642 5641
f 6023 5643 5642
f 6023 5644 5643
f 6023 5645 5644
f 6023 5646 5645
f 6023 5647 5646
f 6023 5648 5647
f 6023 5649 5648
f 6023 5650 5649
f 6023 5651 5650
f 6023 5599 5651
f 6024 5970 5971
f 6024 5971 5972
f 6024 5972 5973
f 6024 5973 5974
f 6024 5974 5975
f 6024 5975 5976
f 6024 5976 5977
f 6024 5977 5978
f 6024 5978 5979
f 6024 5979 5980
f 6024 5980 5981
f 6024 5981 5982
f 6024 5982 5983
f 6024 5983 5984
f 6024 5984 5985
f 6024 5985 5986
f 6024 5986 5987
f 6024 5987 5988
f 6024 5988 5989
f 6024 5989 5990
f 6024 5990 5991
f 6024 5991 5992
f 6024 5992 5993
f 6024 5993 5994
f 6024 5994 5995
f 6024 5995 5996
f 6024 5996 5997
f 6024 5997 5998
f 6024 5998 5999
f 6024 5999 6000
f 6024 6000 6001
f 6024 6001 6002
f 6024 6002 6003
f 6024 6003 6004
f 6024 6004 6005
f 6024 6005 6006
f 6024 6006 6007
f 6024 6007 6008
f 6024 6008 6009
f 6024 6009 6010
f 6024 6010 6011
f 6024 6011 6012
f 6024 6012 6013
f 6024 6013 6014
f 6024 6014 6015
f 6024 6015 6016
f 6024 6016 6017
f 6024 6017 6018
f 6024 6018 6019
f 6024 6019 6020
f 6024 6020 6021
f 6024 6021 6022
f 6024 6022 5970
g elevons
f 6025 6026 6028
f 6025 6028 6027
f 6027 6028 6030
f 6027 6030 6029
f 6029 6030 6032
f 6029 6032 6031
f 6031 6032 6034
f 6031 6034 6033
f 6033 6034 6036
f 6033 6036 6035
f 6035 6036 6038
f 6035 6038 6037
f 6037 6038 6040
f 6037 6040 6039
f 6039 6040 6042
f 6039 6042 6041
f 6043 6045 6046
f 6043 6046 6044
f 6045 6047 6048
f 6045 6048 6046
f 6047 6049 6050
f 6047 6050 6048
f 6049 6051 6052
f 6049 6052 6050
f 6051 6053 6054
f 6051 6054 6052
f 6053 6055 6056
f 6053 6056 6054
f 6055 6057 6058
f 6055 6058 6056
f 6057 6059 6060
f 6057 6060 6058
f 6061 6063 6064
f 6061 6064 6062
f 6063 6065 6066
f 6063 6066 6064
f 6065 6067 6068
f 6065 6068 6066
f 6067 6069 6070
f 6067 6070 6068
f 6069 6071 6072
f 6069 6072 6070
f 6071 6073 6074
f 6071 6074 6072
f 6073 6075 6076
f 6073 6076 6074
f 6075 6077 6078
f 6075 6078 6076
f 6079 6080 6082
f 6079 6082 6081
f 6081 6082 6084
f 6081 6084 6083
f 6083 6084 6086
f 6083 6086 6085
f 6085 6086 6088
f 6085 6088 6087
f 6087 6088 6090
f 6087 6090 6089
f 6089 6090 6092
f 6089 6092 6091
f 6091 6092 6094
f 6091 6094 6093
f 6093 6094 6096
f 6093 6096 6095
f 6097 6098 6100
f 6097 6100 6099
f 6099 6100 6102
f 6099 6102 6101
f 6101 6102 6104
f 6101 6104 6103
f 6103 6104 6106
f 6103 6106 6105
f 6105 6106 6108
f 6105 6108 6107
f 6107 6108 6110
f 6107 6110 6109
f 6109 6110 6112
f 6109 6112 6111
f 6111 6112 6114
f 6111 6114 6113
f 6115 6117 6118
f 6115 6118 6116
f 6117 6119 6120
f 6117 6120 6118
f 6119 6121 6122
f 6119 6122 6120
f 6121 6123 6124
f 6121 6124 6122
f 6123 6125 6126
f 6123 6126 6124
f 6125 6127 6128
f 6125 6128 6126
f 6127 6129 6130
f 6127 6130 6128
f 6129 6131 6132
f 6129 6132 6130
f 6133 6135 6136
f 6133 6136 6134
f 6135 6137 6138
f 6135 6138 6136
f 6137 6139 6140
f 6137 6140 6138
f 6139 6141 6142
f 6139 6142 6140
f 6141 6143 6144
f 6141 6144 6142
f 6143 6145 6146
f 6143 6146 6144
f 6145 6147 6148
f 6145 6148 6146
f 6147 6149 6150
f 6147 6150 6148
f 6151 6152 6154
f 6151 6154 6153
f 6153 6154 6156
f 6153 6156 6155
f 6155 6156 6158
f 6155 6158 6157
f 6157 6158 6160
f 6157 6160 6159
f 6159 6160 6162
f 6159 6162 6161
f 6161 6162 6164
f 6161 6164 6163
f 6163 6164 6166
f 6163 6166 6165
f 6165 6166 6168
f 6165 6168 6167
