# jetwing-1200-vt -- generated by tools/build_model.py
# 7148 vertices, 14136 triangles
# units: millimetres, +X aft, +Y starboard, +Z up
v 272.0000 0.0000 5.8880
v 271.8623 0.0000 5.8992
v 271.4497 0.0000 5.9328
v 270.7629 0.0000 5.9888
v 269.8035 0.0000 6.0671
v 268.5736 0.0000 6.1678
v 267.0758 0.0000 6.2909
v 265.3135 0.0000 6.4363
v 263.2904 0.0000 6.6040
v 261.0110 0.0000 6.7941
v 258.4802 0.0000 7.0067
v 255.7034 0.0000 7.2416
v 252.6866 0.0000 7.4991
v 249.4362 0.0000 7.7793
v 245.9591 0.0000 8.0821
v 242.2628 0.0000 8.4078
v 238.3551 0.0000 8.7565
v 234.2442 0.0000 9.1282
v 229.9387 0.0000 9.5232
v 225.4476 0.0000 9.9414
v 220.7803 0.0000 10.3829
v 215.9465 0.0000 10.8477
v 210.9560 0.0000 11.3356
v 205.8193 0.0000 11.8463
v 200.5467 0.0000 12.3796
v 195.1491 0.0000 12.9348
v 189.6374 0.0000 13.5114
v 184.0227 0.0000 14.1083
v 178.3164 0.0000 14.7246
v 172.4747 0.0000 15.3479
v 166.5432 0.0000 15.9480
v 160.5479 0.0000 16.5206
v 154.5009 0.0000 17.0626
v 148.4145 0.0000 17.5711
v 142.3009 0.0000 18.0431
v 136.1728 0.0000 18.4760
v 130.0425 0.0000 18.8671
v 123.9227 0.0000 19.2137
v 117.8258 0.0000 19.5136
v 111.7645 0.0000 19.7645
v 105.7511 0.0000 19.9645
v 99.7632 0.0000 20.1072
v 93.8247 0.0000 20.1731
v 87.9713 0.0000 20.1600
v 82.2157 0.0000 20.0681
v 76.5706 0.0000 19.8981
v 71.0480 0.0000 19.6514
v 65.6601 0.0000 19.3295
v 60.4184 0.0000 18.9347
v 55.3344 0.0000 18.4696
v 50.4191 0.0000 17.9373
v 45.6829 0.0000 17.3413
v 41.1361 0.0000 16.6855
v 36.7882 0.0000 15.9741
v 32.6484 0.0000 15.2117
v 28.7254 0.0000 14.4029
v 25.0271 0.0000 13.5529
v 21.5612 0.0000 12.6666
v 18.3346 0.0000 11.7492
v 15.3536 0.0000 10.8059
v 12.6241 0.0000 9.8418
v 10.1511 0.0000 8.8618
v 7.9393 0.0000 7.8707
v 5.9926 0.0000 6.8729
v 4.3144 0.0000 5.8728
v 2.9076 0.0000 4.8740
v 1.7742 0.0000 3.8798
v 0.9160 0.0000 2.8933
v 0.3340 0.0000 1.9167
v 0.0287 0.0000 0.9519
v 0.0000 0.0000 0.0000
v 0.2452 0.0000 -0.9202
v 0.7610 0.0000 -1.7903
v 1.5456 0.0000 -2.6100
v 2.5969 0.0000 -3.3791
v 3.9121 0.0000 -4.0974
v 5.4877 0.0000 -4.7648
v 7.3200 0.0000 -5.3812
v 9.4048 0.0000 -5.9468
v 11.7373 0.0000 -6.4617
v 14.3124 0.0000 -6.9263
v 17.1244 0.0000 -7.3411
v 20.1673 0.0000 -7.7068
v 23.4348 0.0000 -8.0241
v 26.9203 0.0000 -8.2944
v 30.6165 0.0000 -8.5188
v 34.5162 0.0000 -8.6990
v 38.6116 0.0000 -8.8368
v 42.8949 0.0000 -8.9343
v 47.3578 0.0000 -8.9937
v 51.9917 0.0000 -9.0177
v 56.7880 0.0000 -9.0090
v 61.7376 0.0000 -8.9706
v 66.8313 0.0000 -8.9058
v 72.0597 0.0000 -8.8177
v 77.4131 0.0000 -8.7100
v 82.8814 0.0000 -8.5861
v 88.4548 0.0000 -8.4496
v 94.1227 0.0000 -8.3042
v 99.8748 0.0000 -8.1534
v 105.7232 0.0000 -7.9988
v 111.6681 0.0000 -7.8258
v 117.6627 0.0000 -7.6324
v 123.6954 0.0000 -7.4213
v 129.7542 0.0000 -7.1949
v 135.8272 0.0000 -6.9557
v 141.9023 0.0000 -6.7059
v 147.9674 0.0000 -6.4479
v 154.0105 0.0000 -6.1836
v 160.0195 0.0000 -5.9149
v 165.9825 0.0000 -5.6437
v 171.8873 0.0000 -5.3715
v 177.7362 0.0000 -5.0994
v 183.5512 0.0000 -4.8036
v 189.2654 0.0000 -4.4726
v 194.8673 0.0000 -4.1097
v 200.3456 0.0000 -3.7182
v 205.6893 0.0000 -3.3014
v 210.8880 0.0000 -2.8630
v 215.9311 0.0000 -2.4066
v 220.8089 0.0000 -1.9360
v 225.5117 0.0000 -1.4549
v 230.0303 0.0000 -0.9671
v 234.3560 0.0000 -0.4767
v 238.4803 0.0000 0.0125
v 242.3953 0.0000 0.4966
v 246.0935 0.0000 0.9717
v 249.5678 0.0000 1.4338
v 252.8115 0.0000 1.8794
v 255.8186 0.0000 2.3046
v 258.5833 0.0000 2.7061
v 261.1005 0.0000 3.0804
v 263.3654 0.0000 3.4245
v 265.3739 0.0000 3.7353
v 267.1221 0.0000 4.0104
v 268.6068 0.0000 4.2473
v 269.8254 0.0000 4.4439
v 270.7755 0.0000 4.5987
v 271.4553 0.0000 4.7102
v 271.8638 0.0000 4.7775
v 272.0000 0.0000 4.8000
v 280.8459 46.1538 7.6109
v 280.7141 46.1538 7.6214
v 280.3191 46.1538 7.6528
v 279.6617 46.1538 7.7051
v 278.7434 46.1538 7.7784
v 277.5662 46.1538 7.8726
v 276.1326 46.1538 7.9877
v 274.4458 46.1538 8.1237
v 272.5094 46.1538 8.2806
v 270.3277 46.1538 8.4585
v 267.9052 46.1538 8.6573
v 265.2474 46.1538 8.8772
v 262.3598 46.1538 9.1183
v 259.2486 46.1538 9.3805
v 255.9205 46.1538 9.6642
v 252.3825 46.1538 9.9693
v 248.6422 46.1538 10.2960
v 244.7073 46.1538 10.6444
v 240.5862 46.1538 11.0147
v 236.2874 46.1538 11.4069
v 231.8200 46.1538 11.8211
v 227.1931 46.1538 12.2573
v 222.4163 46.1538 12.7153
v 217.4995 46.1538 13.1949
v 212.4526 46.1538 13.6958
v 207.2860 46.1538 14.2176
v 202.0102 46.1538 14.7595
v 196.6359 46.1538 15.3207
v 191.1738 46.1538 15.9003
v 185.5821 46.1538 16.4864
v 179.9045 46.1538 17.0501
v 174.1659 46.1538 17.5874
v 168.3779 46.1538 18.0953
v 162.5522 46.1538 18.5710
v 156.7006 46.1538 19.0119
v 150.8351 46.1538 19.4152
v 144.9677 46.1538 19.7785
v 139.1103 46.1538 20.0993
v 133.2750 46.1538 20.3754
v 127.4737 46.1538 20.6048
v 121.7185 46.1538 20.7854
v 115.9878 46.1538 20.9113
v 110.3044 46.1538 20.9637
v 104.7027 46.1538 20.9407
v 99.1947 46.1538 20.8425
v 93.7925 46.1538 20.6698
v 88.5078 46.1538 20.4238
v 83.3521 46.1538 20.1061
v 78.3365 46.1538 19.7189
v 73.4719 46.1538 19.2647
v 68.7688 46.1538 18.7465
v 64.2373 46.1538 18.1677
v 59.8870 46.1538 17.5320
v 55.7273 46.1538 16.8434
v 51.7669 46.1538 16.1064
v 48.0139 46.1538 15.3254
v 44.4762 46.1538 14.5053
v 41.1609 46.1538 13.6509
v 38.0746 46.1538 12.7672
v 35.2235 46.1538 11.8591
v 32.6130 46.1538 10.9315
v 30.2480 46.1538 9.9892
v 28.1331 46.1538 9.0368
v 26.2718 46.1538 8.0785
v 24.6676 46.1538 7.1183
v 23.3230 46.1538 6.1599
v 22.2401 46.1538 5.2065
v 21.4206 46.1538 4.2609
v 20.8654 46.1538 3.3252
v 20.5749 46.1538 2.4013
v 20.5491 46.1538 1.4903
v 20.7854 46.1538 0.6101
v 21.2806 46.1538 -0.2216
v 22.0330 46.1538 -1.0047
v 23.0405 46.1538 -1.7389
v 24.3003 46.1538 -2.4240
v 25.8094 46.1538 -3.0599
v 27.5641 46.1538 -3.6465
v 29.5603 46.1538 -4.1841
v 31.7934 46.1538 -4.6727
v 34.2586 46.1538 -5.1127
v 36.9505 46.1538 -5.5047
v 39.8632 46.1538 -5.8491
v 42.9909 46.1538 -6.1471
v 46.3269 46.1538 -6.3995
v 49.8647 46.1538 -6.6077
v 53.5970 46.1538 -6.7731
v 57.5167 46.1538 -6.8977
v 61.6160 46.1538 -6.9833
v 65.8871 46.1538 -7.0322
v 70.3219 46.1538 -7.0469
v 74.9120 46.1538 -7.0300
v 79.6488 46.1538 -6.9844
v 84.5234 46.1538 -6.9133
v 89.5269 46.1538 -6.8197
v 94.6499 46.1538 -6.7070
v 99.8830 46.1538 -6.5787
v 105.2165 46.1538 -6.4381
v 110.6405 46.1538 -6.2889
v 116.1450 46.1538 -6.1343
v 121.7418 46.1538 -5.9759
v 127.4308 46.1538 -5.7996
v 133.1674 46.1538 -5.6039
v 138.9404 46.1538 -5.3911
v 144.7383 46.1538 -5.1636
v 150.5498 46.1538 -4.9238
v 156.3633 46.1538 -4.6740
v 162.1672 46.1538 -4.4162
v 167.9501 46.1538 -4.1524
v 173.7003 46.1538 -3.8846
v 179.4064 46.1538 -3.6144
v 185.0569 46.1538 -3.3434
v 190.6539 46.1538 -3.0725
v 196.2184 46.1538 -2.7790
v 201.6864 46.1538 -2.4521
v 207.0468 46.1538 -2.0948
v 212.2889 46.1538 -1.7103
v 217.4022 46.1538 -1.3019
v 222.3765 46.1538 -0.8731
v 227.2021 46.1538 -0.4273
v 231.8693 46.1538 0.0318
v 236.3691 46.1538 0.5007
v 240.6926 46.1538 0.9755
v 244.8315 46.1538 1.4526
v 248.7776 46.1538 1.9281
v 252.5235 46.1538 2.3984
v 256.0618 46.1538 2.8596
v 259.3859 46.1538 3.3081
v 262.4894 46.1538 3.7403
v 265.3665 46.1538 4.1527
v 268.0116 46.1538 4.5418
v 270.4199 46.1538 4.9045
v 272.5869 46.1538 5.2378
v 274.5084 46.1538 5.5389
v 276.1810 46.1538 5.8053
v 277.6015 46.1538 6.0346
v 278.7673 46.1538 6.2250
v 279.6763 46.1538 6.3748
v 280.3267 46.1538 6.4828
v 280.7175 46.1538 6.5479
v 280.8478 46.1538 6.5697
v 289.6867 92.3077 9.4619
v 289.5609 92.3077 9.4715
v 289.1835 92.3077 9.5005
v 288.5555 92.3077 9.5488
v 287.6783 92.3077 9.6163
v 286.5537 92.3077 9.7032
v 285.1842 92.3077 9.8094
v 283.5728 92.3077 9.9349
v 281.7230 92.3077 10.0797
v 279.6388 92.3077 10.2439
v 277.3247 92.3077 10.4275
v 274.7856 92.3077 10.6306
v 272.0271 92.3077 10.8533
v 269.0550 92.3077 11.0957
v 265.8757 92.3077 11.3579
v 262.4959 92.3077 11.6401
v 258.9227 92.3077 11.9424
v 255.1637 92.3077 12.2649
v 251.2267 92.3077 12.6078
v 247.1200 92.3077 12.9712
v 242.8522 92.3077 13.3552
v 238.4320 92.3077 13.7597
v 233.8686 92.3077 14.1847
v 229.1713 92.3077 14.6299
v 224.3499 92.3077 15.0952
v 219.4141 92.3077 15.5800
v 214.3738 92.3077 16.0839
v 209.2395 92.3077 16.6059
v 204.0212 92.3077 17.1452
v 198.6792 92.3077 17.6904
v 193.2552 92.3077 18.2140
v 187.7729 92.3077 18.7122
v 182.2436 92.3077 19.1822
v 176.6783 92.3077 19.6214
v 171.0885 92.3077 20.0272
v 165.4854 92.3077 20.3971
v 159.8806 92.3077 20.7288
v 154.2855 92.3077 21.0200
v 148.7116 92.3077 21.2685
v 143.1704 92.3077 21.4724
v 137.6732 92.3077 21.6299
v 132.1996 92.3077 21.7352
v 126.7714 92.3077 21.7705
v 121.4213 92.3077 21.7339
v 116.1610 92.3077 21.6257
v 111.0020 92.3077 21.4467
v 105.9553 92.3077 21.1979
v 101.0320 92.3077 20.8811
v 96.2427 92.3077 20.4983
v 91.5978 92.3077 20.0518
v 87.1073 92.3077 19.5446
v 82.7808 92.3077 18.9800
v 78.6277 92.3077 18.3615
v 74.6566 92.3077 17.6930
v 70.8760 92.3077 16.9787
v 67.2937 92.3077 16.2231
v 63.9170 92.3077 15.4306
v 60.7528 92.3077 14.6059
v 57.8075 92.3077 13.7539
v 55.0868 92.3077 12.8792
v 52.5960 92.3077 11.9865
v 50.3398 92.3077 11.0803
v 48.3223 92.3077 10.1652
v 46.5472 92.3077 9.2451
v 45.0175 92.3077 8.3238
v 43.7358 92.3077 7.4050
v 42.7041 92.3077 6.4916
v 41.9238 92.3077 5.5863
v 41.3959 92.3077 4.6912
v 41.1209 92.3077 3.8080
v 41.0987 92.3077 2.9379
v 41.3267 92.3077 2.0979
v 41.8017 92.3077 1.3048
v 42.5224 92.3077 0.5588
v 43.4865 92.3077 -0.1397
v 44.6916 92.3077 -0.7908
v 46.1345 92.3077 -1.3942
v 47.8119 92.3077 -1.9499
v 49.7198 92.3077 -2.4581
v 51.8540 92.3077 -2.9190
v 54.2095 92.3077 -3.3328
v 56.7815 92.3077 -3.7001
v 59.5643 92.3077 -4.0215
v 62.5522 92.3077 -4.2979
v 65.7391 92.3077 -4.5303
v 69.1185 92.3077 -4.7199
v 72.6836 92.3077 -4.8682
v 76.4275 92.3077 -4.9770
v 80.3429 92.3077 -5.0481
v 84.4223 92.3077 -5.0836
v 88.6579 92.3077 -5.0861
v 93.0417 92.3077 -5.0580
v 97.5656 92.3077 -5.0021
v 102.2211 92.3077 -4.9215
v 106.9996 92.3077 -4.8190
v 111.8921 92.3077 -4.6981
v 116.8898 92.3077 -4.5619
v 121.9834 92.3077 -4.4138
v 127.1634 92.3077 -4.2570
v 132.4202 92.3077 -4.0951
v 137.7652 92.3077 -3.9292
v 143.1981 92.3077 -3.7461
v 148.6765 92.3077 -3.5441
v 154.1896 92.3077 -3.3258
v 159.7265 92.3077 -3.0935
v 165.2763 92.3077 -2.8493
v 170.8280 92.3077 -2.5955
v 176.3706 92.3077 -2.3342
v 181.8930 92.3077 -2.0672
v 187.3842 92.3077 -1.7965
v 192.8333 92.3077 -1.5235
v 198.2292 92.3077 -1.2500
v 203.5741 92.3077 -0.9767
v 208.8879 92.3077 -0.6819
v 214.1094 92.3077 -0.3554
v 219.2281 92.3077 -0.0001
v 224.2337 92.3077 0.3807
v 229.1162 92.3077 0.7841
v 233.8660 92.3077 1.2066
v 238.4736 92.3077 1.6449
v 242.9300 92.3077 2.0956
v 247.2264 92.3077 2.5551
v 251.3545 92.3077 3.0199
v 255.3062 92.3077 3.4863
v 259.0738 92.3077 3.9508
v 262.6502 92.3077 4.4097
v 266.0284 92.3077 4.8594
v 269.2020 92.3077 5.2964
v 272.1650 92.3077 5.7173
v 274.9117 92.3077 6.1186
v 277.4370 92.3077 6.4972
v 279.7362 92.3077 6.8499
v 281.8049 92.3077 7.1739
v 283.6394 92.3077 7.4664
v 285.2361 92.3077 7.7252
v 286.5922 92.3077 7.9479
v 287.7051 92.3077 8.1328
v 288.5729 92.3077 8.2783
v 289.1938 92.3077 8.3831
v 289.5669 92.3077 8.4463
v 289.6913 92.3077 8.4674
v 298.5248 138.4615 11.3467
v 298.4048 138.4615 11.3555
v 298.0452 138.4615 11.3819
v 297.4466 138.4615 11.4260
v 296.6104 138.4615 11.4878
v 295.5384 138.4615 11.5671
v 294.2331 138.4615 11.6642
v 292.6971 138.4615 11.7789
v 290.9338 138.4615 11.9113
v 288.9471 138.4615 12.0614
v 286.7413 138.4615 12.2293
v 284.3211 138.4615 12.4152
v 281.6916 138.4615 12.6190
v 278.8586 138.4615 12.8410
v 275.8280 138.4615 13.0812
v 272.6063 138.4615 13.3398
v 269.2002 138.4615 13.6170
v 265.6170 138.4615 13.9130
v 261.8642 138.4615 14.2278
v 257.9496 138.4615 14.5616
v 253.8813 138.4615 14.9146
v 249.6678 138.4615 15.2866
v 245.3177 138.4615 15.6777
v 240.8401 138.4615 16.0878
v 236.2440 138.4615 16.5165
v 231.5388 138.4615 16.9635
v 226.7341 138.4615 17.4284
v 221.8397 138.4615 17.9103
v 216.8652 138.4615 18.4083
v 211.7728 138.4615 18.9116
v 206.6023 138.4615 19.3941
v 201.3764 138.4615 19.8522
v 196.1057 138.4615 20.2833
v 190.8009 138.4615 20.6850
v 185.4727 138.4615 21.0547
v 180.1321 138.4615 21.3902
v 174.7898 138.4615 21.6893
v 169.4570 138.4615 21.9497
v 164.1445 138.4615 22.1696
v 158.8633 138.4615 22.3471
v 153.6242 138.4615 22.4805
v 148.4077 138.4615 22.5642
v 143.2347 138.4615 22.5813
v 138.1364 138.4615 22.5302
v 133.1239 138.4615 22.4111
v 128.2080 138.4615 22.2248
v 123.3995 138.4615 21.9725
v 118.7087 138.4615 21.6556
v 114.1458 138.4615 21.2762
v 109.7207 138.4615 20.8366
v 105.4430 138.4615 20.3396
v 101.3218 138.4615 19.7884
v 97.3658 138.4615 19.1864
v 93.5836 138.4615 18.5373
v 89.9829 138.4615 17.8451
v 86.5714 138.4615 17.1141
v 83.3560 138.4615 16.3486
v 80.3431 138.4615 15.5531
v 77.5389 138.4615 14.7322
v 74.9488 138.4615 13.8904
v 72.5779 138.4615 13.0321
v 70.4305 138.4615 12.1617
v 68.5107 138.4615 11.2835
v 66.8219 138.4615 10.4013
v 65.3669 138.4615 9.5187
v 64.1483 138.4615 8.6392
v 63.1679 138.4615 7.7656
v 62.4271 138.4615 6.9005
v 61.9268 138.4615 6.0460
v 61.6674 138.4615 5.2035
v 61.6488 138.4615 4.3742
v 61.8686 138.4615 3.5744
v 62.3238 138.4615 2.8200
v 63.0128 138.4615 2.1114
v 63.9337 138.4615 1.4486
v 65.0841 138.4615 0.8318
v 66.4610 138.4615 0.2612
v 68.0612 138.4615 -0.2633
v 69.8809 138.4615 -0.7418
v 71.9160 138.4615 -1.1745
v 74.1621 138.4615 -1.5617
v 76.6142 138.4615 -1.9039
v 79.2671 138.4615 -2.2018
v 82.1153 138.4615 -2.4561
v 85.1530 138.4615 -2.6678
v 88.3740 138.4615 -2.8383
v 91.7719 138.4615 -2.9688
v 95.3400 138.4615 -3.0610
v 99.0715 138.4615 -3.1169
v 102.9591 138.4615 -3.1384
v 106.9955 138.4615 -3.1279
v 111.1731 138.4615 -3.0878
v 115.4840 138.4615 -3.0208
v 119.9203 138.4615 -2.9298
v 124.4737 138.4615 -2.8177
v 129.1358 138.4615 -2.6875
v 133.8980 138.4615 -2.5425
v 138.7515 138.4615 -2.3859
v 143.6874 138.4615 -2.2208
v 148.6965 138.4615 -2.0505
v 153.7895 138.4615 -1.8762
v 158.9664 138.4615 -1.6851
v 164.1865 138.4615 -1.4761
v 169.4396 138.4615 -1.2513
v 174.7154 138.4615 -1.0130
v 180.0034 138.4615 -0.7635
v 185.2932 138.4615 -0.5048
v 190.5743 138.4615 -0.2389
v 195.8361 138.4615 0.0323
v 201.0683 138.4615 0.3070
v 206.2602 138.4615 0.5837
v 211.4016 138.4615 0.8608
v 216.4942 138.4615 1.1374
v 221.5571 138.4615 1.4345
v 226.5321 138.4615 1.7615
v 231.4089 138.4615 2.1156
v 236.1779 138.4615 2.4938
v 240.8296 138.4615 2.8930
v 245.3547 138.4615 3.3101
v 249.7443 138.4615 3.7418
v 253.9897 138.4615 4.1848
v 258.0826 138.4615 4.6358
v 262.0151 138.4615 5.0912
v 265.7795 138.4615 5.5477
v 269.3685 138.4615 6.0018
v 272.7753 138.4615 6.4500
v 275.9932 138.4615 6.8888
v 279.0162 138.4615 7.3149
v 281.8386 138.4615 7.7250
v 284.4549 138.4615 8.1158
v 286.8603 138.4615 8.4842
v 289.0503 138.4615 8.8273
v 291.0207 138.4615 9.1423
v 292.7680 138.4615 9.4267
v 294.2888 138.4615 9.6781
v 295.5805 138.4615 9.8945
v 296.6405 138.4615 10.0741
v 297.4670 138.4615 10.2153
v 298.0584 138.4615 10.3171
v 298.4137 138.4615 10.3785
v 298.5322 138.4615 10.3990
v 307.3609 184.6154 13.2331
v 307.2468 184.6154 13.2411
v 306.9048 184.6154 13.2650
v 306.3356 184.6154 13.3049
v 305.5405 184.6154 13.3608
v 304.5212 184.6154 13.4327
v 303.2799 184.6154 13.5205
v 301.8193 184.6154 13.6244
v 300.1426 184.6154 13.7443
v 298.2535 184.6154 13.8804
v 296.1560 184.6154 14.0327
v 293.8546 184.6154 14.2012
v 291.3542 184.6154 14.3862
v 288.6603 184.6154 14.5877
v 285.7784 184.6154 14.8058
v 282.7149 184.6154 15.0409
v 279.4760 184.6154 15.2930
v 276.0687 184.6154 15.5623
v 272.5000 184.6154 15.8490
v 268.7775 184.6154 16.1532
v 264.9088 184.6154 16.4751
v 260.9020 184.6154 16.8146
v 256.7653 184.6154 17.1718
v 252.5073 184.6154 17.5466
v 248.1366 184.6154 17.9388
v 243.6622 184.6154 18.3480
v 239.0931 184.6154 18.7737
v 234.4386 184.6154 19.2154
v 229.7080 184.6154 19.6722
v 224.8652 184.6154 20.1336
v 219.9483 184.6154 20.5749
v 214.9788 184.6154 20.9928
v 209.9668 184.6154 21.3850
v 204.9225 184.6154 21.7490
v 199.8560 184.6154 22.0826
v 194.7779 184.6154 22.3837
v 189.6983 184.6154 22.6500
v 184.6278 184.6154 22.8797
v 179.5768 184.6154 23.0709
v 174.5556 184.6154 23.2219
v 169.5747 184.6154 23.3312
v 164.6154 184.6154 23.3932
v 159.6976 184.6154 23.3922
v 154.8512 184.6154 23.3265
v 150.0864 184.6154 23.1965
v 145.4138 184.6154 23.0029
v 140.8434 184.6154 22.7468
v 136.3852 184.6154 22.4298
v 132.0488 184.6154 22.0538
v 127.8436 184.6154 21.6211
v 123.7787 184.6154 21.1343
v 119.8627 184.6154 20.5965
v 116.1041 184.6154 20.0109
v 112.5107 184.6154 19.3811
v 109.0901 184.6154 18.7111
v 105.8494 184.6154 18.0047
v 102.7952 184.6154 17.2662
v 99.9337 184.6154 16.4999
v 97.2707 184.6154 15.7100
v 94.8113 184.6154 14.9011
v 92.5602 184.6154 14.0772
v 90.5218 184.6154 13.2426
v 88.6997 184.6154 12.4012
v 87.0972 184.6154 11.5569
v 85.7170 184.6154 10.7130
v 84.5615 184.6154 9.8728
v 83.6324 184.6154 9.0391
v 82.9310 184.6154 8.2142
v 82.4583 184.6154 7.4001
v 82.2145 184.6154 6.5984
v 82.1997 184.6154 5.8100
v 82.4113 184.6154 5.0504
v 82.8465 184.6154 4.3348
v 83.5039 184.6154 3.6634
v 84.3816 184.6154 3.0364
v 85.4772 184.6154 2.4539
v 86.7881 184.6154 1.9161
v 88.3111 184.6154 1.4228
v 90.0426 184.6154 0.9741
v 91.9787 184.6154 0.5696
v 94.1152 184.6154 0.2090
v 96.4474 184.6154 -0.1081
v 98.9704 184.6154 -0.3823
v 101.6789 184.6154 -0.6145
v 104.5674 184.6154 -0.8057
v 107.6300 184.6154 -0.9569
v 110.8606 184.6154 -1.0695
v 114.2529 184.6154 -1.1453
v 117.8004 184.6154 -1.1858
v 121.4962 184.6154 -1.1933
v 125.3333 184.6154 -1.1697
v 129.3046 184.6154 -1.1176
v 133.4025 184.6154 -1.0394
v 137.6195 184.6154 -0.9380
v 141.9478 184.6154 -0.8161
v 146.3794 184.6154 -0.6768
v 150.9060 184.6154 -0.5230
v 155.5195 184.6154 -0.3578
v 160.2112 184.6154 -0.1843
v 164.9725 184.6154 -0.0056
v 169.8136 184.6154 0.1772
v 174.7343 184.6154 0.3762
v 179.6961 184.6154 0.5925
v 184.6892 184.6154 0.8238
v 189.7037 184.6154 1.0680
v 194.7299 184.6154 1.3229
v 199.7578 184.6154 1.5866
v 204.7773 184.6154 1.8571
v 209.7785 184.6154 2.1326
v 214.7515 184.6154 2.4113
v 219.6862 184.6154 2.6917
v 224.5729 184.6154 2.9724
v 229.4132 184.6154 3.2525
v 234.2253 184.6154 3.5519
v 238.9536 184.6154 3.8795
v 243.5885 184.6154 4.2324
v 248.1209 184.6154 4.6080
v 252.5416 184.6154 5.0031
v 256.8420 184.6154 5.4147
v 261.0135 184.6154 5.8399
v 265.0479 184.6154 6.2753
v 268.9373 184.6154 6.7177
v 272.6741 184.6154 7.1639
v 276.2512 184.6154 7.6105
v 279.6616 184.6154 8.0542
v 282.8987 184.6154 8.4917
v 285.9563 184.6154 8.9196
v 288.8287 184.6154 9.3349
v 291.5103 184.6154 9.7342
v 293.9962 184.6154 10.1144
v 296.2817 184.6154 10.4727
v 298.3624 184.6154 10.8063
v 300.2345 184.6154 11.1124
v 301.8946 184.6154 11.3886
v 303.3395 184.6154 11.6327
v 304.5667 184.6154 11.8427
v 305.5738 184.6154 12.0170
v 306.3590 184.6154 12.1541
v 306.9209 184.6154 12.2528
v 307.2585 184.6154 12.3123
v 307.3711 184.6154 12.3322
v 316.1954 230.7692 15.1020
v 316.0872 230.7692 15.1091
v 315.7628 230.7692 15.1306
v 315.2230 230.7692 15.1664
v 314.4690 230.7692 15.2165
v 313.5023 230.7692 15.2809
v 312.3252 230.7692 15.3597
v 310.9401 230.7692 15.4530
v 309.3500 230.7692 15.5606
v 307.5585 230.7692 15.6828
v 305.5693 230.7692 15.8196
v 303.3868 230.7692 15.9711
v 301.0156 230.7692 16.1374
v 298.4608 230.7692 16.3187
v 295.7278 230.7692 16.5152
v 292.8224 230.7692 16.7270
v 289.7508 230.7692 16.9543
v 286.5194 230.7692 17.1973
v 283.1350 230.7692 17.4562
v 279.6046 230.7692 17.7312
v 275.9357 230.7692 18.0224
v 272.1357 230.7692 18.3299
v 268.2125 230.7692 18.6536
v 264.1742 230.7692 18.9936
v 260.0290 230.7692 19.3496
v 255.7854 230.7692 19.7214
v 251.4520 230.7692 20.1085
v 247.0376 230.7692 20.5105
v 242.5509 230.7692 20.9265
v 237.9579 230.7692 21.3464
v 233.2947 230.7692 21.7471
v 228.5817 230.7692 22.1254
v 223.8285 230.7692 22.4791
v 219.0447 230.7692 22.8060
v 214.2402 230.7692 23.1040
v 209.4246 230.7692 23.3711
v 204.6078 230.7692 23.6053
v 199.7997 230.7692 23.8047
v 195.0103 230.7692 23.9678
v 190.2492 230.7692 24.0928
v 185.5265 230.7692 24.1784
v 180.8245 230.7692 24.2194
v 176.1620 230.7692 24.2006
v 171.5674 230.7692 24.1208
v 167.0505 230.7692 23.9804
v 162.6212 230.7692 23.7800
v 158.2891 230.7692 23.5207
v 154.0635 230.7692 23.2041
v 149.9536 230.7692 22.8320
v 145.9683 230.7692 22.4065
v 142.1161 230.7692 21.9304
v 138.4054 230.7692 21.4063
v 134.8440 230.7692 20.8375
v 131.4395 230.7692 20.2275
v 128.1989 230.7692 19.5799
v 125.1290 230.7692 18.8985
v 122.2361 230.7692 18.1873
v 119.5259 230.7692 17.4504
v 117.0040 230.7692 16.6920
v 114.6752 230.7692 15.9162
v 112.5440 230.7692 15.1269
v 110.6144 230.7692 14.3283
v 108.8899 230.7692 13.5241
v 107.3737 230.7692 12.7178
v 106.0682 230.7692 11.9127
v 104.9757 230.7692 11.1120
v 104.0978 230.7692 10.3182
v 103.4359 230.7692 9.5336
v 102.9906 230.7692 8.7601
v 102.7624 230.7692 7.9991
v 102.7512 230.7692 7.2515
v 102.9546 230.7692 6.5321
v 103.3698 230.7692 5.8553
v 103.9955 230.7692 5.2211
v 104.8298 230.7692 4.6298
v 105.8707 230.7692 4.0816
v 107.1155 230.7692 3.5764
v 108.5611 230.7692 3.1143
v 110.2044 230.7692 2.6950
v 112.0414 230.7692 2.3185
v 114.0683 230.7692 1.9844
v 116.2806 230.7692 1.6922
v 118.6736 230.7692 1.4413
v 121.2423 230.7692 1.2309
v 123.9814 230.7692 1.0601
v 126.8856 230.7692 0.9278
v 129.9489 230.7692 0.8327
v 133.1654 230.7692 0.7731
v 136.5288 230.7692 0.7474
v 140.0327 230.7692 0.7538
v 143.6706 230.7692 0.7899
v 147.4354 230.7692 0.8537
v 151.3203 230.7692 0.9426
v 155.3180 230.7692 1.0539
v 159.4211 230.7692 1.1851
v 163.6221 230.7692 1.3332
v 167.9132 230.7692 1.4954
v 172.2865 230.7692 1.6687
v 176.7340 230.7692 1.8501
v 181.2475 230.7692 2.0367
v 185.8366 230.7692 2.2275
v 190.5011 230.7692 2.4339
v 195.2044 230.7692 2.6568
v 199.9375 230.7692 2.8942
v 204.6908 230.7692 3.1438
v 209.4551 230.7692 3.4036
v 214.2210 230.7692 3.6718
v 218.9789 230.7692 3.9464
v 223.7195 230.7692 4.2256
v 228.4332 230.7692 4.5078
v 233.1108 230.7692 4.7914
v 237.7427 230.7692 5.0752
v 242.3307 230.7692 5.3582
v 246.8919 230.7692 5.6594
v 251.3735 230.7692 5.9871
v 255.7665 230.7692 6.3384
v 260.0622 230.7692 6.7108
v 264.2520 230.7692 7.1014
v 268.3276 230.7692 7.5072
v 272.2810 230.7692 7.9253
v 276.1043 230.7692 8.3527
v 279.7902 230.7692 8.7862
v 283.3314 230.7692 9.2226
v 286.7212 230.7692 9.6590
v 289.9529 230.7692 10.0920
v 293.0203 230.7692 10.5184
v 295.9177 230.7692 10.9352
v 298.6394 230.7692 11.3392
v 301.1804 230.7692 11.7275
v 303.5358 230.7692 12.0970
v 305.7013 230.7692 12.4449
v 307.6728 230.7692 12.7687
v 309.4467 230.7692 13.0656
v 311.0195 230.7692 13.3335
v 312.3886 230.7692 13.5701
v 313.5513 230.7692 13.7737
v 314.5055 230.7692 13.9426
v 315.2494 230.7692 14.0753
v 315.7818 230.7692 14.1709
v 316.1016 230.7692 14.2286
v 316.2083 230.7692 14.2479
v 325.0287 276.9231 16.9398
v 324.9264 276.9231 16.9462
v 324.6198 276.9231 16.9652
v 324.1094 276.9231 16.9970
v 323.3965 276.9231 17.0415
v 322.4825 276.9231 17.0987
v 321.3695 276.9231 17.1687
v 320.0599 276.9231 17.2515
v 318.5565 276.9231 17.3472
v 316.8626 276.9231 17.4558
v 314.9819 276.9231 17.5775
v 312.9183 276.9231 17.7124
v 310.6763 276.9231 17.8605
v 308.2607 276.9231 18.0221
v 305.6766 276.9231 18.1974
v 302.9296 276.9231 18.3865
v 300.0253 276.9231 18.5896
v 296.9699 276.9231 18.8070
v 293.7699 276.9231 19.0388
v 290.4318 276.9231 19.2852
v 286.9626 276.9231 19.5464
v 283.3695 276.9231 19.8225
v 279.6600 276.9231 20.1135
v 275.8415 276.9231 20.4194
v 271.9220 276.9231 20.7401
v 267.9094 276.9231 21.0753
v 263.8118 276.9231 21.4247
v 259.6375 276.9231 21.7878
v 255.3950 276.9231 22.1639
v 251.0519 276.9231 22.5432
v 246.6425 276.9231 22.9042
v 242.1862 276.9231 23.2437
v 237.6920 276.9231 23.5599
v 233.1689 276.9231 23.8506
v 228.6263 276.9231 24.1139
v 224.0734 276.9231 24.3480
v 219.5195 276.9231 24.5509
v 214.9740 276.9231 24.7211
v 210.4462 276.9231 24.8569
v 205.9454 276.9231 24.9569
v 201.4810 276.9231 25.0197
v 197.0363 276.9231 25.0405
v 192.6293 276.9231 25.0049
v 188.2865 276.9231 24.9120
v 184.0176 276.9231 24.7619
v 179.8316 276.9231 24.5556
v 175.7377 276.9231 24.2939
v 171.7447 276.9231 23.9785
v 167.8613 276.9231 23.6111
v 164.0958 276.9231 23.1937
v 160.4565 276.9231 22.7289
v 156.9510 276.9231 22.2193
v 153.5868 276.9231 21.6681
v 150.3710 276.9231 21.0785
v 147.3104 276.9231 20.4539
v 144.4112 276.9231 19.7981
v 141.6794 276.9231 19.1148
v 139.1205 276.9231 18.4079
v 136.7396 276.9231 17.6814
v 134.5413 276.9231 16.9391
v 132.5298 276.9231 16.1850
v 130.7089 276.9231 15.4227
v 129.0820 276.9231 14.6559
v 127.6518 276.9231 13.8880
v 126.4209 276.9231 13.1220
v 125.3913 276.9231 12.3610
v 124.5646 276.9231 11.6073
v 123.9419 276.9231 10.8631
v 123.5239 276.9231 10.1303
v 123.3111 276.9231 9.4100
v 123.3034 276.9231 8.7034
v 123.4984 276.9231 8.0242
v 123.8934 276.9231 7.3860
v 124.4873 276.9231 6.7889
v 125.2782 276.9231 6.2332
v 126.2642 276.9231 5.7190
v 127.4427 276.9231 5.2462
v 128.8110 276.9231 4.8149
v 130.3658 276.9231 4.4249
v 132.1037 276.9231 4.0761
v 134.0209 276.9231 3.7680
v 136.1131 276.9231 3.5002
v 138.3760 276.9231 3.2722
v 140.8048 276.9231 3.0832
v 143.3947 276.9231 2.9322
v 146.1403 276.9231 2.8183
v 149.0362 276.9231 2.7400
v 152.0767 276.9231 2.6960
v 155.2561 276.9231 2.6846
v 158.5681 276.9231 2.7040
v 162.0066 276.9231 2.7521
v 165.5650 276.9231 2.8268
v 169.2368 276.9231 2.9256
v 173.0152 276.9231 3.0462
v 176.8931 276.9231 3.1858
v 180.8635 276.9231 3.3419
v 184.9189 276.9231 3.5116
v 189.0521 276.9231 3.6921
v 193.2554 276.9231 3.8806
v 197.5209 276.9231 4.0742
v 201.8580 276.9231 4.2721
v 206.2662 276.9231 4.4850
v 210.7112 276.9231 4.7137
v 215.1841 276.9231 4.9562
v 219.6762 276.9231 5.2103
v 224.1786 276.9231 5.4741
v 228.6824 276.9231 5.7458
v 233.1788 276.9231 6.0235
v 237.6587 276.9231 6.3056
v 242.1132 276.9231 6.5903
v 246.5335 276.9231 6.8763
v 250.9107 276.9231 7.1622
v 255.2464 276.9231 7.4473
v 259.5566 276.9231 7.7495
v 263.7915 276.9231 8.0763
v 267.9426 276.9231 8.4252
v 272.0017 276.9231 8.7936
v 275.9605 276.9231 9.1788
v 279.8114 276.9231 9.5780
v 283.5467 276.9231 9.9883
v 287.1590 276.9231 10.4069
v 290.6414 276.9231 10.8307
v 293.9870 276.9231 11.2569
v 297.1894 276.9231 11.6822
v 300.2425 276.9231 12.1039
v 303.1403 276.9231 12.5187
v 305.8774 276.9231 12.9237
v 308.4486 276.9231 13.3161
v 310.8489 276.9231 13.6927
v 313.0740 276.9231 14.0510
v 315.1195 276.9231 14.3882
v 316.9818 276.9231 14.7017
v 318.6574 276.9231 14.9892
v 320.1431 276.9231 15.2484
v 321.4363 276.9231 15.4773
v 322.5345 276.9231 15.6742
v 323.4358 276.9231 15.8375
v 324.1385 276.9231 15.9658
v 324.6414 276.9231 16.0582
v 324.9434 276.9231 16.1139
v 325.0442 276.9231 16.1326
v 333.8615 323.0769 18.7363
v 333.7651 323.0769 18.7419
v 333.4761 323.0769 18.7586
v 332.9952 323.0769 18.7865
v 332.3234 323.0769 18.8256
v 331.4622 323.0769 18.8758
v 330.4134 323.0769 18.9373
v 329.1793 323.0769 19.0101
v 327.7626 323.0769 19.0942
v 326.1664 323.0769 19.1898
v 324.3941 323.0769 19.2969
v 322.4496 323.0769 19.4156
v 320.3369 323.0769 19.5462
v 318.0606 323.0769 19.6888
v 315.6255 323.0769 19.8435
v 313.0368 323.0769 20.0107
v 310.3000 323.0769 20.1904
v 307.4208 323.0769 20.3829
v 304.4052 323.0769 20.5885
v 301.2595 323.0769 20.8073
v 297.9903 323.0769 21.0395
v 294.6043 323.0769 21.2852
v 291.1085 323.0769 21.5445
v 287.5100 323.0769 21.8174
v 283.8163 323.0769 22.1038
v 280.0348 323.0769 22.4035
v 276.1732 323.0769 22.7162
v 272.2393 323.0769 23.0415
v 268.2411 323.0769 23.3788
v 264.1481 323.0769 23.7188
v 259.9927 323.0769 24.0411
v 255.7932 323.0769 24.3432
v 251.5581 323.0769 24.6230
v 247.2959 323.0769 24.8788
v 243.0154 323.0769 25.1087
v 238.7254 323.0769 25.3109
v 234.4345 323.0769 25.4839
v 230.1516 323.0769 25.6260
v 225.8856 323.0769 25.7358
v 221.6452 323.0769 25.8119
v 217.4391 323.0769 25.8533
v 213.2519 323.0769 25.8550
v 209.1003 323.0769 25.8038
v 205.0096 323.0769 25.6989
v 200.9885 323.0769 25.5404
v 197.0459 323.0769 25.3292
v 193.1902 323.0769 25.0664
v 189.4298 323.0769 24.7532
v 185.7729 323.0769 24.3915
v 182.2273 323.0769 23.9832
v 178.8006 323.0769 23.5308
v 175.5002 323.0769 23.0367
v 172.3332 323.0769 22.5039
v 169.3061 323.0769 21.9356
v 166.4252 323.0769 21.3350
v 163.6966 323.0769 20.7055
v 161.1259 323.0769 20.0509
v 158.7180 323.0769 19.3747
v 156.4780 323.0769 18.6807
v 154.4100 323.0769 17.9726
v 152.5181 323.0769 17.2541
v 150.8057 323.0769 16.5287
v 149.2761 323.0769 15.7998
v 147.9319 323.0769 15.0707
v 146.7754 323.0769 14.3442
v 145.8085 323.0769 13.6231
v 145.0326 323.0769 12.9097
v 144.4490 323.0769 12.2062
v 144.0582 323.0769 11.5141
v 143.8606 323.0769 10.8348
v 143.8561 323.0769 10.1691
v 144.0426 323.0769 9.5300
v 144.4173 323.0769 8.9303
v 144.9791 323.0769 8.3702
v 145.7265 323.0769 7.8499
v 146.6574 323.0769 7.3694
v 147.7695 323.0769 6.9288
v 149.0602 323.0769 6.5279
v 150.5266 323.0769 6.1668
v 152.1652 323.0769 5.8451
v 153.9725 323.0769 5.5625
v 155.9446 323.0769 5.3186
v 158.0773 323.0769 5.1129
v 160.3662 323.0769 4.9445
v 162.8066 323.0769 4.8127
v 165.3935 323.0769 4.7164
v 168.1220 323.0769 4.6542
v 170.9866 323.0769 4.6250
v 173.9818 323.0769 4.6270
v 177.1019 323.0769 4.6585
v 180.3409 323.0769 4.7176
v 183.6929 323.0769 4.8022
v 187.1516 323.0769 4.9100
v 190.7106 323.0769 5.0387
v 194.3632 323.0769 5.1858
v 198.1030 323.0769 5.3487
v 201.9228 323.0769 5.5248
v 205.8158 323.0769 5.7114
v 209.7748 323.0769 5.9058
v 213.7924 323.0769 6.1054
v 217.8774 323.0769 6.3091
v 222.0294 323.0769 6.5274
v 226.2160 323.0769 6.7607
v 230.4288 323.0769 7.0070
v 234.6596 323.0769 7.2644
v 238.9001 323.0769 7.5309
v 243.1419 323.0769 7.8049
v 247.3766 323.0769 8.0846
v 251.5958 323.0769 8.3682
v 255.7912 323.0769 8.6543
v 259.9542 323.0769 8.9415
v 264.0767 323.0769 9.2283
v 268.1600 323.0769 9.5143
v 272.2193 323.0769 9.8162
v 276.2076 323.0769 10.1410
v 280.1168 323.0769 10.4864
v 283.9392 323.0769 10.8497
v 287.6672 323.0769 11.2284
v 291.2933 323.0769 11.6199
v 294.8105 323.0769 12.0214
v 298.2119 323.0769 12.4302
v 301.4909 323.0769 12.8434
v 304.6410 323.0769 13.2583
v 307.6561 323.0769 13.6719
v 310.5306 323.0769 14.0813
v 313.2589 323.0769 14.4837
v 315.8358 323.0769 14.8762
v 318.2564 323.0769 15.2561
v 320.5162 323.0769 15.6206
v 322.6109 323.0769 15.9670
v 324.5366 323.0769 16.2929
v 326.2898 323.0769 16.5957
v 327.8671 323.0769 16.8732
v 329.2657 323.0769 17.1234
v 330.4830 323.0769 17.3442
v 331.5169 323.0769 17.5341
v 332.3653 323.0769 17.6915
v 333.0268 323.0769 17.8152
v 333.5001 323.0769 17.9043
v 333.7845 323.0769 17.9580
v 333.8793 323.0769 17.9759
v 342.6942 369.2308 20.4832
v 342.6037 369.2308 20.4880
v 342.3324 369.2308 20.5025
v 341.8809 369.2308 20.5267
v 341.2503 369.2308 20.5605
v 340.4418 369.2308 20.6041
v 339.4572 369.2308 20.6574
v 338.2988 369.2308 20.7206
v 336.9689 369.2308 20.7936
v 335.4704 369.2308 20.8767
v 333.8067 369.2308 20.9698
v 331.9812 369.2308 21.0732
v 329.9979 369.2308 21.1869
v 327.8610 369.2308 21.3113
v 325.5751 369.2308 21.4463
v 323.1449 369.2308 21.5924
v 320.5756 369.2308 21.7497
v 317.8727 369.2308 21.9184
v 315.0417 369.2308 22.0987
v 312.0885 369.2308 22.2910
v 309.0194 369.2308 22.4953
v 305.8406 369.2308 22.7117
v 302.5587 369.2308 22.9405
v 299.1804 369.2308 23.1816
v 295.7126 369.2308 23.4350
v 292.1624 369.2308 23.7006
v 288.5370 369.2308 23.9780
v 284.8437 369.2308 24.2669
v 281.0899 369.2308 24.5668
v 277.2472 369.2308 24.8688
v 273.3461 369.2308 25.1540
v 269.4036 369.2308 25.4200
v 265.4277 369.2308 25.6650
v 261.4266 369.2308 25.8873
v 257.4084 369.2308 26.0852
v 253.3813 369.2308 26.2571
v 249.3536 369.2308 26.4016
v 245.3335 369.2308 26.5171
v 241.3294 369.2308 26.6024
v 237.3495 369.2308 26.6562
v 233.4019 369.2308 26.6774
v 229.4721 369.2308 26.6616
v 225.5761 369.2308 26.5963
v 221.7374 369.2308 26.4808
v 217.9643 369.2308 26.3153
v 214.2650 369.2308 26.1007
v 210.6475 369.2308 25.8379
v 207.1197 369.2308 25.5284
v 203.6891 369.2308 25.1737
v 200.3633 369.2308 24.7757
v 197.1492 369.2308 24.3368
v 194.0539 369.2308 23.8594
v 191.0838 369.2308 23.3462
v 188.2452 369.2308 22.8002
v 185.5441 369.2308 22.2245
v 182.9859 369.2308 21.6224
v 180.5759 369.2308 20.9973
v 178.3190 369.2308 20.3527
v 176.2196 369.2308 19.6920
v 174.2817 369.2308 19.0189
v 172.5092 369.2308 18.3367
v 170.9051 369.2308 17.6488
v 169.4726 369.2308 16.9583
v 168.2141 369.2308 16.2684
v 167.1317 369.2308 15.5818
v 166.2273 369.2308 14.9010
v 165.5022 369.2308 14.2283
v 164.9573 369.2308 13.5656
v 164.5935 369.2308 12.9144
v 164.4109 369.2308 12.2761
v 164.4094 369.2308 11.6513
v 164.5871 369.2308 11.0523
v 164.9412 369.2308 10.4910
v 165.4708 369.2308 9.9677
v 166.1744 369.2308 9.4825
v 167.0500 369.2308 9.0355
v 168.0956 369.2308 8.6265
v 169.3086 369.2308 8.2557
v 170.6863 369.2308 7.9229
v 172.2255 369.2308 7.6278
v 173.9228 369.2308 7.3701
v 175.7747 369.2308 7.1495
v 177.7771 369.2308 6.9653
v 179.9259 369.2308 6.8168
v 182.2168 369.2308 6.7033
v 184.6450 369.2308 6.6236
v 187.2060 369.2308 6.5767
v 189.8945 369.2308 6.5611
v 192.7055 369.2308 6.5755
v 195.6336 369.2308 6.6181
v 198.6732 369.2308 6.6870
v 201.8187 369.2308 6.7804
v 205.0642 369.2308 6.8960
v 208.4038 369.2308 7.0316
v 211.8312 369.2308 7.1849
v 215.3403 369.2308 7.3534
v 218.9245 369.2308 7.5345
v 222.5773 369.2308 7.7259
v 226.2920 369.2308 7.9248
v 230.0617 369.2308 8.1288
v 233.8946 369.2308 8.3371
v 237.7904 369.2308 8.5592
v 241.7185 369.2308 8.7956
v 245.6712 369.2308 9.0443
v 249.6408 369.2308 9.3035
v 253.6194 369.2308 9.5713
v 257.5992 369.2308 9.8461
v 261.5723 369.2308 10.1262
v 265.5309 369.2308 10.4100
v 269.4670 369.2308 10.6960
v 273.3728 369.2308 10.9828
v 277.2406 369.2308 11.2692
v 281.0716 369.2308 11.5546
v 284.8800 369.2308 11.8548
v 288.6217 369.2308 12.1763
v 292.2890 369.2308 12.5167
v 295.8748 369.2308 12.8736
v 299.3720 369.2308 13.2446
v 302.7735 369.2308 13.6271
v 306.0727 369.2308 14.0186
v 309.2632 369.2308 14.4164
v 312.3388 369.2308 14.8179
v 315.2934 369.2308 15.2203
v 318.1215 369.2308 15.6210
v 320.8175 369.2308 16.0172
v 323.3763 369.2308 16.4062
v 325.7931 369.2308 16.7854
v 328.0633 369.2308 17.1520
v 330.1826 369.2308 17.5035
v 332.1470 369.2308 17.8373
v 333.9529 369.2308 18.1511
v 335.5970 369.2308 18.4426
v 337.0762 369.2308 18.7097
v 338.3877 369.2308 18.9503
v 339.5293 369.2308 19.1626
v 340.4987 369.2308 19.3451
v 341.2943 369.2308 19.4964
v 341.9146 369.2308 19.6152
v 342.3585 369.2308 19.7008
v 342.6251 369.2308 19.7524
v 342.7140 369.2308 19.7696
v 351.5273 415.3846 22.1734
v 351.4427 415.3846 22.1775
v 351.1892 415.3846 22.1899
v 350.7672 415.3846 22.2105
v 350.1777 415.3846 22.2394
v 349.4220 415.3846 22.2767
v 348.5017 415.3846 22.3223
v 347.4189 415.3846 22.3763
v 346.1758 415.3846 22.4388
v 344.7752 415.3846 22.5100
v 343.2201 415.3846 22.5898
v 341.5138 415.3846 22.6786
v 339.6600 415.3846 22.7763
v 337.6626 415.3846 22.8833
v 335.5258 415.3846 22.9997
v 333.2543 415.3846 23.1257
v 330.8527 415.3846 23.2616
v 328.3261 415.3846 23.4076
v 325.6798 415.3846 23.5640
v 322.9194 415.3846 23.7309
v 320.0505 415.3846 23.9086
v 317.0790 415.3846 24.0972
v 314.0112 415.3846 24.2968
v 310.8532 415.3846 24.5076
v 307.6116 415.3846 24.7295
v 304.2929 415.3846 24.9623
v 300.9039 415.3846 25.2059
v 297.4513 415.3846 25.4600
v 293.9422 415.3846 25.7241
v 290.3501 415.3846 25.9898
v 286.7033 415.3846 26.2395
v 283.0180 415.3846 26.4711
v 279.3016 415.3846 26.6829
v 275.5617 415.3846 26.8734
v 271.8059 415.3846 27.0410
v 268.0420 415.3846 27.1843
v 264.2776 415.3846 27.3019
v 260.5205 415.3846 27.3926
v 256.7783 415.3846 27.4550
v 253.0590 415.3846 27.4882
v 249.3700 415.3846 27.4910
v 245.6978 415.3846 27.4593
v 242.0573 415.3846 27.3815
v 238.4706 415.3846 27.2570
v 234.9455 415.3846 27.0861
v 231.4895 415.3846 26.8697
v 228.1102 415.3846 26.6085
v 224.8149 415.3846 26.3041
v 221.6107 415.3846 25.9578
v 218.5045 415.3846 25.5717
v 215.5029 415.3846 25.1476
v 212.6125 415.3846 24.6882
v 209.8392 415.3846 24.1958
v 207.1890 415.3846 23.6734
v 204.6673 415.3846 23.1237
v 202.2794 415.3846 22.5501
v 200.0300 415.3846 21.9556
v 197.9237 415.3846 21.3435
v 195.9647 415.3846 20.7171
v 194.1568 415.3846 20.0797
v 192.5033 415.3846 19.4346
v 191.0073 415.3846 18.7848
v 189.6717 415.3846 18.1335
v 188.4986 415.3846 17.4833
v 187.4901 415.3846 16.8370
v 186.6479 415.3846 16.1970
v 185.9731 415.3846 15.5652
v 185.4669 415.3846 14.9436
v 185.1297 415.3846 14.3335
v 184.9618 415.3846 13.7362
v 184.9631 415.3846 13.1523
v 185.1317 415.3846 12.5933
v 185.4651 415.3846 12.0704
v 185.9622 415.3846 11.5837
v 186.6218 415.3846 11.1333
v 187.4420 415.3846 10.7193
v 188.4208 415.3846 10.3417
v 189.5559 415.3846 10.0004
v 190.8447 415.3846 9.6953
v 192.2843 415.3846 9.4262
v 193.8716 415.3846 9.1927
v 195.6030 415.3846 8.9945
v 197.4750 415.3846 8.8310
v 199.4836 415.3846 8.7015
v 201.6249 415.3846 8.6053
v 203.8944 415.3846 8.5413
v 206.2877 415.3846 8.5085
v 208.8001 415.3846 8.5055
v 211.4269 415.3846 8.5310
v 214.1629 415.3846 8.5834
v 217.0030 415.3846 8.6609
v 219.9420 415.3846 8.7617
v 222.9744 415.3846 8.8837
v 226.0945 415.3846 9.0249
v 229.2967 415.3846 9.1829
v 232.5751 415.3846 9.3554
v 235.9237 415.3846 9.5402
v 239.3363 415.3846 9.7347
v 242.8067 415.3846 9.9366
v 246.3285 415.3846 10.1435
v 249.9094 415.3846 10.3546
v 253.5489 415.3846 10.5789
v 257.2186 415.3846 10.8167
v 260.9112 415.3846 11.0662
v 264.6196 415.3846 11.3255
v 268.3363 415.3846 11.5929
v 272.0542 415.3846 11.8668
v 275.7657 415.3846 12.1457
v 279.4637 415.3846 12.4279
v 283.1407 415.3846 12.7121
v 286.7893 415.3846 12.9970
v 290.4024 415.3846 13.2813
v 293.9812 415.3846 13.5644
v 297.5387 415.3846 13.8614
v 301.0338 415.3846 14.1779
v 304.4594 415.3846 14.5118
v 307.8087 415.3846 14.8608
v 311.0751 415.3846 15.2225
v 314.2520 415.3846 15.5946
v 317.3334 415.3846 15.9746
v 320.3131 415.3846 16.3601
v 323.1854 415.3846 16.7485
v 325.9447 415.3846 17.1373
v 328.5858 415.3846 17.5240
v 331.1034 415.3846 17.9058
v 333.4929 415.3846 18.2804
v 335.7497 415.3846 18.6451
v 337.8695 415.3846 18.9974
v 339.8484 415.3846 19.3350
v 341.6827 415.3846 19.6555
v 343.3689 415.3846 19.9565
v 344.9040 415.3846 20.2360
v 346.2851 415.3846 20.4919
v 347.5097 415.3846 20.7223
v 348.5755 415.3846 20.9257
v 349.4806 415.3846 21.1004
v 350.2234 415.3846 21.2452
v 350.8026 415.3846 21.3589
v 351.2170 415.3846 21.4408
v 351.4659 415.3846 21.4902
v 351.5490 415.3846 21.5067
v 360.3616 461.5385 23.8009
v 360.2829 461.5385 23.8043
v 360.0471 461.5385 23.8147
v 359.6546 461.5385 23.8320
v 359.1063 461.5385 23.8563
v 358.4034 461.5385 23.8876
v 357.5475 461.5385 23.9259
v 356.5403 461.5385 23.9713
v 355.3842 461.5385 24.0240
v 354.0815 461.5385 24.0839
v 352.6350 461.5385 24.1513
v 351.0480 461.5385 24.2262
v 349.3237 461.5385 24.3089
v 347.4659 461.5385 24.3996
v 345.4784 461.5385 24.4983
v 343.3656 461.5385 24.6054
v 341.1318 461.5385 24.7212
v 338.7818 461.5385 24.8457
v 336.3204 461.5385 24.9794
v 333.7528 461.5385 25.1224
v 331.0842 461.5385 25.2749
v 328.3203 461.5385 25.4371
v 325.4667 461.5385 25.6092
v 322.5293 461.5385 25.7912
v 319.5139 461.5385 25.9831
v 316.4269 461.5385 26.1849
v 313.2745 461.5385 26.3964
v 310.0629 461.5385 26.6174
v 306.7987 461.5385 26.8474
v 303.4572 461.5385 27.0786
v 300.0651 461.5385 27.2946
v 296.6371 461.5385 27.4936
v 293.1804 461.5385 27.6741
v 289.7019 461.5385 27.8346
v 286.2088 461.5385 27.9739
v 282.7081 461.5385 28.0905
v 279.2072 461.5385 28.1832
v 275.7131 461.5385 28.2508
v 272.2331 461.5385 28.2923
v 268.7744 461.5385 28.3066
v 265.3441 461.5385 28.2930
v 261.9295 461.5385 28.2472
v 258.5447 461.5385 28.1587
v 255.2100 461.5385 28.0270
v 251.9328 461.5385 27.8525
v 248.7202 461.5385 27.6359
v 245.5790 461.5385 27.3781
v 242.5161 461.5385 27.0804
v 239.5381 461.5385 26.7443
v 236.6514 461.5385 26.3714
v 233.8622 461.5385 25.9638
v 231.1765 461.5385 25.5238
v 228.5998 461.5385 25.0536
v 226.1378 461.5385 24.5561
v 223.7953 461.5385 24.0338
v 221.5774 461.5385 23.4898
v 219.4884 461.5385 22.9270
v 217.5325 461.5385 22.3485
v 215.7137 461.5385 21.7574
v 214.0353 461.5385 21.1567
v 212.5006 461.5385 20.5494
v 211.1125 461.5385 19.9386
v 209.8733 461.5385 19.3270
v 208.7854 461.5385 18.7173
v 207.8505 461.5385 18.1118
v 207.0702 461.5385 17.5129
v 206.4455 461.5385 16.9225
v 205.9775 461.5385 16.3422
v 205.6667 461.5385 15.7734
v 205.5132 461.5385 15.2172
v 205.5170 461.5385 14.6743
v 205.6762 461.5385 14.1553
v 205.9886 461.5385 13.6705
v 206.4530 461.5385 13.2201
v 207.0683 461.5385 12.8042
v 207.8328 461.5385 12.4229
v 208.7447 461.5385 12.0761
v 209.8017 461.5385 11.7637
v 211.0015 461.5385 11.4857
v 212.3414 461.5385 11.2419
v 213.8184 461.5385 11.0318
v 215.4293 461.5385 10.8552
v 217.1707 461.5385 10.7114
v 219.0391 461.5385 10.5999
v 221.0306 461.5385 10.5199
v 223.1413 461.5385 10.4705
v 225.3669 461.5385 10.4505
v 227.7032 461.5385 10.4589
v 230.1456 461.5385 10.4943
v 232.6895 461.5385 10.5552
v 235.3302 461.5385 10.6398
v 238.0626 461.5385 10.7466
v 240.8818 461.5385 10.8735
v 243.7825 461.5385 11.0185
v 246.7595 461.5385 11.1796
v 249.8072 461.5385 11.3546
v 252.9202 461.5385 11.5412
v 256.0926 461.5385 11.7372
v 259.3188 461.5385 11.9404
v 262.5928 461.5385 12.1483
v 265.9216 461.5385 12.3605
v 269.3049 461.5385 12.5853
v 272.7162 461.5385 12.8227
v 276.1488 461.5385 13.0709
v 279.5960 461.5385 13.3285
v 283.0509 461.5385 13.5937
v 286.5068 461.5385 13.8649
v 289.9569 461.5385 14.1406
v 293.3943 461.5385 14.4194
v 296.8122 461.5385 14.7000
v 300.2037 461.5385 14.9810
v 303.5622 461.5385 15.2614
v 306.8888 461.5385 15.5406
v 310.1956 461.5385 15.8325
v 313.4441 461.5385 16.1423
v 316.6281 461.5385 16.4680
v 319.7410 461.5385 16.8073
v 322.7767 461.5385 17.1581
v 325.7292 461.5385 17.5182
v 328.5929 461.5385 17.8852
v 331.3619 461.5385 18.2569
v 334.0311 461.5385 18.6308
v 336.5952 461.5385 19.0046
v 339.0493 461.5385 19.3758
v 341.3887 461.5385 19.7420
v 343.6090 461.5385 20.1009
v 345.7059 461.5385 20.4501
v 347.6755 461.5385 20.7871
v 349.5142 461.5385 21.1098
v 351.2184 461.5385 21.4159
v 352.7851 461.5385 21.7033
v 354.2113 461.5385 21.9700
v 355.4944 461.5385 22.2140
v 356.6321 461.5385 22.4338
v 357.6223 461.5385 22.6276
v 358.4631 461.5385 22.7940
v 359.1532 461.5385 22.9320
v 359.6912 461.5385 23.0403
v 360.0762 461.5385 23.1183
v 360.3075 461.5385 23.1653
v 360.3846 461.5385 23.1810
v 369.1976 507.6923 25.3603
v 369.1248 507.6923 25.3632
v 368.9067 507.6923 25.3717
v 368.5438 507.6923 25.3859
v 368.0367 507.6923 25.4059
v 367.3867 507.6923 25.4316
v 366.5952 507.6923 25.4632
v 365.6637 507.6923 25.5006
v 364.5945 507.6923 25.5440
v 363.3898 507.6923 25.5935
v 362.0521 507.6923 25.6493
v 360.5844 507.6923 25.7113
v 358.9898 507.6923 25.7800
v 357.2716 507.6923 25.8553
v 355.4336 507.6923 25.9376
v 353.4796 507.6923 26.0271
v 351.4137 507.6923 26.1239
v 349.2403 507.6923 26.2284
v 346.9640 507.6923 26.3409
v 344.5893 507.6923 26.4614
v 342.1213 507.6923 26.5903
v 339.5651 507.6923 26.7277
v 336.9259 507.6923 26.8738
v 334.2091 507.6923 27.0288
v 331.4203 507.6923 27.1926
v 328.5651 507.6923 27.3651
v 325.6494 507.6923 27.5464
v 322.6790 507.6923 27.7361
v 319.6600 507.6923 27.9340
v 316.5694 507.6923 28.1325
v 313.4321 507.6923 28.3168
v 310.2617 507.6923 28.4853
v 307.0648 507.6923 28.6365
v 303.8479 507.6923 28.7691
v 300.6176 507.6923 28.8820
v 297.3804 507.6923 28.9739
v 294.1430 507.6923 29.0437
v 290.9121 507.6923 29.0904
v 287.6943 507.6923 29.1129
v 284.4963 507.6923 29.1105
v 281.3248 507.6923 29.0823
v 278.1679 507.6923 29.0245
v 275.0387 507.6923 28.9273
v 271.9561 507.6923 28.7904
v 268.9268 507.6923 28.6142
v 265.9574 507.6923 28.3993
v 263.0543 507.6923 28.1467
v 260.2237 507.6923 27.8575
v 257.4718 507.6923 27.5332
v 254.8045 507.6923 27.1753
v 252.2275 507.6923 26.7858
v 249.7462 507.6923 26.3668
v 247.3661 507.6923 25.9204
v 245.0919 507.6923 25.4492
v 242.9285 507.6923 24.9557
v 240.8803 507.6923 24.4426
v 238.9514 507.6923 23.9128
v 237.1456 507.6923 23.3690
v 235.4666 507.6923 22.8142
v 233.9175 507.6923 22.2512
v 232.5013 507.6923 21.6827
v 231.2206 507.6923 21.1117
v 230.0777 507.6923 20.5406
v 229.0746 507.6923 19.9719
v 228.2129 507.6923 19.4078
v 227.4941 507.6923 18.8505
v 226.9193 507.6923 18.3018
v 226.4892 507.6923 17.7631
v 226.2044 507.6923 17.2358
v 226.0650 507.6923 16.7209
v 226.0710 507.6923 16.2189
v 226.2206 507.6923 15.7398
v 226.5115 507.6923 15.2929
v 226.9430 507.6923 14.8786
v 227.5138 507.6923 14.4969
v 228.2224 507.6923 14.1478
v 229.0671 507.6923 13.8313
v 230.0458 507.6923 13.5473
v 231.1564 507.6923 13.2957
v 232.3963 507.6923 13.0763
v 233.7629 507.6923 12.8888
v 235.2531 507.6923 12.7328
v 236.8639 507.6923 12.6078
v 238.5919 507.6923 12.5132
v 240.4336 507.6923 12.4482
v 242.3853 507.6923 12.4121
v 244.4432 507.6923 12.4038
v 246.6033 507.6923 12.4222
v 248.8613 507.6923 12.4660
v 251.2132 507.6923 12.5338
v 253.6543 507.6923 12.6241
v 256.1802 507.6923 12.7352
v 258.7863 507.6923 12.8653
v 261.4676 507.6923 13.0126
v 264.2193 507.6923 13.1750
v 267.0364 507.6923 13.3507
v 269.9138 507.6923 13.5373
v 272.8461 507.6923 13.7330
v 275.8281 507.6923 13.9354
v 278.8542 507.6923 14.1426
v 281.9311 507.6923 14.3539
v 285.0583 507.6923 14.5771
v 288.2113 507.6923 14.8120
v 291.3839 507.6923 15.0572
v 294.5699 507.6923 15.3110
v 297.7631 507.6923 15.5718
v 300.9572 507.6923 15.8383
v 304.1459 507.6923 16.1089
v 307.3228 507.6923 16.3823
v 310.4817 507.6923 16.6572
v 313.6162 507.6923 16.9325
v 316.7201 507.6923 17.2069
v 319.7946 507.6923 17.4801
v 322.8507 507.6923 17.7651
v 325.8529 507.6923 18.0663
v 328.7952 507.6923 18.3818
v 331.6718 507.6923 18.7097
v 334.4771 507.6923 19.0479
v 337.2053 507.6923 19.3942
v 339.8513 507.6923 19.7466
v 342.4099 507.6923 20.1028
v 344.8761 507.6923 20.4606
v 347.2452 507.6923 20.8178
v 349.5125 507.6923 21.1722
v 351.6739 507.6923 21.5214
v 353.7251 507.6923 21.8633
v 355.6623 507.6923 22.1957
v 357.4819 507.6923 22.5162
v 359.1804 507.6923 22.8229
v 360.7547 507.6923 23.1137
v 362.2019 507.6923 23.3865
v 363.5194 507.6923 23.6396
v 364.7046 507.6923 23.8711
v 365.7555 507.6923 24.0794
v 366.6702 507.6923 24.2631
v 367.4469 507.6923 24.4208
v 368.0843 507.6923 24.5515
v 368.5813 507.6923 24.6541
v 368.9369 507.6923 24.7279
v 369.1505 507.6923 24.7724
v 369.2217 507.6923 24.7873
v 378.0361 553.8462 26.8471
v 377.9693 553.8462 26.8493
v 377.7689 553.8462 26.8562
v 377.4355 553.8462 26.8675
v 376.9697 553.8462 26.8835
v 376.3726 553.8462 26.9041
v 375.6454 553.8462 26.9294
v 374.7898 553.8462 26.9595
v 373.8076 553.8462 26.9944
v 372.7009 553.8462 27.0343
v 371.4721 553.8462 27.0793
v 370.1238 553.8462 27.1295
v 368.6589 553.8462 27.1852
v 367.0805 553.8462 27.2464
v 365.3920 553.8462 27.3135
v 363.5970 553.8462 27.3866
v 361.6991 553.8462 27.4660
v 359.7025 553.8462 27.5519
v 357.6112 553.8462 27.6446
v 355.4297 553.8462 27.7443
v 353.1624 553.8462 27.8512
v 350.8140 553.8462 27.9656
v 348.3894 553.8462 28.0876
v 345.8934 553.8462 28.2173
v 343.3313 553.8462 28.3548
v 340.7082 553.8462 28.5000
v 338.0295 553.8462 28.6530
v 335.3005 553.8462 28.8135
v 332.5267 553.8462 28.9812
v 329.6873 553.8462 29.1492
v 326.8049 553.8462 29.3040
v 323.8924 553.8462 29.4440
v 320.9555 553.8462 29.5680
v 318.0004 553.8462 29.6749
v 315.0329 553.8462 29.7636
v 312.0593 553.8462 29.8330
v 309.0857 553.8462 29.8822
v 306.1180 553.8462 29.9100
v 303.1626 553.8462 29.9158
v 300.2254 553.8462 29.8988
v 297.3127 553.8462 29.8582
v 294.4135 553.8462 29.7904
v 291.5400 553.8462 29.6867
v 288.7095 553.8462 29.5467
v 285.9281 553.8462 29.3708
v 283.2018 553.8462 29.1597
v 280.5366 553.8462 28.9142
v 277.9382 553.8462 28.6355
v 275.4122 553.8462 28.3249
v 272.9641 553.8462 27.9838
v 270.5991 553.8462 27.6141
v 268.3222 553.8462 27.2178
v 266.1382 553.8462 26.7968
v 264.0517 553.8462 26.3534
v 262.0670 553.8462 25.8901
v 260.1882 553.8462 25.4094
v 258.4191 553.8462 24.9139
v 256.7631 553.8462 24.4061
v 255.2236 553.8462 23.8887
v 253.8035 553.8462 23.3644
v 252.5054 553.8462 22.8358
v 251.3318 553.8462 22.3054
v 250.2847 553.8462 21.7756
v 249.3660 553.8462 21.2486
v 248.5773 553.8462 20.7266
v 247.9197 553.8462 20.2114
v 247.3943 553.8462 19.7047
v 247.0018 553.8462 19.2080
v 246.7426 553.8462 18.7224
v 246.6170 553.8462 18.2488
v 246.6248 553.8462 17.7878
v 246.7644 553.8462 17.3484
v 247.0337 553.8462 16.9394
v 247.4320 553.8462 16.5609
v 247.9579 553.8462 16.2129
v 248.6104 553.8462 15.8956
v 249.3876 553.8462 15.6088
v 250.2879 553.8462 15.3525
v 251.3091 553.8462 15.1266
v 252.4489 553.8462 14.9308
v 253.7048 553.8462 14.7649
v 255.0742 553.8462 14.6286
v 256.5542 553.8462 14.5212
v 258.1417 553.8462 14.4423
v 259.8335 553.8462 14.3912
v 261.6263 553.8462 14.3671
v 263.5163 553.8462 14.3690
v 265.5002 553.8462 14.3959
v 267.5739 553.8462 14.4466
v 269.7336 553.8462 14.5198
v 271.9752 553.8462 14.6140
v 274.2946 553.8462 14.7277
v 276.6875 553.8462 14.8593
v 279.1495 553.8462 15.0070
v 281.6760 553.8462 15.1690
v 284.2626 553.8462 15.3433
v 286.9044 553.8462 15.5281
v 289.5967 553.8462 15.7214
v 292.3345 553.8462 15.9212
v 295.1129 553.8462 16.1255
v 297.9378 553.8462 16.3338
v 300.8089 553.8462 16.5533
v 303.7037 553.8462 16.7837
v 306.6164 553.8462 17.0235
v 309.5414 553.8462 17.2714
v 312.4730 553.8462 17.5258
v 315.4053 553.8462 17.7853
v 318.3327 553.8462 18.0486
v 321.2492 553.8462 18.3144
v 324.1492 553.8462 18.5816
v 327.0268 553.8462 18.8489
v 329.8763 553.8462 19.1154
v 332.6988 553.8462 19.3806
v 335.5043 553.8462 19.6564
v 338.2603 553.8462 19.9470
v 340.9612 553.8462 20.2504
v 343.6017 553.8462 20.5649
v 346.1765 553.8462 20.8885
v 348.6807 553.8462 21.2192
v 351.1093 553.8462 21.5551
v 353.4575 553.8462 21.8941
v 355.7209 553.8462 22.2342
v 357.8951 553.8462 22.5733
v 359.9759 553.8462 22.9093
v 361.9594 553.8462 23.2400
v 363.8417 553.8462 23.5636
v 365.6194 553.8462 23.8778
v 367.2891 553.8462 24.1806
v 368.8476 553.8462 24.4702
v 370.2922 553.8462 24.7445
v 371.6201 553.8462 25.0018
v 372.8290 553.8462 25.2403
v 373.9165 553.8462 25.4584
v 374.8807 553.8462 25.6546
v 375.7199 553.8462 25.8276
v 376.4326 553.8462 25.9761
v 377.0174 553.8462 26.0990
v 377.4733 553.8462 26.1956
v 377.7996 553.8462 26.2650
v 377.9956 553.8462 26.3069
v 378.0610 553.8462 26.3209
v 386.8779 600.0000 28.2568
v 386.8170 600.0000 28.2586
v 386.6344 600.0000 28.2638
v 386.3305 600.0000 28.2726
v 385.9061 600.0000 28.2850
v 385.3619 600.0000 28.3010
v 384.6992 600.0000 28.3206
v 383.9194 600.0000 28.3440
v 383.0242 600.0000 28.3712
v 382.0156 600.0000 28.4023
v 380.8956 600.0000 28.4375
v 379.6668 600.0000 28.4769
v 378.3318 600.0000 28.5207
v 376.8933 600.0000 28.5690
v 375.3544 600.0000 28.6222
v 373.7184 600.0000 28.6803
v 371.9887 600.0000 28.7437
v 370.1690 600.0000 28.8126
v 368.2630 600.0000 28.8872
v 366.2747 600.0000 28.9677
v 364.2082 600.0000 29.0545
v 362.0678 600.0000 29.1476
v 359.8579 600.0000 29.2474
v 357.5830 600.0000 29.3538
v 355.2477 600.0000 29.4670
v 352.8569 600.0000 29.5870
v 350.4153 600.0000 29.7137
v 347.9278 600.0000 29.8471
v 345.3995 600.0000 29.9868
v 342.8115 600.0000 30.1266
v 340.1844 600.0000 30.2540
v 337.5298 600.0000 30.3678
v 334.8531 600.0000 30.4670
v 332.1599 600.0000 30.5505
v 329.4555 600.0000 30.6173
v 326.7456 600.0000 30.6665
v 324.0358 600.0000 30.6973
v 321.3315 600.0000 30.7087
v 318.6385 600.0000 30.7001
v 315.9622 600.0000 30.6707
v 313.3083 600.0000 30.6199
v 310.6669 600.0000 30.5445
v 308.0490 600.0000 30.4364
v 305.4705 600.0000 30.2955
v 302.9369 600.0000 30.1221
v 300.4537 600.0000 29.9169
v 298.0263 600.0000 29.6807
v 295.6600 600.0000 29.4145
v 293.3598 600.0000 29.1195
v 291.1307 600.0000 28.7972
v 288.9774 600.0000 28.4492
v 286.9045 600.0000 28.0773
v 284.9165 600.0000 27.6834
v 283.0173 600.0000 27.2695
v 281.2111 600.0000 26.8381
v 279.5014 600.0000 26.3912
v 277.8916 600.0000 25.9313
v 276.3851 600.0000 25.4608
v 274.9848 600.0000 24.9821
v 273.6932 600.0000 24.4977
v 272.5129 600.0000 24.0099
v 271.4460 600.0000 23.5210
v 270.4944 600.0000 23.0333
v 269.6598 600.0000 22.5488
v 268.9435 600.0000 22.0694
v 268.3468 600.0000 21.5968
v 267.8704 600.0000 21.1327
v 267.5151 600.0000 20.6782
v 267.2812 600.0000 20.2345
v 267.1690 600.0000 19.8024
v 267.1783 600.0000 19.3824
v 267.3076 600.0000 18.9826
v 267.5549 600.0000 18.6112
v 267.9196 600.0000 18.2682
v 268.4005 600.0000 17.9536
v 268.9965 600.0000 17.6675
v 269.7061 600.0000 17.4099
v 270.5276 600.0000 17.1806
v 271.4591 600.0000 16.9795
v 272.4987 600.0000 16.8065
v 273.6439 600.0000 16.6613
v 274.8923 600.0000 16.5435
v 276.2414 600.0000 16.4527
v 277.6883 600.0000 16.3883
v 279.2301 600.0000 16.3497
v 280.8638 600.0000 16.3361
v 282.5860 600.0000 16.3468
v 284.3936 600.0000 16.3806
v 286.2829 600.0000 16.4366
v 288.2505 600.0000 16.5135
v 290.2926 600.0000 16.6099
v 292.4055 600.0000 16.7245
v 294.5853 600.0000 16.8557
v 296.8280 600.0000 17.0019
v 299.1294 600.0000 17.1614
v 301.4854 600.0000 17.3324
v 303.8918 600.0000 17.5133
v 306.3441 600.0000 17.7021
v 308.8379 600.0000 17.8970
v 311.3686 600.0000 18.0963
v 313.9417 600.0000 18.2994
v 316.5568 600.0000 18.5129
v 319.1934 600.0000 18.7365
v 321.8464 600.0000 18.9688
v 324.5105 600.0000 19.2085
v 327.1806 600.0000 19.4541
v 329.8513 600.0000 19.7044
v 332.5175 600.0000 19.9581
v 335.1738 600.0000 20.2141
v 337.8150 600.0000 20.4712
v 340.4358 600.0000 20.7284
v 343.0311 600.0000 20.9846
v 345.6016 600.0000 21.2395
v 348.1567 600.0000 21.5041
v 350.6666 600.0000 21.7819
v 353.1263 600.0000 22.0711
v 355.5308 600.0000 22.3701
v 357.8755 600.0000 22.6771
v 360.1557 600.0000 22.9903
v 362.3671 600.0000 23.3078
v 364.5052 600.0000 23.6278
v 366.5660 600.0000 23.9483
v 368.5455 600.0000 24.2676
v 370.4400 600.0000 24.5835
v 372.2457 600.0000 24.8943
v 373.9594 600.0000 25.1979
v 375.5778 600.0000 25.4926
v 377.0978 600.0000 25.7765
v 378.5166 600.0000 26.0476
v 379.8316 600.0000 26.3044
v 381.0404 600.0000 26.5451
v 382.1407 600.0000 26.7682
v 383.1307 600.0000 26.9721
v 384.0083 600.0000 27.1554
v 384.7722 600.0000 27.3169
v 385.4209 600.0000 27.4556
v 385.9532 600.0000 27.5704
v 386.3682 600.0000 27.6605
v 386.6652 600.0000 27.7253
v 386.8435 600.0000 27.7644
v 386.9030 600.0000 27.7775
v 390.6042 606.6748 47.5771
v 390.5500 606.6748 47.5791
v 390.3876 606.6748 47.5851
v 390.1173 606.6748 47.5951
v 389.7397 606.6748 47.6092
v 389.2556 606.6748 47.6272
v 388.6661 606.6748 47.6492
v 387.9724 606.6748 47.6751
v 387.1759 606.6748 47.7049
v 386.2785 606.6748 47.7387
v 385.2820 606.6748 47.7764
v 384.1885 606.6748 47.8181
v 383.0003 606.6748 47.8636
v 381.7199 606.6748 47.9132
v 380.3501 606.6748 47.9667
v 378.8937 606.6748 48.0243
v 377.3537 606.6748 48.0860
v 375.7334 606.6748 48.1518
v 374.0361 606.6748 48.2219
v 372.2653 606.6748 48.2963
v 370.4246 606.6748 48.3749
v 368.5179 606.6748 48.4580
v 366.5491 606.6748 48.5454
v 364.5222 606.6748 48.6372
v 362.4412 606.6748 48.7333
v 360.3106 606.6748 48.8336
v 358.1344 606.6748 48.9379
v 355.9172 606.6748 49.0461
v 353.6635 606.6748 49.1579
v 351.3605 606.6748 49.2684
v 349.0241 606.6748 49.3690
v 346.6634 606.6748 49.4585
v 344.2833 606.6748 49.5360
v 341.8885 606.6748 49.6008
v 339.4839 606.6748 49.6519
v 337.0746 606.6748 49.6886
v 334.6654 606.6748 49.7100
v 332.2613 606.6748 49.7155
v 329.8672 606.6748 49.7045
v 327.4880 606.6748 49.6762
v 325.1287 606.6748 49.6301
v 322.7834 606.6748 49.5637
v 320.4606 606.6748 49.4714
v 318.1726 606.6748 49.3527
v 315.9244 606.6748 49.2080
v 313.7206 606.6748 49.0375
v 311.5661 606.6748 48.8419
v 309.4655 606.6748 48.6219
v 307.4231 606.6748 48.3782
v 305.4433 606.6748 48.1118
v 303.5304 606.6748 47.8241
v 301.6883 606.6748 47.5162
v 299.9209 606.6748 47.1897
v 298.2319 606.6748 46.8461
v 296.6247 606.6748 46.4870
v 295.1027 606.6748 46.1144
v 293.6688 606.6748 45.7299
v 292.3259 606.6748 45.3354
v 291.0767 606.6748 44.9329
v 289.9236 606.6748 44.5243
v 288.8687 606.6748 44.1115
v 287.9142 606.6748 43.6962
v 287.0616 606.6748 43.2802
v 286.3125 606.6748 42.8652
v 285.6683 606.6748 42.4528
v 285.1299 606.6748 42.0443
v 284.6983 606.6748 41.6410
v 284.3742 606.6748 41.2439
v 284.1579 606.6748 40.8540
v 284.0497 606.6748 40.4718
v 284.0496 606.6748 40.0979
v 284.1563 606.6748 39.7396
v 284.3685 606.6748 39.4040
v 284.6855 606.6748 39.0914
v 285.1065 606.6748 38.8017
v 285.6305 606.6748 38.5352
v 286.2562 606.6748 38.2920
v 286.9821 606.6748 38.0721
v 287.8067 606.6748 37.8755
v 288.7282 606.6748 37.7023
v 289.7445 606.6748 37.5524
v 290.8535 606.6748 37.4258
v 292.0529 606.6748 37.3222
v 293.3403 606.6748 37.2413
v 294.7130 606.6748 37.1830
v 296.1682 606.6748 37.1467
v 297.7032 606.6748 37.1319
v 299.3148 606.6748 37.1381
v 301.0001 606.6748 37.1644
v 302.7557 606.6748 37.2101
v 304.5783 606.6748 37.2742
v 306.4645 606.6748 37.3557
v 308.4107 606.6748 37.4535
v 310.4134 606.6748 37.5664
v 312.4687 606.6748 37.6931
v 314.5729 606.6748 37.8322
v 316.7221 606.6748 37.9823
v 318.9122 606.6748 38.1420
v 321.1393 606.6748 38.3098
v 323.3991 606.6748 38.4843
v 325.6947 606.6748 38.6649
v 328.0248 606.6748 38.8561
v 330.3738 606.6748 39.0575
v 332.7373 606.6748 39.2679
v 335.1105 606.6748 39.4859
v 337.4888 606.6748 39.7105
v 339.8675 606.6748 39.9405
v 342.2418 606.6748 40.1748
v 344.6071 606.6748 40.4122
v 346.9587 606.6748 40.6517
v 349.2919 606.6748 40.8924
v 351.6021 606.6748 41.1333
v 353.8889 606.6748 41.3740
v 356.1580 606.6748 41.6220
v 358.3873 606.6748 41.8795
v 360.5724 606.6748 42.1453
v 362.7090 606.6748 42.4177
v 364.7927 606.6748 42.6954
v 366.8195 606.6748 42.9769
v 368.7855 606.6748 43.2606
v 370.6867 606.6748 43.5450
v 372.5196 606.6748 43.8287
v 374.2804 606.6748 44.1100
v 375.9659 606.6748 44.3874
v 377.5727 606.6748 44.6593
v 379.0979 606.6748 44.9242
v 380.5384 606.6748 45.1806
v 381.8916 606.6748 45.4270
v 383.1550 606.6748 45.6619
v 384.3261 606.6748 45.8839
v 385.4027 606.6748 46.0916
v 386.3829 606.6748 46.2838
v 387.2648 606.6748 46.4592
v 388.0468 606.6748 46.6168
v 388.7275 606.6748 46.7556
v 389.3055 606.6748 46.8746
v 389.7799 606.6748 46.9730
v 390.1498 606.6748 47.0502
v 390.4145 606.6748 47.1058
v 390.5735 606.6748 47.1393
v 390.6265 606.6748 47.1504
v 394.3250 613.3495 67.0009
v 394.2775 613.3495 67.0031
v 394.1353 613.3495 67.0095
v 393.8986 613.3495 67.0202
v 393.5678 613.3495 67.0352
v 393.1438 613.3495 67.0543
v 392.6273 613.3495 67.0775
v 392.0196 613.3495 67.1047
v 391.3219 613.3495 67.1358
v 390.5356 613.3495 67.1708
v 389.6624 613.3495 67.2094
v 388.7041 613.3495 67.2516
v 387.6629 613.3495 67.2974
v 386.5407 613.3495 67.3465
v 385.3400 613.3495 67.3989
v 384.0632 613.3495 67.4545
v 382.7131 613.3495 67.5132
v 381.2924 613.3495 67.5749
v 379.8039 613.3495 67.6395
v 378.2509 613.3495 67.7070
v 376.6365 613.3495 67.7772
v 374.9640 613.3495 67.8501
v 373.2367 613.3495 67.9256
v 371.4583 613.3495 68.0034
v 369.6323 613.3495 68.0836
v 367.7625 613.3495 68.1657
v 365.8526 613.3495 68.2498
v 363.9065 613.3495 68.3354
v 361.9281 613.3495 68.4223
v 359.9102 613.3495 68.5070
v 357.8641 613.3495 68.5839
v 355.7968 613.3495 68.6520
v 353.7126 613.3495 68.7106
v 351.6157 613.3495 68.7589
v 349.5104 613.3495 68.7964
v 347.4010 613.3495 68.8223
v 345.2918 613.3495 68.8360
v 343.1872 613.3495 68.8368
v 341.0913 613.3495 68.8241
v 339.0087 613.3495 68.7974
v 336.9434 613.3495 68.7562
v 334.8927 613.3495 68.6988
v 332.8632 613.3495 68.6211
v 330.8641 613.3495 68.5230
v 328.8996 613.3495 68.4045
v 326.9737 613.3495 68.2658
v 325.0907 613.3495 68.1071
v 323.2544 613.3495 67.9289
v 321.4686 613.3495 67.7317
v 319.7373 613.3495 67.5162
v 318.0639 613.3495 67.2832
v 316.4519 613.3495 67.0336
v 314.9047 613.3495 66.7684
v 313.4256 613.3495 66.4888
v 312.0174 613.3495 66.1960
v 310.6831 613.3495 65.8912
v 309.4253 613.3495 65.5759
v 308.2466 613.3495 65.2515
v 307.1493 613.3495 64.9194
v 306.1356 613.3495 64.5810
v 305.2073 613.3495 64.2379
v 304.3662 613.3495 63.8913
v 303.6140 613.3495 63.5427
v 302.9521 613.3495 63.1933
v 302.3815 613.3495 62.8444
v 301.9033 613.3495 62.4971
v 301.5184 613.3495 62.1523
v 301.2273 613.3495 61.8109
v 301.0306 613.3495 61.4736
v 300.9284 613.3495 61.1410
v 300.9208 613.3495 60.8134
v 301.0070 613.3495 60.4973
v 301.1860 613.3495 60.1990
v 301.4572 613.3495 59.9187
v 301.8200 613.3495 59.6565
v 302.2735 613.3495 59.4127
v 302.8166 613.3495 59.1874
v 303.4483 613.3495 58.9809
v 304.1670 613.3495 58.7932
v 304.9713 613.3495 58.6247
v 305.8595 613.3495 58.4753
v 306.8296 613.3495 58.3452
v 307.8797 613.3495 58.2344
v 309.0076 613.3495 58.1429
v 310.2110 613.3495 58.0707
v 311.4876 613.3495 58.0176
v 312.8347 613.3495 57.9834
v 314.2498 613.3495 57.9676
v 315.7300 613.3495 57.9701
v 317.2726 613.3495 57.9901
v 318.8745 613.3495 58.0272
v 320.5326 613.3495 58.0806
v 322.2438 613.3495 58.1496
v 324.0048 613.3495 58.2333
v 325.8123 613.3495 58.3308
v 327.6629 613.3495 58.4411
v 329.5530 613.3495 58.5631
v 331.4791 613.3495 58.6958
v 333.4376 613.3495 58.8379
v 335.4246 613.3495 58.9883
v 337.4413 613.3495 59.1464
v 339.4857 613.3495 59.3150
v 341.5466 613.3495 59.4936
v 343.6200 613.3495 59.6811
v 345.7018 613.3495 59.8764
v 347.7878 613.3495 60.0786
v 349.8740 613.3495 60.2865
v 351.9562 613.3495 60.4992
v 354.0302 613.3495 60.7157
v 356.0920 613.3495 60.9350
v 358.1374 613.3495 61.1563
v 360.1623 613.3495 61.3787
v 362.1656 613.3495 61.6016
v 364.1499 613.3495 61.8299
v 366.0998 613.3495 62.0647
v 368.0114 613.3495 62.3049
v 369.8808 613.3495 62.5492
v 371.7043 613.3495 62.7965
v 373.4784 613.3495 63.0455
v 375.1995 613.3495 63.2952
v 376.8643 613.3495 63.5442
v 378.4694 613.3495 63.7914
v 380.0118 613.3495 64.0354
v 381.4884 613.3495 64.2752
v 382.8964 613.3495 64.5095
v 384.2330 613.3495 64.7370
v 385.4958 613.3495 64.9565
v 386.6821 613.3495 65.1670
v 387.7899 613.3495 65.3671
v 388.8168 613.3495 65.5559
v 389.7611 613.3495 65.7323
v 390.6209 613.3495 65.8952
v 391.3946 613.3495 66.0437
v 392.0807 613.3495 66.1770
v 392.6780 613.3495 66.2941
v 393.1852 613.3495 66.3945
v 393.6016 613.3495 66.4775
v 393.9262 613.3495 66.5426
v 394.1585 613.3495 66.5894
v 394.2980 613.3495 66.6176
v 394.3446 613.3495 66.6270
v 398.0404 620.0243 86.5284
v 397.9997 620.0243 86.5305
v 397.8775 620.0243 86.5371
v 397.6743 620.0243 86.5479
v 397.3904 620.0243 86.5631
v 397.0263 620.0243 86.5823
v 396.5829 620.0243 86.6057
v 396.0611 620.0243 86.6329
v 395.4620 620.0243 86.6639
v 394.7868 620.0243 86.6985
v 394.0369 620.0243 86.7364
v 393.2139 620.0243 86.7777
v 392.3194 620.0243 86.8219
v 391.3555 620.0243 86.8690
v 390.3239 620.0243 86.9187
v 389.2270 620.0243 86.9708
v 388.0668 620.0243 87.0252
v 386.8458 620.0243 87.0817
v 385.5666 620.0243 87.1400
v 384.2317 620.0243 87.2000
v 382.8438 620.0243 87.2614
v 381.4058 620.0243 87.3241
v 379.9207 620.0243 87.3879
v 378.3913 620.0243 87.4526
v 376.8209 620.0243 87.5179
v 375.2127 620.0243 87.5835
v 373.5698 620.0243 87.6493
v 371.8956 620.0243 87.7149
v 370.1935 620.0243 87.7800
v 368.4605 620.0243 87.8424
v 366.7042 620.0243 87.8988
v 364.9299 620.0243 87.9484
v 363.1412 620.0243 87.9907
v 361.3417 620.0243 88.0250
v 359.5351 620.0243 88.0510
v 357.7250 620.0243 88.0679
v 355.9152 620.0243 88.0752
v 354.1093 620.0243 88.0724
v 352.3111 620.0243 88.0590
v 350.5242 620.0243 88.0344
v 348.7522 620.0243 87.9984
v 346.9948 620.0243 87.9496
v 345.2569 620.0243 87.8857
v 343.5450 620.0243 87.8065
v 341.8625 620.0243 87.7119
v 340.2130 620.0243 87.6018
v 338.6000 620.0243 87.4764
v 337.0267 620.0243 87.3358
v 335.4964 620.0243 87.1805
v 334.0124 620.0243 87.0106
v 332.5777 620.0243 86.8268
v 331.1952 620.0243 86.6297
v 329.8677 620.0243 86.4198
v 328.5981 620.0243 86.1981
v 327.3889 620.0243 85.9652
v 326.2424 620.0243 85.7222
v 325.1612 620.0243 85.4700
v 324.1472 620.0243 85.2095
v 323.2025 620.0243 84.9419
v 322.3289 620.0243 84.6683
v 321.5283 620.0243 84.3895
v 320.8021 620.0243 84.1068
v 320.1516 620.0243 83.8211
v 319.5783 620.0243 83.5334
v 319.0830 620.0243 83.2446
v 318.6668 620.0243 82.9555
v 318.3304 620.0243 82.6669
v 318.0743 620.0243 82.3795
v 317.8991 620.0243 82.0937
v 317.8050 620.0243 81.8101
v 317.7921 620.0243 81.5290
v 317.8598 620.0243 81.2558
v 318.0075 620.0243 80.9961
v 318.2347 620.0243 80.7500
v 318.5409 620.0243 80.5178
v 318.9255 620.0243 80.2997
v 319.3877 620.0243 80.0958
v 319.9263 620.0243 79.9066
v 320.5403 620.0243 79.7323
v 321.2283 620.0243 79.5731
v 321.9890 620.0243 79.4294
v 322.8207 620.0243 79.3012
v 323.7218 620.0243 79.1889
v 324.6903 620.0243 79.0926
v 325.7244 620.0243 79.0125
v 326.8220 620.0243 78.9485
v 327.9808 620.0243 78.9007
v 329.1986 620.0243 78.8690
v 330.4729 620.0243 78.8533
v 331.8013 620.0243 78.8532
v 333.1812 620.0243 78.8686
v 334.6098 620.0243 78.8989
v 336.0844 620.0243 78.9437
v 337.6022 620.0243 79.0025
v 339.1601 620.0243 79.0746
v 340.7553 620.0243 79.1593
v 342.3845 620.0243 79.2558
v 344.0447 620.0243 79.3634
v 345.7327 620.0243 79.4811
v 347.4451 620.0243 79.6082
v 349.1815 620.0243 79.7439
v 350.9396 620.0243 79.8896
v 352.7118 620.0243 80.0448
v 354.4945 620.0243 80.2085
v 356.2843 620.0243 80.3800
v 358.0777 620.0243 80.5581
v 359.8709 620.0243 80.7422
v 361.6605 620.0243 80.9312
v 363.4430 620.0243 81.1245
v 365.2147 620.0243 81.3210
v 366.9721 620.0243 81.5200
v 368.7118 620.0243 81.7207
v 370.4318 620.0243 81.9225
v 372.1326 620.0243 82.1280
v 373.8041 620.0243 82.3375
v 375.4431 620.0243 82.5499
v 377.0462 620.0243 82.7645
v 378.6103 620.0243 82.9803
v 380.1323 620.0243 83.1963
v 381.6091 620.0243 83.4116
v 383.0378 620.0243 83.6252
v 384.4155 620.0243 83.8363
v 385.7397 620.0243 84.0439
v 387.0076 620.0243 84.2470
v 388.2169 620.0243 84.4447
v 389.3650 620.0243 84.6361
v 390.4498 620.0243 84.8203
v 391.4692 620.0243 84.9963
v 392.4212 620.0243 85.1634
v 393.3039 620.0243 85.3206
v 394.1156 620.0243 85.4672
v 394.8548 620.0243 85.6024
v 395.5200 620.0243 85.7255
v 396.1100 620.0243 85.8357
v 396.6237 620.0243 85.9326
v 397.0600 620.0243 86.0155
v 397.4181 620.0243 86.0840
v 397.6973 620.0243 86.1376
v 397.8971 620.0243 86.1762
v 398.0172 620.0243 86.1994
v 398.0572 620.0243 86.2072
v 401.7504 626.6991 106.1594
v 401.7163 626.6991 106.1615
v 401.6143 626.6991 106.1678
v 401.4446 626.6991 106.1783
v 401.2074 626.6991 106.1928
v 400.9032 626.6991 106.2113
v 400.5328 626.6991 106.2336
v 400.0969 626.6991 106.2596
v 399.5963 626.6991 106.2891
v 399.0321 626.6991 106.3218
v 398.4054 626.6991 106.3575
v 397.7176 626.6991 106.3961
v 396.9701 626.6991 106.4372
v 396.1643 626.6991 106.4807
v 395.3020 626.6991 106.5262
v 394.3849 626.6991 106.5734
v 393.4148 626.6991 106.6222
v 392.3938 626.6991 106.6723
v 391.3240 626.6991 106.7233
v 390.2075 626.6991 106.7751
v 389.0465 626.6991 106.8274
v 387.8436 626.6991 106.8799
v 386.6010 626.6991 106.9324
v 385.3213 626.6991 106.9846
v 384.0071 626.6991 107.0362
v 382.6611 626.6991 107.0870
v 381.2860 626.6991 107.1366
v 379.8846 626.6991 107.1847
v 378.4597 626.6991 107.2311
v 377.0114 626.6991 107.2747
v 375.5446 626.6991 107.3137
v 374.0628 626.6991 107.3477
v 372.5690 626.6991 107.3763
v 371.0664 626.6991 107.3991
v 369.5578 626.6991 107.4155
v 368.0465 626.6991 107.4252
v 366.5354 626.6991 107.4276
v 365.0277 626.6991 107.4224
v 363.5264 626.6991 107.4091
v 362.0345 626.6991 107.3872
v 360.5552 626.6991 107.3565
v 359.0898 626.6991 107.3162
v 357.6417 626.6991 107.2652
v 356.2152 626.6991 107.2032
v 354.8131 626.6991 107.1300
v 353.4385 626.6991 107.0455
v 352.0939 626.6991 106.9498
v 350.7824 626.6991 106.8427
v 349.5064 626.6991 106.7245
v 348.2687 626.6991 106.5952
v 347.0718 626.6991 106.4552
v 345.9180 626.6991 106.3048
v 344.8099 626.6991 106.1443
v 343.7495 626.6991 105.9743
v 342.7391 626.6991 105.7952
v 341.7806 626.6991 105.6077
v 340.8761 626.6991 105.4124
v 340.0273 626.6991 105.2099
v 339.2360 626.6991 105.0011
v 338.5036 626.6991 104.7865
v 337.8316 626.6991 104.5669
v 337.2215 626.6991 104.3432
v 336.6742 626.6991 104.1159
v 336.1910 626.6991 103.8858
v 335.7728 626.6991 103.6536
v 335.4203 626.6991 103.4198
v 335.1343 626.6991 103.1850
v 334.9152 626.6991 102.9497
v 334.7635 626.6991 102.7143
v 334.6795 626.6991 102.4792
v 334.6633 626.6991 102.2445
v 334.7146 626.6991 102.0149
v 334.8329 626.6991 101.7951
v 335.0181 626.6991 101.5851
v 335.2695 626.6991 101.3852
v 335.5869 626.6991 101.1957
v 335.9694 626.6991 101.0168
v 336.4162 626.6991 100.8489
v 336.9266 626.6991 100.6923
v 337.4993 626.6991 100.5473
v 338.1332 626.6991 100.4142
v 338.8271 626.6991 100.2934
v 339.5794 626.6991 100.1852
v 340.3887 626.6991 100.0899
v 341.2534 626.6991 100.0078
v 342.1716 626.6991 99.9389
v 343.1416 626.6991 99.8836
v 344.1613 626.6991 99.8418
v 345.2289 626.6991 99.8137
v 346.3420 626.6991 99.7991
v 347.4986 626.6991 99.7981
v 348.6963 626.6991 99.8104
v 349.9328 626.6991 99.8357
v 351.2056 626.6991 99.8738
v 352.5122 626.6991 99.9242
v 353.8501 626.6991 99.9866
v 355.2166 626.6991 100.0603
v 356.6090 626.6991 100.1449
v 358.0246 626.6991 100.2396
v 359.4607 626.6991 100.3440
v 360.9154 626.6991 100.4573
v 362.3865 626.6991 100.5799
v 363.8693 626.6991 100.7111
v 365.3609 626.6991 100.8502
v 366.8582 626.6991 100.9965
v 368.3583 626.6991 101.1492
v 369.8582 626.6991 101.3076
v 371.3549 626.6991 101.4710
v 372.8455 626.6991 101.6385
v 374.3269 626.6991 101.8096
v 375.7962 626.6991 101.9834
v 377.2505 626.6991 102.1592
v 378.6875 626.6991 102.3366
v 380.1059 626.6991 102.5161
v 381.5002 626.6991 102.6977
v 382.8676 626.6991 102.8804
v 384.2054 626.6991 103.0637
v 385.5107 626.6991 103.2469
v 386.7812 626.6991 103.4291
v 388.0142 626.6991 103.6098
v 389.2072 626.6991 103.7882
v 390.3580 626.6991 103.9636
v 391.4642 626.6991 104.1353
v 392.5236 626.6991 104.3027
v 393.5341 626.6991 104.4650
v 394.4937 626.6991 104.6216
v 395.4006 626.6991 104.7719
v 396.2529 626.6991 104.9151
v 397.0489 626.6991 105.0507
v 397.7872 626.6991 105.1780
v 398.4661 626.6991 105.2964
v 399.0845 626.6991 105.4054
v 399.6411 626.6991 105.5045
v 400.1348 626.6991 105.5931
v 400.5646 626.6991 105.6709
v 400.9297 626.6991 105.7374
v 401.2294 626.6991 105.7923
v 401.4632 626.6991 105.8353
v 401.6304 626.6991 105.8662
v 401.7309 626.6991 105.8847
v 401.7644 626.6991 105.8910
v 405.4549 633.3738 125.8940
v 405.4276 633.3738 125.8959
v 405.3457 633.3738 125.9017
v 405.2093 633.3738 125.9112
v 405.0188 633.3738 125.9244
v 404.7746 633.3738 125.9412
v 404.4770 633.3738 125.9614
v 404.1269 633.3738 125.9849
v 403.7247 633.3738 126.0114
v 403.2715 633.3738 126.0407
v 402.7680 633.3738 126.0727
v 402.2154 633.3738 126.1070
v 401.6147 633.3738 126.1434
v 400.9672 633.3738 126.1816
v 400.2741 633.3738 126.2213
v 399.5370 633.3738 126.2622
v 398.7572 633.3738 126.3041
v 397.9364 633.3738 126.3467
v 397.0762 633.3738 126.3896
v 396.1784 633.3738 126.4325
v 395.2447 633.3738 126.4753
v 394.2772 633.3738 126.5176
v 393.2776 633.3738 126.5591
v 392.2482 633.3738 126.5995
v 391.1908 633.3738 126.6386
v 390.1078 633.3738 126.6760
v 389.0012 633.3738 126.7116
v 387.8734 633.3738 126.7449
v 386.7265 633.3738 126.7758
v 385.5630 633.3738 126.8038
v 384.3852 633.3738 126.8286
v 383.1954 633.3738 126.8500
v 381.9961 633.3738 126.8677
v 380.7897 633.3738 126.8812
v 379.5787 633.3738 126.8902
v 378.3654 633.3738 126.8943
v 377.1525 633.3738 126.8934
v 375.9422 633.3738 126.8868
v 374.7372 633.3738 126.8744
v 373.5398 633.3738 126.8558
v 372.3525 633.3738 126.8306
v 371.1776 633.3738 126.7986
v 370.0176 633.3738 126.7595
v 368.8748 633.3738 126.7130
v 367.7515 633.3738 126.6589
v 366.6501 633.3738 126.5971
v 365.5726 633.3738 126.5274
v 364.5214 633.3738 126.4497
v 363.4986 633.3738 126.3640
v 362.5062 633.3738 126.2702
v 361.5461 633.3738 126.1686
v 360.6205 633.3738 126.0592
v 359.7310 633.3738 125.9422
v 358.8796 633.3738 125.8179
v 358.0679 633.3738 125.6864
v 357.2976 633.3738 125.5482
v 356.5701 633.3738 125.4037
v 355.8870 633.3738 125.2532
v 355.2497 633.3738 125.0972
v 354.6593 633.3738 124.9362
v 354.1172 633.3738 124.7706
v 353.6243 633.3738 124.6009
v 353.1817 633.3738 124.4275
v 352.7902 633.3738 124.2510
v 352.4506 633.3738 124.0718
v 352.1637 633.3738 123.8903
v 351.9299 633.3738 123.7069
v 351.7498 633.3738 123.5219
v 351.6237 633.3738 123.3356
v 351.5519 633.3738 123.1483
v 351.5346 633.3738 122.9600
v 351.5715 633.3738 122.7746
v 351.6625 633.3738 122.5958
v 351.8074 633.3738 122.4237
v 352.0058 633.3738 122.2586
v 352.2575 633.3738 122.1006
v 352.5618 633.3738 121.9501
v 352.9183 633.3738 121.8073
v 353.3260 633.3738 121.6727
v 353.7844 633.3738 121.5466
v 354.2923 633.3738 121.4294
v 354.8488 633.3738 121.3213
v 355.4527 633.3738 121.2229
v 356.1029 633.3738 121.1344
v 356.7980 633.3738 121.0561
v 357.5365 633.3738 120.9884
v 358.3171 633.3738 120.9315
v 359.1381 633.3738 120.8856
v 359.9978 633.3738 120.8509
v 360.8946 633.3738 120.8276
v 361.8267 633.3738 120.8155
v 362.7921 633.3738 120.8148
v 363.7889 633.3738 120.8253
v 364.8151 633.3738 120.8470
v 365.8686 633.3738 120.8796
v 366.9474 633.3738 120.9229
v 368.0493 633.3738 120.9765
v 369.1721 633.3738 121.0401
v 370.3135 633.3738 121.1134
v 371.4712 633.3738 121.1957
v 372.6430 633.3738 121.2867
v 373.8265 633.3738 121.3858
v 375.0193 633.3738 121.4924
v 376.2190 633.3738 121.6060
v 377.4233 633.3738 121.7261
v 378.6297 633.3738 121.8519
v 379.8358 633.3738 121.9828
v 381.0393 633.3738 122.1184
v 382.2377 633.3738 122.2579
v 383.4286 633.3738 122.4008
v 384.6096 633.3738 122.5464
v 385.7784 633.3738 122.6943
v 386.9326 633.3738 122.8438
v 388.0700 633.3738 122.9943
v 389.1881 633.3738 123.1454
v 390.2849 633.3738 123.2964
v 391.3581 633.3738 123.4468
v 392.4056 633.3738 123.5962
v 393.4252 633.3738 123.7441
v 394.4149 633.3738 123.8898
v 395.3727 633.3738 124.0330
v 396.2968 633.3738 124.1731
v 397.1852 633.3738 124.3097
v 398.0362 633.3738 124.4423
v 398.8481 633.3738 124.5704
v 399.6192 633.3738 124.6935
v 400.3480 633.3738 124.8113
v 401.0331 633.3738 124.9232
v 401.6731 633.3738 125.0289
v 402.2667 633.3738 125.1279
v 402.8127 633.3738 125.2198
v 403.3101 633.3738 125.3042
v 403.7578 633.3738 125.3808
v 404.1549 633.3738 125.4492
v 404.5007 633.3738 125.5091
v 404.7945 633.3738 125.5603
v 405.0357 633.3738 125.6025
v 405.2238 633.3738 125.6356
v 405.3584 633.3738 125.6593
v 405.4392 633.3738 125.6736
v 405.4662 633.3738 125.6783
v 136.9645 0.0000 4.1201
v 378.6888 633.3738 124.3831
v 272.0000 -0.0000 5.8880
v 271.8623 -0.0000 5.8992
v 271.4497 -0.0000 5.9328
v 270.7629 -0.0000 5.9888
v 269.8035 -0.0000 6.0671
v 268.5736 -0.0000 6.1678
v 267.0758 -0.0000 6.2909
v 265.3135 -0.0000 6.4363
v 263.2904 -0.0000 6.6040
v 261.0110 -0.0000 6.7941
v 258.4802 -0.0000 7.0067
v 255.7034 -0.0000 7.2416
v 252.6866 -0.0000 7.4991
v 249.4362 -0.0000 7.7793
v 245.9591 -0.0000 8.0821
v 242.2628 -0.0000 8.4078
v 238.3551 -0.0000 8.7565
v 234.2442 -0.0000 9.1282
v 229.9387 -0.0000 9.5232
v 225.4476 -0.0000 9.9414
v 220.7803 -0.0000 10.3829
v 215.9465 -0.0000 10.8477
v 210.9560 -0.0000 11.3356
v 205.8193 -0.0000 11.8463
v 200.5467 -0.0000 12.3796
v 195.1491 -0.0000 12.9348
v 189.6374 -0.0000 13.5114
v 184.0227 -0.0000 14.1083
v 178.3164 -0.0000 14.7246
v 172.4747 -0.0000 15.3479
v 166.5432 -0.0000 15.9480
v 160.5479 -0.0000 16.5206
v 154.5009 -0.0000 17.0626
v 148.4145 -0.0000 17.5711
v 142.3009 -0.0000 18.0431
v 136.1728 -0.0000 18.4760
v 130.0425 -0.0000 18.8671
v 123.9227 -0.0000 19.2137
v 117.8258 -0.0000 19.5136
v 111.7645 -0.0000 19.7645
v 105.7511 -0.0000 19.9645
v 99.7632 -0.0000 20.1072
v 93.8247 -0.0000 20.1731
v 87.9713 -0.0000 20.1600
v 82.2157 -0.0000 20.0681
v 76.5706 -0.0000 19.8981
v 71.0480 -0.0000 19.6514
v 65.6601 -0.0000 19.3295
v 60.4184 -0.0000 18.9347
v 55.3344 -0.0000 18.4696
v 50.4191 -0.0000 17.9373
v 45.6829 -0.0000 17.3413
v 41.1361 -0.0000 16.6855
v 36.7882 -0.0000 15.9741
v 32.6484 -0.0000 15.2117
v 28.7254 -0.0000 14.4029
v 25.0271 -0.0000 13.5529
v 21.5612 -0.0000 12.6666
v 18.3346 -0.0000 11.7492
v 15.3536 -0.0000 10.8059
v 12.6241 -0.0000 9.8418
v 10.1511 -0.0000 8.8618
v 7.9393 -0.0000 7.8707
v 5.9926 -0.0000 6.8729
v 4.3144 -0.0000 5.8728
v 2.9076 -0.0000 4.8740
v 1.7742 -0.0000 3.8798
v 0.9160 -0.0000 2.8933
v 0.3340 -0.0000 1.9167
v 0.0287 -0.0000 0.9519
v 0.0000 -0.0000 0.0000
v 0.2452 -0.0000 -0.9202
v 0.7610 -0.0000 -1.7903
v 1.5456 -0.0000 -2.6100
v 2.5969 -0.0000 -3.3791
v 3.9121 -0.0000 -4.0974
v 5.4877 -0.0000 -4.7648
v 7.3200 -0.0000 -5.3812
v 9.4048 -0.0000 -5.9468
v 11.7373 -0.0000 -6.4617
v 14.3124 -0.0000 -6.9263
v 17.1244 -0.0000 -7.3411
v 20.1673 -0.0000 -7.7068
v 23.4348 -0.0000 -8.0241
v 26.9203 -0.0000 -8.2944
v 30.6165 -0.0000 -8.5188
v 34.5162 -0.0000 -8.6990
v 38.6116 -0.0000 -8.8368
v 42.8949 -0.0000 -8.9343
v 47.3578 -0.0000 -8.9937
v 51.9917 -0.0000 -9.0177
v 56.7880 -0.0000 -9.0090
v 61.7376 -0.0000 -8.9706
v 66.8313 -0.0000 -8.9058
v 72.0597 -0.0000 -8.8177
v 77.4131 -0.0000 -8.7100
v 82.8814 -0.0000 -8.5861
v 88.4548 -0.0000 -8.4496
v 94.1227 -0.0000 -8.3042
v 99.8748 -0.0000 -8.1534
v 105.7232 -0.0000 -7.9988
v 111.6681 -0.0000 -7.8258
v 117.6627 -0.0000 -7.6324
v 123.6954 -0.0000 -7.4213
v 129.7542 -0.0000 -7.1949
v 135.8272 -0.0000 -6.9557
v 141.9023 -0.0000 -6.7059
v 147.9674 -0.0000 -6.4479
v 154.0105 -0.0000 -6.1836
v 160.0195 -0.0000 -5.9149
v 165.9825 -0.0000 -5.6437
v 171.8873 -0.0000 -5.3715
v 177.7362 -0.0000 -5.0994
v 183.5512 -0.0000 -4.8036
v 189.2654 -0.0000 -4.4726
v 194.8673 -0.0000 -4.1097
v 200.3456 -0.0000 -3.7182
v 205.6893 -0.0000 -3.3014
v 210.8880 -0.0000 -2.8630
v 215.9311 -0.0000 -2.4066
v 220.8089 -0.0000 -1.9360
v 225.5117 -0.0000 -1.4549
v 230.0303 -0.0000 -0.9671
v 234.3560 -0.0000 -0.4767
v 238.4803 -0.0000 0.0125
v 242.3953 -0.0000 0.4966
v 246.0935 -0.0000 0.9717
v 249.5678 -0.0000 1.4338
v 252.8115 -0.0000 1.8794
v 255.8186 -0.0000 2.3046
v 258.5833 -0.0000 2.7061
v 261.1005 -0.0000 3.0804
v 263.3654 -0.0000 3.4245
v 265.3739 -0.0000 3.7353
v 267.1221 -0.0000 4.0104
v 268.6068 -0.0000 4.2473
v 269.8254 -0.0000 4.4439
v 270.7755 -0.0000 4.5987
v 271.4553 -0.0000 4.7102
v 271.8638 -0.0000 4.7775
v 272.0000 -0.0000 4.8000
v 280.8459 -46.1538 7.6109
v 280.7141 -46.1538 7.6214
v 280.3191 -46.1538 7.6528
v 279.6617 -46.1538 7.7051
v 278.7434 -46.1538 7.7784
v 277.5662 -46.1538 7.8726
v 276.1326 -46.1538 7.9877
v 274.4458 -46.1538 8.1237
v 272.5094 -46.1538 8.2806
v 270.3277 -46.1538 8.4585
v 267.9052 -46.1538 8.6573
v 265.2474 -46.1538 8.8772
v 262.3598 -46.1538 9.1183
v 259.2486 -46.1538 9.3805
v 255.9205 -46.1538 9.6642
v 252.3825 -46.1538 9.9693
v 248.6422 -46.1538 10.2960
v 244.7073 -46.1538 10.6444
v 240.5862 -46.1538 11.0147
v 236.2874 -46.1538 11.4069
v 231.8200 -46.1538 11.8211
v 227.1931 -46.1538 12.2573
v 222.4163 -46.1538 12.7153
v 217.4995 -46.1538 13.1949
v 212.4526 -46.1538 13.6958
v 207.2860 -46.1538 14.2176
v 202.0102 -46.1538 14.7595
v 196.6359 -46.1538 15.3207
v 191.1738 -46.1538 15.9003
v 185.5821 -46.1538 16.4864
v 179.9045 -46.1538 17.0501
v 174.1659 -46.1538 17.5874
v 168.3779 -46.1538 18.0953
v 162.5522 -46.1538 18.5710
v 156.7006 -46.1538 19.0119
v 150.8351 -46.1538 19.4152
v 144.9677 -46.1538 19.7785
v 139.1103 -46.1538 20.0993
v 133.2750 -46.1538 20.3754
v 127.4737 -46.1538 20.6048
v 121.7185 -46.1538 20.7854
v 115.9878 -46.1538 20.9113
v 110.3044 -46.1538 20.9637
v 104.7027 -46.1538 20.9407
v 99.1947 -46.1538 20.8425
v 93.7925 -46.1538 20.6698
v 88.5078 -46.1538 20.4238
v 83.3521 -46.1538 20.1061
v 78.3365 -46.1538 19.7189
v 73.4719 -46.1538 19.2647
v 68.7688 -46.1538 18.7465
v 64.2373 -46.1538 18.1677
v 59.8870 -46.1538 17.5320
v 55.7273 -46.1538 16.8434
v 51.7669 -46.1538 16.1064
v 48.0139 -46.1538 15.3254
v 44.4762 -46.1538 14.5053
v 41.1609 -46.1538 13.6509
v 38.0746 -46.1538 12.7672
v 35.2235 -46.1538 11.8591
v 32.6130 -46.1538 10.9315
v 30.2480 -46.1538 9.9892
v 28.1331 -46.1538 9.0368
v 26.2718 -46.1538 8.0785
v 24.6676 -46.1538 7.1183
v 23.3230 -46.1538 6.1599
v 22.2401 -46.1538 5.2065
v 21.4206 -46.1538 4.2609
v 20.8654 -46.1538 3.3252
v 20.5749 -46.1538 2.4013
v 20.5491 -46.1538 1.4903
v 20.7854 -46.1538 0.6101
v 21.2806 -46.1538 -0.2216
v 22.0330 -46.1538 -1.0047
v 23.0405 -46.1538 -1.7389
v 24.3003 -46.1538 -2.4240
v 25.8094 -46.1538 -3.0599
v 27.5641 -46.1538 -3.6465
v 29.5603 -46.1538 -4.1841
v 31.7934 -46.1538 -4.6727
v 34.2586 -46.1538 -5.1127
v 36.9505 -46.1538 -5.5047
v 39.8632 -46.1538 -5.8491
v 42.9909 -46.1538 -6.1471
v 46.3269 -46.1538 -6.3995
v 49.8647 -46.1538 -6.6077
v 53.5970 -46.1538 -6.7731
v 57.5167 -46.1538 -6.8977
v 61.6160 -46.1538 -6.9833
v 65.8871 -46.1538 -7.0322
v 70.3219 -46.1538 -7.0469
v 74.9120 -46.1538 -7.0300
v 79.6488 -46.1538 -6.9844
v 84.5234 -46.1538 -6.9133
v 89.5269 -46.1538 -6.8197
v 94.6499 -46.1538 -6.7070
v 99.8830 -46.1538 -6.5787
v 105.2165 -46.1538 -6.4381
v 110.6405 -46.1538 -6.2889
v 116.1450 -46.1538 -6.1343
v 121.7418 -46.1538 -5.9759
v 127.4308 -46.1538 -5.7996
v 133.1674 -46.1538 -5.6039
v 138.9404 -46.1538 -5.3911
v 144.7383 -46.1538 -5.1636
v 150.5498 -46.1538 -4.9238
v 156.3633 -46.1538 -4.6740
v 162.1672 -46.1538 -4.4162
v 167.9501 -46.1538 -4.1524
v 173.7003 -46.1538 -3.8846
v 179.4064 -46.1538 -3.6144
v 185.0569 -46.1538 -3.3434
v 190.6539 -46.1538 -3.0725
v 196.2184 -46.1538 -2.7790
v 201.6864 -46.1538 -2.4521
v 207.0468 -46.1538 -2.0948
v 212.2889 -46.1538 -1.7103
v 217.4022 -46.1538 -1.3019
v 222.3765 -46.1538 -0.8731
v 227.2021 -46.1538 -0.4273
v 231.8693 -46.1538 0.0318
v 236.3691 -46.1538 0.5007
v 240.6926 -46.1538 0.9755
v 244.8315 -46.1538 1.4526
v 248.7776 -46.1538 1.9281
v 252.5235 -46.1538 2.3984
v 256.0618 -46.1538 2.8596
v 259.3859 -46.1538 3.3081
v 262.4894 -46.1538 3.7403
v 265.3665 -46.1538 4.1527
v 268.0116 -46.1538 4.5418
v 270.4199 -46.1538 4.9045
v 272.5869 -46.1538 5.2378
v 274.5084 -46.1538 5.5389
v 276.1810 -46.1538 5.8053
v 277.6015 -46.1538 6.0346
v 278.7673 -46.1538 6.2250
v 279.6763 -46.1538 6.3748
v 280.3267 -46.1538 6.4828
v 280.7175 -46.1538 6.5479
v 280.8478 -46.1538 6.5697
v 289.6867 -92.3077 9.4619
v 289.5609 -92.3077 9.4715
v 289.1835 -92.3077 9.5005
v 288.5555 -92.3077 9.5488
v 287.6783 -92.3077 9.6163
v 286.5537 -92.3077 9.7032
v 285.1842 -92.3077 9.8094
v 283.5728 -92.3077 9.9349
v 281.7230 -92.3077 10.0797
v 279.6388 -92.3077 10.2439
v 277.3247 -92.3077 10.4275
v 274.7856 -92.3077 10.6306
v 272.0271 -92.3077 10.8533
v 269.0550 -92.3077 11.0957
v 265.8757 -92.3077 11.3579
v 262.4959 -92.3077 11.6401
v 258.9227 -92.3077 11.9424
v 255.1637 -92.3077 12.2649
v 251.2267 -92.3077 12.6078
v 247.1200 -92.3077 12.9712
v 242.8522 -92.3077 13.3552
v 238.4320 -92.3077 13.7597
v 233.8686 -92.3077 14.1847
v 229.1713 -92.3077 14.6299
v 224.3499 -92.3077 15.0952
v 219.4141 -92.3077 15.5800
v 214.3738 -92.3077 16.0839
v 209.2395 -92.3077 16.6059
v 204.0212 -92.3077 17.1452
v 198.6792 -92.3077 17.6904
v 193.2552 -92.3077 18.2140
v 187.7729 -92.3077 18.7122
v 182.2436 -92.3077 19.1822
v 176.6783 -92.3077 19.6214
v 171.0885 -92.3077 20.0272
v 165.4854 -92.3077 20.3971
v 159.8806 -92.3077 20.7288
v 154.2855 -92.3077 21.0200
v 148.7116 -92.3077 21.2685
v 143.1704 -92.3077 21.4724
v 137.6732 -92.3077 21.6299
v 132.1996 -92.3077 21.7352
v 126.7714 -92.3077 21.7705
v 121.4213 -92.3077 21.7339
v 116.1610 -92.3077 21.6257
v 111.0020 -92.3077 21.4467
v 105.9553 -92.3077 21.1979
v 101.0320 -92.3077 20.8811
v 96.2427 -92.3077 20.4983
v 91.5978 -92.3077 20.0518
v 87.1073 -92.3077 19.5446
v 82.7808 -92.3077 18.9800
v 78.6277 -92.3077 18.3615
v 74.6566 -92.3077 17.6930
v 70.8760 -92.3077 16.9787
v 67.2937 -92.3077 16.2231
v 63.9170 -92.3077 15.4306
v 60.7528 -92.3077 14.6059
v 57.8075 -92.3077 13.7539
v 55.0868 -92.3077 12.8792
v 52.5960 -92.3077 11.9865
v 50.3398 -92.3077 11.0803
v 48.3223 -92.3077 10.1652
v 46.5472 -92.3077 9.2451
v 45.0175 -92.3077 8.3238
v 43.7358 -92.3077 7.4050
v 42.7041 -92.3077 6.4916
v 41.9238 -92.3077 5.5863
v 41.3959 -92.3077 4.6912
v 41.1209 -92.3077 3.8080
v 41.0987 -92.3077 2.9379
v 41.3267 -92.3077 2.0979
v 41.8017 -92.3077 1.3048
v 42.5224 -92.3077 0.5588
v 43.4865 -92.3077 -0.1397
v 44.6916 -92.3077 -0.7908
v 46.1345 -92.3077 -1.3942
v 47.8119 -92.3077 -1.9499
v 49.7198 -92.3077 -2.4581
v 51.8540 -92.3077 -2.9190
v 54.2095 -92.3077 -3.3328
v 56.7815 -92.3077 -3.7001
v 59.5643 -92.3077 -4.0215
v 62.5522 -92.3077 -4.2979
v 65.7391 -92.3077 -4.5303
v 69.1185 -92.3077 -4.7199
v 72.6836 -92.3077 -4.8682
v 76.4275 -92.3077 -4.9770
v 80.3429 -92.3077 -5.0481
v 84.4223 -92.3077 -5.0836
v 88.6579 -92.3077 -5.0861
v 93.0417 -92.3077 -5.0580
v 97.5656 -92.3077 -5.0021
v 102.2211 -92.3077 -4.9215
v 106.9996 -92.3077 -4.8190
v 111.8921 -92.3077 -4.6981
v 116.8898 -92.3077 -4.5619
v 121.9834 -92.3077 -4.4138
v 127.1634 -92.3077 -4.2570
v 132.4202 -92.3077 -4.0951
v 137.7652 -92.3077 -3.9292
v 143.1981 -92.3077 -3.7461
v 148.6765 -92.3077 -3.5441
v 154.1896 -92.3077 -3.3258
v 159.7265 -92.3077 -3.0935
v 165.2763 -92.3077 -2.8493
v 170.8280 -92.3077 -2.5955
v 176.3706 -92.3077 -2.3342
v 181.8930 -92.3077 -2.0672
v 187.3842 -92.3077 -1.7965
v 192.8333 -92.3077 -1.5235
v 198.2292 -92.3077 -1.2500
v 203.5741 -92.3077 -0.9767
v 208.8879 -92.3077 -0.6819
v 214.1094 -92.3077 -0.3554
v 219.2281 -92.3077 -0.0001
v 224.2337 -92.3077 0.3807
v 229.1162 -92.3077 0.7841
v 233.8660 -92.3077 1.2066
v 238.4736 -92.3077 1.6449
v 242.9300 -92.3077 2.0956
v 247.2264 -92.3077 2.5551
v 251.3545 -92.3077 3.0199
v 255.3062 -92.3077 3.4863
v 259.0738 -92.3077 3.9508
v 262.6502 -92.3077 4.4097
v 266.0284 -92.3077 4.8594
v 269.2020 -92.3077 5.2964
v 272.1650 -92.3077 5.7173
v 274.9117 -92.3077 6.1186
v 277.4370 -92.3077 6.4972
v 279.7362 -92.3077 6.8499
v 281.8049 -92.3077 7.1739
v 283.6394 -92.3077 7.4664
v 285.2361 -92.3077 7.7252
v 286.5922 -92.3077 7.9479
v 287.7051 -92.3077 8.1328
v 288.5729 -92.3077 8.2783
v 289.1938 -92.3077 8.3831
v 289.5669 -92.3077 8.4463
v 289.6913 -92.3077 8.4674
v 298.5248 -138.4615 11.3467
v 298.4048 -138.4615 11.3555
v 298.0452 -138.4615 11.3819
v 297.4466 -138.4615 11.4260
v 296.6104 -138.4615 11.4878
v 295.5384 -138.4615 11.5671
v 294.2331 -138.4615 11.6642
v 292.6971 -138.4615 11.7789
v 290.9338 -138.4615 11.9113
v 288.9471 -138.4615 12.0614
v 286.7413 -138.4615 12.2293
v 284.3211 -138.4615 12.4152
v 281.6916 -138.4615 12.6190
v 278.8586 -138.4615 12.8410
v 275.8280 -138.4615 13.0812
v 272.6063 -138.4615 13.3398
v 269.2002 -138.4615 13.6170
v 265.6170 -138.4615 13.9130
v 261.8642 -138.4615 14.2278
v 257.9496 -138.4615 14.5616
v 253.8813 -138.4615 14.9146
v 249.6678 -138.4615 15.2866
v 245.3177 -138.4615 15.6777
v 240.8401 -138.4615 16.0878
v 236.2440 -138.4615 16.5165
v 231.5388 -138.4615 16.9635
v 226.7341 -138.4615 17.4284
v 221.8397 -138.4615 17.9103
v 216.8652 -138.4615 18.4083
v 211.7728 -138.4615 18.9116
v 206.6023 -138.4615 19.3941
v 201.3764 -138.4615 19.8522
v 196.1057 -138.4615 20.2833
v 190.8009 -138.4615 20.6850
v 185.4727 -138.4615 21.0547
v 180.1321 -138.4615 21.3902
v 174.7898 -138.4615 21.6893
v 169.4570 -138.4615 21.9497
v 164.1445 -138.4615 22.1696
v 158.8633 -138.4615 22.3471
v 153.6242 -138.4615 22.4805
v 148.4077 -138.4615 22.5642
v 143.2347 -138.4615 22.5813
v 138.1364 -138.4615 22.5302
v 133.1239 -138.4615 22.4111
v 128.2080 -138.4615 22.2248
v 123.3995 -138.4615 21.9725
v 118.7087 -138.4615 21.6556
v 114.1458 -138.4615 21.2762
v 109.7207 -138.4615 20.8366
v 105.4430 -138.4615 20.3396
v 101.3218 -138.4615 19.7884
v 97.3658 -138.4615 19.1864
v 93.5836 -138.4615 18.5373
v 89.9829 -138.4615 17.8451
v 86.5714 -138.4615 17.1141
v 83.3560 -138.4615 16.3486
v 80.3431 -138.4615 15.5531
v 77.5389 -138.4615 14.7322
v 74.9488 -138.4615 13.8904
v 72.5779 -138.4615 13.0321
v 70.4305 -138.4615 12.1617
v 68.5107 -138.4615 11.2835
v 66.8219 -138.4615 10.4013
v 65.3669 -138.4615 9.5187
v 64.1483 -138.4615 8.6392
v 63.1679 -138.4615 7.7656
v 62.4271 -138.4615 6.9005
v 61.9268 -138.4615 6.0460
v 61.6674 -138.4615 5.2035
v 61.6488 -138.4615 4.3742
v 61.8686 -138.4615 3.5744
v 62.3238 -138.4615 2.8200
v 63.0128 -138.4615 2.1114
v 63.9337 -138.4615 1.4486
v 65.0841 -138.4615 0.8318
v 66.4610 -138.4615 0.2612
v 68.0612 -138.4615 -0.2633
v 69.8809 -138.4615 -0.7418
v 71.9160 -138.4615 -1.1745
v 74.1621 -138.4615 -1.5617
v 76.6142 -138.4615 -1.9039
v 79.2671 -138.4615 -2.2018
v 82.1153 -138.4615 -2.4561
v 85.1530 -138.4615 -2.6678
v 88.3740 -138.4615 -2.8383
v 91.7719 -138.4615 -2.9688
v 95.3400 -138.4615 -3.0610
v 99.0715 -138.4615 -3.1169
v 102.9591 -138.4615 -3.1384
v 106.9955 -138.4615 -3.1279
v 111.1731 -138.4615 -3.0878
v 115.4840 -138.4615 -3.0208
v 119.9203 -138.4615 -2.9298
v 124.4737 -138.4615 -2.8177
v 129.1358 -138.4615 -2.6875
v 133.8980 -138.4615 -2.5425
v 138.7515 -138.4615 -2.3859
v 143.6874 -138.4615 -2.2208
v 148.6965 -138.4615 -2.0505
v 153.7895 -138.4615 -1.8762
v 158.9664 -138.4615 -1.6851
v 164.1865 -138.4615 -1.4761
v 169.4396 -138.4615 -1.2513
v 174.7154 -138.4615 -1.0130
v 180.0034 -138.4615 -0.7635
v 185.2932 -138.4615 -0.5048
v 190.5743 -138.4615 -0.2389
v 195.8361 -138.4615 0.0323
v 201.0683 -138.4615 0.3070
v 206.2602 -138.4615 0.5837
v 211.4016 -138.4615 0.8608
v 216.4942 -138.4615 1.1374
v 221.5571 -138.4615 1.4345
v 226.5321 -138.4615 1.7615
v 231.4089 -138.4615 2.1156
v 236.1779 -138.4615 2.4938
v 240.8296 -138.4615 2.8930
v 245.3547 -138.4615 3.3101
v 249.7443 -138.4615 3.7418
v 253.9897 -138.4615 4.1848
v 258.0826 -138.4615 4.6358
v 262.0151 -138.4615 5.0912
v 265.7795 -138.4615 5.5477
v 269.3685 -138.4615 6.0018
v 272.7753 -138.4615 6.4500
v 275.9932 -138.4615 6.8888
v 279.0162 -138.4615 7.3149
v 281.8386 -138.4615 7.7250
v 284.4549 -138.4615 8.1158
v 286.8603 -138.4615 8.4842
v 289.0503 -138.4615 8.8273
v 291.0207 -138.4615 9.1423
v 292.7680 -138.4615 9.4267
v 294.2888 -138.4615 9.6781
v 295.5805 -138.4615 9.8945
v 296.6405 -138.4615 10.0741
v 297.4670 -138.4615 10.2153
v 298.0584 -138.4615 10.3171
v 298.4137 -138.4615 10.3785
v 298.5322 -138.4615 10.3990
v 307.3609 -184.6154 13.2331
v 307.2468 -184.6154 13.2411
v 306.9048 -184.6154 13.2650
v 306.3356 -184.6154 13.3049
v 305.5405 -184.6154 13.3608
v 304.5212 -184.6154 13.4327
v 303.2799 -184.6154 13.5205
v 301.8193 -184.6154 13.6244
v 300.1426 -184.6154 13.7443
v 298.2535 -184.6154 13.8804
v 296.1560 -184.6154 14.0327
v 293.8546 -184.6154 14.2012
v 291.3542 -184.6154 14.3862
v 288.6603 -184.6154 14.5877
v 285.7784 -184.6154 14.8058
v 282.7149 -184.6154 15.0409
v 279.4760 -184.6154 15.2930
v 276.0687 -184.6154 15.5623
v 272.5000 -184.6154 15.8490
v 268.7775 -184.6154 16.1532
v 264.9088 -184.6154 16.4751
v 260.9020 -184.6154 16.8146
v 256.7653 -184.6154 17.1718
v 252.5073 -184.6154 17.5466
v 248.1366 -184.6154 17.9388
v 243.6622 -184.6154 18.3480
v 239.0931 -184.6154 18.7737
v 234.4386 -184.6154 19.2154
v 229.7080 -184.6154 19.6722
v 224.8652 -184.6154 20.1336
v 219.9483 -184.6154 20.5749
v 214.9788 -184.6154 20.9928
v 209.9668 -184.6154 21.3850
v 204.9225 -184.6154 21.7490
v 199.8560 -184.6154 22.0826
v 194.7779 -184.6154 22.3837
v 189.6983 -184.6154 22.6500
v 184.6278 -184.6154 22.8797
v 179.5768 -184.6154 23.0709
v 174.5556 -184.6154 23.2219
v 169.5747 -184.6154 23.3312
v 164.6154 -184.6154 23.3932
v 159.6976 -184.6154 23.3922
v 154.8512 -184.6154 23.3265
v 150.0864 -184.6154 23.1965
v 145.4138 -184.6154 23.0029
v 140.8434 -184.6154 22.7468
v 136.3852 -184.6154 22.4298
v 132.0488 -184.6154 22.0538
v 127.8436 -184.6154 21.6211
v 123.7787 -184.6154 21.1343
v 119.8627 -184.6154 20.5965
v 116.1041 -184.6154 20.0109
v 112.5107 -184.6154 19.3811
v 109.0901 -184.6154 18.7111
v 105.8494 -184.6154 18.0047
v 102.7952 -184.6154 17.2662
v 99.9337 -184.6154 16.4999
v 97.2707 -184.6154 15.7100
v 94.8113 -184.6154 14.9011
v 92.5602 -184.6154 14.0772
v 90.5218 -184.6154 13.2426
v 88.6997 -184.6154 12.4012
v 87.0972 -184.6154 11.5569
v 85.7170 -184.6154 10.7130
v 84.5615 -184.6154 9.8728
v 83.6324 -184.6154 9.0391
v 82.9310 -184.6154 8.2142
v 82.4583 -184.6154 7.4001
v 82.2145 -184.6154 6.5984
v 82.1997 -184.6154 5.8100
v 82.4113 -184.6154 5.0504
v 82.8465 -184.6154 4.3348
v 83.5039 -184.6154 3.6634
v 84.3816 -184.6154 3.0364
v 85.4772 -184.6154 2.4539
v 86.7881 -184.6154 1.9161
v 88.3111 -184.6154 1.4228
v 90.0426 -184.6154 0.9741
v 91.9787 -184.6154 0.5696
v 94.1152 -184.6154 0.2090
v 96.4474 -184.6154 -0.1081
v 98.9704 -184.6154 -0.3823
v 101.6789 -184.6154 -0.6145
v 104.5674 -184.6154 -0.8057
v 107.6300 -184.6154 -0.9569
v 110.8606 -184.6154 -1.0695
v 114.2529 -184.6154 -1.1453
v 117.8004 -184.6154 -1.1858
v 121.4962 -184.6154 -1.1933
v 125.3333 -184.6154 -1.1697
v 129.3046 -184.6154 -1.1176
v 133.4025 -184.6154 -1.0394
v 137.6195 -184.6154 -0.9380
v 141.9478 -184.6154 -0.8161
v 146.3794 -184.6154 -0.6768
v 150.9060 -184.6154 -0.5230
v 155.5195 -184.6154 -0.3578
v 160.2112 -184.6154 -0.1843
v 164.9725 -184.6154 -0.0056
v 169.8136 -184.6154 0.1772
v 174.7343 -184.6154 0.3762
v 179.6961 -184.6154 0.5925
v 184.6892 -184.6154 0.8238
v 189.7037 -184.6154 1.0680
v 194.7299 -184.6154 1.3229
v 199.7578 -184.6154 1.5866
v 204.7773 -184.6154 1.8571
v 209.7785 -184.6154 2.1326
v 214.7515 -184.6154 2.4113
v 219.6862 -184.6154 2.6917
v 224.5729 -184.6154 2.9724
v 229.4132 -184.6154 3.2525
v 234.2253 -184.6154 3.5519
v 238.9536 -184.6154 3.8795
v 243.5885 -184.6154 4.2324
v 248.1209 -184.6154 4.6080
v 252.5416 -184.6154 5.0031
v 256.8420 -184.6154 5.4147
v 261.0135 -184.6154 5.8399
v 265.0479 -184.6154 6.2753
v 268.9373 -184.6154 6.7177
v 272.6741 -184.6154 7.1639
v 276.2512 -184.6154 7.6105
v 279.6616 -184.6154 8.0542
v 282.8987 -184.6154 8.4917
v 285.9563 -184.6154 8.9196
v 288.8287 -184.6154 9.3349
v 291.5103 -184.6154 9.7342
v 293.9962 -184.6154 10.1144
v 296.2817 -184.6154 10.4727
v 298.3624 -184.6154 10.8063
v 300.2345 -184.6154 11.1124
v 301.8946 -184.6154 11.3886
v 303.3395 -184.6154 11.6327
v 304.5667 -184.6154 11.8427
v 305.5738 -184.6154 12.0170
v 306.3590 -184.6154 12.1541
v 306.9209 -184.6154 12.2528
v 307.2585 -184.6154 12.3123
v 307.3711 -184.6154 12.3322
v 316.1954 -230.7692 15.1020
v 316.0872 -230.7692 15.1091
v 315.7628 -230.7692 15.1306
v 315.2230 -230.7692 15.1664
v 314.4690 -230.7692 15.2165
v 313.5023 -230.7692 15.2809
v 312.3252 -230.7692 15.3597
v 310.9401 -230.7692 15.4530
v 309.3500 -230.7692 15.5606
v 307.5585 -230.7692 15.6828
v 305.5693 -230.7692 15.8196
v 303.3868 -230.7692 15.9711
v 301.0156 -230.7692 16.1374
v 298.4608 -230.7692 16.3187
v 295.7278 -230.7692 16.5152
v 292.8224 -230.7692 16.7270
v 289.7508 -230.7692 16.9543
v 286.5194 -230.7692 17.1973
v 283.1350 -230.7692 17.4562
v 279.6046 -230.7692 17.7312
v 275.9357 -230.7692 18.0224
v 272.1357 -230.7692 18.3299
v 268.2125 -230.7692 18.6536
v 264.1742 -230.7692 18.9936
v 260.0290 -230.7692 19.3496
v 255.7854 -230.7692 19.7214
v 251.4520 -230.7692 20.1085
v 247.0376 -230.7692 20.5105
v 242.5509 -230.7692 20.9265
v 237.9579 -230.7692 21.3464
v 233.2947 -230.7692 21.7471
v 228.5817 -230.7692 22.1254
v 223.8285 -230.7692 22.4791
v 219.0447 -230.7692 22.8060
v 214.2402 -230.7692 23.1040
v 209.4246 -230.7692 23.3711
v 204.6078 -230.7692 23.6053
v 199.7997 -230.7692 23.8047
v 195.0103 -230.7692 23.9678
v 190.2492 -230.7692 24.0928
v 185.5265 -230.7692 24.1784
v 180.8245 -230.7692 24.2194
v 176.1620 -230.7692 24.2006
v 171.5674 -230.7692 24.1208
v 167.0505 -230.7692 23.9804
v 162.6212 -230.7692 23.7800
v 158.2891 -230.7692 23.5207
v 154.0635 -230.7692 23.2041
v 149.9536 -230.7692 22.8320
v 145.9683 -230.7692 22.4065
v 142.1161 -230.7692 21.9304
v 138.4054 -230.7692 21.4063
v 134.8440 -230.7692 20.8375
v 131.4395 -230.7692 20.2275
v 128.1989 -230.7692 19.5799
v 125.1290 -230.7692 18.8985
v 122.2361 -230.7692 18.1873
v 119.5259 -230.7692 17.4504
v 117.0040 -230.7692 16.6920
v 114.6752 -230.7692 15.9162
v 112.5440 -230.7692 15.1269
v 110.6144 -230.7692 14.3283
v 108.8899 -230.7692 13.5241
v 107.3737 -230.7692 12.7178
v 106.0682 -230.7692 11.9127
v 104.9757 -230.7692 11.1120
v 104.0978 -230.7692 10.3182
v 103.4359 -230.7692 9.5336
v 102.9906 -230.7692 8.7601
v 102.7624 -230.7692 7.9991
v 102.7512 -230.7692 7.2515
v 102.9546 -230.7692 6.5321
v 103.3698 -230.7692 5.8553
v 103.9955 -230.7692 5.2211
v 104.8298 -230.7692 4.6298
v 105.8707 -230.7692 4.0816
v 107.1155 -230.7692 3.5764
v 108.5611 -230.7692 3.1143
v 110.2044 -230.7692 2.6950
v 112.0414 -230.7692 2.3185
v 114.0683 -230.7692 1.9844
v 116.2806 -230.7692 1.6922
v 118.6736 -230.7692 1.4413
v 121.2423 -230.7692 1.2309
v 123.9814 -230.7692 1.0601
v 126.8856 -230.7692 0.9278
v 129.9489 -230.7692 0.8327
v 133.1654 -230.7692 0.7731
v 136.5288 -230.7692 0.7474
v 140.0327 -230.7692 0.7538
v 143.6706 -230.7692 0.7899
v 147.4354 -230.7692 0.8537
v 151.3203 -230.7692 0.9426
v 155.3180 -230.7692 1.0539
v 159.4211 -230.7692 1.1851
v 163.6221 -230.7692 1.3332
v 167.9132 -230.7692 1.4954
v 172.2865 -230.7692 1.6687
v 176.7340 -230.7692 1.8501
v 181.2475 -230.7692 2.0367
v 185.8366 -230.7692 2.2275
v 190.5011 -230.7692 2.4339
v 195.2044 -230.7692 2.6568
v 199.9375 -230.7692 2.8942
v 204.6908 -230.7692 3.1438
v 209.4551 -230.7692 3.4036
v 214.2210 -230.7692 3.6718
v 218.9789 -230.7692 3.9464
v 223.7195 -230.7692 4.2256
v 228.4332 -230.7692 4.5078
v 233.1108 -230.7692 4.7914
v 237.7427 -230.7692 5.0752
v 242.3307 -230.7692 5.3582
v 246.8919 -230.7692 5.6594
v 251.3735 -230.7692 5.9871
v 255.7665 -230.7692 6.3384
v 260.0622 -230.7692 6.7108
v 264.2520 -230.7692 7.1014
v 268.3276 -230.7692 7.5072
v 272.2810 -230.7692 7.9253
v 276.1043 -230.7692 8.3527
v 279.7902 -230.7692 8.7862
v 283.3314 -230.7692 9.2226
v 286.7212 -230.7692 9.6590
v 289.9529 -230.7692 10.0920
v 293.0203 -230.7692 10.5184
v 295.9177 -230.7692 10.9352
v 298.6394 -230.7692 11.3392
v 301.1804 -230.7692 11.7275
v 303.5358 -230.7692 12.0970
v 305.7013 -230.7692 12.4449
v 307.6728 -230.7692 12.7687
v 309.4467 -230.7692 13.0656
v 311.0195 -230.7692 13.3335
v 312.3886 -230.7692 13.5701
v 313.5513 -230.7692 13.7737
v 314.5055 -230.7692 13.9426
v 315.2494 -230.7692 14.0753
v 315.7818 -230.7692 14.1709
v 316.1016 -230.7692 14.2286
v 316.2083 -230.7692 14.2479
v 325.0287 -276.9231 16.9398
v 324.9264 -276.9231 16.9462
v 324.6198 -276.9231 16.9652
v 324.1094 -276.9231 16.9970
v 323.3965 -276.9231 17.0415
v 322.4825 -276.9231 17.0987
v 321.3695 -276.9231 17.1687
v 320.0599 -276.9231 17.2515
v 318.5565 -276.9231 17.3472
v 316.8626 -276.9231 17.4558
v 314.9819 -276.9231 17.5775
v 312.9183 -276.9231 17.7124
v 310.6763 -276.9231 17.8605
v 308.2607 -276.9231 18.0221
v 305.6766 -276.9231 18.1974
v 302.9296 -276.9231 18.3865
v 300.0253 -276.9231 18.5896
v 296.9699 -276.9231 18.8070
v 293.7699 -276.9231 19.0388
v 290.4318 -276.9231 19.2852
v 286.9626 -276.9231 19.5464
v 283.3695 -276.9231 19.8225
v 279.6600 -276.9231 20.1135
v 275.8415 -276.9231 20.4194
v 271.9220 -276.9231 20.7401
v 267.9094 -276.9231 21.0753
v 263.8118 -276.9231 21.4247
v 259.6375 -276.9231 21.7878
v 255.3950 -276.9231 22.1639
v 251.0519 -276.9231 22.5432
v 246.6425 -276.9231 22.9042
v 242.1862 -276.9231 23.2437
v 237.6920 -276.9231 23.5599
v 233.1689 -276.9231 23.8506
v 228.6263 -276.9231 24.1139
v 224.0734 -276.9231 24.3480
v 219.5195 -276.9231 24.5509
v 214.9740 -276.9231 24.7211
v 210.4462 -276.9231 24.8569
v 205.9454 -276.9231 24.9569
v 201.4810 -276.9231 25.0197
v 197.0363 -276.9231 25.0405
v 192.6293 -276.9231 25.0049
v 188.2865 -276.9231 24.9120
v 184.0176 -276.9231 24.7619
v 179.8316 -276.9231 24.5556
v 175.7377 -276.9231 24.2939
v 171.7447 -276.9231 23.9785
v 167.8613 -276.9231 23.6111
v 164.0958 -276.9231 23.1937
v 160.4565 -276.9231 22.7289
v 156.9510 -276.9231 22.2193
v 153.5868 -276.9231 21.6681
v 150.3710 -276.9231 21.0785
v 147.3104 -276.9231 20.4539
v 144.4112 -276.9231 19.7981
v 141.6794 -276.9231 19.1148
v 139.1205 -276.9231 18.4079
v 136.7396 -276.9231 17.6814
v 134.5413 -276.9231 16.9391
v 132.5298 -276.9231 16.1850
v 130.7089 -276.9231 15.4227
v 129.0820 -276.9231 14.6559
v 127.6518 -276.9231 13.8880
v 126.4209 -276.9231 13.1220
v 125.3913 -276.9231 12.3610
v 124.5646 -276.9231 11.6073
v 123.9419 -276.9231 10.8631
v 123.5239 -276.9231 10.1303
v 123.3111 -276.9231 9.4100
v 123.3034 -276.9231 8.7034
v 123.4984 -276.9231 8.0242
v 123.8934 -276.9231 7.3860
v 124.4873 -276.9231 6.7889
v 125.2782 -276.9231 6.2332
v 126.2642 -276.9231 5.7190
v 127.4427 -276.9231 5.2462
v 128.8110 -276.9231 4.8149
v 130.3658 -276.9231 4.4249
v 132.1037 -276.9231 4.0761
v 134.0209 -276.9231 3.7680
v 136.1131 -276.9231 3.5002
v 138.3760 -276.9231 3.2722
v 140.8048 -276.9231 3.0832
v 143.3947 -276.9231 2.9322
v 146.1403 -276.9231 2.8183
v 149.0362 -276.9231 2.7400
v 152.0767 -276.9231 2.6960
v 155.2561 -276.9231 2.6846
v 158.5681 -276.9231 2.7040
v 162.0066 -276.9231 2.7521
v 165.5650 -276.9231 2.8268
v 169.2368 -276.9231 2.9256
v 173.0152 -276.9231 3.0462
v 176.8931 -276.9231 3.1858
v 180.8635 -276.9231 3.3419
v 184.9189 -276.9231 3.5116
v 189.0521 -276.9231 3.6921
v 193.2554 -276.9231 3.8806
v 197.5209 -276.9231 4.0742
v 201.8580 -276.9231 4.2721
v 206.2662 -276.9231 4.4850
v 210.7112 -276.9231 4.7137
v 215.1841 -276.9231 4.9562
v 219.6762 -276.9231 5.2103
v 224.1786 -276.9231 5.4741
v 228.6824 -276.9231 5.7458
v 233.1788 -276.9231 6.0235
v 237.6587 -276.9231 6.3056
v 242.1132 -276.9231 6.5903
v 246.5335 -276.9231 6.8763
v 250.9107 -276.9231 7.1622
v 255.2464 -276.9231 7.4473
v 259.5566 -276.9231 7.7495
v 263.7915 -276.9231 8.0763
v 267.9426 -276.9231 8.4252
v 272.0017 -276.9231 8.7936
v 275.9605 -276.9231 9.1788
v 279.8114 -276.9231 9.5780
v 283.5467 -276.9231 9.9883
v 287.1590 -276.9231 10.4069
v 290.6414 -276.9231 10.8307
v 293.9870 -276.9231 11.2569
v 297.1894 -276.9231 11.6822
v 300.2425 -276.9231 12.1039
v 303.1403 -276.9231 12.5187
v 305.8774 -276.9231 12.9237
v 308.4486 -276.9231 13.3161
v 310.8489 -276.9231 13.6927
v 313.0740 -276.9231 14.0510
v 315.1195 -276.9231 14.3882
v 316.9818 -276.9231 14.7017
v 318.6574 -276.9231 14.9892
v 320.1431 -276.9231 15.2484
v 321.4363 -276.9231 15.4773
v 322.5345 -276.9231 15.6742
v 323.4358 -276.9231 15.8375
v 324.1385 -276.9231 15.9658
v 324.6414 -276.9231 16.0582
v 324.9434 -276.9231 16.1139
v 325.0442 -276.9231 16.1326
v 333.8615 -323.0769 18.7363
v 333.7651 -323.0769 18.7419
v 333.4761 -323.0769 18.7586
v 332.9952 -323.0769 18.7865
v 332.3234 -323.0769 18.8256
v 331.4622 -323.0769 18.8758
v 330.4134 -323.0769 18.9373
v 329.1793 -323.0769 19.0101
v 327.7626 -323.0769 19.0942
v 326.1664 -323.0769 19.1898
v 324.3941 -323.0769 19.2969
v 322.4496 -323.0769 19.4156
v 320.3369 -323.0769 19.5462
v 318.0606 -323.0769 19.6888
v 315.6255 -323.0769 19.8435
v 313.0368 -323.0769 20.0107
v 310.3000 -323.0769 20.1904
v 307.4208 -323.0769 20.3829
v 304.4052 -323.0769 20.5885
v 301.2595 -323.0769 20.8073
v 297.9903 -323.0769 21.0395
v 294.6043 -323.0769 21.2852
v 291.1085 -323.0769 21.5445
v 287.5100 -323.0769 21.8174
v 283.8163 -323.0769 22.1038
v 280.0348 -323.0769 22.4035
v 276.1732 -323.0769 22.7162
v 272.2393 -323.0769 23.0415
v 268.2411 -323.0769 23.3788
v 264.1481 -323.0769 23.7188
v 259.9927 -323.0769 24.0411
v 255.7932 -323.0769 24.3432
v 251.5581 -323.0769 24.6230
v 247.2959 -323.0769 24.8788
v 243.0154 -323.0769 25.1087
v 238.7254 -323.0769 25.3109
v 234.4345 -323.0769 25.4839
v 230.1516 -323.0769 25.6260
v 225.8856 -323.0769 25.7358
v 221.6452 -323.0769 25.8119
v 217.4391 -323.0769 25.8533
v 213.2519 -323.0769 25.8550
v 209.1003 -323.0769 25.8038
v 205.0096 -323.0769 25.6989
v 200.9885 -323.0769 25.5404
v 197.0459 -323.0769 25.3292
v 193.1902 -323.0769 25.0664
v 189.4298 -323.0769 24.7532
v 185.7729 -323.0769 24.3915
v 182.2273 -323.0769 23.9832
v 178.8006 -323.0769 23.5308
v 175.5002 -323.0769 23.0367
v 172.3332 -323.0769 22.5039
v 169.3061 -323.0769 21.9356
v 166.4252 -323.0769 21.3350
v 163.6966 -323.0769 20.7055
v 161.1259 -323.0769 20.0509
v 158.7180 -323.0769 19.3747
v 156.4780 -323.0769 18.6807
v 154.4100 -323.0769 17.9726
v 152.5181 -323.0769 17.2541
v 150.8057 -323.0769 16.5287
v 149.2761 -323.0769 15.7998
v 147.9319 -323.0769 15.0707
v 146.7754 -323.0769 14.3442
v 145.8085 -323.0769 13.6231
v 145.0326 -323.0769 12.9097
v 144.4490 -323.0769 12.2062
v 144.0582 -323.0769 11.5141
v 143.8606 -323.0769 10.8348
v 143.8561 -323.0769 10.1691
v 144.0426 -323.0769 9.5300
v 144.4173 -323.0769 8.9303
v 144.9791 -323.0769 8.3702
v 145.7265 -323.0769 7.8499
v 146.6574 -323.0769 7.3694
v 147.7695 -323.0769 6.9288
v 149.0602 -323.0769 6.5279
v 150.5266 -323.0769 6.1668
v 152.1652 -323.0769 5.8451
v 153.9725 -323.0769 5.5625
v 155.9446 -323.0769 5.3186
v 158.0773 -323.0769 5.1129
v 160.3662 -323.0769 4.9445
v 162.8066 -323.0769 4.8127
v 165.3935 -323.0769 4.7164
v 168.1220 -323.0769 4.6542
v 170.9866 -323.0769 4.6250
v 173.9818 -323.0769 4.6270
v 177.1019 -323.0769 4.6585
v 180.3409 -323.0769 4.7176
v 183.6929 -323.0769 4.8022
v 187.1516 -323.0769 4.9100
v 190.7106 -323.0769 5.0387
v 194.3632 -323.0769 5.1858
v 198.1030 -323.0769 5.3487
v 201.9228 -323.0769 5.5248
v 205.8158 -323.0769 5.7114
v 209.7748 -323.0769 5.9058
v 213.7924 -323.0769 6.1054
v 217.8774 -323.0769 6.3091
v 222.0294 -323.0769 6.5274
v 226.2160 -323.0769 6.7607
v 230.4288 -323.0769 7.0070
v 234.6596 -323.0769 7.2644
v 238.9001 -323.0769 7.5309
v 243.1419 -323.0769 7.8049
v 247.3766 -323.0769 8.0846
v 251.5958 -323.0769 8.3682
v 255.7912 -323.0769 8.6543
v 259.9542 -323.0769 8.9415
v 264.0767 -323.0769 9.2283
v 268.1600 -323.0769 9.5143
v 272.2193 -323.0769 9.8162
v 276.2076 -323.0769 10.1410
v 280.1168 -323.0769 10.4864
v 283.9392 -323.0769 10.8497
v 287.6672 -323.0769 11.2284
v 291.2933 -323.0769 11.6199
v 294.8105 -323.0769 12.0214
v 298.2119 -323.0769 12.4302
v 301.4909 -323.0769 12.8434
v 304.6410 -323.0769 13.2583
v 307.6561 -323.0769 13.6719
v 310.5306 -323.0769 14.0813
v 313.2589 -323.0769 14.4837
v 315.8358 -323.0769 14.8762
v 318.2564 -323.0769 15.2561
v 320.5162 -323.0769 15.6206
v 322.6109 -323.0769 15.9670
v 324.5366 -323.0769 16.2929
v 326.2898 -323.0769 16.5957
v 327.8671 -323.0769 16.8732
v 329.2657 -323.0769 17.1234
v 330.4830 -323.0769 17.3442
v 331.5169 -323.0769 17.5341
v 332.3653 -323.0769 17.6915
v 333.0268 -323.0769 17.8152
v 333.5001 -323.0769 17.9043
v 333.7845 -323.0769 17.9580
v 333.8793 -323.0769 17.9759
v 342.6942 -369.2308 20.4832
v 342.6037 -369.2308 20.4880
v 342.3324 -369.2308 20.5025
v 341.8809 -369.2308 20.5267
v 341.2503 -369.2308 20.5605
v 340.4418 -369.2308 20.6041
v 339.4572 -369.2308 20.6574
v 338.2988 -369.2308 20.7206
v 336.9689 -369.2308 20.7936
v 335.4704 -369.2308 20.8767
v 333.8067 -369.2308 20.9698
v 331.9812 -369.2308 21.0732
v 329.9979 -369.2308 21.1869
v 327.8610 -369.2308 21.3113
v 325.5751 -369.2308 21.4463
v 323.1449 -369.2308 21.5924
v 320.5756 -369.2308 21.7497
v 317.8727 -369.2308 21.9184
v 315.0417 -369.2308 22.0987
v 312.0885 -369.2308 22.2910
v 309.0194 -369.2308 22.4953
v 305.8406 -369.2308 22.7117
v 302.5587 -369.2308 22.9405
v 299.1804 -369.2308 23.1816
v 295.7126 -369.2308 23.4350
v 292.1624 -369.2308 23.7006
v 288.5370 -369.2308 23.9780
v 284.8437 -369.2308 24.2669
v 281.0899 -369.2308 24.5668
v 277.2472 -369.2308 24.8688
v 273.3461 -369.2308 25.1540
v 269.4036 -369.2308 25.4200
v 265.4277 -369.2308 25.6650
v 261.4266 -369.2308 25.8873
v 257.4084 -369.2308 26.0852
v 253.3813 -369.2308 26.2571
v 249.3536 -369.2308 26.4016
v 245.3335 -369.2308 26.5171
v 241.3294 -369.2308 26.6024
v 237.3495 -369.2308 26.6562
v 233.4019 -369.2308 26.6774
v 229.4721 -369.2308 26.6616
v 225.5761 -369.2308 26.5963
v 221.7374 -369.2308 26.4808
v 217.9643 -369.2308 26.3153
v 214.2650 -369.2308 26.1007
v 210.6475 -369.2308 25.8379
v 207.1197 -369.2308 25.5284
v 203.6891 -369.2308 25.1737
v 200.3633 -369.2308 24.7757
v 197.1492 -369.2308 24.3368
v 194.0539 -369.2308 23.8594
v 191.0838 -369.2308 23.3462
v 188.2452 -369.2308 22.8002
v 185.5441 -369.2308 22.2245
v 182.9859 -369.2308 21.6224
v 180.5759 -369.2308 20.9973
v 178.3190 -369.2308 20.3527
v 176.2196 -369.2308 19.6920
v 174.2817 -369.2308 19.0189
v 172.5092 -369.2308 18.3367
v 170.9051 -369.2308 17.6488
v 169.4726 -369.2308 16.9583
v 168.2141 -369.2308 16.2684
v 167.1317 -369.2308 15.5818
v 166.2273 -369.2308 14.9010
v 165.5022 -369.2308 14.2283
v 164.9573 -369.2308 13.5656
v 164.5935 -369.2308 12.9144
v 164.4109 -369.2308 12.2761
v 164.4094 -369.2308 11.6513
v 164.5871 -369.2308 11.0523
v 164.9412 -369.2308 10.4910
v 165.4708 -369.2308 9.9677
v 166.1744 -369.2308 9.4825
v 167.0500 -369.2308 9.0355
v 168.0956 -369.2308 8.6265
v 169.3086 -369.2308 8.2557
v 170.6863 -369.2308 7.9229
v 172.2255 -369.2308 7.6278
v 173.9228 -369.2308 7.3701
v 175.7747 -369.2308 7.1495
v 177.7771 -369.2308 6.9653
v 179.9259 -369.2308 6.8168
v 182.2168 -369.2308 6.7033
v 184.6450 -369.2308 6.6236
v 187.2060 -369.2308 6.5767
v 189.8945 -369.2308 6.5611
v 192.7055 -369.2308 6.5755
v 195.6336 -369.2308 6.6181
v 198.6732 -369.2308 6.6870
v 201.8187 -369.2308 6.7804
v 205.0642 -369.2308 6.8960
v 208.4038 -369.2308 7.0316
v 211.8312 -369.2308 7.1849
v 215.3403 -369.2308 7.3534
v 218.9245 -369.2308 7.5345
v 222.5773 -369.2308 7.7259
v 226.2920 -369.2308 7.9248
v 230.0617 -369.2308 8.1288
v 233.8946 -369.2308 8.3371
v 237.7904 -369.2308 8.5592
v 241.7185 -369.2308 8.7956
v 245.6712 -369.2308 9.0443
v 249.6408 -369.2308 9.3035
v 253.6194 -369.2308 9.5713
v 257.5992 -369.2308 9.8461
v 261.5723 -369.2308 10.1262
v 265.5309 -369.2308 10.4100
v 269.4670 -369.2308 10.6960
v 273.3728 -369.2308 10.9828
v 277.2406 -369.2308 11.2692
v 281.0716 -369.2308 11.5546
v 284.8800 -369.2308 11.8548
v 288.6217 -369.2308 12.1763
v 292.2890 -369.2308 12.5167
v 295.8748 -369.2308 12.8736
v 299.3720 -369.2308 13.2446
v 302.7735 -369.2308 13.6271
v 306.0727 -369.2308 14.0186
v 309.2632 -369.2308 14.4164
v 312.3388 -369.2308 14.8179
v 315.2934 -369.2308 15.2203
v 318.1215 -369.2308 15.6210
v 320.8175 -369.2308 16.0172
v 323.3763 -369.2308 16.4062
v 325.7931 -369.2308 16.7854
v 328.0633 -369.2308 17.1520
v 330.1826 -369.2308 17.5035
v 332.1470 -369.2308 17.8373
v 333.9529 -369.2308 18.1511
v 335.5970 -369.2308 18.4426
v 337.0762 -369.2308 18.7097
v 338.3877 -369.2308 18.9503
v 339.5293 -369.2308 19.1626
v 340.4987 -369.2308 19.3451
v 341.2943 -369.2308 19.4964
v 341.9146 -369.2308 19.6152
v 342.3585 -369.2308 19.7008
v 342.6251 -369.2308 19.7524
v 342.7140 -369.2308 19.7696
v 351.5273 -415.3846 22.1734
v 351.4427 -415.3846 22.1775
v 351.1892 -415.3846 22.1899
v 350.7672 -415.3846 22.2105
v 350.1777 -415.3846 22.2394
v 349.4220 -415.3846 22.2767
v 348.5017 -415.3846 22.3223
v 347.4189 -415.3846 22.3763
v 346.1758 -415.3846 22.4388
v 344.7752 -415.3846 22.5100
v 343.2201 -415.3846 22.5898
v 341.5138 -415.3846 22.6786
v 339.6600 -415.3846 22.7763
v 337.6626 -415.3846 22.8833
v 335.5258 -415.3846 22.9997
v 333.2543 -415.3846 23.1257
v 330.8527 -415.3846 23.2616
v 328.3261 -415.3846 23.4076
v 325.6798 -415.3846 23.5640
v 322.9194 -415.3846 23.7309
v 320.0505 -415.3846 23.9086
v 317.0790 -415.3846 24.0972
v 314.0112 -415.3846 24.2968
v 310.8532 -415.3846 24.5076
v 307.6116 -415.3846 24.7295
v 304.2929 -415.3846 24.9623
v 300.9039 -415.3846 25.2059
v 297.4513 -415.3846 25.4600
v 293.9422 -415.3846 25.7241
v 290.3501 -415.3846 25.9898
v 286.7033 -415.3846 26.2395
v 283.0180 -415.3846 26.4711
v 279.3016 -415.3846 26.6829
v 275.5617 -415.3846 26.8734
v 271.8059 -415.3846 27.0410
v 268.0420 -415.3846 27.1843
v 264.2776 -415.3846 27.3019
v 260.5205 -415.3846 27.3926
v 256.7783 -415.3846 27.4550
v 253.0590 -415.3846 27.4882
v 249.3700 -415.3846 27.4910
v 245.6978 -415.3846 27.4593
v 242.0573 -415.3846 27.3815
v 238.4706 -415.3846 27.2570
v 234.9455 -415.3846 27.0861
v 231.4895 -415.3846 26.8697
v 228.1102 -415.3846 26.6085
v 224.8149 -415.3846 26.3041
v 221.6107 -415.3846 25.9578
v 218.5045 -415.3846 25.5717
v 215.5029 -415.3846 25.1476
v 212.6125 -415.3846 24.6882
v 209.8392 -415.3846 24.1958
v 207.1890 -415.3846 23.6734
v 204.6673 -415.3846 23.1237
v 202.2794 -415.3846 22.5501
v 200.0300 -415.3846 21.9556
v 197.9237 -415.3846 21.3435
v 195.9647 -415.3846 20.7171
v 194.1568 -415.3846 20.0797
v 192.5033 -415.3846 19.4346
v 191.0073 -415.3846 18.7848
v 189.6717 -415.3846 18.1335
v 188.4986 -415.3846 17.4833
v 187.4901 -415.3846 16.8370
v 186.6479 -415.3846 16.1970
v 185.9731 -415.3846 15.5652
v 185.4669 -415.3846 14.9436
v 185.1297 -415.3846 14.3335
v 184.9618 -415.3846 13.7362
v 184.9631 -415.3846 13.1523
v 185.1317 -415.3846 12.5933
v 185.4651 -415.3846 12.0704
v 185.9622 -415.3846 11.5837
v 186.6218 -415.3846 11.1333
v 187.4420 -415.3846 10.7193
v 188.4208 -415.3846 10.3417
v 189.5559 -415.3846 10.0004
v 190.8447 -415.3846 9.6953
v 192.2843 -415.3846 9.4262
v 193.8716 -415.3846 9.1927
v 195.6030 -415.3846 8.9945
v 197.4750 -415.3846 8.8310
v 199.4836 -415.3846 8.7015
v 201.6249 -415.3846 8.6053
v 203.8944 -415.3846 8.5413
v 206.2877 -415.3846 8.5085
v 208.8001 -415.3846 8.5055
v 211.4269 -415.3846 8.5310
v 214.1629 -415.3846 8.5834
v 217.0030 -415.3846 8.6609
v 219.9420 -415.3846 8.7617
v 222.9744 -415.3846 8.8837
v 226.0945 -415.3846 9.0249
v 229.2967 -415.3846 9.1829
v 232.5751 -415.3846 9.3554
v 235.9237 -415.3846 9.5402
v 239.3363 -415.3846 9.7347
v 242.8067 -415.3846 9.9366
v 246.3285 -415.3846 10.1435
v 249.9094 -415.3846 10.3546
v 253.5489 -415.3846 10.5789
v 257.2186 -415.3846 10.8167
v 260.9112 -415.3846 11.0662
v 264.6196 -415.3846 11.3255
v 268.3363 -415.3846 11.5929
v 272.0542 -415.3846 11.8668
v 275.7657 -415.3846 12.1457
v 279.4637 -415.3846 12.4279
v 283.1407 -415.3846 12.7121
v 286.7893 -415.3846 12.9970
v 290.4024 -415.3846 13.2813
v 293.9812 -415.3846 13.5644
v 297.5387 -415.3846 13.8614
v 301.0338 -415.3846 14.1779
v 304.4594 -415.3846 14.5118
v 307.8087 -415.3846 14.8608
v 311.0751 -415.3846 15.2225
v 314.2520 -415.3846 15.5946
v 317.3334 -415.3846 15.9746
v 320.3131 -415.3846 16.3601
v 323.1854 -415.3846 16.7485
v 325.9447 -415.3846 17.1373
v 328.5858 -415.3846 17.5240
v 331.1034 -415.3846 17.9058
v 333.4929 -415.3846 18.2804
v 335.7497 -415.3846 18.6451
v 337.8695 -415.3846 18.9974
v 339.8484 -415.3846 19.3350
v 341.6827 -415.3846 19.6555
v 343.3689 -415.3846 19.9565
v 344.9040 -415.3846 20.2360
v 346.2851 -415.3846 20.4919
v 347.5097 -415.3846 20.7223
v 348.5755 -415.3846 20.9257
v 349.4806 -415.3846 21.1004
v 350.2234 -415.3846 21.2452
v 350.8026 -415.3846 21.3589
v 351.2170 -415.3846 21.4408
v 351.4659 -415.3846 21.4902
v 351.5490 -415.3846 21.5067
v 360.3616 -461.5385 23.8009
v 360.2829 -461.5385 23.8043
v 360.0471 -461.5385 23.8147
v 359.6546 -461.5385 23.8320
v 359.1063 -461.5385 23.8563
v 358.4034 -461.5385 23.8876
v 357.5475 -461.5385 23.9259
v 356.5403 -461.5385 23.9713
v 355.3842 -461.5385 24.0240
v 354.0815 -461.5385 24.0839
v 352.6350 -461.5385 24.1513
v 351.0480 -461.5385 24.2262
v 349.3237 -461.5385 24.3089
v 347.4659 -461.5385 24.3996
v 345.4784 -461.5385 24.4983
v 343.3656 -461.5385 24.6054
v 341.1318 -461.5385 24.7212
v 338.7818 -461.5385 24.8457
v 336.3204 -461.5385 24.9794
v 333.7528 -461.5385 25.1224
v 331.0842 -461.5385 25.2749
v 328.3203 -461.5385 25.4371
v 325.4667 -461.5385 25.6092
v 322.5293 -461.5385 25.7912
v 319.5139 -461.5385 25.9831
v 316.4269 -461.5385 26.1849
v 313.2745 -461.5385 26.3964
v 310.0629 -461.5385 26.6174
v 306.7987 -461.5385 26.8474
v 303.4572 -461.5385 27.0786
v 300.0651 -461.5385 27.2946
v 296.6371 -461.5385 27.4936
v 293.1804 -461.5385 27.6741
v 289.7019 -461.5385 27.8346
v 286.2088 -461.5385 27.9739
v 282.7081 -461.5385 28.0905
v 279.2072 -461.5385 28.1832
v 275.7131 -461.5385 28.2508
v 272.2331 -461.5385 28.2923
v 268.7744 -461.5385 28.3066
v 265.3441 -461.5385 28.2930
v 261.9295 -461.5385 28.2472
v 258.5447 -461.5385 28.1587
v 255.2100 -461.5385 28.0270
v 251.9328 -461.5385 27.8525
v 248.7202 -461.5385 27.6359
v 245.5790 -461.5385 27.3781
v 242.5161 -461.5385 27.0804
v 239.5381 -461.5385 26.7443
v 236.6514 -461.5385 26.3714
v 233.8622 -461.5385 25.9638
v 231.1765 -461.5385 25.5238
v 228.5998 -461.5385 25.0536
v 226.1378 -461.5385 24.5561
v 223.7953 -461.5385 24.0338
v 221.5774 -461.5385 23.4898
v 219.4884 -461.5385 22.9270
v 217.5325 -461.5385 22.3485
v 215.7137 -461.5385 21.7574
v 214.0353 -461.5385 21.1567
v 212.5006 -461.5385 20.5494
v 211.1125 -461.5385 19.9386
v 209.8733 -461.5385 19.3270
v 208.7854 -461.5385 18.7173
v 207.8505 -461.5385 18.1118
v 207.0702 -461.5385 17.5129
v 206.4455 -461.5385 16.9225
v 205.9775 -461.5385 16.3422
v 205.6667 -461.5385 15.7734
v 205.5132 -461.5385 15.2172
v 205.5170 -461.5385 14.6743
v 205.6762 -461.5385 14.1553
v 205.9886 -461.5385 13.6705
v 206.4530 -461.5385 13.2201
v 207.0683 -461.5385 12.8042
v 207.8328 -461.5385 12.4229
v 208.7447 -461.5385 12.0761
v 209.8017 -461.5385 11.7637
v 211.0015 -461.5385 11.4857
v 212.3414 -461.5385 11.2419
v 213.8184 -461.5385 11.0318
v 215.4293 -461.5385 10.8552
v 217.1707 -461.5385 10.7114
v 219.0391 -461.5385 10.5999
v 221.0306 -461.5385 10.5199
v 223.1413 -461.5385 10.4705
v 225.3669 -461.5385 10.4505
v 227.7032 -461.5385 10.4589
v 230.1456 -461.5385 10.4943
v 232.6895 -461.5385 10.5552
v 235.3302 -461.5385 10.6398
v 238.0626 -461.5385 10.7466
v 240.8818 -461.5385 10.8735
v 243.7825 -461.5385 11.0185
v 246.7595 -461.5385 11.1796
v 249.8072 -461.5385 11.3546
v 252.9202 -461.5385 11.5412
v 256.0926 -461.5385 11.7372
v 259.3188 -461.5385 11.9404
v 262.5928 -461.5385 12.1483
v 265.9216 -461.5385 12.3605
v 269.3049 -461.5385 12.5853
v 272.7162 -461.5385 12.8227
v 276.1488 -461.5385 13.0709
v 279.5960 -461.5385 13.3285
v 283.0509 -461.5385 13.5937
v 286.5068 -461.5385 13.8649
v 289.9569 -461.5385 14.1406
v 293.3943 -461.5385 14.4194
v 296.8122 -461.5385 14.7000
v 300.2037 -461.5385 14.9810
v 303.5622 -461.5385 15.2614
v 306.8888 -461.5385 15.5406
v 310.1956 -461.5385 15.8325
v 313.4441 -461.5385 16.1423
v 316.6281 -461.5385 16.4680
v 319.7410 -461.5385 16.8073
v 322.7767 -461.5385 17.1581
v 325.7292 -461.5385 17.5182
v 328.5929 -461.5385 17.8852
v 331.3619 -461.5385 18.2569
v 334.0311 -461.5385 18.6308
v 336.5952 -461.5385 19.0046
v 339.0493 -461.5385 19.3758
v 341.3887 -461.5385 19.7420
v 343.6090 -461.5385 20.1009
v 345.7059 -461.5385 20.4501
v 347.6755 -461.5385 20.7871
v 349.5142 -461.5385 21.1098
v 351.2184 -461.5385 21.4159
v 352.7851 -461.5385 21.7033
v 354.2113 -461.5385 21.9700
v 355.4944 -461.5385 22.2140
v 356.6321 -461.5385 22.4338
v 357.6223 -461.5385 22.6276
v 358.4631 -461.5385 22.7940
v 359.1532 -461.5385 22.9320
v 359.6912 -461.5385 23.0403
v 360.0762 -461.5385 23.1183
v 360.3075 -461.5385 23.1653
v 360.3846 -461.5385 23.1810
v 369.1976 -507.6923 25.3603
v 369.1248 -507.6923 25.3632
v 368.9067 -507.6923 25.3717
v 368.5438 -507.6923 25.3859
v 368.0367 -507.6923 25.4059
v 367.3867 -507.6923 25.4316
v 366.5952 -507.6923 25.4632
v 365.6637 -507.6923 25.5006
v 364.5945 -507.6923 25.5440
v 363.3898 -507.6923 25.5935
v 362.0521 -507.6923 25.6493
v 360.5844 -507.6923 25.7113
v 358.9898 -507.6923 25.7800
v 357.2716 -507.6923 25.8553
v 355.4336 -507.6923 25.9376
v 353.4796 -507.6923 26.0271
v 351.4137 -507.6923 26.1239
v 349.2403 -507.6923 26.2284
v 346.9640 -507.6923 26.3409
v 344.5893 -507.6923 26.4614
v 342.1213 -507.6923 26.5903
v 339.5651 -507.6923 26.7277
v 336.9259 -507.6923 26.8738
v 334.2091 -507.6923 27.0288
v 331.4203 -507.6923 27.1926
v 328.5651 -507.6923 27.3651
v 325.6494 -507.6923 27.5464
v 322.6790 -507.6923 27.7361
v 319.6600 -507.6923 27.9340
v 316.5694 -507.6923 28.1325
v 313.4321 -507.6923 28.3168
v 310.2617 -507.6923 28.4853
v 307.0648 -507.6923 28.6365
v 303.8479 -507.6923 28.7691
v 300.6176 -507.6923 28.8820
v 297.3804 -507.6923 28.9739
v 294.1430 -507.6923 29.0437
v 290.9121 -507.6923 29.0904
v 287.6943 -507.6923 29.1129
v 284.4963 -507.6923 29.1105
v 281.3248 -507.6923 29.0823
v 278.1679 -507.6923 29.0245
v 275.0387 -507.6923 28.9273
v 271.9561 -507.6923 28.7904
v 268.9268 -507.6923 28.6142
v 265.9574 -507.6923 28.3993
v 263.0543 -507.6923 28.1467
v 260.2237 -507.6923 27.8575
v 257.4718 -507.6923 27.5332
v 254.8045 -507.6923 27.1753
v 252.2275 -507.6923 26.7858
v 249.7462 -507.6923 26.3668
v 247.3661 -507.6923 25.9204
v 245.0919 -507.6923 25.4492
v 242.9285 -507.6923 24.9557
v 240.8803 -507.6923 24.4426
v 238.9514 -507.6923 23.9128
v 237.1456 -507.6923 23.3690
v 235.4666 -507.6923 22.8142
v 233.9175 -507.6923 22.2512
v 232.5013 -507.6923 21.6827
v 231.2206 -507.6923 21.1117
v 230.0777 -507.6923 20.5406
v 229.0746 -507.6923 19.9719
v 228.2129 -507.6923 19.4078
v 227.4941 -507.6923 18.8505
v 226.9193 -507.6923 18.3018
v 226.4892 -507.6923 17.7631
v 226.2044 -507.6923 17.2358
v 226.0650 -507.6923 16.7209
v 226.0710 -507.6923 16.2189
v 226.2206 -507.6923 15.7398
v 226.5115 -507.6923 15.2929
v 226.9430 -507.6923 14.8786
v 227.5138 -507.6923 14.4969
v 228.2224 -507.6923 14.1478
v 229.0671 -507.6923 13.8313
v 230.0458 -507.6923 13.5473
v 231.1564 -507.6923 13.2957
v 232.3963 -507.6923 13.0763
v 233.7629 -507.6923 12.8888
v 235.2531 -507.6923 12.7328
v 236.8639 -507.6923 12.6078
v 238.5919 -507.6923 12.5132
v 240.4336 -507.6923 12.4482
v 242.3853 -507.6923 12.4121
v 244.4432 -507.6923 12.4038
v 246.6033 -507.6923 12.4222
v 248.8613 -507.6923 12.4660
v 251.2132 -507.6923 12.5338
v 253.6543 -507.6923 12.6241
v 256.1802 -507.6923 12.7352
v 258.7863 -507.6923 12.8653
v 261.4676 -507.6923 13.0126
v 264.2193 -507.6923 13.1750
v 267.0364 -507.6923 13.3507
v 269.9138 -507.6923 13.5373
v 272.8461 -507.6923 13.7330
v 275.8281 -507.6923 13.9354
v 278.8542 -507.6923 14.1426
v 281.9311 -507.6923 14.3539
v 285.0583 -507.6923 14.5771
v 288.2113 -507.6923 14.8120
v 291.3839 -507.6923 15.0572
v 294.5699 -507.6923 15.3110
v 297.7631 -507.6923 15.5718
v 300.9572 -507.6923 15.8383
v 304.1459 -507.6923 16.1089
v 307.3228 -507.6923 16.3823
v 310.4817 -507.6923 16.6572
v 313.6162 -507.6923 16.9325
v 316.7201 -507.6923 17.2069
v 319.7946 -507.6923 17.4801
v 322.8507 -507.6923 17.7651
v 325.8529 -507.6923 18.0663
v 328.7952 -507.6923 18.3818
v 331.6718 -507.6923 18.7097
v 334.4771 -507.6923 19.0479
v 337.2053 -507.6923 19.3942
v 339.8513 -507.6923 19.7466
v 342.4099 -507.6923 20.1028
v 344.8761 -507.6923 20.4606
v 347.2452 -507.6923 20.8178
v 349.5125 -507.6923 21.1722
v 351.6739 -507.6923 21.5214
v 353.7251 -507.6923 21.8633
v 355.6623 -507.6923 22.1957
v 357.4819 -507.6923 22.5162
v 359.1804 -507.6923 22.8229
v 360.7547 -507.6923 23.1137
v 362.2019 -507.6923 23.3865
v 363.5194 -507.6923 23.6396
v 364.7046 -507.6923 23.8711
v 365.7555 -507.6923 24.0794
v 366.6702 -507.6923 24.2631
v 367.4469 -507.6923 24.4208
v 368.0843 -507.6923 24.5515
v 368.5813 -507.6923 24.6541
v 368.9369 -507.6923 24.7279
v 369.1505 -507.6923 24.7724
v 369.2217 -507.6923 24.7873
v 378.0361 -553.8462 26.8471
v 377.9693 -553.8462 26.8493
v 377.7689 -553.8462 26.8562
v 377.4355 -553.8462 26.8675
v 376.9697 -553.8462 26.8835
v 376.3726 -553.8462 26.9041
v 375.6454 -553.8462 26.9294
v 374.7898 -553.8462 26.9595
v 373.8076 -553.8462 26.9944
v 372.7009 -553.8462 27.0343
v 371.4721 -553.8462 27.0793
v 370.1238 -553.8462 27.1295
v 368.6589 -553.8462 27.1852
v 367.0805 -553.8462 27.2464
v 365.3920 -553.8462 27.3135
v 363.5970 -553.8462 27.3866
v 361.6991 -553.8462 27.4660
v 359.7025 -553.8462 27.5519
v 357.6112 -553.8462 27.6446
v 355.4297 -553.8462 27.7443
v 353.1624 -553.8462 27.8512
v 350.8140 -553.8462 27.9656
v 348.3894 -553.8462 28.0876
v 345.8934 -553.8462 28.2173
v 343.3313 -553.8462 28.3548
v 340.7082 -553.8462 28.5000
v 338.0295 -553.8462 28.6530
v 335.3005 -553.8462 28.8135
v 332.5267 -553.8462 28.9812
v 329.6873 -553.8462 29.1492
v 326.8049 -553.8462 29.3040
v 323.8924 -553.8462 29.4440
v 320.9555 -553.8462 29.5680
v 318.0004 -553.8462 29.6749
v 315.0329 -553.8462 29.7636
v 312.0593 -553.8462 29.8330
v 309.0857 -553.8462 29.8822
v 306.1180 -553.8462 29.9100
v 303.1626 -553.8462 29.9158
v 300.2254 -553.8462 29.8988
v 297.3127 -553.8462 29.8582
v 294.4135 -553.8462 29.7904
v 291.5400 -553.8462 29.6867
v 288.7095 -553.8462 29.5467
v 285.9281 -553.8462 29.3708
v 283.2018 -553.8462 29.1597
v 280.5366 -553.8462 28.9142
v 277.9382 -553.8462 28.6355
v 275.4122 -553.8462 28.3249
v 272.9641 -553.8462 27.9838
v 270.5991 -553.8462 27.6141
v 268.3222 -553.8462 27.2178
v 266.1382 -553.8462 26.7968
v 264.0517 -553.8462 26.3534
v 262.0670 -553.8462 25.8901
v 260.1882 -553.8462 25.4094
v 258.4191 -553.8462 24.9139
v 256.7631 -553.8462 24.4061
v 255.2236 -553.8462 23.8887
v 253.8035 -553.8462 23.3644
v 252.5054 -553.8462 22.8358
v 251.3318 -553.8462 22.3054
v 250.2847 -553.8462 21.7756
v 249.3660 -553.8462 21.2486
v 248.5773 -553.8462 20.7266
v 247.9197 -553.8462 20.2114
v 247.3943 -553.8462 19.7047
v 247.0018 -553.8462 19.2080
v 246.7426 -553.8462 18.7224
v 246.6170 -553.8462 18.2488
v 246.6248 -553.8462 17.7878
v 246.7644 -553.8462 17.3484
v 247.0337 -553.8462 16.9394
v 247.4320 -553.8462 16.5609
v 247.9579 -553.8462 16.2129
v 248.6104 -553.8462 15.8956
v 249.3876 -553.8462 15.6088
v 250.2879 -553.8462 15.3525
v 251.3091 -553.8462 15.1266
v 252.4489 -553.8462 14.9308
v 253.7048 -553.8462 14.7649
v 255.0742 -553.8462 14.6286
v 256.5542 -553.8462 14.5212
v 258.1417 -553.8462 14.4423
v 259.8335 -553.8462 14.3912
v 261.6263 -553.8462 14.3671
v 263.5163 -553.8462 14.3690
v 265.5002 -553.8462 14.3959
v 267.5739 -553.8462 14.4466
v 269.7336 -553.8462 14.5198
v 271.9752 -553.8462 14.6140
v 274.2946 -553.8462 14.7277
v 276.6875 -553.8462 14.8593
v 279.1495 -553.8462 15.0070
v 281.6760 -553.8462 15.1690
v 284.2626 -553.8462 15.3433
v 286.9044 -553.8462 15.5281
v 289.5967 -553.8462 15.7214
v 292.3345 -553.8462 15.9212
v 295.1129 -553.8462 16.1255
v 297.9378 -553.8462 16.3338
v 300.8089 -553.8462 16.5533
v 303.7037 -553.8462 16.7837
v 306.6164 -553.8462 17.0235
v 309.5414 -553.8462 17.2714
v 312.4730 -553.8462 17.5258
v 315.4053 -553.8462 17.7853
v 318.3327 -553.8462 18.0486
v 321.2492 -553.8462 18.3144
v 324.1492 -553.8462 18.5816
v 327.0268 -553.8462 18.8489
v 329.8763 -553.8462 19.1154
v 332.6988 -553.8462 19.3806
v 335.5043 -553.8462 19.6564
v 338.2603 -553.8462 19.9470
v 340.9612 -553.8462 20.2504
v 343.6017 -553.8462 20.5649
v 346.1765 -553.8462 20.8885
v 348.6807 -553.8462 21.2192
v 351.1093 -553.8462 21.5551
v 353.4575 -553.8462 21.8941
v 355.7209 -553.8462 22.2342
v 357.8951 -553.8462 22.5733
v 359.9759 -553.8462 22.9093
v 361.9594 -553.8462 23.2400
v 363.8417 -553.8462 23.5636
v 365.6194 -553.8462 23.8778
v 367.2891 -553.8462 24.1806
v 368.8476 -553.8462 24.4702
v 370.2922 -553.8462 24.7445
v 371.6201 -553.8462 25.0018
v 372.8290 -553.8462 25.2403
v 373.9165 -553.8462 25.4584
v 374.8807 -553.8462 25.6546
v 375.7199 -553.8462 25.8276
v 376.4326 -553.8462 25.9761
v 377.0174 -553.8462 26.0990
v 377.4733 -553.8462 26.1956
v 377.7996 -553.8462 26.2650
v 377.9956 -553.8462 26.3069
v 378.0610 -553.8462 26.3209
v 386.8779 -600.0000 28.2568
v 386.8170 -600.0000 28.2586
v 386.6344 -600.0000 28.2638
v 386.3305 -600.0000 28.2726
v 385.9061 -600.0000 28.2850
v 385.3619 -600.0000 28.3010
v 384.6992 -600.0000 28.3206
v 383.9194 -600.0000 28.3440
v 383.0242 -600.0000 28.3712
v 382.0156 -600.0000 28.4023
v 380.8956 -600.0000 28.4375
v 379.6668 -600.0000 28.4769
v 378.3318 -600.0000 28.5207
v 376.8933 -600.0000 28.5690
v 375.3544 -600.0000 28.6222
v 373.7184 -600.0000 28.6803
v 371.9887 -600.0000 28.7437
v 370.1690 -600.0000 28.8126
v 368.2630 -600.0000 28.8872
v 366.2747 -600.0000 28.9677
v 364.2082 -600.0000 29.0545
v 362.0678 -600.0000 29.1476
v 359.8579 -600.0000 29.2474
v 357.5830 -600.0000 29.3538
v 355.2477 -600.0000 29.4670
v 352.8569 -600.0000 29.5870
v 350.4153 -600.0000 29.7137
v 347.9278 -600.0000 29.8471
v 345.3995 -600.0000 29.9868
v 342.8115 -600.0000 30.1266
v 340.1844 -600.0000 30.2540
v 337.5298 -600.0000 30.3678
v 334.8531 -600.0000 30.4670
v 332.1599 -600.0000 30.5505
v 329.4555 -600.0000 30.6173
v 326.7456 -600.0000 30.6665
v 324.0358 -600.0000 30.6973
v 321.3315 -600.0000 30.7087
v 318.6385 -600.0000 30.7001
v 315.9622 -600.0000 30.6707
v 313.3083 -600.0000 30.6199
v 310.6669 -600.0000 30.5445
v 308.0490 -600.0000 30.4364
v 305.4705 -600.0000 30.2955
v 302.9369 -600.0000 30.1221
v 300.4537 -600.0000 29.9169
v 298.0263 -600.0000 29.6807
v 295.6600 -600.0000 29.4145
v 293.3598 -600.0000 29.1195
v 291.1307 -600.0000 28.7972
v 288.9774 -600.0000 28.4492
v 286.9045 -600.0000 28.0773
v 284.9165 -600.0000 27.6834
v 283.0173 -600.0000 27.2695
v 281.2111 -600.0000 26.8381
v 279.5014 -600.0000 26.3912
v 277.8916 -600.0000 25.9313
v 276.3851 -600.0000 25.4608
v 274.9848 -600.0000 24.9821
v 273.6932 -600.0000 24.4977
v 272.5129 -600.0000 24.0099
v 271.4460 -600.0000 23.5210
v 270.4944 -600.0000 23.0333
v 269.6598 -600.0000 22.5488
v 268.9435 -600.0000 22.0694
v 268.3468 -600.0000 21.5968
v 267.8704 -600.0000 21.1327
v 267.5151 -600.0000 20.6782
v 267.2812 -600.0000 20.2345
v 267.1690 -600.0000 19.8024
v 267.1783 -600.0000 19.3824
v 267.3076 -600.0000 18.9826
v 267.5549 -600.0000 18.6112
v 267.9196 -600.0000 18.2682
v 268.4005 -600.0000 17.9536
v 268.9965 -600.0000 17.6675
v 269.7061 -600.0000 17.4099
v 270.5276 -600.0000 17.1806
v 271.4591 -600.0000 16.9795
v 272.4987 -600.0000 16.8065
v 273.6439 -600.0000 16.6613
v 274.8923 -600.0000 16.5435
v 276.2414 -600.0000 16.4527
v 277.6883 -600.0000 16.3883
v 279.2301 -600.0000 16.3497
v 280.8638 -600.0000 16.3361
v 282.5860 -600.0000 16.3468
v 284.3936 -600.0000 16.3806
v 286.2829 -600.0000 16.4366
v 288.2505 -600.0000 16.5135
v 290.2926 -600.0000 16.6099
v 292.4055 -600.0000 16.7245
v 294.5853 -600.0000 16.8557
v 296.8280 -600.0000 17.0019
v 299.1294 -600.0000 17.1614
v 301.4854 -600.0000 17.3324
v 303.8918 -600.0000 17.5133
v 306.3441 -600.0000 17.7021
v 308.8379 -600.0000 17.8970
v 311.3686 -600.0000 18.0963
v 313.9417 -600.0000 18.2994
v 316.5568 -600.0000 18.5129
v 319.1934 -600.0000 18.7365
v 321.8464 -600.0000 18.9688
v 324.5105 -600.0000 19.2085
v 327.1806 -600.0000 19.4541
v 329.8513 -600.0000 19.7044
v 332.5175 -600.0000 19.9581
v 335.1738 -600.0000 20.2141
v 337.8150 -600.0000 20.4712
v 340.4358 -600.0000 20.7284
v 343.0311 -600.0000 20.9846
v 345.6016 -600.0000 21.2395
v 348.1567 -600.0000 21.5041
v 350.6666 -600.0000 21.7819
v 353.1263 -600.0000 22.0711
v 355.5308 -600.0000 22.3701
v 357.8755 -600.0000 22.6771
v 360.1557 -600.0000 22.9903
v 362.3671 -600.0000 23.3078
v 364.5052 -600.0000 23.6278
v 366.5660 -600.0000 23.9483
v 368.5455 -600.0000 24.2676
v 370.4400 -600.0000 24.5835
v 372.2457 -600.0000 24.8943
v 373.9594 -600.0000 25.1979
v 375.5778 -600.0000 25.4926
v 377.0978 -600.0000 25.7765
v 378.5166 -600.0000 26.0476
v 379.8316 -600.0000 26.3044
v 381.0404 -600.0000 26.5451
v 382.1407 -600.0000 26.7682
v 383.1307 -600.0000 26.9721
v 384.0083 -600.0000 27.1554
v 384.7722 -600.0000 27.3169
v 385.4209 -600.0000 27.4556
v 385.9532 -600.0000 27.5704
v 386.3682 -600.0000 27.6605
v 386.6652 -600.0000 27.7253
v 386.8435 -600.0000 27.7644
v 386.9030 -600.0000 27.7775
v 390.6042 -606.6748 47.5771
v 390.5500 -606.6748 47.5791
v 390.3876 -606.6748 47.5851
v 390.1173 -606.6748 47.5951
v 389.7397 -606.6748 47.6092
v 389.2556 -606.6748 47.6272
v 388.6661 -606.6748 47.6492
v 387.9724 -606.6748 47.6751
v 387.1759 -606.6748 47.7049
v 386.2785 -606.6748 47.7387
v 385.2820 -606.6748 47.7764
v 384.1885 -606.6748 47.8181
v 383.0003 -606.6748 47.8636
v 381.7199 -606.6748 47.9132
v 380.3501 -606.6748 47.9667
v 378.8937 -606.6748 48.0243
v 377.3537 -606.6748 48.0860
v 375.7334 -606.6748 48.1518
v 374.0361 -606.6748 48.2219
v 372.2653 -606.6748 48.2963
v 370.4246 -606.6748 48.3749
v 368.5179 -606.6748 48.4580
v 366.5491 -606.6748 48.5454
v 364.5222 -606.6748 48.6372
v 362.4412 -606.6748 48.7333
v 360.3106 -606.6748 48.8336
v 358.1344 -606.6748 48.9379
v 355.9172 -606.6748 49.0461
v 353.6635 -606.6748 49.1579
v 351.3605 -606.6748 49.2684
v 349.0241 -606.6748 49.3690
v 346.6634 -606.6748 49.4585
v 344.2833 -606.6748 49.5360
v 341.8885 -606.6748 49.6008
v 339.4839 -606.6748 49.6519
v 337.0746 -606.6748 49.6886
v 334.6654 -606.6748 49.7100
v 332.2613 -606.6748 49.7155
v 329.8672 -606.6748 49.7045
v 327.4880 -606.6748 49.6762
v 325.1287 -606.6748 49.6301
v 322.7834 -606.6748 49.5637
v 320.4606 -606.6748 49.4714
v 318.1726 -606.6748 49.3527
v 315.9244 -606.6748 49.2080
v 313.7206 -606.6748 49.0375
v 311.5661 -606.6748 48.8419
v 309.4655 -606.6748 48.6219
v 307.4231 -606.6748 48.3782
v 305.4433 -606.6748 48.1118
v 303.5304 -606.6748 47.8241
v 301.6883 -606.6748 47.5162
v 299.9209 -606.6748 47.1897
v 298.2319 -606.6748 46.8461
v 296.6247 -606.6748 46.4870
v 295.1027 -606.6748 46.1144
v 293.6688 -606.6748 45.7299
v 292.3259 -606.6748 45.3354
v 291.0767 -606.6748 44.9329
v 289.9236 -606.6748 44.5243
v 288.8687 -606.6748 44.1115
v 287.9142 -606.6748 43.6962
v 287.0616 -606.6748 43.2802
v 286.3125 -606.6748 42.8652
v 285.6683 -606.6748 42.4528
v 285.1299 -606.6748 42.0443
v 284.6983 -606.6748 41.6410
v 284.3742 -606.6748 41.2439
v 284.1579 -606.6748 40.8540
v 284.0497 -606.6748 40.4718
v 284.0496 -606.6748 40.0979
v 284.1563 -606.6748 39.7396
v 284.3685 -606.6748 39.4040
v 284.6855 -606.6748 39.0914
v 285.1065 -606.6748 38.8017
v 285.6305 -606.6748 38.5352
v 286.2562 -606.6748 38.2920
v 286.9821 -606.6748 38.0721
v 287.8067 -606.6748 37.8755
v 288.7282 -606.6748 37.7023
v 289.7445 -606.6748 37.5524
v 290.8535 -606.6748 37.4258
v 292.0529 -606.6748 37.3222
v 293.3403 -606.6748 37.2413
v 294.7130 -606.6748 37.1830
v 296.1682 -606.6748 37.1467
v 297.7032 -606.6748 37.1319
v 299.3148 -606.6748 37.1381
v 301.0001 -606.6748 37.1644
v 302.7557 -606.6748 37.2101
v 304.5783 -606.6748 37.2742
v 306.4645 -606.6748 37.3557
v 308.4107 -606.6748 37.4535
v 310.4134 -606.6748 37.5664
v 312.4687 -606.6748 37.6931
v 314.5729 -606.6748 37.8322
v 316.7221 -606.6748 37.9823
v 318.9122 -606.6748 38.1420
v 321.1393 -606.6748 38.3098
v 323.3991 -606.6748 38.4843
v 325.6947 -606.6748 38.6649
v 328.0248 -606.6748 38.8561
v 330.3738 -606.6748 39.0575
v 332.7373 -606.6748 39.2679
v 335.1105 -606.6748 39.4859
v 337.4888 -606.6748 39.7105
v 339.8675 -606.6748 39.9405
v 342.2418 -606.6748 40.1748
v 344.6071 -606.6748 40.4122
v 346.9587 -606.6748 40.6517
v 349.2919 -606.6748 40.8924
v 351.6021 -606.6748 41.1333
v 353.8889 -606.6748 41.3740
v 356.1580 -606.6748 41.6220
v 358.3873 -606.6748 41.8795
v 360.5724 -606.6748 42.1453
v 362.7090 -606.6748 42.4177
v 364.7927 -606.6748 42.6954
v 366.8195 -606.6748 42.9769
v 368.7855 -606.6748 43.2606
v 370.6867 -606.6748 43.5450
v 372.5196 -606.6748 43.8287
v 374.2804 -606.6748 44.1100
v 375.9659 -606.6748 44.3874
v 377.5727 -606.6748 44.6593
v 379.0979 -606.6748 44.9242
v 380.5384 -606.6748 45.1806
v 381.8916 -606.6748 45.4270
v 383.1550 -606.6748 45.6619
v 384.3261 -606.6748 45.8839
v 385.4027 -606.6748 46.0916
v 386.3829 -606.6748 46.2838
v 387.2648 -606.6748 46.4592
v 388.0468 -606.6748 46.6168
v 388.7275 -606.6748 46.7556
v 389.3055 -606.6748 46.8746
v 389.7799 -606.6748 46.9730
v 390.1498 -606.6748 47.0502
v 390.4145 -606.6748 47.1058
v 390.5735 -606.6748 47.1393
v 390.6265 -606.6748 47.1504
v 394.3250 -613.3495 67.0009
v 394.2775 -613.3495 67.0031
v 394.1353 -613.3495 67.0095
v 393.8986 -613.3495 67.0202
v 393.5678 -613.3495 67.0352
v 393.1438 -613.3495 67.0543
v 392.6273 -613.3495 67.0775
v 392.0196 -613.3495 67.1047
v 391.3219 -613.3495 67.1358
v 390.5356 -613.3495 67.1708
v 389.6624 -613.3495 67.2094
v 388.7041 -613.3495 67.2516
v 387.6629 -613.3495 67.2974
v 386.5407 -613.3495 67.3465
v 385.3400 -613.3495 67.3989
v 384.0632 -613.3495 67.4545
v 382.7131 -613.3495 67.5132
v 381.2924 -613.3495 67.5749
v 379.8039 -613.3495 67.6395
v 378.2509 -613.3495 67.7070
v 376.6365 -613.3495 67.7772
v 374.9640 -613.3495 67.8501
v 373.2367 -613.3495 67.9256
v 371.4583 -613.3495 68.0034
v 369.6323 -613.3495 68.0836
v 367.7625 -613.3495 68.1657
v 365.8526 -613.3495 68.2498
v 363.9065 -613.3495 68.3354
v 361.9281 -613.3495 68.4223
v 359.9102 -613.3495 68.5070
v 357.8641 -613.3495 68.5839
v 355.7968 -613.3495 68.6520
v 353.7126 -613.3495 68.7106
v 351.6157 -613.3495 68.7589
v 349.5104 -613.3495 68.7964
v 347.4010 -613.3495 68.8223
v 345.2918 -613.3495 68.8360
v 343.1872 -613.3495 68.8368
v 341.0913 -613.3495 68.8241
v 339.0087 -613.3495 68.7974
v 336.9434 -613.3495 68.7562
v 334.8927 -613.3495 68.6988
v 332.8632 -613.3495 68.6211
v 330.8641 -613.3495 68.5230
v 328.8996 -613.3495 68.4045
v 326.9737 -613.3495 68.2658
v 325.0907 -613.3495 68.1071
v 323.2544 -613.3495 67.9289
v 321.4686 -613.3495 67.7317
v 319.7373 -613.3495 67.5162
v 318.0639 -613.3495 67.2832
v 316.4519 -613.3495 67.0336
v 314.9047 -613.3495 66.7684
v 313.4256 -613.3495 66.4888
v 312.0174 -613.3495 66.1960
v 310.6831 -613.3495 65.8912
v 309.4253 -613.3495 65.5759
v 308.2466 -613.3495 65.2515
v 307.1493 -613.3495 64.9194
v 306.1356 -613.3495 64.5810
v 305.2073 -613.3495 64.2379
v 304.3662 -613.3495 63.8913
v 303.6140 -613.3495 63.5427
v 302.9521 -613.3495 63.1933
v 302.3815 -613.3495 62.8444
v 301.9033 -613.3495 62.4971
v 301.5184 -613.3495 62.1523
v 301.2273 -613.3495 61.8109
v 301.0306 -613.3495 61.4736
v 300.9284 -613.3495 61.1410
v 300.9208 -613.3495 60.8134
v 301.0070 -613.3495 60.4973
v 301.1860 -613.3495 60.1990
v 301.4572 -613.3495 59.9187
v 301.8200 -613.3495 59.6565
v 302.2735 -613.3495 59.4127
v 302.8166 -613.3495 59.1874
v 303.4483 -613.3495 58.9809
v 304.1670 -613.3495 58.7932
v 304.9713 -613.3495 58.6247
v 305.8595 -613.3495 58.4753
v 306.8296 -613.3495 58.3452
v 307.8797 -613.3495 58.2344
v 309.0076 -613.3495 58.1429
v 310.2110 -613.3495 58.0707
v 311.4876 -613.3495 58.0176
v 312.8347 -613.3495 57.9834
v 314.2498 -613.3495 57.9676
v 315.7300 -613.3495 57.9701
v 317.2726 -613.3495 57.9901
v 318.8745 -613.3495 58.0272
v 320.5326 -613.3495 58.0806
v 322.2438 -613.3495 58.1496
v 324.0048 -613.3495 58.2333
v 325.8123 -613.3495 58.3308
v 327.6629 -613.3495 58.4411
v 329.5530 -613.3495 58.5631
v 331.4791 -613.3495 58.6958
v 333.4376 -613.3495 58.8379
v 335.4246 -613.3495 58.9883
v 337.4413 -613.3495 59.1464
v 339.4857 -613.3495 59.3150
v 341.5466 -613.3495 59.4936
v 343.6200 -613.3495 59.6811
v 345.7018 -613.3495 59.8764
v 347.7878 -613.3495 60.0786
v 349.8740 -613.3495 60.2865
v 351.9562 -613.3495 60.4992
v 354.0302 -613.3495 60.7157
v 356.0920 -613.3495 60.9350
v 358.1374 -613.3495 61.1563
v 360.1623 -613.3495 61.3787
v 362.1656 -613.3495 61.6016
v 364.1499 -613.3495 61.8299
v 366.0998 -613.3495 62.0647
v 368.0114 -613.3495 62.3049
v 369.8808 -613.3495 62.5492
v 371.7043 -613.3495 62.7965
v 373.4784 -613.3495 63.0455
v 375.1995 -613.3495 63.2952
v 376.8643 -613.3495 63.5442
v 378.4694 -613.3495 63.7914
v 380.0118 -613.3495 64.0354
v 381.4884 -613.3495 64.2752
v 382.8964 -613.3495 64.5095
v 384.2330 -613.3495 64.7370
v 385.4958 -613.3495 64.9565
v 386.6821 -613.3495 65.1670
v 387.7899 -613.3495 65.3671
v 388.8168 -613.3495 65.5559
v 389.7611 -613.3495 65.7323
v 390.6209 -613.3495 65.8952
v 391.3946 -613.3495 66.0437
v 392.0807 -613.3495 66.1770
v 392.6780 -613.3495 66.2941
v 393.1852 -613.3495 66.3945
v 393.6016 -613.3495 66.4775
v 393.9262 -613.3495 66.5426
v 394.1585 -613.3495 66.5894
v 394.2980 -613.3495 66.6176
v 394.3446 -613.3495 66.6270
v 398.0404 -620.0243 86.5284
v 397.9997 -620.0243 86.5305
v 397.8775 -620.0243 86.5371
v 397.6743 -620.0243 86.5479
v 397.3904 -620.0243 86.5631
v 397.0263 -620.0243 86.5823
v 396.5829 -620.0243 86.6057
v 396.0611 -620.0243 86.6329
v 395.4620 -620.0243 86.6639
v 394.7868 -620.0243 86.6985
v 394.0369 -620.0243 86.7364
v 393.2139 -620.0243 86.7777
v 392.3194 -620.0243 86.8219
v 391.3555 -620.0243 86.8690
v 390.3239 -620.0243 86.9187
v 389.2270 -620.0243 86.9708
v 388.0668 -620.0243 87.0252
v 386.8458 -620.0243 87.0817
v 385.5666 -620.0243 87.1400
v 384.2317 -620.0243 87.2000
v 382.8438 -620.0243 87.2614
v 381.4058 -620.0243 87.3241
v 379.9207 -620.0243 87.3879
v 378.3913 -620.0243 87.4526
v 376.8209 -620.0243 87.5179
v 375.2127 -620.0243 87.5835
v 373.5698 -620.0243 87.6493
v 371.8956 -620.0243 87.7149
v 370.1935 -620.0243 87.7800
v 368.4605 -620.0243 87.8424
v 366.7042 -620.0243 87.8988
v 364.9299 -620.0243 87.9484
v 363.1412 -620.0243 87.9907
v 361.3417 -620.0243 88.0250
v 359.5351 -620.0243 88.0510
v 357.7250 -620.0243 88.0679
v 355.9152 -620.0243 88.0752
v 354.1093 -620.0243 88.0724
v 352.3111 -620.0243 88.0590
v 350.5242 -620.0243 88.0344
v 348.7522 -620.0243 87.9984
v 346.9948 -620.0243 87.9496
v 345.2569 -620.0243 87.8857
v 343.5450 -620.0243 87.8065
v 341.8625 -620.0243 87.7119
v 340.2130 -620.0243 87.6018
v 338.6000 -620.0243 87.4764
v 337.0267 -620.0243 87.3358
v 335.4964 -620.0243 87.1805
v 334.0124 -620.0243 87.0106
v 332.5777 -620.0243 86.8268
v 331.1952 -620.0243 86.6297
v 329.8677 -620.0243 86.4198
v 328.5981 -620.0243 86.1981
v 327.3889 -620.0243 85.9652
v 326.2424 -620.0243 85.7222
v 325.1612 -620.0243 85.4700
v 324.1472 -620.0243 85.2095
v 323.2025 -620.0243 84.9419
v 322.3289 -620.0243 84.6683
v 321.5283 -620.0243 84.3895
v 320.8021 -620.0243 84.1068
v 320.1516 -620.0243 83.8211
v 319.5783 -620.0243 83.5334
v 319.0830 -620.0243 83.2446
v 318.6668 -620.0243 82.9555
v 318.3304 -620.0243 82.6669
v 318.0743 -620.0243 82.3795
v 317.8991 -620.0243 82.0937
v 317.8050 -620.0243 81.8101
v 317.7921 -620.0243 81.5290
v 317.8598 -620.0243 81.2558
v 318.0075 -620.0243 80.9961
v 318.2347 -620.0243 80.7500
v 318.5409 -620.0243 80.5178
v 318.9255 -620.0243 80.2997
v 319.3877 -620.0243 80.0958
v 319.9263 -620.0243 79.9066
v 320.5403 -620.0243 79.7323
v 321.2283 -620.0243 79.5731
v 321.9890 -620.0243 79.4294
v 322.8207 -620.0243 79.3012
v 323.7218 -620.0243 79.1889
v 324.6903 -620.0243 79.0926
v 325.7244 -620.0243 79.0125
v 326.8220 -620.0243 78.9485
v 327.9808 -620.0243 78.9007
v 329.1986 -620.0243 78.8690
v 330.4729 -620.0243 78.8533
v 331.8013 -620.0243 78.8532
v 333.1812 -620.0243 78.8686
v 334.6098 -620.0243 78.8989
v 336.0844 -620.0243 78.9437
v 337.6022 -620.0243 79.0025
v 339.1601 -620.0243 79.0746
v 340.7553 -620.0243 79.1593
v 342.3845 -620.0243 79.2558
v 344.0447 -620.0243 79.3634
v 345.7327 -620.0243 79.4811
v 347.4451 -620.0243 79.6082
v 349.1815 -620.0243 79.7439
v 350.9396 -620.0243 79.8896
v 352.7118 -620.0243 80.0448
v 354.4945 -620.0243 80.2085
v 356.2843 -620.0243 80.3800
v 358.0777 -620.0243 80.5581
v 359.8709 -620.0243 80.7422
v 361.6605 -620.0243 80.9312
v 363.4430 -620.0243 81.1245
v 365.2147 -620.0243 81.3210
v 366.9721 -620.0243 81.5200
v 368.7118 -620.0243 81.7207
v 370.4318 -620.0243 81.9225
v 372.1326 -620.0243 82.1280
v 373.8041 -620.0243 82.3375
v 375.4431 -620.0243 82.5499
v 377.0462 -620.0243 82.7645
v 378.6103 -620.0243 82.9803
v 380.1323 -620.0243 83.1963
v 381.6091 -620.0243 83.4116
v 383.0378 -620.0243 83.6252
v 384.4155 -620.0243 83.8363
v 385.7397 -620.0243 84.0439
v 387.0076 -620.0243 84.2470
v 388.2169 -620.0243 84.4447
v 389.3650 -620.0243 84.6361
v 390.4498 -620.0243 84.8203
v 391.4692 -620.0243 84.9963
v 392.4212 -620.0243 85.1634
v 393.3039 -620.0243 85.3206
v 394.1156 -620.0243 85.4672
v 394.8548 -620.0243 85.6024
v 395.5200 -620.0243 85.7255
v 396.1100 -620.0243 85.8357
v 396.6237 -620.0243 85.9326
v 397.0600 -620.0243 86.0155
v 397.4181 -620.0243 86.0840
v 397.6973 -620.0243 86.1376
v 397.8971 -620.0243 86.1762
v 398.0172 -620.0243 86.1994
v 398.0572 -620.0243 86.2072
v 401.7504 -626.6991 106.1594
v 401.7163 -626.6991 106.1615
v 401.6143 -626.6991 106.1678
v 401.4446 -626.6991 106.1783
v 401.2074 -626.6991 106.1928
v 400.9032 -626.6991 106.2113
v 400.5328 -626.6991 106.2336
v 400.0969 -626.6991 106.2596
v 399.5963 -626.6991 106.2891
v 399.0321 -626.6991 106.3218
v 398.4054 -626.6991 106.3575
v 397.7176 -626.6991 106.3961
v 396.9701 -626.6991 106.4372
v 396.1643 -626.6991 106.4807
v 395.3020 -626.6991 106.5262
v 394.3849 -626.6991 106.5734
v 393.4148 -626.6991 106.6222
v 392.3938 -626.6991 106.6723
v 391.3240 -626.6991 106.7233
v 390.2075 -626.6991 106.7751
v 389.0465 -626.6991 106.8274
v 387.8436 -626.6991 106.8799
v 386.6010 -626.6991 106.9324
v 385.3213 -626.6991 106.9846
v 384.0071 -626.6991 107.0362
v 382.6611 -626.6991 107.0870
v 381.2860 -626.6991 107.1366
v 379.8846 -626.6991 107.1847
v 378.4597 -626.6991 107.2311
v 377.0114 -626.6991 107.2747
v 375.5446 -626.6991 107.3137
v 374.0628 -626.6991 107.3477
v 372.5690 -626.6991 107.3763
v 371.0664 -626.6991 107.3991
v 369.5578 -626.6991 107.4155
v 368.0465 -626.6991 107.4252
v 366.5354 -626.6991 107.4276
v 365.0277 -626.6991 107.4224
v 363.5264 -626.6991 107.4091
v 362.0345 -626.6991 107.3872
v 360.5552 -626.6991 107.3565
v 359.0898 -626.6991 107.3162
v 357.6417 -626.6991 107.2652
v 356.2152 -626.6991 107.2032
v 354.8131 -626.6991 107.1300
v 353.4385 -626.6991 107.0455
v 352.0939 -626.6991 106.9498
v 350.7824 -626.6991 106.8427
v 349.5064 -626.6991 106.7245
v 348.2687 -626.6991 106.5952
v 347.0718 -626.6991 106.4552
v 345.9180 -626.6991 106.3048
v 344.8099 -626.6991 106.1443
v 343.7495 -626.6991 105.9743
v 342.7391 -626.6991 105.7952
v 341.7806 -626.6991 105.6077
v 340.8761 -626.6991 105.4124
v 340.0273 -626.6991 105.2099
v 339.2360 -626.6991 105.0011
v 338.5036 -626.6991 104.7865
v 337.8316 -626.6991 104.5669
v 337.2215 -626.6991 104.3432
v 336.6742 -626.6991 104.1159
v 336.1910 -626.6991 103.8858
v 335.7728 -626.6991 103.6536
v 335.4203 -626.6991 103.4198
v 335.1343 -626.6991 103.1850
v 334.9152 -626.6991 102.9497
v 334.7635 -626.6991 102.7143
v 334.6795 -626.6991 102.4792
v 334.6633 -626.6991 102.2445
v 334.7146 -626.6991 102.0149
v 334.8329 -626.6991 101.7951
v 335.0181 -626.6991 101.5851
v 335.2695 -626.6991 101.3852
v 335.5869 -626.6991 101.1957
v 335.9694 -626.6991 101.0168
v 336.4162 -626.6991 100.8489
v 336.9266 -626.6991 100.6923
v 337.4993 -626.6991 100.5473
v 338.1332 -626.6991 100.4142
v 338.8271 -626.6991 100.2934
v 339.5794 -626.6991 100.1852
v 340.3887 -626.6991 100.0899
v 341.2534 -626.6991 100.0078
v 342.1716 -626.6991 99.9389
v 343.1416 -626.6991 99.8836
v 344.1613 -626.6991 99.8418
v 345.2289 -626.6991 99.8137
v 346.3420 -626.6991 99.7991
v 347.4986 -626.6991 99.7981
v 348.6963 -626.6991 99.8104
v 349.9328 -626.6991 99.8357
v 351.2056 -626.6991 99.8738
v 352.5122 -626.6991 99.9242
v 353.8501 -626.6991 99.9866
v 355.2166 -626.6991 100.0603
v 356.6090 -626.6991 100.1449
v 358.0246 -626.6991 100.2396
v 359.4607 -626.6991 100.3440
v 360.9154 -626.6991 100.4573
v 362.3865 -626.6991 100.5799
v 363.8693 -626.6991 100.7111
v 365.3609 -626.6991 100.8502
v 366.8582 -626.6991 100.9965
v 368.3583 -626.6991 101.1492
v 369.8582 -626.6991 101.3076
v 371.3549 -626.6991 101.4710
v 372.8455 -626.6991 101.6385
v 374.3269 -626.6991 101.8096
v 375.7962 -626.6991 101.9834
v 377.2505 -626.6991 102.1592
v 378.6875 -626.6991 102.3366
v 380.1059 -626.6991 102.5161
v 381.5002 -626.6991 102.6977
v 382.8676 -626.6991 102.8804
v 384.2054 -626.6991 103.0637
v 385.5107 -626.6991 103.2469
v 386.7812 -626.6991 103.4291
v 388.0142 -626.6991 103.6098
v 389.2072 -626.6991 103.7882
v 390.3580 -626.6991 103.9636
v 391.4642 -626.6991 104.1353
v 392.5236 -626.6991 104.3027
v 393.5341 -626.6991 104.4650
v 394.4937 -626.6991 104.6216
v 395.4006 -626.6991 104.7719
v 396.2529 -626.6991 104.9151
v 397.0489 -626.6991 105.0507
v 397.7872 -626.6991 105.1780
v 398.4661 -626.6991 105.2964
v 399.0845 -626.6991 105.4054
v 399.6411 -626.6991 105.5045
v 400.1348 -626.6991 105.5931
v 400.5646 -626.6991 105.6709
v 400.9297 -626.6991 105.7374
v 401.2294 -626.6991 105.7923
v 401.4632 -626.6991 105.8353
v 401.6304 -626.6991 105.8662
v 401.7309 -626.6991 105.8847
v 401.7644 -626.6991 105.8910
v 405.4549 -633.3738 125.8940
v 405.4276 -633.3738 125.8959
v 405.3457 -633.3738 125.9017
v 405.2093 -633.3738 125.9112
v 405.0188 -633.3738 125.9244
v 404.7746 -633.3738 125.9412
v 404.4770 -633.3738 125.9614
v 404.1269 -633.3738 125.9849
v 403.7247 -633.3738 126.0114
v 403.2715 -633.3738 126.0407
v 402.7680 -633.3738 126.0727
v 402.2154 -633.3738 126.1070
v 401.6147 -633.3738 126.1434
v 400.9672 -633.3738 126.1816
v 400.2741 -633.3738 126.2213
v 399.5370 -633.3738 126.2622
v 398.7572 -633.3738 126.3041
v 397.9364 -633.3738 126.3467
v 397.0762 -633.3738 126.3896
v 396.1784 -633.3738 126.4325
v 395.2447 -633.3738 126.4753
v 394.2772 -633.3738 126.5176
v 393.2776 -633.3738 126.5591
v 392.2482 -633.3738 126.5995
v 391.1908 -633.3738 126.6386
v 390.1078 -633.3738 126.6760
v 389.0012 -633.3738 126.7116
v 387.8734 -633.3738 126.7449
v 386.7265 -633.3738 126.7758
v 385.5630 -633.3738 126.8038
v 384.3852 -633.3738 126.8286
v 383.1954 -633.3738 126.8500
v 381.9961 -633.3738 126.8677
v 380.7897 -633.3738 126.8812
v 379.5787 -633.3738 126.8902
v 378.3654 -633.3738 126.8943
v 377.1525 -633.3738 126.8934
v 375.9422 -633.3738 126.8868
v 374.7372 -633.3738 126.8744
v 373.5398 -633.3738 126.8558
v 372.3525 -633.3738 126.8306
v 371.1776 -633.3738 126.7986
v 370.0176 -633.3738 126.7595
v 368.8748 -633.3738 126.7130
v 367.7515 -633.3738 126.6589
v 366.6501 -633.3738 126.5971
v 365.5726 -633.3738 126.5274
v 364.5214 -633.3738 126.4497
v 363.4986 -633.3738 126.3640
v 362.5062 -633.3738 126.2702
v 361.5461 -633.3738 126.1686
v 360.6205 -633.3738 126.0592
v 359.7310 -633.3738 125.9422
v 358.8796 -633.3738 125.8179
v 358.0679 -633.3738 125.6864
v 357.2976 -633.3738 125.5482
v 356.5701 -633.3738 125.4037
v 355.8870 -633.3738 125.2532
v 355.2497 -633.3738 125.0972
v 354.6593 -633.3738 124.9362
v 354.1172 -633.3738 124.7706
v 353.6243 -633.3738 124.6009
v 353.1817 -633.3738 124.4275
v 352.7902 -633.3738 124.2510
v 352.4506 -633.3738 124.0718
v 352.1637 -633.3738 123.8903
v 351.9299 -633.3738 123.7069
v 351.7498 -633.3738 123.5219
v 351.6237 -633.3738 123.3356
v 351.5519 -633.3738 123.1483
v 351.5346 -633.3738 122.9600
v 351.5715 -633.3738 122.7746
v 351.6625 -633.3738 122.5958
v 351.8074 -633.3738 122.4237
v 352.0058 -633.3738 122.2586
v 352.2575 -633.3738 122.1006
v 352.5618 -633.3738 121.9501
v 352.9183 -633.3738 121.8073
v 353.3260 -633.3738 121.6727
v 353.7844 -633.3738 121.5466
v 354.2923 -633.3738 121.4294
v 354.8488 -633.3738 121.3213
v 355.4527 -633.3738 121.2229
v 356.1029 -633.3738 121.1344
v 356.7980 -633.3738 121.0561
v 357.5365 -633.3738 120.9884
v 358.3171 -633.3738 120.9315
v 359.1381 -633.3738 120.8856
v 359.9978 -633.3738 120.8509
v 360.8946 -633.3738 120.8276
v 361.8267 -633.3738 120.8155
v 362.7921 -633.3738 120.8148
v 363.7889 -633.3738 120.8253
v 364.8151 -633.3738 120.8470
v 365.8686 -633.3738 120.8796
v 366.9474 -633.3738 120.9229
v 368.0493 -633.3738 120.9765
v 369.1721 -633.3738 121.0401
v 370.3135 -633.3738 121.1134
v 371.4712 -633.3738 121.1957
v 372.6430 -633.3738 121.2867
v 373.8265 -633.3738 121.3858
v 375.0193 -633.3738 121.4924
v 376.2190 -633.3738 121.6060
v 377.4233 -633.3738 121.7261
v 378.6297 -633.3738 121.8519
v 379.8358 -633.3738 121.9828
v 381.0393 -633.3738 122.1184
v 382.2377 -633.3738 122.2579
v 383.4286 -633.3738 122.4008
v 384.6096 -633.3738 122.5464
v 385.7784 -633.3738 122.6943
v 386.9326 -633.3738 122.8438
v 388.0700 -633.3738 122.9943
v 389.1881 -633.3738 123.1454
v 390.2849 -633.3738 123.2964
v 391.3581 -633.3738 123.4468
v 392.4056 -633.3738 123.5962
v 393.4252 -633.3738 123.7441
v 394.4149 -633.3738 123.8898
v 395.3727 -633.3738 124.0330
v 396.2968 -633.3738 124.1731
v 397.1852 -633.3738 124.3097
v 398.0362 -633.3738 124.4423
v 398.8481 -633.3738 124.5704
v 399.6192 -633.3738 124.6935
v 400.3480 -633.3738 124.8113
v 401.0331 -633.3738 124.9232
v 401.6731 -633.3738 125.0289
v 402.2667 -633.3738 125.1279
v 402.8127 -633.3738 125.2198
v 403.3101 -633.3738 125.3042
v 403.7578 -633.3738 125.3808
v 404.1549 -633.3738 125.4492
v 404.5007 -633.3738 125.5091
v 404.7945 -633.3738 125.5603
v 405.0357 -633.3738 125.6025
v 405.2238 -633.3738 125.6356
v 405.3584 -633.3738 125.6593
v 405.4392 -633.3738 125.6736
v 405.4662 -633.3738 125.6783
v 136.9645 -0.0000 4.1201
v 378.6888 -633.3738 124.3831
v -58.0184 3.4400 -5.0760
v -58.1410 3.3598 -3.6746
v -58.2269 3.1210 -2.6929
v -58.2955 2.7285 -1.9089
v -58.3477 2.1881 -1.3116
v -58.3831 1.5009 -0.9070
v -58.4010 0.6331 -0.7024
v -58.4010 -0.6331 -0.7024
v -58.3831 -1.5009 -0.9070
v -58.3477 -2.1881 -1.3116
v -58.2955 -2.7285 -1.9089
v -58.2269 -3.1210 -2.6929
v -58.1410 -3.3598 -3.6746
v -58.0184 -3.4400 -5.0760
v -57.8958 -3.3598 -6.4773
v -57.8099 -3.1210 -7.4590
v -57.7413 -2.7285 -8.2430
v -57.6890 -2.1881 -8.8403
v -57.6536 -1.5009 -9.2449
v -57.6357 -0.6331 -9.4495
v -57.6357 0.6331 -9.4495
v -57.6536 1.5009 -9.2449
v -57.6890 2.1881 -8.8403
v -57.7413 2.7285 -8.2430
v -57.8099 3.1210 -7.4590
v -57.8958 3.3598 -6.4773
v -24.9933 14.4480 -0.7090
v -25.4633 14.1111 4.6629
v -25.7925 13.1081 8.4259
v -26.0554 11.4595 11.4312
v -26.2558 9.1902 13.7209
v -26.3915 6.3038 15.2720
v -26.4601 2.6589 16.0561
v -26.4601 -2.6589 16.0561
v -26.3915 -6.3038 15.2720
v -26.2558 -9.1902 13.7209
v -26.0554 -11.4595 11.4312
v -25.7925 -13.1081 8.4259
v -25.4633 -14.1111 4.6629
v -24.9933 -14.4480 -0.7090
v -24.5233 -14.1111 -6.0809
v -24.1941 -13.1081 -9.8439
v -23.9312 -11.4595 -12.8492
v -23.7309 -9.1902 -15.1389
v -23.5952 -6.3038 -16.6901
v -23.5266 -2.6589 -17.4742
v -23.5266 2.6589 -17.4742
v -23.5952 6.3038 -16.6901
v -23.7309 9.1902 -15.1389
v -23.9312 11.4595 -12.8492
v -24.1941 13.1081 -9.8439
v -24.5233 14.1111 -6.0809
v 16.3842 25.4560 3.6499
v 15.5465 24.8625 13.2258
v 14.9596 23.0953 19.9339
v 14.4909 20.1906 25.2911
v 14.1338 16.1923 29.3727
v 13.8919 11.1067 32.1378
v 13.7696 4.6847 33.5356
v 13.7696 -4.6847 33.5356
v 13.8919 -11.1067 32.1378
v 14.1338 -16.1923 29.3727
v 14.4909 -20.1906 25.2911
v 14.9596 -23.0953 19.9339
v 15.5465 -24.8625 13.2258
v 16.3842 -25.4560 3.6499
v 17.2220 -24.8625 -5.9261
v 17.8089 -23.0953 -12.6341
v 18.2776 -20.1906 -17.9913
v 18.6347 -16.1923 -22.0730
v 18.8766 -11.1067 -24.8381
v 18.9989 -4.6847 -26.2358
v 18.9989 4.6847 -26.2358
v 18.8766 11.1067 -24.8381
v 18.6347 16.1923 -22.0730
v 18.2776 20.1906 -17.9913
v 17.8089 23.0953 -12.6341
v 17.2220 24.8625 -5.9261
v 74.4668 34.4000 7.9926
v 73.4451 33.5980 19.6706
v 72.7294 31.2099 27.8512
v 72.1578 27.2846 34.3843
v 71.7223 21.8815 39.3619
v 71.4273 15.0091 42.7340
v 71.2782 6.3307 44.4386
v 71.2782 -6.3307 44.4386
v 71.4273 -15.0091 42.7340
v 71.7223 -21.8815 39.3619
v 72.1578 -27.2846 34.3843
v 72.7294 -31.2099 27.8512
v 73.4451 -33.5980 19.6706
v 74.4668 -34.4000 7.9926
v 75.4885 -33.5980 -3.6854
v 76.2042 -31.2099 -11.8659
v 76.7757 -27.2846 -18.3991
v 77.2112 -21.8815 -23.3767
v 77.5062 -15.0091 -26.7488
v 77.6554 -6.3307 -28.4534
v 77.6554 6.3307 -28.4534
v 77.5062 15.0091 -26.7488
v 77.2112 21.8815 -23.3767
v 76.7757 27.2846 -18.3991
v 76.2042 31.2099 -11.8659
v 75.4885 33.5980 -3.6854
v 149.1901 33.7120 13.0524
v 148.2195 32.9260 24.1466
v 147.5396 30.5857 31.9181
v 146.9966 26.7389 38.1245
v 146.5829 21.4439 42.8533
v 146.3026 14.7089 46.0568
v 146.1609 6.2041 47.6761
v 146.1609 -6.2041 47.6761
v 146.3026 -14.7089 46.0568
v 146.5829 -21.4439 42.8533
v 146.9966 -26.7389 38.1245
v 147.5396 -30.5857 31.9181
v 148.2195 -32.9260 24.1466
v 149.1901 -33.7120 13.0524
v 150.1607 -32.9260 1.9583
v 150.8406 -30.5857 -5.8132
v 151.3836 -26.7389 -12.0197
v 151.7974 -21.4439 -16.7484
v 152.0776 -14.7089 -19.9519
v 152.2193 -6.2041 -21.5712
v 152.2193 6.2041 -21.5712
v 152.0776 14.7089 -19.9519
v 151.7974 21.4439 -16.7484
v 151.3836 26.7389 -12.0197
v 150.8406 30.5857 -5.8132
v 150.1607 32.9260 1.9583
v 232.2018 28.8960 18.8374
v 231.3845 28.2223 28.1798
v 230.8119 26.2163 34.7242
v 230.3546 22.9190 39.9508
v 230.0062 18.3804 43.9329
v 229.7702 12.6076 46.6305
v 229.6509 5.3178 47.9942
v 229.6509 -5.3178 47.9942
v 229.7702 -12.6076 46.6305
v 230.0062 -18.3804 43.9329
v 230.3546 -22.9190 39.9508
v 230.8119 -26.2163 34.7242
v 231.3845 -28.2223 28.1798
v 232.2018 -28.8960 18.8374
v 233.0192 -28.2223 9.4950
v 233.5917 -26.2163 2.9506
v 234.0490 -22.9190 -2.2759
v 234.3974 -18.3804 -6.2581
v 234.6334 -12.6076 -8.9557
v 234.7527 -5.3178 -10.3194
v 234.7527 5.3178 -10.3194
v 234.6334 12.6076 -8.9557
v 234.3974 18.3804 -6.2581
v 234.0490 22.9190 -2.2759
v 233.5917 26.2163 2.9506
v 233.0192 28.2223 9.4950
v 306.8610 21.3280 24.6304
v 306.2684 20.8307 31.4037
v 305.8533 19.3501 36.1484
v 305.5218 16.9164 39.9376
v 305.2692 13.5665 42.8246
v 305.0981 9.3056 44.7804
v 305.0116 3.9251 45.7691
v 305.0116 -3.9251 45.7691
v 305.0981 -9.3056 44.7804
v 305.2692 -13.5665 42.8246
v 305.5218 -16.9164 39.9376
v 305.8533 -19.3501 36.1484
v 306.2684 -20.8307 31.4037
v 306.8610 -21.3280 24.6304
v 307.4536 -20.8307 17.8572
v 307.8687 -19.3501 13.1125
v 308.2002 -16.9164 9.3232
v 308.4528 -13.5665 6.4362
v 308.6239 -9.3056 4.4804
v 308.7104 -3.9251 3.4918
v 308.7104 3.9251 3.4918
v 308.6239 9.3056 4.4804
v 308.4528 13.5665 6.4362
v 308.2002 16.9164 9.3232
v 307.8687 19.3501 13.1125
v 307.4536 20.8307 17.8572
v 364.8794 13.7600 29.7064
v 364.5116 13.4392 33.9105
v 364.2539 12.4840 36.8555
v 364.0482 10.9138 39.2074
v 363.8914 8.7526 40.9993
v 363.7852 6.0036 42.2133
v 363.7315 2.5323 42.8269
v 363.7315 -2.5323 42.8269
v 363.7852 -6.0036 42.2133
v 363.8914 -8.7526 40.9993
v 364.0482 -10.9138 39.2074
v 364.2539 -12.4840 36.8555
v 364.5116 -13.4392 33.9105
v 364.8794 -13.7600 29.7064
v 365.2472 -13.4392 25.5023
v 365.5049 -12.4840 22.5573
v 365.7106 -10.9138 20.2054
v 365.8674 -8.7526 18.4134
v 365.9736 -6.0036 17.1995
v 366.0273 -2.5323 16.5858
v 366.0273 2.5323 16.5858
v 365.9736 6.0036 17.1995
v 365.8674 8.7526 18.4134
v 365.7106 10.9138 20.2054
v 365.5049 12.4840 22.5573
v 365.2472 13.4392 25.5023
v 402.1128 6.8800 33.7027
v 401.9289 6.7196 35.8047
v 401.8000 6.2420 37.2772
v 401.6972 5.4569 38.4532
v 401.6188 4.3763 39.3492
v 401.5657 3.0018 39.9561
v 401.5388 1.2661 40.2630
v 401.5388 -1.2661 40.2630
v 401.5657 -3.0018 39.9561
v 401.6188 -4.3763 39.3492
v 401.6972 -5.4569 38.4532
v 401.8000 -6.2420 37.2772
v 401.9289 -6.7196 35.8047
v 402.1128 -6.8800 33.7027
v 402.2967 -6.7196 31.6006
v 402.4255 -6.2420 30.1281
v 402.5284 -5.4569 28.9522
v 402.6068 -4.3763 28.0562
v 402.6599 -3.0018 27.4492
v 402.6867 -1.2661 27.1424
v 402.6867 1.2661 27.1424
v 402.6599 3.0018 27.4492
v 402.6068 4.3763 28.0562
v 402.5284 5.4569 28.9522
v 402.4255 6.2420 30.1281
v 402.2967 6.7196 31.6006
v -58.0184 -0.0000 -5.0760
v 402.1128 -0.0000 33.7027
v 407.6800 12.8000 -8.0000
v 407.6800 11.5324 -2.4463
v 407.6800 7.9807 2.0074
v 407.6800 2.8483 4.4791
v 407.6800 -2.8483 4.4791
v 407.6800 -7.9807 2.0074
v 407.6800 -11.5324 -2.4463
v 407.6800 -12.8000 -8.0000
v 407.6800 -11.5324 -13.5537
v 407.6800 -7.9807 -18.0074
v 407.6800 -2.8483 -20.4791
v 407.6800 2.8483 -20.4791
v 407.6800 7.9807 -18.0074
v 407.6800 11.5324 -13.5537
v 411.5200 12.6996 -8.0000
v 411.5200 11.4419 -2.4898
v 411.5200 7.9181 1.9290
v 411.5200 2.8259 4.3812
v 411.5200 -2.8259 4.3812
v 411.5200 -7.9181 1.9290
v 411.5200 -11.4419 -2.4898
v 411.5200 -12.6996 -8.0000
v 411.5200 -11.4419 -13.5102
v 411.5200 -7.9181 -17.9290
v 411.5200 -2.8259 -20.3812
v 411.5200 2.8259 -20.3812
v 411.5200 7.9181 -17.9290
v 411.5200 11.4419 -13.5102
v 415.3600 12.3935 -8.0000
v 415.3600 11.1662 -2.6226
v 415.3600 7.7272 1.6897
v 415.3600 2.7578 4.0828
v 415.3600 -2.7578 4.0828
v 415.3600 -7.7272 1.6897
v 415.3600 -11.1662 -2.6226
v 415.3600 -12.3935 -8.0000
v 415.3600 -11.1662 -13.3774
v 415.3600 -7.7272 -17.6897
v 415.3600 -2.7578 -20.0828
v 415.3600 2.7578 -20.0828
v 415.3600 7.7272 -17.6897
v 415.3600 11.1662 -13.3774
v 419.2000 11.8659 -8.0000
v 419.2000 10.6908 -2.8516
v 419.2000 7.3983 1.2771
v 419.2000 2.6404 3.5684
v 419.2000 -2.6404 3.5684
v 419.2000 -7.3983 1.2771
v 419.2000 -10.6908 -2.8516
v 419.2000 -11.8659 -8.0000
v 419.2000 -10.6908 -13.1484
v 419.2000 -7.3983 -17.2771
v 419.2000 -2.6404 -19.5684
v 419.2000 2.6404 -19.5684
v 419.2000 7.3983 -17.2771
v 419.2000 10.6908 -13.1484
v 423.0400 11.0851 -8.0000
v 423.0400 9.9874 -3.1903
v 423.0400 6.9115 0.6667
v 423.0400 2.4667 2.8072
v 423.0400 -2.4667 2.8072
v 423.0400 -6.9115 0.6667
v 423.0400 -9.9874 -3.1903
v 423.0400 -11.0851 -8.0000
v 423.0400 -9.9874 -12.8097
v 423.0400 -6.9115 -16.6667
v 423.0400 -2.4667 -18.8072
v 423.0400 2.4667 -18.8072
v 423.0400 6.9115 -16.6667
v 423.0400 9.9874 -12.8097
v 426.8800 9.9920 -8.0000
v 426.8800 9.0025 -3.6646
v 426.8800 6.2299 -0.1879
v 426.8800 2.2234 1.7415
v 426.8800 -2.2234 1.7415
v 426.8800 -6.2299 -0.1879
v 426.8800 -9.0025 -3.6646
v 426.8800 -9.9920 -8.0000
v 426.8800 -9.0025 -12.3354
v 426.8800 -6.2299 -15.8121
v 426.8800 -2.2234 -17.7415
v 426.8800 2.2234 -17.7415
v 426.8800 6.2299 -15.8121
v 426.8800 9.0025 -12.3354
v 430.7200 8.4664 -8.0000
v 430.7200 7.6280 -4.3266
v 430.7200 5.2787 -1.3807
v 430.7200 1.8840 0.2541
v 430.7200 -1.8840 0.2541
v 430.7200 -5.2787 -1.3807
v 430.7200 -7.6280 -4.3266
v 430.7200 -8.4664 -8.0000
v 430.7200 -7.6280 -11.6734
v 430.7200 -5.2787 -14.6193
v 430.7200 -1.8840 -16.2541
v 430.7200 1.8840 -16.2541
v 430.7200 5.2787 -14.6193
v 430.7200 7.6280 -11.6734
v 434.5600 6.1968 -8.0000
v 434.5600 5.5831 -5.3113
v 434.5600 3.8636 -3.1552
v 434.5600 1.3789 -1.9586
v 434.5600 -1.3789 -1.9586
v 434.5600 -3.8636 -3.1552
v 434.5600 -5.5831 -5.3113
v 434.5600 -6.1968 -8.0000
v 434.5600 -5.5831 -10.6887
v 434.5600 -3.8636 -12.8448
v 434.5600 -1.3789 -14.0414
v 434.5600 1.3789 -14.0414
v 434.5600 3.8636 -12.8448
v 434.5600 5.5831 -10.6887
v 438.4000 0.0128 -8.0000
v 438.4000 0.0115 -7.9944
v 438.4000 0.0080 -7.9900
v 438.4000 0.0028 -7.9875
v 438.4000 -0.0028 -7.9875
v 438.4000 -0.0080 -7.9900
v 438.4000 -0.0115 -7.9944
v 438.4000 -0.0128 -8.0000
v 438.4000 -0.0115 -8.0056
v 438.4000 -0.0080 -8.0100
v 438.4000 -0.0028 -8.0125
v 438.4000 0.0028 -8.0125
v 438.4000 0.0080 -8.0100
v 438.4000 0.0115 -8.0056
v 407.6800 -0.0000 -8.0000
v 411.6073 -8.4110 7.3197
v 411.5254 -8.3522 7.3114
v 411.2819 -8.1760 7.2867
v 410.8837 -7.8838 7.2456
v 410.3418 -7.4778 7.1885
v 409.6710 -6.9619 7.1160
v 408.8893 -6.3417 7.0289
v 408.0168 -5.6249 6.9281
v 407.0757 -4.8214 6.8152
v 406.0895 -3.9433 6.6918
v 405.0823 -3.0048 6.5599
v 404.0783 -2.0221 6.4218
v 403.1013 -1.0129 6.2799
v 402.1713 0.0139 6.1356
v 401.3251 1.0474 5.9904
v 400.5851 2.0581 5.8483
v 399.9625 3.0187 5.7133
v 399.4641 3.9018 5.5892
v 399.0922 4.6810 5.4797
v 398.8458 5.3332 5.3881
v 398.7215 5.8388 5.3170
v 398.7150 6.1841 5.2685
v 398.8222 6.3609 5.2436
v 399.0302 6.3623 5.2434
v 399.3265 6.1866 5.2681
v 399.7074 5.8424 5.3165
v 400.1689 5.3418 5.3868
v 400.7066 4.7006 5.4770
v 401.3163 3.9375 5.5842
v 401.9938 3.0735 5.7056
v 402.7348 2.1315 5.8380
v 403.5338 1.1354 5.9780
v 404.3868 0.1033 6.1231
v 405.2702 -0.9549 6.2718
v 406.1598 -2.0109 6.4202
v 407.0401 -3.0418 6.5651
v 407.8939 -4.0262 6.7034
v 408.7033 -4.9444 6.8325
v 409.4500 -5.7786 6.9497
v 410.1164 -6.5130 7.0529
v 410.6862 -7.1339 7.1402
v 411.1451 -7.6295 7.2098
v 411.4815 -7.9905 7.2606
v 411.6868 -8.2100 7.2914
v 411.7559 -8.2837 7.3018
v 413.9279 -6.5227 12.8305
v 413.8312 -6.4757 12.8239
v 413.5438 -6.3345 12.8041
v 413.0730 -6.0992 12.7710
v 412.4309 -5.7704 12.7248
v 411.6336 -5.3493 12.6656
v 410.7009 -4.8386 12.5938
v 409.6555 -4.2429 12.5101
v 408.5224 -3.5685 12.4153
v 407.3284 -2.8240 12.3107
v 406.1013 -2.0199 12.1977
v 404.8695 -1.1689 12.0781
v 403.6613 -0.2853 11.9539
v 402.4990 0.6252 11.8259
v 401.4235 1.5577 11.6949
v 400.4634 2.4853 11.5645
v 399.6356 3.3813 11.4386
v 398.9521 4.2181 11.3210
v 398.4202 4.9687 11.2155
v 398.0431 5.6085 11.1256
v 397.8206 6.1165 11.0542
v 397.7509 6.4773 11.0035
v 397.8311 6.6819 10.9747
v 398.0490 6.7205 10.9693
v 398.3916 6.5892 10.9877
v 398.8537 6.2963 11.0289
v 399.4288 5.8539 11.0911
v 400.1094 5.2776 11.1721
v 400.8878 4.5864 11.2692
v 401.7556 3.8015 11.3795
v 402.7041 2.9462 11.4997
v 403.7234 2.0446 11.6265
v 404.8058 1.1147 11.7571
v 405.9248 0.1630 11.8909
v 407.0500 -0.7852 12.0242
v 408.1608 -1.7089 12.1540
v 409.2354 -2.5886 12.2776
v 410.2514 -3.4067 12.3926
v 411.1863 -4.1480 12.4968
v 412.0188 -4.7990 12.5883
v 412.7294 -5.3482 12.6654
v 413.3008 -5.7859 12.7270
v 413.7193 -6.1043 12.7717
v 413.9746 -6.2978 12.7989
v 414.0604 -6.3627 12.8080
v 415.4325 -4.6135 18.3384
v 415.3270 -4.5770 18.3333
v 415.0132 -4.4671 18.3178
v 414.4987 -4.2830 18.2919
v 413.7959 -4.0237 18.2555
v 412.9217 -3.6885 18.2084
v 411.8967 -3.2779 18.1507
v 410.7449 -2.7936 18.0826
v 409.4929 -2.2391 18.0047
v 408.1693 -1.6199 17.9177
v 406.8042 -0.9435 17.8226
v 405.4283 -0.2193 17.7208
v 404.0726 0.5414 17.6139
v 402.7608 1.3355 17.5023
v 401.5356 2.1630 17.3860
v 400.4298 2.9996 17.2684
v 399.4643 3.8201 17.1531
v 398.6549 4.5974 17.0439
v 398.0125 5.3048 16.9445
v 397.5434 5.9170 16.8584
v 397.2502 6.4127 16.7888
v 397.1329 6.7757 16.7377
v 397.1897 6.9963 16.7067
v 397.4093 7.0630 16.6974
v 397.7787 6.9702 16.7104
v 398.2916 6.7257 16.7448
v 398.9396 6.3411 16.7988
v 399.7132 5.8317 16.8704
v 400.6020 5.2160 16.9569
v 401.5947 4.5150 17.0555
v 402.6794 3.7513 17.1628
v 403.8428 2.9487 17.2756
v 405.0748 2.1248 17.3914
v 406.3472 1.2830 17.5097
v 407.6256 0.4454 17.6274
v 408.8861 -0.3686 17.7418
v 410.1038 -1.1417 17.8505
v 411.2532 -1.8588 17.9512
v 412.3096 -2.5067 18.0423
v 413.2491 -3.0742 18.1221
v 414.0501 -3.5520 18.1892
v 414.6938 -3.9321 18.2426
v 415.1649 -4.2084 18.2815
v 415.4523 -4.3760 18.3050
v 415.5488 -4.4323 18.3129
v 416.2949 -2.7826 23.8573
v 416.1851 -2.7550 23.8534
v 415.8582 -2.6715 23.8417
v 415.3218 -2.5307 23.8219
v 414.5885 -2.3304 23.7937
v 413.6753 -2.0685 23.7569
v 412.6029 -1.7435 23.7113
v 411.3958 -1.3553 23.6567
v 410.0811 -0.9049 23.5934
v 408.6883 -0.3955 23.5218
v 407.2484 0.1681 23.4426
v 405.7934 0.7790 23.3567
v 404.3555 1.4286 23.2654
v 402.9590 2.1158 23.1689
v 401.6470 2.8443 23.0665
v 400.4548 3.5925 22.9613
v 399.4058 4.3367 22.8567
v 398.5184 5.0511 22.7563
v 397.8060 5.7094 22.6638
v 397.2773 6.2869 22.5827
v 396.9367 6.7620 22.5159
v 396.7857 7.1184 22.4658
v 396.8233 7.3463 22.4338
v 397.0392 7.4330 22.4216
v 397.4208 7.3716 22.4302
v 397.9608 7.1696 22.4586
v 398.6500 6.8379 22.5052
v 399.4773 6.3912 22.5680
v 400.4304 5.8471 22.6445
v 401.4962 5.2259 22.7318
v 402.6605 4.5495 22.8268
v 403.9079 3.8407 22.9265
v 405.2265 3.1164 23.0282
v 406.5875 2.3775 23.1321
v 407.9541 1.6435 23.2352
v 409.3006 0.9317 23.3353
v 410.6001 0.2574 23.4300
v 411.8257 -0.3662 23.5177
v 412.9510 -0.9281 23.5967
v 413.9510 -1.4190 23.6657
v 414.8031 -1.8314 23.7236
v 415.4876 -2.1590 23.7697
v 415.9884 -2.3968 23.8031
v 416.2937 -2.5410 23.8233
v 416.3962 -2.5893 23.8301
v 416.6314 -1.0428 29.3890
v 416.5208 -1.0225 29.3861
v 416.1916 -0.9609 29.3775
v 415.6511 -0.8559 29.3627
v 414.9117 -0.7046 29.3415
v 413.9900 -0.5040 29.3133
v 412.9066 -0.2511 29.2777
v 411.6856 0.0558 29.2346
v 410.3540 0.4173 29.1838
v 408.9411 0.8322 29.1255
v 407.4781 1.2978 29.0600
v 405.9969 1.8094 28.9882
v 404.5302 2.3603 28.9107
v 403.1020 2.9511 28.8277
v 401.7548 3.5882 28.7382
v 400.5250 4.2526 28.6448
v 399.4372 4.9222 28.5507
v 398.5114 5.5727 28.4592
v 397.7627 6.1789 28.3741
v 397.2011 6.7168 28.2985
v 396.8326 7.1655 28.2354
v 396.6597 7.5088 28.1871
v 396.6820 7.7369 28.1551
v 396.8902 7.8367 28.1411
v 397.2721 7.8004 28.1462
v 397.8202 7.6350 28.1694
v 398.5246 7.3508 28.2093
v 399.3732 6.9616 28.2641
v 400.3529 6.4840 28.3312
v 401.4492 5.9373 28.4080
v 402.6467 5.3423 28.4916
v 403.9287 4.7205 28.5790
v 405.2821 4.0879 28.6679
v 406.6785 3.4437 28.7585
v 408.0802 2.8046 28.8483
v 409.4605 2.1861 28.9352
v 410.7917 1.6019 29.0173
v 412.0465 1.0631 29.0930
v 413.1979 0.5789 29.1611
v 414.2205 0.1570 29.2204
v 415.0915 -0.1967 29.2701
v 415.7909 -0.4771 29.3095
v 416.3025 -0.6804 29.3381
v 416.6143 -0.8036 29.3554
v 416.7191 -0.8448 29.3612
v 416.5122 0.6172 34.9319
v 416.4040 0.6315 34.9299
v 416.0817 0.6753 34.9237
v 415.5525 0.7510 34.9131
v 414.8281 0.8618 34.8975
v 413.9245 1.0116 34.8765
v 412.8616 1.2043 34.8494
v 411.6625 1.4427 34.8159
v 410.3536 1.7287 34.7757
v 408.9632 2.0625 34.7288
v 407.5216 2.4431 34.6753
v 406.0602 2.8673 34.6157
v 404.6109 3.3303 34.5506
v 403.1969 3.8339 34.4798
v 401.8592 4.3864 34.4022
v 400.6340 4.9710 34.3200
v 399.5462 5.5676 34.2362
v 398.6165 6.1534 34.1539
v 397.8606 6.7049 34.0763
v 397.2895 7.1992 34.0069
v 396.9101 7.6164 33.9482
v 396.7254 7.9409 33.9026
v 396.7358 8.1631 33.8714
v 396.9327 8.2699 33.8564
v 397.3048 8.2533 33.8587
v 397.8444 8.1195 33.8775
v 398.5414 7.8781 33.9115
v 399.3834 7.5418 33.9587
v 400.3569 7.1262 34.0171
v 401.4469 6.6492 34.0842
v 402.6374 6.1303 34.1571
v 403.9111 5.5896 34.2331
v 405.2546 5.0419 34.3101
v 406.6403 4.4849 34.3883
v 408.0310 3.9331 34.4659
v 409.3998 3.4004 34.5408
v 410.7195 2.8985 34.6113
v 411.9627 2.4368 34.6762
v 413.1030 2.0232 34.7343
v 414.1154 1.6637 34.7848
v 414.9773 1.3630 34.8271
v 415.6693 1.1249 34.8606
v 416.1754 0.9526 34.8848
v 416.4838 0.8483 34.8994
v 416.5874 0.8134 34.9043
v 415.9796 2.2126 40.4839
v 415.8765 2.2222 40.4826
v 415.5697 2.2516 40.4784
v 415.0657 2.3034 40.4711
v 414.3756 2.3813 40.4602
v 413.5143 2.4894 40.4450
v 412.5005 2.6321 40.4250
v 411.3561 2.8130 40.3995
v 410.1059 3.0348 40.3684
v 408.7766 3.2990 40.3312
v 407.3972 3.6054 40.2882
v 405.9973 3.9524 40.2394
v 404.6073 4.3367 40.1854
v 403.2493 4.7607 40.1258
v 401.9616 5.2338 40.0593
v 400.7793 5.7415 39.9880
v 399.7266 6.2657 39.9143
v 398.8239 6.7856 39.8412
v 398.0871 7.2795 39.7718
v 397.5276 7.7262 39.7090
v 397.1524 8.1070 39.6555
v 396.9652 8.4074 39.6133
v 396.9665 8.6182 39.5837
v 397.1489 8.7267 39.5684
v 397.5018 8.7249 39.5687
v 398.0179 8.6184 39.5836
v 398.6870 8.4158 39.6121
v 399.4972 8.1289 39.6524
v 400.4347 7.7718 39.7026
v 401.4849 7.3609 39.7604
v 402.6320 6.9141 39.8232
v 403.8586 6.4497 39.8884
v 405.1516 5.9813 39.9542
v 406.4849 5.5057 40.0211
v 407.8227 5.0353 40.0872
v 409.1391 4.5821 40.1509
v 410.4077 4.1561 40.2108
v 411.6024 3.7655 40.2657
v 412.6979 3.4165 40.3147
v 413.6702 3.1139 40.3572
v 414.4978 2.8614 40.3927
v 415.1621 2.6619 40.4208
v 415.6478 2.5177 40.4410
v 415.9438 2.4304 40.4533
v 416.0433 2.4012 40.4574
v 415.0595 3.7571 46.0431
v 414.9644 3.7628 46.0422
v 414.6810 3.7809 46.0397
v 414.2155 3.8139 46.0351
v 413.5778 3.8653 46.0279
v 412.7816 3.9395 46.0174
v 411.8439 4.0411 46.0031
v 410.7849 4.1741 45.9845
v 409.6272 4.3416 45.9609
v 408.3955 4.5458 45.9322
v 407.1163 4.7874 45.8983
v 405.8171 5.0658 45.8591
v 404.5259 5.3788 45.8151
v 403.2630 5.7293 45.7659
v 402.0633 6.1270 45.7100
v 400.9595 6.5598 45.6492
v 399.9746 7.0115 45.5857
v 399.1280 7.4637 45.5221
v 398.4349 7.8968 45.4613
v 397.9064 8.2916 45.4058
v 397.5495 8.6312 45.3580
v 397.3682 8.9022 45.3200
v 397.3631 9.0964 45.2927
v 397.5278 9.2016 45.2779
v 397.8528 9.2103 45.2767
v 398.3311 9.1274 45.2883
v 398.9532 8.9605 45.3118
v 399.7076 8.7201 45.3455
v 400.5815 8.4189 45.3879
v 401.5607 8.0715 45.4367
v 402.6301 7.6938 45.4898
v 403.7733 7.3022 45.5448
v 404.9777 6.9090 45.6001
v 406.2195 6.5102 45.6561
v 407.4653 6.1164 45.7115
v 408.6908 5.7378 45.7647
v 409.8715 5.3828 45.8146
v 410.9832 5.0583 45.8602
v 412.0021 4.7691 45.9008
v 412.9064 4.5191 45.9360
v 413.6759 4.3109 45.9652
v 414.2934 4.1467 45.9883
v 414.7449 4.0282 46.0050
v 415.0201 3.9566 46.0150
v 415.1125 3.9326 46.0184
v 413.7686 5.2614 51.6078
v 413.6839 5.2643 51.6074
v 413.4317 5.2738 51.6061
v 413.0173 5.2922 51.6035
v 412.4495 5.3230 51.5992
v 411.7403 5.3704 51.5925
v 410.9048 5.4388 51.5829
v 409.9607 5.5323 51.5698
v 408.9281 5.6542 51.5527
v 407.8289 5.8069 51.5312
v 406.6866 5.9917 51.5052
v 405.5257 6.2088 51.4747
v 404.3710 6.4568 51.4399
v 403.2405 6.7387 51.4002
v 402.1652 7.0642 51.3545
v 401.1742 7.4229 51.3041
v 400.2884 7.8013 51.2509
v 399.5254 8.1833 51.1972
v 398.8993 8.5520 51.1454
v 398.4203 8.8905 51.0978
v 398.0952 9.1839 51.0566
v 397.9277 9.4204 51.0233
v 397.9185 9.5928 50.9991
v 398.0623 9.6901 50.9854
v 398.3509 9.7054 50.9833
v 398.7778 9.6429 50.9921
v 399.3345 9.5092 51.0109
v 400.0106 9.3132 51.0384
v 400.7942 9.0659 51.0732
v 401.6724 8.7800 51.1133
v 402.6316 8.4694 51.1570
v 403.6566 8.1481 51.2021
v 404.7361 7.8268 51.2473
v 405.8489 7.5015 51.2930
v 406.9651 7.1806 51.3381
v 408.0629 6.8728 51.3814
v 409.1204 6.5850 51.4218
v 410.1158 6.3225 51.4587
v 411.0281 6.0893 51.4915
v 411.8374 5.8883 51.5198
v 412.5261 5.7212 51.5432
v 413.0787 5.5898 51.5617
v 413.4827 5.4950 51.5750
v 413.7288 5.4378 51.5831
v 413.8115 5.4186 51.5858
v 408.6990 7.5959 57.0560
v 408.6533 7.5965 57.0559
v 408.5171 7.5986 57.0556
v 408.2933 7.6036 57.0549
v 407.9866 7.6135 57.0535
v 407.6035 7.6307 57.0511
v 407.1519 7.6577 57.0473
v 406.6414 7.6969 57.0418
v 406.0829 7.7505 57.0343
v 405.4880 7.8198 57.0245
v 404.8696 7.9060 57.0124
v 404.2406 8.0094 56.9979
v 403.6147 8.1295 56.9810
v 403.0015 8.2682 56.9615
v 402.4174 8.4311 56.9386
v 401.8784 8.6129 56.9130
v 401.3960 8.8065 56.8858
v 400.9798 9.0036 56.8581
v 400.6375 9.1951 56.8312
v 400.3751 9.3720 56.8064
v 400.1961 9.5264 56.7847
v 400.1029 9.6521 56.7670
v 400.0959 9.7450 56.7539
v 400.1723 9.7992 56.7463
v 400.3278 9.8109 56.7447
v 400.5588 9.7822 56.7487
v 400.8608 9.7166 56.7579
v 401.2279 9.6189 56.7717
v 401.6536 9.4948 56.7891
v 402.1308 9.3509 56.8093
v 402.6520 9.1947 56.8313
v 403.2089 9.0335 56.8539
v 403.7951 8.8730 56.8765
v 404.3994 8.7106 56.8993
v 405.0054 8.5507 56.9218
v 405.6014 8.3976 56.9433
v 406.1754 8.2549 56.9634
v 406.7156 8.1251 56.9816
v 407.2105 8.0101 56.9978
v 407.6496 7.9112 57.0117
v 408.0231 7.8292 57.0232
v 408.3228 7.7648 57.0322
v 408.5419 7.7185 57.0387
v 408.6754 7.6905 57.0427
v 408.7203 7.6812 57.0440
v 403.7951 9.6500 62.5435
v 403.7867 9.6500 62.5435
v 403.7616 9.6499 62.5435
v 403.7203 9.6501 62.5435
v 403.6637 9.6508 62.5434
v 403.5930 9.6527 62.5431
v 403.5096 9.6561 62.5426
v 403.4154 9.6616 62.5419
v 403.3122 9.6696 62.5408
v 403.2023 9.6803 62.5392
v 403.0879 9.6941 62.5373
v 402.9716 9.7110 62.5349
v 402.8558 9.7310 62.5321
v 402.7422 9.7545 62.5288
v 402.6340 9.7825 62.5249
v 402.5340 9.8142 62.5204
v 402.4443 9.8482 62.5156
v 402.3669 9.8831 62.5107
v 402.3031 9.9172 62.5059
v 402.2541 9.9490 62.5015
v 402.2206 9.9768 62.4976
v 402.2029 9.9997 62.4944
v 402.2013 10.0168 62.4920
v 402.2152 10.0270 62.4905
v 402.2438 10.0297 62.4901
v 402.2865 10.0252 62.4908
v 402.3425 10.0142 62.4923
v 402.4105 9.9974 62.4947
v 402.4894 9.9760 62.4977
v 402.5779 9.9511 62.5012
v 402.6746 9.9241 62.5050
v 402.7778 9.8963 62.5089
v 402.8865 9.8687 62.5128
v 402.9984 9.8408 62.5167
v 403.1107 9.8134 62.5205
v 403.2212 9.7872 62.5242
v 403.3275 9.7629 62.5276
v 403.4276 9.7408 62.5307
v 403.5192 9.7213 62.5335
v 403.6005 9.7046 62.5358
v 403.6697 9.6907 62.5378
v 403.7252 9.6799 62.5393
v 403.7657 9.6721 62.5404
v 403.7904 9.6674 62.5411
v 403.7987 9.6658 62.5413
v 405.1032 -1.4066 6.3353
v 403.0097 9.8023 62.5221
v 411.6073 8.4110 -23.3197
v 411.5254 8.3522 -23.3114
v 411.2819 8.1760 -23.2867
v 410.8837 7.8838 -23.2456
v 410.3418 7.4778 -23.1885
v 409.6710 6.9619 -23.1160
v 408.8893 6.3417 -23.0289
v 408.0168 5.6249 -22.9281
v 407.0757 4.8214 -22.8152
v 406.0895 3.9433 -22.6918
v 405.0823 3.0048 -22.5599
v 404.0783 2.0221 -22.4218
v 403.1013 1.0129 -22.2799
v 402.1713 -0.0139 -22.1356
v 401.3251 -1.0474 -21.9904
v 400.5851 -2.0581 -21.8483
v 399.9625 -3.0187 -21.7133
v 399.4641 -3.9018 -21.5892
v 399.0922 -4.6810 -21.4797
v 398.8458 -5.3332 -21.3881
v 398.7215 -5.8388 -21.3170
v 398.7150 -6.1841 -21.2685
v 398.8222 -6.3609 -21.2436
v 399.0302 -6.3623 -21.2434
v 399.3265 -6.1866 -21.2681
v 399.7074 -5.8424 -21.3165
v 400.1689 -5.3418 -21.3868
v 400.7066 -4.7006 -21.4770
v 401.3163 -3.9375 -21.5842
v 401.9938 -3.0735 -21.7056
v 402.7348 -2.1315 -21.8380
v 403.5338 -1.1354 -21.9780
v 404.3868 -0.1033 -22.1231
v 405.2702 0.9549 -22.2718
v 406.1598 2.0109 -22.4202
v 407.0401 3.0418 -22.5651
v 407.8939 4.0262 -22.7034
v 408.7033 4.9444 -22.8325
v 409.4500 5.7786 -22.9497
v 410.1164 6.5130 -23.0529
v 410.6862 7.1339 -23.1402
v 411.1451 7.6295 -23.2098
v 411.4815 7.9905 -23.2606
v 411.6868 8.2100 -23.2914
v 411.7559 8.2837 -23.3018
v 413.9279 6.5227 -28.8305
v 413.8312 6.4757 -28.8239
v 413.5438 6.3345 -28.8041
v 413.0730 6.0992 -28.7710
v 412.4309 5.7704 -28.7248
v 411.6336 5.3493 -28.6656
v 410.7009 4.8386 -28.5938
v 409.6555 4.2429 -28.5101
v 408.5224 3.5685 -28.4153
v 407.3284 2.8240 -28.3107
v 406.1013 2.0199 -28.1977
v 404.8695 1.1689 -28.0781
v 403.6613 0.2853 -27.9539
v 402.4990 -0.6252 -27.8259
v 401.4235 -1.5577 -27.6949
v 400.4634 -2.4853 -27.5645
v 399.6356 -3.3813 -27.4386
v 398.9521 -4.2181 -27.3210
v 398.4202 -4.9687 -27.2155
v 398.0431 -5.6085 -27.1256
v 397.8206 -6.1165 -27.0542
v 397.7509 -6.4773 -27.0035
v 397.8311 -6.6819 -26.9747
v 398.0490 -6.7205 -26.9693
v 398.3916 -6.5892 -26.9877
v 398.8537 -6.2963 -27.0289
v 399.4288 -5.8539 -27.0911
v 400.1094 -5.2776 -27.1721
v 400.8878 -4.5864 -27.2692
v 401.7556 -3.8015 -27.3795
v 402.7041 -2.9462 -27.4997
v 403.7234 -2.0446 -27.6265
v 404.8058 -1.1147 -27.7571
v 405.9248 -0.1630 -27.8909
v 407.0500 0.7852 -28.0242
v 408.1608 1.7089 -28.1540
v 409.2354 2.5886 -28.2776
v 410.2514 3.4067 -28.3926
v 411.1863 4.1480 -28.4968
v 412.0188 4.7990 -28.5883
v 412.7294 5.3482 -28.6654
v 413.3008 5.7859 -28.7270
v 413.7193 6.1043 -28.7717
v 413.9746 6.2978 -28.7989
v 414.0604 6.3627 -28.8080
v 415.4325 4.6135 -34.3384
v 415.3270 4.5770 -34.3333
v 415.0132 4.4671 -34.3178
v 414.4987 4.2830 -34.2919
v 413.7959 4.0237 -34.2555
v 412.9217 3.6885 -34.2084
v 411.8967 3.2779 -34.1507
v 410.7449 2.7936 -34.0826
v 409.4929 2.2391 -34.0047
v 408.1693 1.6199 -33.9177
v 406.8042 0.9435 -33.8226
v 405.4283 0.2193 -33.7208
v 404.0726 -0.5414 -33.6139
v 402.7608 -1.3355 -33.5023
v 401.5356 -2.1630 -33.3860
v 400.4298 -2.9996 -33.2684
v 399.4643 -3.8201 -33.1531
v 398.6549 -4.5974 -33.0439
v 398.0125 -5.3048 -32.9445
v 397.5434 -5.9170 -32.8584
v 397.2502 -6.4127 -32.7888
v 397.1329 -6.7757 -32.7377
v 397.1897 -6.9963 -32.7067
v 397.4093 -7.0630 -32.6974
v 397.7787 -6.9702 -32.7104
v 398.2916 -6.7257 -32.7448
v 398.9396 -6.3411 -32.7988
v 399.7132 -5.8317 -32.8704
v 400.6020 -5.2160 -32.9569
v 401.5947 -4.5150 -33.0555
v 402.6794 -3.7513 -33.1628
v 403.8428 -2.9487 -33.2756
v 405.0748 -2.1248 -33.3914
v 406.3472 -1.2830 -33.5097
v 407.6256 -0.4454 -33.6274
v 408.8861 0.3686 -33.7418
v 410.1038 1.1417 -33.8505
v 411.2532 1.8588 -33.9512
v 412.3096 2.5067 -34.0423
v 413.2491 3.0742 -34.1221
v 414.0501 3.5520 -34.1892
v 414.6938 3.9321 -34.2426
v 415.1649 4.2084 -34.2815
v 415.4523 4.3760 -34.3050
v 415.5488 4.4323 -34.3129
v 416.2949 2.7826 -39.8573
v 416.1851 2.7550 -39.8534
v 415.8582 2.6715 -39.8417
v 415.3218 2.5307 -39.8219
v 414.5885 2.3304 -39.7937
v 413.6753 2.0685 -39.7569
v 412.6029 1.7435 -39.7113
v 411.3958 1.3553 -39.6567
v 410.0811 0.9049 -39.5934
v 408.6883 0.3955 -39.5218
v 407.2484 -0.1681 -39.4426
v 405.7934 -0.7790 -39.3567
v 404.3555 -1.4286 -39.2654
v 402.9590 -2.1158 -39.1689
v 401.6470 -2.8443 -39.0665
v 400.4548 -3.5925 -38.9613
v 399.4058 -4.3367 -38.8567
v 398.5184 -5.0511 -38.7563
v 397.8060 -5.7094 -38.6638
v 397.2773 -6.2869 -38.5827
v 396.9367 -6.7620 -38.5159
v 396.7857 -7.1184 -38.4658
v 396.8233 -7.3463 -38.4338
v 397.0392 -7.4330 -38.4216
v 397.4208 -7.3716 -38.4302
v 397.9608 -7.1696 -38.4586
v 398.6500 -6.8379 -38.5052
v 399.4773 -6.3912 -38.5680
v 400.4304 -5.8471 -38.6445
v 401.4962 -5.2259 -38.7318
v 402.6605 -4.5495 -38.8268
v 403.9079 -3.8407 -38.9265
v 405.2265 -3.1164 -39.0282
v 406.5875 -2.3775 -39.1321
v 407.9541 -1.6435 -39.2352
v 409.3006 -0.9317 -39.3353
v 410.6001 -0.2574 -39.4300
v 411.8257 0.3662 -39.5177
v 412.9510 0.9281 -39.5967
v 413.9510 1.4190 -39.6657
v 414.8031 1.8314 -39.7236
v 415.4876 2.1590 -39.7697
v 415.9884 2.3968 -39.8031
v 416.2937 2.5410 -39.8233
v 416.3962 2.5893 -39.8301
v 416.6314 1.0428 -45.3890
v 416.5208 1.0225 -45.3861
v 416.1916 0.9609 -45.3775
v 415.6511 0.8559 -45.3627
v 414.9117 0.7046 -45.3415
v 413.9900 0.5040 -45.3133
v 412.9066 0.2511 -45.2777
v 411.6856 -0.0558 -45.2346
v 410.3540 -0.4173 -45.1838
v 408.9411 -0.8322 -45.1255
v 407.4781 -1.2978 -45.0600
v 405.9969 -1.8094 -44.9882
v 404.5302 -2.3603 -44.9107
v 403.1020 -2.9511 -44.8277
v 401.7548 -3.5882 -44.7382
v 400.5250 -4.2526 -44.6448
v 399.4372 -4.9222 -44.5507
v 398.5114 -5.5727 -44.4592
v 397.7627 -6.1789 -44.3741
v 397.2011 -6.7168 -44.2985
v 396.8326 -7.1655 -44.2354
v 396.6597 -7.5088 -44.1871
v 396.6820 -7.7369 -44.1551
v 396.8902 -7.8367 -44.1411
v 397.2721 -7.8004 -44.1462
v 397.8202 -7.6350 -44.1694
v 398.5246 -7.3508 -44.2093
v 399.3732 -6.9616 -44.2641
v 400.3529 -6.4840 -44.3312
v 401.4492 -5.9373 -44.4080
v 402.6467 -5.3423 -44.4916
v 403.9287 -4.7205 -44.5790
v 405.2821 -4.0879 -44.6679
v 406.6785 -3.4437 -44.7585
v 408.0802 -2.8046 -44.8483
v 409.4605 -2.1861 -44.9352
v 410.7917 -1.6019 -45.0173
v 412.0465 -1.0631 -45.0930
v 413.1979 -0.5789 -45.1611
v 414.2205 -0.1570 -45.2204
v 415.0915 0.1967 -45.2701
v 415.7909 0.4771 -45.3095
v 416.3025 0.6804 -45.3381
v 416.6143 0.8036 -45.3554
v 416.7191 0.8448 -45.3612
v 416.5122 -0.6172 -50.9319
v 416.4040 -0.6315 -50.9299
v 416.0817 -0.6753 -50.9237
v 415.5525 -0.7510 -50.9131
v 414.8281 -0.8618 -50.8975
v 413.9245 -1.0116 -50.8765
v 412.8616 -1.2043 -50.8494
v 411.6625 -1.4427 -50.8159
v 410.3536 -1.7287 -50.7757
v 408.9632 -2.0625 -50.7288
v 407.5216 -2.4431 -50.6753
v 406.0602 -2.8673 -50.6157
v 404.6109 -3.3303 -50.5506
v 403.1969 -3.8339 -50.4798
v 401.8592 -4.3864 -50.4022
v 400.6340 -4.9710 -50.3200
v 399.5462 -5.5676 -50.2362
v 398.6165 -6.1534 -50.1539
v 397.8606 -6.7049 -50.0763
v 397.2895 -7.1992 -50.0069
v 396.9101 -7.6164 -49.9482
v 396.7254 -7.9409 -49.9026
v 396.7358 -8.1631 -49.8714
v 396.9327 -8.2699 -49.8564
v 397.3048 -8.2533 -49.8587
v 397.8444 -8.1195 -49.8775
v 398.5414 -7.8781 -49.9115
v 399.3834 -7.5418 -49.9587
v 400.3569 -7.1262 -50.0171
v 401.4469 -6.6492 -50.0842
v 402.6374 -6.1303 -50.1571
v 403.9111 -5.5896 -50.2331
v 405.2546 -5.0419 -50.3101
v 406.6403 -4.4849 -50.3883
v 408.0310 -3.9331 -50.4659
v 409.3998 -3.4004 -50.5408
v 410.7195 -2.8985 -50.6113
v 411.9627 -2.4368 -50.6762
v 413.1030 -2.0232 -50.7343
v 414.1154 -1.6637 -50.7848
v 414.9773 -1.3630 -50.8271
v 415.6693 -1.1249 -50.8606
v 416.1754 -0.9526 -50.8848
v 416.4838 -0.8483 -50.8994
v 416.5874 -0.8134 -50.9043
v 415.9796 -2.2126 -56.4839
v 415.8765 -2.2222 -56.4826
v 415.5697 -2.2516 -56.4784
v 415.0657 -2.3034 -56.4711
v 414.3756 -2.3813 -56.4602
v 413.5143 -2.4894 -56.4450
v 412.5005 -2.6321 -56.4250
v 411.3561 -2.8130 -56.3995
v 410.1059 -3.0348 -56.3684
v 408.7766 -3.2990 -56.3312
v 407.3972 -3.6054 -56.2882
v 405.9973 -3.9524 -56.2394
v 404.6073 -4.3367 -56.1854
v 403.2493 -4.7607 -56.1258
v 401.9616 -5.2338 -56.0593
v 400.7793 -5.7415 -55.9880
v 399.7266 -6.2657 -55.9143
v 398.8239 -6.7856 -55.8412
v 398.0871 -7.2795 -55.7718
v 397.5276 -7.7262 -55.7090
v 397.1524 -8.1070 -55.6555
v 396.9652 -8.4074 -55.6133
v 396.9665 -8.6182 -55.5837
v 397.1489 -8.7267 -55.5684
v 397.5018 -8.7249 -55.5687
v 398.0179 -8.6184 -55.5836
v 398.6870 -8.4158 -55.6121
v 399.4972 -8.1289 -55.6524
v 400.4347 -7.7718 -55.7026
v 401.4849 -7.3609 -55.7604
v 402.6320 -6.9141 -55.8232
v 403.8586 -6.4497 -55.8884
v 405.1516 -5.9813 -55.9542
v 406.4849 -5.5057 -56.0211
v 407.8227 -5.0353 -56.0872
v 409.1391 -4.5821 -56.1509
v 410.4077 -4.1561 -56.2108
v 411.6024 -3.7655 -56.2657
v 412.6979 -3.4165 -56.3147
v 413.6702 -3.1139 -56.3572
v 414.4978 -2.8614 -56.3927
v 415.1621 -2.6619 -56.4208
v 415.6478 -2.5177 -56.4410
v 415.9438 -2.4304 -56.4533
v 416.0433 -2.4012 -56.4574
v 415.0595 -3.7571 -62.0431
v 414.9644 -3.7628 -62.0422
v 414.6810 -3.7809 -62.0397
v 414.2155 -3.8139 -62.0351
v 413.5778 -3.8653 -62.0279
v 412.7816 -3.9395 -62.0174
v 411.8439 -4.0411 -62.0031
v 410.7849 -4.1741 -61.9845
v 409.6272 -4.3416 -61.9609
v 408.3955 -4.5458 -61.9322
v 407.1163 -4.7874 -61.8983
v 405.8171 -5.0658 -61.8591
v 404.5259 -5.3788 -61.8151
v 403.2630 -5.7293 -61.7659
v 402.0633 -6.1270 -61.7100
v 400.9595 -6.5598 -61.6492
v 399.9746 -7.0115 -61.5857
v 399.1280 -7.4637 -61.5221
v 398.4349 -7.8968 -61.4613
v 397.9064 -8.2916 -61.4058
v 397.5495 -8.6312 -61.3580
v 397.3682 -8.9022 -61.3200
v 397.3631 -9.0964 -61.2927
v 397.5278 -9.2016 -61.2779
v 397.8528 -9.2103 -61.2767
v 398.3311 -9.1274 -61.2883
v 398.9532 -8.9605 -61.3118
v 399.7076 -8.7201 -61.3455
v 400.5815 -8.4189 -61.3879
v 401.5607 -8.0715 -61.4367
v 402.6301 -7.6938 -61.4898
v 403.7733 -7.3022 -61.5448
v 404.9777 -6.9090 -61.6001
v 406.2195 -6.5102 -61.6561
v 407.4653 -6.1164 -61.7115
v 408.6908 -5.7378 -61.7647
v 409.8715 -5.3828 -61.8146
v 410.9832 -5.0583 -61.8602
v 412.0021 -4.7691 -61.9008
v 412.9064 -4.5191 -61.9360
v 413.6759 -4.3109 -61.9652
v 414.2934 -4.1467 -61.9883
v 414.7449 -4.0282 -62.0050
v 415.0201 -3.9566 -62.0150
v 415.1125 -3.9326 -62.0184
v 413.7686 -5.2614 -67.6078
v 413.6839 -5.2643 -67.6074
v 413.4317 -5.2738 -67.6061
v 413.0173 -5.2922 -67.6035
v 412.4495 -5.3230 -67.5992
v 411.7403 -5.3704 -67.5925
v 410.9048 -5.4388 -67.5829
v 409.9607 -5.5323 -67.5698
v 408.9281 -5.6542 -67.5527
v 407.8289 -5.8069 -67.5312
v 406.6866 -5.9917 -67.5052
v 405.5257 -6.2088 -67.4747
v 404.3710 -6.4568 -67.4399
v 403.2405 -6.7387 -67.4002
v 402.1652 -7.0642 -67.3545
v 401.1742 -7.4229 -67.3041
v 400.2884 -7.8013 -67.2509
v 399.5254 -8.1833 -67.1972
v 398.8993 -8.5520 -67.1454
v 398.4203 -8.8905 -67.0978
v 398.0952 -9.1839 -67.0566
v 397.9277 -9.4204 -67.0233
v 397.9185 -9.5928 -66.9991
v 398.0623 -9.6901 -66.9854
v 398.3509 -9.7054 -66.9833
v 398.7778 -9.6429 -66.9921
v 399.3345 -9.5092 -67.0109
v 400.0106 -9.3132 -67.0384
v 400.7942 -9.0659 -67.0732
v 401.6724 -8.7800 -67.1133
v 402.6316 -8.4694 -67.1570
v 403.6566 -8.1481 -67.2021
v 404.7361 -7.8268 -67.2473
v 405.8489 -7.5015 -67.2930
v 406.9651 -7.1806 -67.3381
v 408.0629 -6.8728 -67.3814
v 409.1204 -6.5850 -67.4218
v 410.1158 -6.3225 -67.4587
v 411.0281 -6.0893 -67.4915
v 411.8374 -5.8883 -67.5198
v 412.5261 -5.7212 -67.5432
v 413.0787 -5.5898 -67.5617
v 413.4827 -5.4950 -67.5750
v 413.7288 -5.4378 -67.5831
v 413.8115 -5.4186 -67.5858
v 408.6990 -7.5959 -73.0560
v 408.6533 -7.5965 -73.0559
v 408.5171 -7.5986 -73.0556
v 408.2933 -7.6036 -73.0549
v 407.9866 -7.6135 -73.0535
v 407.6035 -7.6307 -73.0511
v 407.1519 -7.6577 -73.0473
v 406.6414 -7.6969 -73.0418
v 406.0829 -7.7505 -73.0343
v 405.4880 -7.8198 -73.0245
v 404.8696 -7.9060 -73.0124
v 404.2406 -8.0094 -72.9979
v 403.6147 -8.1295 -72.9810
v 403.0015 -8.2682 -72.9615
v 402.4174 -8.4311 -72.9386
v 401.8784 -8.6129 -72.9130
v 401.3960 -8.8065 -72.8858
v 400.9798 -9.0036 -72.8581
v 400.6375 -9.1951 -72.8312
v 400.3751 -9.3720 -72.8064
v 400.1961 -9.5264 -72.7847
v 400.1029 -9.6521 -72.7670
v 400.0959 -9.7450 -72.7539
v 400.1723 -9.7992 -72.7463
v 400.3278 -9.8109 -72.7447
v 400.5588 -9.7822 -72.7487
v 400.8608 -9.7166 -72.7579
v 401.2279 -9.6189 -72.7717
v 401.6536 -9.4948 -72.7891
v 402.1308 -9.3509 -72.8093
v 402.6520 -9.1947 -72.8313
v 403.2089 -9.0335 -72.8539
v 403.7951 -8.8730 -72.8765
v 404.3994 -8.7106 -72.8993
v 405.0054 -8.5507 -72.9218
v 405.6014 -8.3976 -72.9433
v 406.1754 -8.2549 -72.9634
v 406.7156 -8.1251 -72.9816
v 407.2105 -8.0101 -72.9978
v 407.6496 -7.9112 -73.0117
v 408.0231 -7.8292 -73.0232
v 408.3228 -7.7648 -73.0322
v 408.5419 -7.7185 -73.0387
v 408.6754 -7.6905 -73.0427
v 408.7203 -7.6812 -73.0440
v 403.7951 -9.6500 -78.5435
v 403.7867 -9.6500 -78.5435
v 403.7616 -9.6499 -78.5435
v 403.7203 -9.6501 -78.5435
v 403.6637 -9.6508 -78.5434
v 403.5930 -9.6527 -78.5431
v 403.5096 -9.6561 -78.5426
v 403.4154 -9.6616 -78.5419
v 403.3122 -9.6696 -78.5408
v 403.2023 -9.6803 -78.5392
v 403.0879 -9.6941 -78.5373
v 402.9716 -9.7110 -78.5349
v 402.8558 -9.7310 -78.5321
v 402.7422 -9.7545 -78.5288
v 402.6340 -9.7825 -78.5249
v 402.5340 -9.8142 -78.5204
v 402.4443 -9.8482 -78.5156
v 402.3669 -9.8831 -78.5107
v 402.3031 -9.9172 -78.5059
v 402.2541 -9.9490 -78.5015
v 402.2206 -9.9768 -78.4976
v 402.2029 -9.9997 -78.4944
v 402.2013 -10.0168 -78.4920
v 402.2152 -10.0270 -78.4905
v 402.2438 -10.0297 -78.4901
v 402.2865 -10.0252 -78.4908
v 402.3425 -10.0142 -78.4923
v 402.4105 -9.9974 -78.4947
v 402.4894 -9.9760 -78.4977
v 402.5779 -9.9511 -78.5012
v 402.6746 -9.9241 -78.5050
v 402.7778 -9.8963 -78.5089
v 402.8865 -9.8687 -78.5128
v 402.9984 -9.8408 -78.5167
v 403.1107 -9.8134 -78.5205
v 403.2212 -9.7872 -78.5242
v 403.3275 -9.7629 -78.5276
v 403.4276 -9.7408 -78.5307
v 403.5192 -9.7213 -78.5335
v 403.6005 -9.7046 -78.5358
v 403.6697 -9.6907 -78.5378
v 403.7252 -9.6799 -78.5393
v 403.7657 -9.6721 -78.5404
v 403.7904 -9.6674 -78.5411
v 403.7987 -9.6658 -78.5413
v 405.1032 1.4066 -22.3353
v 403.0097 -9.8023 -78.5221
v 248.1157 204.0000 19.2104
v 250.5187 204.0000 18.9864
v 260.3005 250.5000 20.5990
v 262.7044 250.5000 20.3845
v 272.4863 297.0000 21.9646
v 274.8911 297.0000 21.7600
v 284.6739 343.5000 23.3011
v 287.0796 343.5000 23.1069
v 296.8639 390.0000 24.6036
v 299.2705 390.0000 24.4204
v 309.0571 436.5000 25.8681
v 311.4644 436.5000 25.6962
v 321.2540 483.0000 27.0909
v 323.6622 483.0000 26.9306
v 333.4554 529.5000 28.2688
v 335.8644 529.5000 28.1206
v 345.6619 576.0000 29.3990
v 348.0716 576.0000 29.2631
v 248.2889 204.0000 4.8618
v 250.6864 204.0000 5.0684
v 260.5148 250.5000 6.9590
v 262.9115 250.5000 7.1748
v 272.7389 297.0000 9.0333
v 275.1347 297.0000 9.2587
v 284.9611 343.5000 11.0786
v 287.3559 343.5000 11.3143
v 297.1814 390.0000 13.0902
v 299.5751 390.0000 13.3365
v 309.4001 436.5000 15.0638
v 311.7926 436.5000 15.3210
v 321.6173 483.0000 16.9957
v 324.0086 483.0000 17.2643
v 333.8333 529.5000 18.8827
v 336.2232 529.5000 19.1631
v 346.0484 576.0000 20.7220
v 348.4368 576.0000 21.0144
v 248.1157 -204.0000 19.2104
v 250.5187 -204.0000 18.9864
v 260.3005 -250.5000 20.5990
v 262.7044 -250.5000 20.3845
v 272.4863 -297.0000 21.9646
v 274.8911 -297.0000 21.7600
v 284.6739 -343.5000 23.3011
v 287.0796 -343.5000 23.1069
v 296.8639 -390.0000 24.6036
v 299.2705 -390.0000 24.4204
v 309.0571 -436.5000 25.8681
v 311.4644 -436.5000 25.6962
v 321.2540 -483.0000 27.0909
v 323.6622 -483.0000 26.9306
v 333.4554 -529.5000 28.2688
v 335.8644 -529.5000 28.1206
v 345.6619 -576.0000 29.3990
v 348.0716 -576.0000 29.2631
v 248.2889 -204.0000 4.8618
v 250.6864 -204.0000 5.0684
v 260.5148 -250.5000 6.9590
v 262.9115 -250.5000 7.1748
v 272.7389 -297.0000 9.0333
v 275.1347 -297.0000 9.2587
v 284.9611 -343.5000 11.0786
v 287.3559 -343.5000 11.3143
v 297.1814 -390.0000 13.0902
v 299.5751 -390.0000 13.3365
v 309.4001 -436.5000 15.0638
v 311.7926 -436.5000 15.3210
v 321.6173 -483.0000 16.9957
v 324.0086 -483.0000 17.2643
v 333.8333 -529.5000 18.8827
v 336.2232 -529.5000 19.1631
v 346.0484 -576.0000 20.7220
v 348.4368 -576.0000 21.0144
v 232.5798 90.0000 -6.4000
v 232.5798 89.7260 -5.0223
v 232.5798 88.9456 -3.8544
v 232.5798 87.7777 -3.0740
v 232.5798 86.4000 -2.8000
v 232.5798 85.0223 -3.0740
v 232.5798 83.8544 -3.8544
v 232.5798 83.0740 -5.0223
v 232.5798 82.8000 -6.4000
v 232.5798 83.0740 -7.7777
v 232.5798 83.8544 -8.9456
v 232.5798 85.0223 -9.7260
v 232.5798 86.4000 -10.0000
v 232.5798 87.7777 -9.7260
v 232.5798 88.9456 -8.9456
v 232.5798 89.7260 -7.7777
v 502.9200 90.0000 -6.4000
v 502.9200 89.7260 -5.0223
v 502.9200 88.9456 -3.8544
v 502.9200 87.7777 -3.0740
v 502.9200 86.4000 -2.8000
v 502.9200 85.0223 -3.0740
v 502.9200 83.8544 -3.8544
v 502.9200 83.0740 -5.0223
v 502.9200 82.8000 -6.4000
v 502.9200 83.0740 -7.7777
v 502.9200 83.8544 -8.9456
v 502.9200 85.0223 -9.7260
v 502.9200 86.4000 -10.0000
v 502.9200 87.7777 -9.7260
v 502.9200 88.9456 -8.9456
v 502.9200 89.7260 -7.7777
v 232.5798 86.4000 -6.4000
v 502.9200 86.4000 -6.4000
v 232.5798 -82.8000 -6.4000
v 232.5798 -83.0740 -5.0223
v 232.5798 -83.8544 -3.8544
v 232.5798 -85.0223 -3.0740
v 232.5798 -86.4000 -2.8000
v 232.5798 -87.7777 -3.0740
v 232.5798 -88.9456 -3.8544
v 232.5798 -89.7260 -5.0223
v 232.5798 -90.0000 -6.4000
v 232.5798 -89.7260 -7.7777
v 232.5798 -88.9456 -8.9456
v 232.5798 -87.7777 -9.7260
v 232.5798 -86.4000 -10.0000
v 232.5798 -85.0223 -9.7260
v 232.5798 -83.8544 -8.9456
v 232.5798 -83.0740 -7.7777
v 502.9200 -82.8000 -6.4000
v 502.9200 -83.0740 -5.0223
v 502.9200 -83.8544 -3.8544
v 502.9200 -85.0223 -3.0740
v 502.9200 -86.4000 -2.8000
v 502.9200 -87.7777 -3.0740
v 502.9200 -88.9456 -3.8544
v 502.9200 -89.7260 -5.0223
v 502.9200 -90.0000 -6.4000
v 502.9200 -89.7260 -7.7777
v 502.9200 -88.9456 -8.9456
v 502.9200 -87.7777 -9.7260
v 502.9200 -86.4000 -10.0000
v 502.9200 -85.0223 -9.7260
v 502.9200 -83.8544 -8.9456
v 502.9200 -83.0740 -7.7777
v 232.5798 -86.4000 -6.4000
v 502.9200 -86.4000 -6.4000
v 561.5946 -86.4000 -1.5641
v 561.3659 -86.4000 -1.5634
v 560.6832 -86.4000 -1.5618
v 559.5566 -86.4000 -1.5614
v 558.0029 -86.4000 -1.5650
v 556.0451 -86.4000 -1.5762
v 553.7121 -86.4000 -1.5985
v 551.0383 -86.4000 -1.6357
v 548.0631 -86.4000 -1.6909
v 544.8302 -86.4000 -1.7671
v 541.3873 -86.4000 -1.8671
v 537.7849 -86.4000 -1.9938
v 534.0760 -86.4000 -2.1501
v 530.3153 -86.4000 -2.3395
v 526.5584 -86.4000 -2.5655
v 522.8606 -86.4000 -2.8318
v 519.2765 -86.4000 -3.1414
v 515.8591 -86.4000 -3.4958
v 512.6588 -86.4000 -3.8950
v 509.7224 -86.4000 -4.3362
v 507.0929 -86.4000 -4.8144
v 504.8087 -86.4000 -5.3220
v 502.9027 -86.4000 -5.8495
v 501.4026 -86.4000 -6.3865
v 500.3300 -86.4000 -6.9228
v 499.7004 -86.4000 -7.4496
v 499.5231 -86.4000 -7.9602
v 499.7985 -86.4000 -8.4254
v 500.5203 -86.4000 -8.8163
v 501.6782 -86.4000 -9.1284
v 503.2552 -86.4000 -9.3561
v 505.2280 -86.4000 -9.4937
v 507.5676 -86.4000 -9.5365
v 510.2396 -86.4000 -9.4818
v 513.2051 -86.4000 -9.3298
v 516.4209 -86.4000 -9.0840
v 519.8404 -86.4000 -8.7512
v 523.4144 -86.4000 -8.3412
v 527.0912 -86.4000 -7.8663
v 530.8180 -86.4000 -7.3401
v 534.5411 -86.4000 -6.7772
v 538.2069 -86.4000 -6.1922
v 541.7624 -86.4000 -5.5994
v 545.1564 -86.4000 -5.0121
v 548.3398 -86.4000 -4.4434
v 551.2664 -86.4000 -3.9054
v 553.8941 -86.4000 -3.4096
v 556.1849 -86.4000 -2.9672
v 558.1058 -86.4000 -2.5885
v 559.6292 -86.4000 -2.2828
v 560.7331 -86.4000 -2.0582
v 561.4019 -86.4000 -1.9208
v 561.6258 -86.4000 -1.8745
v 561.5946 86.4000 -1.5641
v 561.3659 86.4000 -1.5634
v 560.6832 86.4000 -1.5618
v 559.5566 86.4000 -1.5614
v 558.0029 86.4000 -1.5650
v 556.0451 86.4000 -1.5762
v 553.7121 86.4000 -1.5985
v 551.0383 86.4000 -1.6357
v 548.0631 86.4000 -1.6909
v 544.8302 86.4000 -1.7671
v 541.3873 86.4000 -1.8671
v 537.7849 86.4000 -1.9938
v 534.0760 86.4000 -2.1501
v 530.3153 86.4000 -2.3395
v 526.5584 86.4000 -2.5655
v 522.8606 86.4000 -2.8318
v 519.2765 86.4000 -3.1414
v 515.8591 86.4000 -3.4958
v 512.6588 86.4000 -3.8950
v 509.7224 86.4000 -4.3362
v 507.0929 86.4000 -4.8144
v 504.8087 86.4000 -5.3220
v 502.9027 86.4000 -5.8495
v 501.4026 86.4000 -6.3865
v 500.3300 86.4000 -6.9228
v 499.7004 86.4000 -7.4496
v 499.5231 86.4000 -7.9602
v 499.7985 86.4000 -8.4254
v 500.5203 86.4000 -8.8163
v 501.6782 86.4000 -9.1284
v 503.2552 86.4000 -9.3561
v 505.2280 86.4000 -9.4937
v 507.5676 86.4000 -9.5365
v 510.2396 86.4000 -9.4818
v 513.2051 86.4000 -9.3298
v 516.4209 86.4000 -9.0840
v 519.8404 86.4000 -8.7512
v 523.4144 86.4000 -8.3412
v 527.0912 86.4000 -7.8663
v 530.8180 86.4000 -7.3401
v 534.5411 86.4000 -6.7772
v 538.2069 86.4000 -6.1922
v 541.7624 86.4000 -5.5994
v 545.1564 86.4000 -5.0121
v 548.3398 86.4000 -4.4434
v 551.2664 86.4000 -3.9054
v 553.8941 86.4000 -3.4096
v 556.1849 86.4000 -2.9672
v 558.1058 86.4000 -2.5885
v 559.6292 86.4000 -2.2828
v 560.7331 86.4000 -2.0582
v 561.4019 86.4000 -1.9208
v 561.6258 86.4000 -1.8745
v 531.1524 -86.4000 -4.7809
v 531.1524 86.4000 -4.7809
v 535.7804 -86.4000 -1.7877
v 537.7704 -86.4000 -1.5877
v 535.7804 86.4000 -1.7877
v 537.7704 86.4000 -1.5877
v 535.7804 -86.4000 -6.8437
v 537.7704 -86.4000 -6.6437
v 535.7804 86.4000 -6.8437
v 537.7704 86.4000 -6.6437
v 573.2844 0.1560 -117.6315
v 573.0569 0.1796 -117.6315
v 572.3778 0.2494 -117.6315
v 571.2569 0.3625 -117.6315
v 569.7106 0.5143 -117.6315
v 567.7615 0.6990 -117.6315
v 565.4379 0.9101 -117.6315
v 562.7738 1.1406 -117.6315
v 559.8080 1.3832 -117.6315
v 556.5838 1.6307 -117.6315
v 553.1481 1.8755 -117.6315
v 549.5510 2.1098 -117.6315
v 545.8451 2.3252 -117.6315
v 542.0844 2.5129 -117.6315
v 538.3236 2.6637 -117.6315
v 534.6177 2.7686 -117.6315
v 531.0207 2.8191 -117.6315
v 527.5850 2.8082 -117.6315
v 524.3608 2.7311 -117.6315
v 521.3950 2.5858 -117.6315
v 518.7309 2.3729 -117.6315
v 516.4073 2.0964 -117.6315
v 514.4582 1.7621 -117.6315
v 512.9119 1.3778 -117.6315
v 511.7910 0.9515 -117.6315
v 511.1119 0.4903 -117.6315
v 510.8844 0.0000 -117.6315
v 511.1119 -0.4903 -117.6315
v 511.7910 -0.9515 -117.6315
v 512.9119 -1.3778 -117.6315
v 514.4582 -1.7621 -117.6315
v 516.4073 -2.0964 -117.6315
v 518.7309 -2.3729 -117.6315
v 521.3950 -2.5858 -117.6315
v 524.3608 -2.7311 -117.6315
v 527.5850 -2.8082 -117.6315
v 531.0207 -2.8191 -117.6315
v 534.6177 -2.7686 -117.6315
v 538.3236 -2.6637 -117.6315
v 542.0844 -2.5129 -117.6315
v 545.8451 -2.3252 -117.6315
v 549.5510 -2.1098 -117.6315
v 553.1481 -1.8755 -117.6315
v 556.5838 -1.6307 -117.6315
v 559.8080 -1.3832 -117.6315
v 562.7738 -1.1406 -117.6315
v 565.4379 -0.9101 -117.6315
v 567.7615 -0.6990 -117.6315
v 569.7106 -0.5143 -117.6315
v 571.2569 -0.3625 -117.6315
v 572.3778 -0.2494 -117.6315
v 573.0569 -0.1796 -117.6315
v 573.2844 -0.1560 -117.6315
v 543.4800 0.1560 -6.4000
v 543.2525 0.1796 -6.4000
v 542.5734 0.2494 -6.4000
v 541.4525 0.3625 -6.4000
v 539.9062 0.5143 -6.4000
v 537.9571 0.6990 -6.4000
v 535.6335 0.9101 -6.4000
v 532.9694 1.1406 -6.4000
v 530.0036 1.3832 -6.4000
v 526.7794 1.6307 -6.4000
v 523.3437 1.8755 -6.4000
v 519.7466 2.1098 -6.4000
v 516.0407 2.3252 -6.4000
v 512.2800 2.5129 -6.4000
v 508.5193 2.6637 -6.4000
v 504.8134 2.7686 -6.4000
v 501.2163 2.8191 -6.4000
v 497.7806 2.8082 -6.4000
v 494.5564 2.7311 -6.4000
v 491.5906 2.5858 -6.4000
v 488.9265 2.3729 -6.4000
v 486.6029 2.0964 -6.4000
v 484.6538 1.7621 -6.4000
v 483.1075 1.3778 -6.4000
v 481.9866 0.9515 -6.4000
v 481.3075 0.4903 -6.4000
v 481.0800 0.0000 -6.4000
v 481.3075 -0.4903 -6.4000
v 481.9866 -0.9515 -6.4000
v 483.1075 -1.3778 -6.4000
v 484.6538 -1.7621 -6.4000
v 486.6029 -2.0964 -6.4000
v 488.9265 -2.3729 -6.4000
v 491.5906 -2.5858 -6.4000
v 494.5564 -2.7311 -6.4000
v 497.7806 -2.8082 -6.4000
v 501.2163 -2.8191 -6.4000
v 504.8134 -2.7686 -6.4000
v 508.5193 -2.6637 -6.4000
v 512.2800 -2.5129 -6.4000
v 516.0407 -2.3252 -6.4000
v 519.7466 -2.1098 -6.4000
v 523.3437 -1.8755 -6.4000
v 526.7794 -1.6307 -6.4000
v 530.0036 -1.3832 -6.4000
v 532.9694 -1.1406 -6.4000
v 535.6335 -0.9101 -6.4000
v 537.9571 -0.6990 -6.4000
v 539.9062 -0.5143 -6.4000
v 541.4525 -0.3625 -6.4000
v 542.5734 -0.2494 -6.4000
v 543.2525 -0.1796 -6.4000
v 543.4800 -0.1560 -6.4000
v 564.0585 0.1560 70.4000
v 563.8310 0.1796 70.4000
v 563.1519 0.2494 70.4000
v 562.0310 0.3625 70.4000
v 560.4847 0.5143 70.4000
v 558.5356 0.6990 70.4000
v 556.2120 0.9101 70.4000
v 553.5479 1.1406 70.4000
v 550.5821 1.3832 70.4000
v 547.3579 1.6307 70.4000
v 543.9222 1.8755 70.4000
v 540.3251 2.1098 70.4000
v 536.6192 2.3252 70.4000
v 532.8585 2.5129 70.4000
v 529.0978 2.6637 70.4000
v 525.3918 2.7686 70.4000
v 521.7948 2.8191 70.4000
v 518.3591 2.8082 70.4000
v 515.1349 2.7311 70.4000
v 512.1691 2.5858 70.4000
v 509.5050 2.3729 70.4000
v 507.1814 2.0964 70.4000
v 505.2323 1.7621 70.4000
v 503.6860 1.3778 70.4000
v 502.5651 0.9515 70.4000
v 501.8860 0.4903 70.4000
v 501.6585 0.0000 70.4000
v 501.8860 -0.4903 70.4000
v 502.5651 -0.9515 70.4000
v 503.6860 -1.3778 70.4000
v 505.2323 -1.7621 70.4000
v 507.1814 -2.0964 70.4000
v 509.5050 -2.3729 70.4000
v 512.1691 -2.5858 70.4000
v 515.1349 -2.7311 70.4000
v 518.3591 -2.8082 70.4000
v 521.7948 -2.8191 70.4000
v 525.3918 -2.7686 70.4000
v 529.0978 -2.6637 70.4000
v 532.8585 -2.5129 70.4000
v 536.6192 -2.3252 70.4000
v 540.3251 -2.1098 70.4000
v 543.9222 -1.8755 70.4000
v 547.3579 -1.6307 70.4000
v 550.5821 -1.3832 70.4000
v 553.5479 -1.1406 70.4000
v 556.2120 -0.9101 70.4000
v 558.5356 -0.6990 70.4000
v 560.4847 -0.5143 70.4000
v 562.0310 -0.3625 70.4000
v 563.1519 -0.2494 70.4000
v 563.8310 -0.1796 70.4000
v 564.0585 -0.1560 70.4000
v 542.6731 0.0000 -117.6315
v 533.4472 0.0000 70.4000
v 538.0985 2.5280 -83.2000
v 540.0985 2.5280 -83.2000
v 517.5200 2.5280 -6.4000
v 519.5200 2.5280 -6.4000
v 538.0985 2.5280 70.4000
v 540.0985 2.5280 70.4000
v 538.0985 -2.5280 -83.2000
v 540.0985 -2.5280 -83.2000
v 517.5200 -2.5280 -6.4000
v 519.5200 -2.5280 -6.4000
v 538.0985 -2.5280 70.4000
v 540.0985 -2.5280 70.4000
g wing_stbd
f 1 142 143
f 1 143 2
f 2 143 144
f 2 144 3
f 3 144 145
f 3 145 4
f 4 145 146
f 4 146 5
f 5 146 147
f 5 147 6
f 6 147 148
f 6 148 7
f 7 148 149
f 7 149 8
f 8 149 150
f 8 150 9
f 9 150 151
f 9 151 10
f 10 151 152
f 10 152 11
f 11 152 153
f 11 153 12
f 12 153 154
f 12 154 13
f 13 154 155
f 13 155 14
f 14 155 156
f 14 156 15
f 15 156 157
f 15 157 16
f 16 157 158
f 16 158 17
f 17 158 159
f 17 159 18
f 18 159 160
f 18 160 19
f 19 160 161
f 19 161 20
f 20 161 162
f 20 162 21
f 21 162 163
f 21 163 22
f 22 163 164
f 22 164 23
f 23 164 165
f 23 165 24
f 24 165 166
f 24 166 25
f 25 166 167
f 25 167 26
f 26 167 168
f 26 168 27
f 27 168 169
f 27 169 28
f 28 169 170
f 28 170 29
f 29 170 171
f 29 171 30
f 30 171 172
f 30 172 31
f 31 172 173
f 31 173 32
f 32 173 174
f 32 174 33
f 33 174 175
f 33 175 34
f 34 175 176
f 34 176 35
f 35 176 177
f 35 177 36
f 36 177 178
f 36 178 37
f 37 178 179
f 37 179 38
f 38 179 180
f 38 180 39
f 39 180 181
f 39 181 40
f 40 181 182
f 40 182 41
f 41 182 183
f 41 183 42
f 42 183 184
f 42 184 43
f 43 184 185
f 43 185 44
f 44 185 186
f 44 186 45
f 45 186 187
f 45 187 46
f 46 187 188
f 46 188 47
f 47 188 189
f 47 189 48
f 48 189 190
f 48 190 49
f 49 190 191
f 49 191 50
f 50 191 192
f 50 192 51
f 51 192 193
f 51 193 52
f 52 193 194
f 52 194 53
f 53 194 195
f 53 195 54
f 54 195 196
f 54 196 55
f 55 196 197
f 55 197 56
f 56 197 198
f 56 198 57
f 57 198 199
f 57 199 58
f 58 199 200
f 58 200 59
f 59 200 201
f 59 201 60
f 60 201 202
f 60 202 61
f 61 202 203
f 61 203 62
f 62 203 204
f 62 204 63
f 63 204 205
f 63 205 64
f 64 205 206
f 64 206 65
f 65 206 207
f 65 207 66
f 66 207 208
f 66 208 67
f 67 208 209
f 67 209 68
f 68 209 210
f 68 210 69
f 69 210 211
f 69 211 70
f 70 211 212
f 70 212 71
f 71 212 213
f 71 213 72
f 72 213 214
f 72 214 73
f 73 214 215
f 73 215 74
f 74 215 216
f 74 216 75
f 75 216 217
f 75 217 76
f 76 217 218
f 76 218 77
f 77 218 219
f 77 219 78
f 78 219 220
f 78 220 79
f 79 220 221
f 79 221 80
f 80 221 222
f 80 222 81
f 81 222 223
f 81 223 82
f 82 223 224
f 82 224 83
f 83 224 225
f 83 225 84
f 84 225 226
f 84 226 85
f 85 226 227
f 85 227 86
f 86 227 228
f 86 228 87
f 87 228 229
f 87 229 88
f 88 229 230
f 88 230 89
f 89 230 231
f 89 231 90
f 90 231 232
f 90 232 91
f 91 232 233
f 91 233 92
f 92 233 234
f 92 234 93
f 93 234 235
f 93 235 94
f 94 235 236
f 94 236 95
f 95 236 237
f 95 237 96
f 96 237 238
f 96 238 97
f 97 238 239
f 97 239 98
f 98 239 240
f 98 240 99
f 99 240 241
f 99 241 100
f 100 241 242
f 100 242 101
f 101 242 243
f 101 243 102
f 102 243 244
f 102 244 103
f 103 244 245
f 103 245 104
f 104 245 246
f 104 246 105
f 105 246 247
f 105 247 106
f 106 247 248
f 106 248 107
f 107 248 249
f 107 249 108
f 108 249 250
f 108 250 109
f 109 250 251
f 109 251 110
f 110 251 252
f 110 252 111
f 111 252 253
f 111 253 112
f 112 253 254
f 112 254 113
f 113 254 255
f 113 255 114
f 114 255 256
f 114 256 115
f 115 256 257
f 115 257 116
f 116 257 258
f 116 258 117
f 117 258 259
f 117 259 118
f 118 259 260
f 118 260 119
f 119 260 261
f 119 261 120
f 120 261 262
f 120 262 121
f 121 262 263
f 121 263 122
f 122 263 264
f 122 264 123
f 123 264 265
f 123 265 124
f 124 265 266
f 124 266 125
f 125 266 267
f 125 267 126
f 126 267 268
f 126 268 127
f 127 268 269
f 127 269 128
f 128 269 270
f 128 270 129
f 129 270 271
f 129 271 130
f 130 271 272
f 130 272 131
f 131 272 273
f 131 273 132
f 132 273 274
f 132 274 133
f 133 274 275
f 133 275 134
f 134 275 276
f 134 276 135
f 135 276 277
f 135 277 136
f 136 277 278
f 136 278 137
f 137 278 279
f 137 279 138
f 138 279 280
f 138 280 139
f 139 280 281
f 139 281 140
f 140 281 282
f 140 282 141
f 141 282 142
f 141 142 1
f 142 283 284
f 142 284 143
f 143 284 285
f 143 285 144
f 144 285 286
f 144 286 145
f 145 286 287
f 145 287 146
f 146 287 288
f 146 288 147
f 147 288 289
f 147 289 148
f 148 289 290
f 148 290 149
f 149 290 291
f 149 291 150
f 150 291 292
f 150 292 151
f 151 292 293
f 151 293 152
f 152 293 294
f 152 294 153
f 153 294 295
f 153 295 154
f 154 295 296
f 154 296 155
f 155 296 297
f 155 297 156
f 156 297 298
f 156 298 157
f 157 298 299
f 157 299 158
f 158 299 300
f 158 300 159
f 159 300 301
f 159 301 160
f 160 301 302
f 160 302 161
f 161 302 303
f 161 303 162
f 162 303 304
f 162 304 163
f 163 304 305
f 163 305 164
f 164 305 306
f 164 306 165
f 165 306 307
f 165 307 166
f 166 307 308
f 166 308 167
f 167 308 309
f 167 309 168
f 168 309 310
f 168 310 169
f 169 310 311
f 169 311 170
f 170 311 312
f 170 312 171
f 171 312 313
f 171 313 172
f 172 313 314
f 172 314 173
f 173 314 315
f 173 315 174
f 174 315 316
f 174 316 175
f 175 316 317
f 175 317 176
f 176 317 318
f 176 318 177
f 177 318 319
f 177 319 178
f 178 319 320
f 178 320 179
f 179 320 321
f 179 321 180
f 180 321 322
f 180 322 181
f 181 322 323
f 181 323 182
f 182 323 324
f 182 324 183
f 183 324 325
f 183 325 184
f 184 325 326
f 184 326 185
f 185 326 327
f 185 327 186
f 186 327 328
f 186 328 187
f 187 328 329
f 187 329 188
f 188 329 330
f 188 330 189
f 189 330 331
f 189 331 190
f 190 331 332
f 190 332 191
f 191 332 333
f 191 333 192
f 192 333 334
f 192 334 193
f 193 334 335
f 193 335 194
f 194 335 336
f 194 336 195
f 195 336 337
f 195 337 196
f 196 337 338
f 196 338 197
f 197 338 339
f 197 339 198
f 198 339 340
f 198 340 199
f 199 340 341
f 199 341 200
f 200 341 342
f 200 342 201
f 201 342 343
f 201 343 202
f 202 343 344
f 202 344 203
f 203 344 345
f 203 345 204
f 204 345 346
f 204 346 205
f 205 346 347
f 205 347 206
f 206 347 348
f 206 348 207
f 207 348 349
f 207 349 208
f 208 349 350
f 208 350 209
f 209 350 351
f 209 351 210
f 210 351 352
f 210 352 211
f 211 352 353
f 211 353 212
f 212 353 354
f 212 354 213
f 213 354 355
f 213 355 214
f 214 355 356
f 214 356 215
f 215 356 357
f 215 357 216
f 216 357 358
f 216 358 217
f 217 358 359
f 217 359 218
f 218 359 360
f 218 360 219
f 219 360 361
f 219 361 220
f 220 361 362
f 220 362 221
f 221 362 363
f 221 363 222
f 222 363 364
f 222 364 223
f 223 364 365
f 223 365 224
f 224 365 366
f 224 366 225
f 225 366 367
f 225 367 226
f 226 367 368
f 226 368 227
f 227 368 369
f 227 369 228
f 228 369 370
f 228 370 229
f 229 370 371
f 229 371 230
f 230 371 372
f 230 372 231
f 231 372 373
f 231 373 232
f 232 373 374
f 232 374 233
f 233 374 375
f 233 375 234
f 234 375 376
f 234 376 235
f 235 376 377
f 235 377 236
f 236 377 378
f 236 378 237
f 237 378 379
f 237 379 238
f 238 379 380
f 238 380 239
f 239 380 381
f 239 381 240
f 240 381 382
f 240 382 241
f 241 382 383
f 241 383 242
f 242 383 384
f 242 384 243
f 243 384 385
f 243 385 244
f 244 385 386
f 244 386 245
f 245 386 387
f 245 387 246
f 246 387 388
f 246 388 247
f 247 388 389
f 247 389 248
f 248 389 390
f 248 390 249
f 249 390 391
f 249 391 250
f 250 391 392
f 250 392 251
f 251 392 393
f 251 393 252
f 252 393 394
f 252 394 253
f 253 394 395
f 253 395 254
f 254 395 396
f 254 396 255
f 255 396 397
f 255 397 256
f 256 397 398
f 256 398 257
f 257 398 399
f 257 399 258
f 258 399 400
f 258 400 259
f 259 400 401
f 259 401 260
f 260 401 402
f 260 402 261
f 261 402 403
f 261 403 262
f 262 403 404
f 262 404 263
f 263 404 405
f 263 405 264
f 264 405 406
f 264 406 265
f 265 406 407
f 265 407 266
f 266 407 408
f 266 408 267
f 267 408 409
f 267 409 268
f 268 409 410
f 268 410 269
f 269 410 411
f 269 411 270
f 270 411 412
f 270 412 271
f 271 412 413
f 271 413 272
f 272 413 414
f 272 414 273
f 273 414 415
f 273 415 274
f 274 415 416
f 274 416 275
f 275 416 417
f 275 417 276
f 276 417 418
f 276 418 277
f 277 418 419
f 277 419 278
f 278 419 420
f 278 420 279
f 279 420 421
f 279 421 280
f 280 421 422
f 280 422 281
f 281 422 423
f 281 423 282
f 282 423 283
f 282 283 142
f 283 424 425
f 283 425 284
f 284 425 426
f 284 426 285
f 285 426 427
f 285 427 286
f 286 427 428
f 286 428 287
f 287 428 429
f 287 429 288
f 288 429 430
f 288 430 289
f 289 430 431
f 289 431 290
f 290 431 432
f 290 432 291
f 291 432 433
f 291 433 292
f 292 433 434
f 292 434 293
f 293 434 435
f 293 435 294
f 294 435 436
f 294 436 295
f 295 436 437
f 295 437 296
f 296 437 438
f 296 438 297
f 297 438 439
f 297 439 298
f 298 439 440
f 298 440 299
f 299 440 441
f 299 441 300
f 300 441 442
f 300 442 301
f 301 442 443
f 301 443 302
f 302 443 444
f 302 444 303
f 303 444 445
f 303 445 304
f 304 445 446
f 304 446 305
f 305 446 447
f 305 447 306
f 306 447 448
f 306 448 307
f 307 448 449
f 307 449 308
f 308 449 450
f 308 450 309
f 309 450 451
f 309 451 310
f 310 451 452
f 310 452 311
f 311 452 453
f 311 453 312
f 312 453 454
f 312 454 313
f 313 454 455
f 313 455 314
f 314 455 456
f 314 456 315
f 315 456 457
f 315 457 316
f 316 457 458
f 316 458 317
f 317 458 459
f 317 459 318
f 318 459 460
f 318 460 319
f 319 460 461
f 319 461 320
f 320 461 462
f 320 462 321
f 321 462 463
f 321 463 322
f 322 463 464
f 322 464 323
f 323 464 465
f 323 465 324
f 324 465 466
f 324 466 325
f 325 466 467
f 325 467 326
f 326 467 468
f 326 468 327
f 327 468 469
f 327 469 328
f 328 469 470
f 328 470 329
f 329 470 471
f 329 471 330
f 330 471 472
f 330 472 331
f 331 472 473
f 331 473 332
f 332 473 474
f 332 474 333
f 333 474 475
f 333 475 334
f 334 475 476
f 334 476 335
f 335 476 477
f 335 477 336
f 336 477 478
f 336 478 337
f 337 478 479
f 337 479 338
f 338 479 480
f 338 480 339
f 339 480 481
f 339 481 340
f 340 481 482
f 340 482 341
f 341 482 483
f 341 483 342
f 342 483 484
f 342 484 343
f 343 484 485
f 343 485 344
f 344 485 486
f 344 486 345
f 345 486 487
f 345 487 346
f 346 487 488
f 346 488 347
f 347 488 489
f 347 489 348
f 348 489 490
f 348 490 349
f 349 490 491
f 349 491 350
f 350 491 492
f 350 492 351
f 351 492 493
f 351 493 352
f 352 493 494
f 352 494 353
f 353 494 495
f 353 495 354
f 354 495 496
f 354 496 355
f 355 496 497
f 355 497 356
f 356 497 498
f 356 498 357
f 357 498 499
f 357 499 358
f 358 499 500
f 358 500 359
f 359 500 501
f 359 501 360
f 360 501 502
f 360 502 361
f 361 502 503
f 361 503 362
f 362 503 504
f 362 504 363
f 363 504 505
f 363 505 364
f 364 505 506
f 364 506 365
f 365 506 507
f 365 507 366
f 366 507 508
f 366 508 367
f 367 508 509
f 367 509 368
f 368 509 510
f 368 510 369
f 369 510 511
f 369 511 370
f 370 511 512
f 370 512 371
f 371 512 513
f 371 513 372
f 372 513 514
f 372 514 373
f 373 514 515
f 373 515 374
f 374 515 516
f 374 516 375
f 375 516 517
f 375 517 376
f 376 517 518
f 376 518 377
f 377 518 519
f 377 519 378
f 378 519 520
f 378 520 379
f 379 520 521
f 379 521 380
f 380 521 522
f 380 522 381
f 381 522 523
f 381 523 382
f 382 523 524
f 382 524 383
f 383 524 525
f 383 525 384
f 384 525 526
f 384 526 385
f 385 526 527
f 385 527 386
f 386 527 528
f 386 528 387
f 387 528 529
f 387 529 388
f 388 529 530
f 388 530 389
f 389 530 531
f 389 531 390
f 390 531 532
f 390 532 391
f 391 532 533
f 391 533 392
f 392 533 534
f 392 534 393
f 393 534 535
f 393 535 394
f 394 535 536
f 394 536 395
f 395 536 537
f 395 537 396
f 396 537 538
f 396 538 397
f 397 538 539
f 397 539 398
f 398 539 540
f 398 540 399
f 399 540 541
f 399 541 400
f 400 541 542
f 400 542 401
f 401 542 543
f 401 543 402
f 402 543 544
f 402 544 403
f 403 544 545
f 403 545 404
f 404 545 546
f 404 546 405
f 405 546 547
f 405 547 406
f 406 547 548
f 406 548 407
f 407 548 549
f 407 549 408
f 408 549 550
f 408 550 409
f 409 550 551
f 409 551 410
f 410 551 552
f 410 552 411
f 411 552 553
f 411 553 412
f 412 553 554
f 412 554 413
f 413 554 555
f 413 555 414
f 414 555 556
f 414 556 415
f 415 556 557
f 415 557 416
f 416 557 558
f 416 558 417
f 417 558 559
f 417 559 418
f 418 559 560
f 418 560 419
f 419 560 561
f 419 561 420
f 420 561 562
f 420 562 421
f 421 562 563
f 421 563 422
f 422 563 564
f 422 564 423
f 423 564 424
f 423 424 283
f 424 565 566
f 424 566 425
f 425 566 567
f 425 567 426
f 426 567 568
f 426 568 427
f 427 568 569
f 427 569 428
f 428 569 570
f 428 570 429
f 429 570 571
f 429 571 430
f 430 571 572
f 430 572 431
f 431 572 573
f 431 573 432
f 432 573 574
f 432 574 433
f 433 574 575
f 433 575 434
f 434 575 576
f 434 576 435
f 435 576 577
f 435 577 436
f 436 577 578
f 436 578 437
f 437 578 579
f 437 579 438
f 438 579 580
f 438 580 439
f 439 580 581
f 439 581 440
f 440 581 582
f 440 582 441
f 441 582 583
f 441 583 442
f 442 583 584
f 442 584 443
f 443 584 585
f 443 585 444
f 444 585 586
f 444 586 445
f 445 586 587
f 445 587 446
f 446 587 588
f 446 588 447
f 447 588 589
f 447 589 448
f 448 589 590
f 448 590 449
f 449 590 591
f 449 591 450
f 450 591 592
f 450 592 451
f 451 592 593
f 451 593 452
f 452 593 594
f 452 594 453
f 453 594 595
f 453 595 454
f 454 595 596
f 454 596 455
f 455 596 597
f 455 597 456
f 456 597 598
f 456 598 457
f 457 598 599
f 457 599 458
f 458 599 600
f 458 600 459
f 459 600 601
f 459 601 460
f 460 601 602
f 460 602 461
f 461 602 603
f 461 603 462
f 462 603 604
f 462 604 463
f 463 604 605
f 463 605 464
f 464 605 606
f 464 606 465
f 465 606 607
f 465 607 466
f 466 607 608
f 466 608 467
f 467 608 609
f 467 609 468
f 468 609 610
f 468 610 469
f 469 610 611
f 469 611 470
f 470 611 612
f 470 612 471
f 471 612 613
f 471 613 472
f 472 613 614
f 472 614 473
f 473 614 615
f 473 615 474
f 474 615 616
f 474 616 475
f 475 616 617
f 475 617 476
f 476 617 618
f 476 618 477
f 477 618 619
f 477 619 478
f 478 619 620
f 478 620 479
f 479 620 621
f 479 621 480
f 480 621 622
f 480 622 481
f 481 622 623
f 481 623 482
f 482 623 624
f 482 624 483
f 483 624 625
f 483 625 484
f 484 625 626
f 484 626 485
f 485 626 627
f 485 627 486
f 486 627 628
f 486 628 487
f 487 628 629
f 487 629 488
f 488 629 630
f 488 630 489
f 489 630 631
f 489 631 490
f 490 631 632
f 490 632 491
f 491 632 633
f 491 633 492
f 492 633 634
f 492 634 493
f 493 634 635
f 493 635 494
f 494 635 636
f 494 636 495
f 495 636 637
f 495 637 496
f 496 637 638
f 496 638 497
f 497 638 639
f 497 639 498
f 498 639 640
f 498 640 499
f 499 640 641
f 499 641 500
f 500 641 642
f 500 642 501
f 501 642 643
f 501 643 502
f 502 643 644
f 502 644 503
f 503 644 645
f 503 645 504
f 504 645 646
f 504 646 505
f 505 646 647
f 505 647 506
f 506 647 648
f 506 648 507
f 507 648 649
f 507 649 508
f 508 649 650
f 508 650 509
f 509 650 651
f 509 651 510
f 510 651 652
f 510 652 511
f 511 652 653
f 511 653 512
f 512 653 654
f 512 654 513
f 513 654 655
f 513 655 514
f 514 655 656
f 514 656 515
f 515 656 657
f 515 657 516
f 516 657 658
f 516 658 517
f 517 658 659
f 517 659 518
f 518 659 660
f 518 660 519
f 519 660 661
f 519 661 520
f 520 661 662
f 520 662 521
f 521 662 663
f 521 663 522
f 522 663 664
f 522 664 523
f 523 664 665
f 523 665 524
f 524 665 666
f 524 666 525
f 525 666 667
f 525 667 526
f 526 667 668
f 526 668 527
f 527 668 669
f 527 669 528
f 528 669 670
f 528 670 529
f 529 670 671
f 529 671 530
f 530 671 672
f 530 672 531
f 531 672 673
f 531 673 532
f 532 673 674
f 532 674 533
f 533 674 675
f 533 675 534
f 534 675 676
f 534 676 535
f 535 676 677
f 535 677 536
f 536 677 678
f 536 678 537
f 537 678 679
f 537 679 538
f 538 679 680
f 538 680 539
f 539 680 681
f 539 681 540
f 540 681 682
f 540 682 541
f 541 682 683
f 541 683 542
f 542 683 684
f 542 684 543
f 543 684 685
f 543 685 544
f 544 685 686
f 544 686 545
f 545 686 687
f 545 687 546
f 546 687 688
f 546 688 547
f 547 688 689
f 547 689 548
f 548 689 690
f 548 690 549
f 549 690 691
f 549 691 550
f 550 691 692
f 550 692 551
f 551 692 693
f 551 693 552
f 552 693 694
f 552 694 553
f 553 694 695
f 553 695 554
f 554 695 696
f 554 696 555
f 555 696 697
f 555 697 556
f 556 697 698
f 556 698 557
f 557 698 699
f 557 699 558
f 558 699 700
f 558 700 559
f 559 700 701
f 559 701 560
f 560 701 702
f 560 702 561
f 561 702 703
f 561 703 562
f 562 703 704
f 562 704 563
f 563 704 705
f 563 705 564
f 564 705 565
f 564 565 424
f 565 706 707
f 565 707 566
f 566 707 708
f 566 708 567
f 567 708 709
f 567 709 568
f 568 709 710
f 568 710 569
f 569 710 711
f 569 711 570
f 570 711 712
f 570 712 571
f 571 712 713
f 571 713 572
f 572 713 714
f 572 714 573
f 573 714 715
f 573 715 574
f 574 715 716
f 574 716 575
f 575 716 717
f 575 717 576
f 576 717 718
f 576 718 577
f 577 718 719
f 577 719 578
f 578 719 720
f 578 720 579
f 579 720 721
f 579 721 580
f 580 721 722
f 580 722 581
f 581 722 723
f 581 723 582
f 582 723 724
f 582 724 583
f 583 724 725
f 583 725 584
f 584 725 726
f 584 726 585
f 585 726 727
f 585 727 586
f 586 727 728
f 586 728 587
f 587 728 729
f 587 729 588
f 588 729 730
f 588 730 589
f 589 730 731
f 589 731 590
f 590 731 732
f 590 732 591
f 591 732 733
f 591 733 592
f 592 733 734
f 592 734 593
f 593 734 735
f 593 735 594
f 594 735 736
f 594 736 595
f 595 736 737
f 595 737 596
f 596 737 738
f 596 738 597
f 597 738 739
f 597 739 598
f 598 739 740
f 598 740 599
f 599 740 741
f 599 741 600
f 600 741 742
f 600 742 601
f 601 742 743
f 601 743 602
f 602 743 744
f 602 744 603
f 603 744 745
f 603 745 604
f 604 745 746
f 604 746 605
f 605 746 747
f 605 747 606
f 606 747 748
f 606 748 607
f 607 748 749
f 607 749 608
f 608 749 750
f 608 750 609
f 609 750 751
f 609 751 610
f 610 751 752
f 610 752 611
f 611 752 753
f 611 753 612
f 612 753 754
f 612 754 613
f 613 754 755
f 613 755 614
f 614 755 756
f 614 756 615
f 615 756 757
f 615 757 616
f 616 757 758
f 616 758 617
f 617 758 759
f 617 759 618
f 618 759 760
f 618 760 619
f 619 760 761
f 619 761 620
f 620 761 762
f 620 762 621
f 621 762 763
f 621 763 622
f 622 763 764
f 622 764 623
f 623 764 765
f 623 765 624
f 624 765 766
f 624 766 625
f 625 766 767
f 625 767 626
f 626 767 768
f 626 768 627
f 627 768 769
f 627 769 628
f 628 769 770
f 628 770 629
f 629 770 771
f 629 771 630
f 630 771 772
f 630 772 631
f 631 772 773
f 631 773 632
f 632 773 774
f 632 774 633
f 633 774 775
f 633 775 634
f 634 775 776
f 634 776 635
f 635 776 777
f 635 777 636
f 636 777 778
f 636 778 637
f 637 778 779
f 637 779 638
f 638 779 780
f 638 780 639
f 639 780 781
f 639 781 640
f 640 781 782
f 640 782 641
f 641 782 783
f 641 783 642
f 642 783 784
f 642 784 643
f 643 784 785
f 643 785 644
f 644 785 786
f 644 786 645
f 645 786 787
f 645 787 646
f 646 787 788
f 646 788 647
f 647 788 789
f 647 789 648
f 648 789 790
f 648 790 649
f 649 790 791
f 649 791 650
f 650 791 792
f 650 792 651
f 651 792 793
f 651 793 652
f 652 793 794
f 652 794 653
f 653 794 795
f 653 795 654
f 654 795 796
f 654 796 655
f 655 796 797
f 655 797 656
f 656 797 798
f 656 798 657
f 657 798 799
f 657 799 658
f 658 799 800
f 658 800 659
f 659 800 801
f 659 801 660
f 660 801 802
f 660 802 661
f 661 802 803
f 661 803 662
f 662 803 804
f 662 804 663
f 663 804 805
f 663 805 664
f 664 805 806
f 664 806 665
f 665 806 807
f 665 807 666
f 666 807 808
f 666 808 667
f 667 808 809
f 667 809 668
f 668 809 810
f 668 810 669
f 669 810 811
f 669 811 670
f 670 811 812
f 670 812 671
f 671 812 813
f 671 813 672
f 672 813 814
f 672 814 673
f 673 814 815
f 673 815 674
f 674 815 816
f 674 816 675
f 675 816 817
f 675 817 676
f 676 817 818
f 676 818 677
f 677 818 819
f 677 819 678
f 678 819 820
f 678 820 679
f 679 820 821
f 679 821 680
f 680 821 822
f 680 822 681
f 681 822 823
f 681 823 682
f 682 823 824
f 682 824 683
f 683 824 825
f 683 825 684
f 684 825 826
f 684 826 685
f 685 826 827
f 685 827 686
f 686 827 828
f 686 828 687
f 687 828 829
f 687 829 688
f 688 829 830
f 688 830 689
f 689 830 831
f 689 831 690
f 690 831 832
f 690 832 691
f 691 832 833
f 691 833 692
f 692 833 834
f 692 834 693
f 693 834 835
f 693 835 694
f 694 835 836
f 694 836 695
f 695 836 837
f 695 837 696
f 696 837 838
f 696 838 697
f 697 838 839
f 697 839 698
f 698 839 840
f 698 840 699
f 699 840 841
f 699 841 700
f 700 841 842
f 700 842 701
f 701 842 843
f 701 843 702
f 702 843 844
f 702 844 703
f 703 844 845
f 703 845 704
f 704 845 846
f 704 846 705
f 705 846 706
f 705 706 565
f 706 847 848
f 706 848 707
f 707 848 849
f 707 849 708
f 708 849 850
f 708 850 709
f 709 850 851
f 709 851 710
f 710 851 852
f 710 852 711
f 711 852 853
f 711 853 712
f 712 853 854
f 712 854 713
f 713 854 855
f 713 855 714
f 714 855 856
f 714 856 715
f 715 856 857
f 715 857 716
f 716 857 858
f 716 858 717
f 717 858 859
f 717 859 718
f 718 859 860
f 718 860 719
f 719 860 861
f 719 861 720
f 720 861 862
f 720 862 721
f 721 862 863
f 721 863 722
f 722 863 864
f 722 864 723
f 723 864 865
f 723 865 724
f 724 865 866
f 724 866 725
f 725 866 867
f 725 867 726
f 726 867 868
f 726 868 727
f 727 868 869
f 727 869 728
f 728 869 870
f 728 870 729
f 729 870 871
f 729 871 730
f 730 871 872
f 730 872 731
f 731 872 873
f 731 873 732
f 732 873 874
f 732 874 733
f 733 874 875
f 733 875 734
f 734 875 876
f 734 876 735
f 735 876 877
f 735 877 736
f 736 877 878
f 736 878 737
f 737 878 879
f 737 879 738
f 738 879 880
f 738 880 739
f 739 880 881
f 739 881 740
f 740 881 882
f 740 882 741
f 741 882 883
f 741 883 742
f 742 883 884
f 742 884 743
f 743 884 885
f 743 885 744
f 744 885 886
f 744 886 745
f 745 886 887
f 745 887 746
f 746 887 888
f 746 888 747
f 747 888 889
f 747 889 748
f 748 889 890
f 748 890 749
f 749 890 891
f 749 891 750
f 750 891 892
f 750 892 751
f 751 892 893
f 751 893 752
f 752 893 894
f 752 894 753
f 753 894 895
f 753 895 754
f 754 895 896
f 754 896 755
f 755 896 897
f 755 897 756
f 756 897 898
f 756 898 757
f 757 898 899
f 757 899 758
f 758 899 900
f 758 900 759
f 759 900 901
f 759 901 760
f 760 901 902
f 760 902 761
f 761 902 903
f 761 903 762
f 762 903 904
f 762 904 763
f 763 904 905
f 763 905 764
f 764 905 906
f 764 906 765
f 765 906 907
f 765 907 766
f 766 907 908
f 766 908 767
f 767 908 909
f 767 909 768
f 768 909 910
f 768 910 769
f 769 910 911
f 769 911 770
f 770 911 912
f 770 912 771
f 771 912 913
f 771 913 772
f 772 913 914
f 772 914 773
f 773 914 915
f 773 915 774
f 774 915 916
f 774 916 775
f 775 916 917
f 775 917 776
f 776 917 918
f 776 918 777
f 777 918 919
f 777 919 778
f 778 919 920
f 778 920 779
f 779 920 921
f 779 921 780
f 780 921 922
f 780 922 781
f 781 922 923
f 781 923 782
f 782 923 924
f 782 924 783
f 783 924 925
f 783 925 784
f 784 925 926
f 784 926 785
f 785 926 927
f 785 927 786
f 786 927 928
f 786 928 787
f 787 928 929
f 787 929 788
f 788 929 930
f 788 930 789
f 789 930 931
f 789 931 790
f 790 931 932
f 790 932 791
f 791 932 933
f 791 933 792
f 792 933 934
f 792 934 793
f 793 934 935
f 793 935 794
f 794 935 936
f 794 936 795
f 795 936 937
f 795 937 796
f 796 937 938
f 796 938 797
f 797 938 939
f 797 939 798
f 798 939 940
f 798 940 799
f 799 940 941
f 799 941 800
f 800 941 942
f 800 942 801
f 801 942 943
f 801 943 802
f 802 943 944
f 802 944 803
f 803 944 945
f 803 945 804
f 804 945 946
f 804 946 805
f 805 946 947
f 805 947 806
f 806 947 948
f 806 948 807
f 807 948 949
f 807 949 808
f 808 949 950
f 808 950 809
f 809 950 951
f 809 951 810
f 810 951 952
f 810 952 811
f 811 952 953
f 811 953 812
f 812 953 954
f 812 954 813
f 813 954 955
f 813 955 814
f 814 955 956
f 814 956 815
f 815 956 957
f 815 957 816
f 816 957 958
f 816 958 817
f 817 958 959
f 817 959 818
f 818 959 960
f 818 960 819
f 819 960 961
f 819 961 820
f 820 961 962
f 820 962 821
f 821 962 963
f 821 963 822
f 822 963 964
f 822 964 823
f 823 964 965
f 823 965 824
f 824 965 966
f 824 966 825
f 825 966 967
f 825 967 826
f 826 967 968
f 826 968 827
f 827 968 969
f 827 969 828
f 828 969 970
f 828 970 829
f 829 970 971
f 829 971 830
f 830 971 972
f 830 972 831
f 831 972 973
f 831 973 832
f 832 973 974
f 832 974 833
f 833 974 975
f 833 975 834
f 834 975 976
f 834 976 835
f 835 976 977
f 835 977 836
f 836 977 978
f 836 978 837
f 837 978 979
f 837 979 838
f 838 979 980
f 838 980 839
f 839 980 981
f 839 981 840
f 840 981 982
f 840 982 841
f 841 982 983
f 841 983 842
f 842 983 984
f 842 984 843
f 843 984 985
f 843 985 844
f 844 985 986
f 844 986 845
f 845 986 987
f 845 987 846
f 846 987 847
f 846 847 706
f 847 988 989
f 847 989 848
f 848 989 990
f 848 990 849
f 849 990 991
f 849 991 850
f 850 991 992
f 850 992 851
f 851 992 993
f 851 993 852
f 852 993 994
f 852 994 853
f 853 994 995
f 853 995 854
f 854 995 996
f 854 996 855
f 855 996 997
f 855 997 856
f 856 997 998
f 856 998 857
f 857 998 999
f 857 999 858
f 858 999 1000
f 858 1000 859
f 859 1000 1001
f 859 1001 860
f 860 1001 1002
f 860 1002 861
f 861 1002 1003
f 861 1003 862
f 862 1003 1004
f 862 1004 863
f 863 1004 1005
f 863 1005 864
f 864 1005 1006
f 864 1006 865
f 865 1006 1007
f 865 1007 866
f 866 1007 1008
f 866 1008 867
f 867 1008 1009
f 867 1009 868
f 868 1009 1010
f 868 1010 869
f 869 1010 1011
f 869 1011 870
f 870 1011 1012
f 870 1012 871
f 871 1012 1013
f 871 1013 872
f 872 1013 1014
f 872 1014 873
f 873 1014 1015
f 873 1015 874
f 874 1015 1016
f 874 1016 875
f 875 1016 1017
f 875 1017 876
f 876 1017 1018
f 876 1018 877
f 877 1018 1019
f 877 1019 878
f 878 1019 1020
f 878 1020 879
f 879 1020 1021
f 879 1021 880
f 880 1021 1022
f 880 1022 881
f 881 1022 1023
f 881 1023 882
f 882 1023 1024
f 882 1024 883
f 883 1024 1025
f 883 1025 884
f 884 1025 1026
f 884 1026 885
f 885 1026 1027
f 885 1027 886
f 886 1027 1028
f 886 1028 887
f 887 1028 1029
f 887 1029 888
f 888 1029 1030
f 888 1030 889
f 889 1030 1031
f 889 1031 890
f 890 1031 1032
f 890 1032 891
f 891 1032 1033
f 891 1033 892
f 892 1033 1034
f 892 1034 893
f 893 1034 1035
f 893 1035 894
f 894 1035 1036
f 894 1036 895
f 895 1036 1037
f 895 1037 896
f 896 1037 1038
f 896 1038 897
f 897 1038 1039
f 897 1039 898
f 898 1039 1040
f 898 1040 899
f 899 1040 1041
f 899 1041 900
f 900 1041 1042
f 900 1042 901
f 901 1042 1043
f 901 1043 902
f 902 1043 1044
f 902 1044 903
f 903 1044 1045
f 903 1045 904
f 904 1045 1046
f 904 1046 905
f 905 1046 1047
f 905 1047 906
f 906 1047 1048
f 906 1048 907
f 907 1048 1049
f 907 1049 908
f 908 1049 1050
f 908 1050 909
f 909 1050 1051
f 909 1051 910
f 910 1051 1052
f 910 1052 911
f 911 1052 1053
f 911 1053 912
f 912 1053 1054
f 912 1054 913
f 913 1054 1055
f 913 1055 914
f 914 1055 1056
f 914 1056 915
f 915 1056 1057
f 915 1057 916
f 916 1057 1058
f 916 1058 917
f 917 1058 1059
f 917 1059 918
f 918 1059 1060
f 918 1060 919
f 919 1060 1061
f 919 1061 920
f 920 1061 1062
f 920 1062 921
f 921 1062 1063
f 921 1063 922
f 922 1063 1064
f 922 1064 923
f 923 1064 1065
f 923 1065 924
f 924 1065 1066
f 924 1066 925
f 925 1066 1067
f 925 1067 926
f 926 1067 1068
f 926 1068 927
f 927 1068 1069
f 927 1069 928
f 928 1069 1070
f 928 1070 929
f 929 1070 1071
f 929 1071 930
f 930 1071 1072
f 930 1072 931
f 931 1072 1073
f 931 1073 932
f 932 1073 1074
f 932 1074 933
f 933 1074 1075
f 933 1075 934
f 934 1075 1076
f 934 1076 935
f 935 1076 1077
f 935 1077 936
f 936 1077 1078
f 936 1078 937
f 937 1078 1079
f 937 1079 938
f 938 1079 1080
f 938 1080 939
f 939 1080 1081
f 939 1081 940
f 940 1081 1082
f 940 1082 941
f 941 1082 1083
f 941 1083 942
f 942 1083 1084
f 942 1084 943
f 943 1084 1085
f 943 1085 944
f 944 1085 1086
f 944 1086 945
f 945 1086 1087
f 945 1087 946
f 946 1087 1088
f 946 1088 947
f 947 1088 1089
f 947 1089 948
f 948 1089 1090
f 948 1090 949
f 949 1090 1091
f 949 1091 950
f 950 1091 1092
f 950 1092 951
f 951 1092 1093
f 951 1093 952
f 952 1093 1094
f 952 1094 953
f 953 1094 1095
f 953 1095 954
f 954 1095 1096
f 954 1096 955
f 955 1096 1097
f 955 1097 956
f 956 1097 1098
f 956 1098 957
f 957 1098 1099
f 957 1099 958
f 958 1099 1100
f 958 1100 959
f 959 1100 1101
f 959 1101 960
f 960 1101 1102
f 960 1102 961
f 961 1102 1103
f 961 1103 962
f 962 1103 1104
f 962 1104 963
f 963 1104 1105
f 963 1105 964
f 964 1105 1106
f 964 1106 965
f 965 1106 1107
f 965 1107 966
f 966 1107 1108
f 966 1108 967
f 967 1108 1109
f 967 1109 968
f 968 1109 1110
f 968 1110 969
f 969 1110 1111
f 969 1111 970
f 970 1111 1112
f 970 1112 971
f 971 1112 1113
f 971 1113 972
f 972 1113 1114
f 972 1114 973
f 973 1114 1115
f 973 1115 974
f 974 1115 1116
f 974 1116 975
f 975 1116 1117
f 975 1117 976
f 976 1117 1118
f 976 1118 977
f 977 1118 1119
f 977 1119 978
f 978 1119 1120
f 978 1120 979
f 979 1120 1121
f 979 1121 980
f 980 1121 1122
f 980 1122 981
f 981 1122 1123
f 981 1123 982
f 982 1123 1124
f 982 1124 983
f 983 1124 1125
f 983 1125 984
f 984 1125 1126
f 984 1126 985
f 985 1126 1127
f 985 1127 986
f 986 1127 1128
f 986 1128 987
f 987 1128 988
f 987 988 847
f 988 1129 1130
f 988 1130 989
f 989 1130 1131
f 989 1131 990
f 990 1131 1132
f 990 1132 991
f 991 1132 1133
f 991 1133 992
f 992 1133 1134
f 992 1134 993
f 993 1134 1135
f 993 1135 994
f 994 1135 1136
f 994 1136 995
f 995 1136 1137
f 995 1137 996
f 996 1137 1138
f 996 1138 997
f 997 1138 1139
f 997 1139 998
f 998 1139 1140
f 998 1140 999
f 999 1140 1141
f 999 1141 1000
f 1000 1141 1142
f 1000 1142 1001
f 1001 1142 1143
f 1001 1143 1002
f 1002 1143 1144
f 1002 1144 1003
f 1003 1144 1145
f 1003 1145 1004
f 1004 1145 1146
f 1004 1146 1005
f 1005 1146 1147
f 1005 1147 1006
f 1006 1147 1148
f 1006 1148 1007
f 1007 1148 1149
f 1007 1149 1008
f 1008 1149 1150
f 1008 1150 1009
f 1009 1150 1151
f 1009 1151 1010
f 1010 1151 1152
f 1010 1152 1011
f 1011 1152 1153
f 1011 1153 1012
f 1012 1153 1154
f 1012 1154 1013
f 1013 1154 1155
f 1013 1155 1014
f 1014 1155 1156
f 1014 1156 1015
f 1015 1156 1157
f 1015 1157 1016
f 1016 1157 1158
f 1016 1158 1017
f 1017 1158 1159
f 1017 1159 1018
f 1018 1159 1160
f 1018 1160 1019
f 1019 1160 1161
f 1019 1161 1020
f 1020 1161 1162
f 1020 1162 1021
f 1021 1162 1163
f 1021 1163 1022
f 1022 1163 1164
f 1022 1164 1023
f 1023 1164 1165
f 1023 1165 1024
f 1024 1165 1166
f 1024 1166 1025
f 1025 1166 1167
f 1025 1167 1026
f 1026 1167 1168
f 1026 1168 1027
f 1027 1168 1169
f 1027 1169 1028
f 1028 1169 1170
f 1028 1170 1029
f 1029 1170 1171
f 1029 1171 1030
f 1030 1171 1172
f 1030 1172 1031
f 1031 1172 1173
f 1031 1173 1032
f 1032 1173 1174
f 1032 1174 1033
f 1033 1174 1175
f 1033 1175 1034
f 1034 1175 1176
f 1034 1176 1035
f 1035 1176 1177
f 1035 1177 1036
f 1036 1177 1178
f 1036 1178 1037
f 1037 1178 1179
f 1037 1179 1038
f 1038 1179 1180
f 1038 1180 1039
f 1039 1180 1181
f 1039 1181 1040
f 1040 1181 1182
f 1040 1182 1041
f 1041 1182 1183
f 1041 1183 1042
f 1042 1183 1184
f 1042 1184 1043
f 1043 1184 1185
f 1043 1185 1044
f 1044 1185 1186
f 1044 1186 1045
f 1045 1186 1187
f 1045 1187 1046
f 1046 1187 1188
f 1046 1188 1047
f 1047 1188 1189
f 1047 1189 1048
f 1048 1189 1190
f 1048 1190 1049
f 1049 1190 1191
f 1049 1191 1050
f 1050 1191 1192
f 1050 1192 1051
f 1051 1192 1193
f 1051 1193 1052
f 1052 1193 1194
f 1052 1194 1053
f 1053 1194 1195
f 1053 1195 1054
f 1054 1195 1196
f 1054 1196 1055
f 1055 1196 1197
f 1055 1197 1056
f 1056 1197 1198
f 1056 1198 1057
f 1057 1198 1199
f 1057 1199 1058
f 1058 1199 1200
f 1058 1200 1059
f 1059 1200 1201
f 1059 1201 1060
f 1060 1201 1202
f 1060 1202 1061
f 1061 1202 1203
f 1061 1203 1062
f 1062 1203 1204
f 1062 1204 1063
f 1063 1204 1205
f 1063 1205 1064
f 1064 1205 1206
f 1064 1206 1065
f 1065 1206 1207
f 1065 1207 1066
f 1066 1207 1208
f 1066 1208 1067
f 1067 1208 1209
f 1067 1209 1068
f 1068 1209 1210
f 1068 1210 1069
f 1069 1210 1211
f 1069 1211 1070
f 1070 1211 1212
f 1070 1212 1071
f 1071 1212 1213
f 1071 1213 1072
f 1072 1213 1214
f 1072 1214 1073
f 1073 1214 1215
f 1073 1215 1074
f 1074 1215 1216
f 1074 1216 1075
f 1075 1216 1217
f 1075 1217 1076
f 1076 1217 1218
f 1076 1218 1077
f 1077 1218 1219
f 1077 1219 1078
f 1078 1219 1220
f 1078 1220 1079
f 1079 1220 1221
f 1079 1221 1080
f 1080 1221 1222
f 1080 1222 1081
f 1081 1222 1223
f 1081 1223 1082
f 1082 1223 1224
f 1082 1224 1083
f 1083 1224 1225
f 1083 1225 1084
f 1084 1225 1226
f 1084 1226 1085
f 1085 1226 1227
f 1085 1227 1086
f 1086 1227 1228
f 1086 1228 1087
f 1087 1228 1229
f 1087 1229 1088
f 1088 1229 1230
f 1088 1230 1089
f 1089 1230 1231
f 1089 1231 1090
f 1090 1231 1232
f 1090 1232 1091
f 1091 1232 1233
f 1091 1233 1092
f 1092 1233 1234
f 1092 1234 1093
f 1093 1234 1235
f 1093 1235 1094
f 1094 1235 1236
f 1094 1236 1095
f 1095 1236 1237
f 1095 1237 1096
f 1096 1237 1238
f 1096 1238 1097
f 1097 1238 1239
f 1097 1239 1098
f 1098 1239 1240
f 1098 1240 1099
f 1099 1240 1241
f 1099 1241 1100
f 1100 1241 1242
f 1100 1242 1101
f 1101 1242 1243
f 1101 1243 1102
f 1102 1243 1244
f 1102 1244 1103
f 1103 1244 1245
f 1103 1245 1104
f 1104 1245 1246
f 1104 1246 1105
f 1105 1246 1247
f 1105 1247 1106
f 1106 1247 1248
f 1106 1248 1107
f 1107 1248 1249
f 1107 1249 1108
f 1108 1249 1250
f 1108 1250 1109
f 1109 1250 1251
f 1109 1251 1110
f 1110 1251 1252
f 1110 1252 1111
f 1111 1252 1253
f 1111 1253 1112
f 1112 1253 1254
f 1112 1254 1113
f 1113 1254 1255
f 1113 1255 1114
f 1114 1255 1256
f 1114 1256 1115
f 1115 1256 1257
f 1115 1257 1116
f 1116 1257 1258
f 1116 1258 1117
f 1117 1258 1259
f 1117 1259 1118
f 1118 1259 1260
f 1118 1260 1119
f 1119 1260 1261
f 1119 1261 1120
f 1120 1261 1262
f 1120 1262 1121
f 1121 1262 1263
f 1121 1263 1122
f 1122 1263 1264
f 1122 1264 1123
f 1123 1264 1265
f 1123 1265 1124
f 1124 1265 1266
f 1124 1266 1125
f 1125 1266 1267
f 1125 1267 1126
f 1126 1267 1268
f 1126 1268 1127
f 1127 1268 1269
f 1127 1269 1128
f 1128 1269 1129
f 1128 1129 988
f 1129 1270 1271
f 1129 1271 1130
f 1130 1271 1272
f 1130 1272 1131
f 1131 1272 1273
f 1131 1273 1132
f 1132 1273 1274
f 1132 1274 1133
f 1133 1274 1275
f 1133 1275 1134
f 1134 1275 1276
f 1134 1276 1135
f 1135 1276 1277
f 1135 1277 1136
f 1136 1277 1278
f 1136 1278 1137
f 1137 1278 1279
f 1137 1279 1138
f 1138 1279 1280
f 1138 1280 1139
f 1139 1280 1281
f 1139 1281 1140
f 1140 1281 1282
f 1140 1282 1141
f 1141 1282 1283
f 1141 1283 1142
f 1142 1283 1284
f 1142 1284 1143
f 1143 1284 1285
f 1143 1285 1144
f 1144 1285 1286
f 1144 1286 1145
f 1145 1286 1287
f 1145 1287 1146
f 1146 1287 1288
f 1146 1288 1147
f 1147 1288 1289
f 1147 1289 1148
f 1148 1289 1290
f 1148 1290 1149
f 1149 1290 1291
f 1149 1291 1150
f 1150 1291 1292
f 1150 1292 1151
f 1151 1292 1293
f 1151 1293 1152
f 1152 1293 1294
f 1152 1294 1153
f 1153 1294 1295
f 1153 1295 1154
f 1154 1295 1296
f 1154 1296 1155
f 1155 1296 1297
f 1155 1297 1156
f 1156 1297 1298
f 1156 1298 1157
f 1157 1298 1299
f 1157 1299 1158
f 1158 1299 1300
f 1158 1300 1159
f 1159 1300 1301
f 1159 1301 1160
f 1160 1301 1302
f 1160 1302 1161
f 1161 1302 1303
f 1161 1303 1162
f 1162 1303 1304
f 1162 1304 1163
f 1163 1304 1305
f 1163 1305 1164
f 1164 1305 1306
f 1164 1306 1165
f 1165 1306 1307
f 1165 1307 1166
f 1166 1307 1308
f 1166 1308 1167
f 1167 1308 1309
f 1167 1309 1168
f 1168 1309 1310
f 1168 1310 1169
f 1169 1310 1311
f 1169 1311 1170
f 1170 1311 1312
f 1170 1312 1171
f 1171 1312 1313
f 1171 1313 1172
f 1172 1313 1314
f 1172 1314 1173
f 1173 1314 1315
f 1173 1315 1174
f 1174 1315 1316
f 1174 1316 1175
f 1175 1316 1317
f 1175 1317 1176
f 1176 1317 1318
f 1176 1318 1177
f 1177 1318 1319
f 1177 1319 1178
f 1178 1319 1320
f 1178 1320 1179
f 1179 1320 1321
f 1179 1321 1180
f 1180 1321 1322
f 1180 1322 1181
f 1181 1322 1323
f 1181 1323 1182
f 1182 1323 1324
f 1182 1324 1183
f 1183 1324 1325
f 1183 1325 1184
f 1184 1325 1326
f 1184 1326 1185
f 1185 1326 1327
f 1185 1327 1186
f 1186 1327 1328
f 1186 1328 1187
f 1187 1328 1329
f 1187 1329 1188
f 1188 1329 1330
f 1188 1330 1189
f 1189 1330 1331
f 1189 1331 1190
f 1190 1331 1332
f 1190 1332 1191
f 1191 1332 1333
f 1191 1333 1192
f 1192 1333 1334
f 1192 1334 1193
f 1193 1334 1335
f 1193 1335 1194
f 1194 1335 1336
f 1194 1336 1195
f 1195 1336 1337
f 1195 1337 1196
f 1196 1337 1338
f 1196 1338 1197
f 1197 1338 1339
f 1197 1339 1198
f 1198 1339 1340
f 1198 1340 1199
f 1199 1340 1341
f 1199 1341 1200
f 1200 1341 1342
f 1200 1342 1201
f 1201 1342 1343
f 1201 1343 1202
f 1202 1343 1344
f 1202 1344 1203
f 1203 1344 1345
f 1203 1345 1204
f 1204 1345 1346
f 1204 1346 1205
f 1205 1346 1347
f 1205 1347 1206
f 1206 1347 1348
f 1206 1348 1207
f 1207 1348 1349
f 1207 1349 1208
f 1208 1349 1350
f 1208 1350 1209
f 1209 1350 1351
f 1209 1351 1210
f 1210 1351 1352
f 1210 1352 1211
f 1211 1352 1353
f 1211 1353 1212
f 1212 1353 1354
f 1212 1354 1213
f 1213 1354 1355
f 1213 1355 1214
f 1214 1355 1356
f 1214 1356 1215
f 1215 1356 1357
f 1215 1357 1216
f 1216 1357 1358
f 1216 1358 1217
f 1217 1358 1359
f 1217 1359 1218
f 1218 1359 1360
f 1218 1360 1219
f 1219 1360 1361
f 1219 1361 1220
f 1220 1361 1362
f 1220 1362 1221
f 1221 1362 1363
f 1221 1363 1222
f 1222 1363 1364
f 1222 1364 1223
f 1223 1364 1365
f 1223 1365 1224
f 1224 1365 1366
f 1224 1366 1225
f 1225 1366 1367
f 1225 1367 1226
f 1226 1367 1368
f 1226 1368 1227
f 1227 1368 1369
f 1227 1369 1228
f 1228 1369 1370
f 1228 1370 1229
f 1229 1370 1371
f 1229 1371 1230
f 1230 1371 1372
f 1230 1372 1231
f 1231 1372 1373
f 1231 1373 1232
f 1232 1373 1374
f 1232 1374 1233
f 1233 1374 1375
f 1233 1375 1234
f 1234 1375 1376
f 1234 1376 1235
f 1235 1376 1377
f 1235 1377 1236
f 1236 1377 1378
f 1236 1378 1237
f 1237 1378 1379
f 1237 1379 1238
f 1238 1379 1380
f 1238 1380 1239
f 1239 1380 1381
f 1239 1381 1240
f 1240 1381 1382
f 1240 1382 1241
f 1241 1382 1383
f 1241 1383 1242
f 1242 1383 1384
f 1242 1384 1243
f 1243 1384 1385
f 1243 1385 1244
f 1244 1385 1386
f 1244 1386 1245
f 1245 1386 1387
f 1245 1387 1246
f 1246 1387 1388
f 1246 1388 1247
f 1247 1388 1389
f 1247 1389 1248
f 1248 1389 1390
f 1248 1390 1249
f 1249 1390 1391
f 1249 1391 1250
f 1250 1391 1392
f 1250 1392 1251
f 1251 1392 1393
f 1251 1393 1252
f 1252 1393 1394
f 1252 1394 1253
f 1253 1394 1395
f 1253 1395 1254
f 1254 1395 1396
f 1254 1396 1255
f 1255 1396 1397
f 1255 1397 1256
f 1256 1397 1398
f 1256 1398 1257
f 1257 1398 1399
f 1257 1399 1258
f 1258 1399 1400
f 1258 1400 1259
f 1259 1400 1401
f 1259 1401 1260
f 1260 1401 1402
f 1260 1402 1261
f 1261 1402 1403
f 1261 1403 1262
f 1262 1403 1404
f 1262 1404 1263
f 1263 1404 1405
f 1263 1405 1264
f 1264 1405 1406
f 1264 1406 1265
f 1265 1406 1407
f 1265 1407 1266
f 1266 1407 1408
f 1266 1408 1267
f 1267 1408 1409
f 1267 1409 1268
f 1268 1409 1410
f 1268 1410 1269
f 1269 1410 1270
f 1269 1270 1129
f 1270 1411 1412
f 1270 1412 1271
f 1271 1412 1413
f 1271 1413 1272
f 1272 1413 1414
f 1272 1414 1273
f 1273 1414 1415
f 1273 1415 1274
f 1274 1415 1416
f 1274 1416 1275
f 1275 1416 1417
f 1275 1417 1276
f 1276 1417 1418
f 1276 1418 1277
f 1277 1418 1419
f 1277 1419 1278
f 1278 1419 1420
f 1278 1420 1279
f 1279 1420 1421
f 1279 1421 1280
f 1280 1421 1422
f 1280 1422 1281
f 1281 1422 1423
f 1281 1423 1282
f 1282 1423 1424
f 1282 1424 1283
f 1283 1424 1425
f 1283 1425 1284
f 1284 1425 1426
f 1284 1426 1285
f 1285 1426 1427
f 1285 1427 1286
f 1286 1427 1428
f 1286 1428 1287
f 1287 1428 1429
f 1287 1429 1288
f 1288 1429 1430
f 1288 1430 1289
f 1289 1430 1431
f 1289 1431 1290
f 1290 1431 1432
f 1290 1432 1291
f 1291 1432 1433
f 1291 1433 1292
f 1292 1433 1434
f 1292 1434 1293
f 1293 1434 1435
f 1293 1435 1294
f 1294 1435 1436
f 1294 1436 1295
f 1295 1436 1437
f 1295 1437 1296
f 1296 1437 1438
f 1296 1438 1297
f 1297 1438 1439
f 1297 1439 1298
f 1298 1439 1440
f 1298 1440 1299
f 1299 1440 1441
f 1299 1441 1300
f 1300 1441 1442
f 1300 1442 1301
f 1301 1442 1443
f 1301 1443 1302
f 1302 1443 1444
f 1302 1444 1303
f 1303 1444 1445
f 1303 1445 1304
f 1304 1445 1446
f 1304 1446 1305
f 1305 1446 1447
f 1305 1447 1306
f 1306 1447 1448
f 1306 1448 1307
f 1307 1448 1449
f 1307 1449 1308
f 1308 1449 1450
f 1308 1450 1309
f 1309 1450 1451
f 1309 1451 1310
f 1310 1451 1452
f 1310 1452 1311
f 1311 1452 1453
f 1311 1453 1312
f 1312 1453 1454
f 1312 1454 1313
f 1313 1454 1455
f 1313 1455 1314
f 1314 1455 1456
f 1314 1456 1315
f 1315 1456 1457
f 1315 1457 1316
f 1316 1457 1458
f 1316 1458 1317
f 1317 1458 1459
f 1317 1459 1318
f 1318 1459 1460
f 1318 1460 1319
f 1319 1460 1461
f 1319 1461 1320
f 1320 1461 1462
f 1320 1462 1321
f 1321 1462 1463
f 1321 1463 1322
f 1322 1463 1464
f 1322 1464 1323
f 1323 1464 1465
f 1323 1465 1324
f 1324 1465 1466
f 1324 1466 1325
f 1325 1466 1467
f 1325 1467 1326
f 1326 1467 1468
f 1326 1468 1327
f 1327 1468 1469
f 1327 1469 1328
f 1328 1469 1470
f 1328 1470 1329
f 1329 1470 1471
f 1329 1471 1330
f 1330 1471 1472
f 1330 1472 1331
f 1331 1472 1473
f 1331 1473 1332
f 1332 1473 1474
f 1332 1474 1333
f 1333 1474 1475
f 1333 1475 1334
f 1334 1475 1476
f 1334 1476 1335
f 1335 1476 1477
f 1335 1477 1336
f 1336 1477 1478
f 1336 1478 1337
f 1337 1478 1479
f 1337 1479 1338
f 1338 1479 1480
f 1338 1480 1339
f 1339 1480 1481
f 1339 1481 1340
f 1340 1481 1482
f 1340 1482 1341
f 1341 1482 1483
f 1341 1483 1342
f 1342 1483 1484
f 1342 1484 1343
f 1343 1484 1485
f 1343 1485 1344
f 1344 1485 1486
f 1344 1486 1345
f 1345 1486 1487
f 1345 1487 1346
f 1346 1487 1488
f 1346 1488 1347
f 1347 1488 1489
f 1347 1489 1348
f 1348 1489 1490
f 1348 1490 1349
f 1349 1490 1491
f 1349 1491 1350
f 1350 1491 1492
f 1350 1492 1351
f 1351 1492 1493
f 1351 1493 1352
f 1352 1493 1494
f 1352 1494 1353
f 1353 1494 1495
f 1353 1495 1354
f 1354 1495 1496
f 1354 1496 1355
f 1355 1496 1497
f 1355 1497 1356
f 1356 1497 1498
f 1356 1498 1357
f 1357 1498 1499
f 1357 1499 1358
f 1358 1499 1500
f 1358 1500 1359
f 1359 1500 1501
f 1359 1501 1360
f 1360 1501 1502
f 1360 1502 1361
f 1361 1502 1503
f 1361 1503 1362
f 1362 1503 1504
f 1362 1504 1363
f 1363 1504 1505
f 1363 1505 1364
f 1364 1505 1506
f 1364 1506 1365
f 1365 1506 1507
f 1365 1507 1366
f 1366 1507 1508
f 1366 1508 1367
f 1367 1508 1509
f 1367 1509 1368
f 1368 1509 1510
f 1368 1510 1369
f 1369 1510 1511
f 1369 1511 1370
f 1370 1511 1512
f 1370 1512 1371
f 1371 1512 1513
f 1371 1513 1372
f 1372 1513 1514
f 1372 1514 1373
f 1373 1514 1515
f 1373 1515 1374
f 1374 1515 1516
f 1374 1516 1375
f 1375 1516 1517
f 1375 1517 1376
f 1376 1517 1518
f 1376 1518 1377
f 1377 1518 1519
f 1377 1519 1378
f 1378 1519 1520
f 1378 1520 1379
f 1379 1520 1521
f 1379 1521 1380
f 1380 1521 1522
f 1380 1522 1381
f 1381 1522 1523
f 1381 1523 1382
f 1382 1523 1524
f 1382 1524 1383
f 1383 1524 1525
f 1383 1525 1384
f 1384 1525 1526
f 1384 1526 1385
f 1385 1526 1527
f 1385 1527 1386
f 1386 1527 1528
f 1386 1528 1387
f 1387 1528 1529
f 1387 1529 1388
f 1388 1529 1530
f 1388 1530 1389
f 1389 1530 1531
f 1389 1531 1390
f 1390 1531 1532
f 1390 1532 1391
f 1391 1532 1533
f 1391 1533 1392
f 1392 1533 1534
f 1392 1534 1393
f 1393 1534 1535
f 1393 1535 1394
f 1394 1535 1536
f 1394 1536 1395
f 1395 1536 1537
f 1395 1537 1396
f 1396 1537 1538
f 1396 1538 1397
f 1397 1538 1539
f 1397 1539 1398
f 1398 1539 1540
f 1398 1540 1399
f 1399 1540 1541
f 1399 1541 1400
f 1400 1541 1542
f 1400 1542 1401
f 1401 1542 1543
f 1401 1543 1402
f 1402 1543 1544
f 1402 1544 1403
f 1403 1544 1545
f 1403 1545 1404
f 1404 1545 1546
f 1404 1546 1405
f 1405 1546 1547
f 1405 1547 1406
f 1406 1547 1548
f 1406 1548 1407
f 1407 1548 1549
f 1407 1549 1408
f 1408 1549 1550
f 1408 1550 1409
f 1409 1550 1551
f 1409 1551 1410
f 1410 1551 1411
f 1410 1411 1270
f 1411 1552 1553
f 1411 1553 1412
f 1412 1553 1554
f 1412 1554 1413
f 1413 1554 1555
f 1413 1555 1414
f 1414 1555 1556
f 1414 1556 1415
f 1415 1556 1557
f 1415 1557 1416
f 1416 1557 1558
f 1416 1558 1417
f 1417 1558 1559
f 1417 1559 1418
f 1418 1559 1560
f 1418 1560 1419
f 1419 1560 1561
f 1419 1561 1420
f 1420 1561 1562
f 1420 1562 1421
f 1421 1562 1563
f 1421 1563 1422
f 1422 1563 1564
f 1422 1564 1423
f 1423 1564 1565
f 1423 1565 1424
f 1424 1565 1566
f 1424 1566 1425
f 1425 1566 1567
f 1425 1567 1426
f 1426 1567 1568
f 1426 1568 1427
f 1427 1568 1569
f 1427 1569 1428
f 1428 1569 1570
f 1428 1570 1429
f 1429 1570 1571
f 1429 1571 1430
f 1430 1571 1572
f 1430 1572 1431
f 1431 1572 1573
f 1431 1573 1432
f 1432 1573 1574
f 1432 1574 1433
f 1433 1574 1575
f 1433 1575 1434
f 1434 1575 1576
f 1434 1576 1435
f 1435 1576 1577
f 1435 1577 1436
f 1436 1577 1578
f 1436 1578 1437
f 1437 1578 1579
f 1437 1579 1438
f 1438 1579 1580
f 1438 1580 1439
f 1439 1580 1581
f 1439 1581 1440
f 1440 1581 1582
f 1440 1582 1441
f 1441 1582 1583
f 1441 1583 1442
f 1442 1583 1584
f 1442 1584 1443
f 1443 1584 1585
f 1443 1585 1444
f 1444 1585 1586
f 1444 1586 1445
f 1445 1586 1587
f 1445 1587 1446
f 1446 1587 1588
f 1446 1588 1447
f 1447 1588 1589
f 1447 1589 1448
f 1448 1589 1590
f 1448 1590 1449
f 1449 1590 1591
f 1449 1591 1450
f 1450 1591 1592
f 1450 1592 1451
f 1451 1592 1593
f 1451 1593 1452
f 1452 1593 1594
f 1452 1594 1453
f 1453 1594 1595
f 1453 1595 1454
f 1454 1595 1596
f 1454 1596 1455
f 1455 1596 1597
f 1455 1597 1456
f 1456 1597 1598
f 1456 1598 1457
f 1457 1598 1599
f 1457 1599 1458
f 1458 1599 1600
f 1458 1600 1459
f 1459 1600 1601
f 1459 1601 1460
f 1460 1601 1602
f 1460 1602 1461
f 1461 1602 1603
f 1461 1603 1462
f 1462 1603 1604
f 1462 1604 1463
f 1463 1604 1605
f 1463 1605 1464
f 1464 1605 1606
f 1464 1606 1465
f 1465 1606 1607
f 1465 1607 1466
f 1466 1607 1608
f 1466 1608 1467
f 1467 1608 1609
f 1467 1609 1468
f 1468 1609 1610
f 1468 1610 1469
f 1469 1610 1611
f 1469 1611 1470
f 1470 1611 1612
f 1470 1612 1471
f 1471 1612 1613
f 1471 1613 1472
f 1472 1613 1614
f 1472 1614 1473
f 1473 1614 1615
f 1473 1615 1474
f 1474 1615 1616
f 1474 1616 1475
f 1475 1616 1617
f 1475 1617 1476
f 1476 1617 1618
f 1476 1618 1477
f 1477 1618 1619
f 1477 1619 1478
f 1478 1619 1620
f 1478 1620 1479
f 1479 1620 1621
f 1479 1621 1480
f 1480 1621 1622
f 1480 1622 1481
f 1481 1622 1623
f 1481 1623 1482
f 1482 1623 1624
f 1482 1624 1483
f 1483 1624 1625
f 1483 1625 1484
f 1484 1625 1626
f 1484 1626 1485
f 1485 1626 1627
f 1485 1627 1486
f 1486 1627 1628
f 1486 1628 1487
f 1487 1628 1629
f 1487 1629 1488
f 1488 1629 1630
f 1488 1630 1489
f 1489 1630 1631
f 1489 1631 1490
f 1490 1631 1632
f 1490 1632 1491
f 1491 1632 1633
f 1491 1633 1492
f 1492 1633 1634
f 1492 1634 1493
f 1493 1634 1635
f 1493 1635 1494
f 1494 1635 1636
f 1494 1636 1495
f 1495 1636 1637
f 1495 1637 1496
f 1496 1637 1638
f 1496 1638 1497
f 1497 1638 1639
f 1497 1639 1498
f 1498 1639 1640
f 1498 1640 1499
f 1499 1640 1641
f 1499 1641 1500
f 1500 1641 1642
f 1500 1642 1501
f 1501 1642 1643
f 1501 1643 1502
f 1502 1643 1644
f 1502 1644 1503
f 1503 1644 1645
f 1503 1645 1504
f 1504 1645 1646
f 1504 1646 1505
f 1505 1646 1647
f 1505 1647 1506
f 1506 1647 1648
f 1506 1648 1507
f 1507 1648 1649
f 1507 1649 1508
f 1508 1649 1650
f 1508 1650 1509
f 1509 1650 1651
f 1509 1651 1510
f 1510 1651 1652
f 1510 1652 1511
f 1511 1652 1653
f 1511 1653 1512
f 1512 1653 1654
f 1512 1654 1513
f 1513 1654 1655
f 1513 1655 1514
f 1514 1655 1656
f 1514 1656 1515
f 1515 1656 1657
f 1515 1657 1516
f 1516 1657 1658
f 1516 1658 1517
f 1517 1658 1659
f 1517 1659 1518
f 1518 1659 1660
f 1518 1660 1519
f 1519 1660 1661
f 1519 1661 1520
f 1520 1661 1662
f 1520 1662 1521
f 1521 1662 1663
f 1521 1663 1522
f 1522 1663 1664
f 1522 1664 1523
f 1523 1664 1665
f 1523 1665 1524
f 1524 1665 1666
f 1524 1666 1525
f 1525 1666 1667
f 1525 1667 1526
f 1526 1667 1668
f 1526 1668 1527
f 1527 1668 1669
f 1527 1669 1528
f 1528 1669 1670
f 1528 1670 1529
f 1529 1670 1671
f 1529 1671 1530
f 1530 1671 1672
f 1530 1672 1531
f 1531 1672 1673
f 1531 1673 1532
f 1532 1673 1674
f 1532 1674 1533
f 1533 1674 1675
f 1533 1675 1534
f 1534 1675 1676
f 1534 1676 1535
f 1535 1676 1677
f 1535 1677 1536
f 1536 1677 1678
f 1536 1678 1537
f 1537 1678 1679
f 1537 1679 1538
f 1538 1679 1680
f 1538 1680 1539
f 1539 1680 1681
f 1539 1681 1540
f 1540 1681 1682
f 1540 1682 1541
f 1541 1682 1683
f 1541 1683 1542
f 1542 1683 1684
f 1542 1684 1543
f 1543 1684 1685
f 1543 1685 1544
f 1544 1685 1686
f 1544 1686 1545
f 1545 1686 1687
f 1545 1687 1546
f 1546 1687 1688
f 1546 1688 1547
f 1547 1688 1689
f 1547 1689 1548
f 1548 1689 1690
f 1548 1690 1549
f 1549 1690 1691
f 1549 1691 1550
f 1550 1691 1692
f 1550 1692 1551
f 1551 1692 1552
f 1551 1552 1411
f 1552 1693 1694
f 1552 1694 1553
f 1553 1694 1695
f 1553 1695 1554
f 1554 1695 1696
f 1554 1696 1555
f 1555 1696 1697
f 1555 1697 1556
f 1556 1697 1698
f 1556 1698 1557
f 1557 1698 1699
f 1557 1699 1558
f 1558 1699 1700
f 1558 1700 1559
f 1559 1700 1701
f 1559 1701 1560
f 1560 1701 1702
f 1560 1702 1561
f 1561 1702 1703
f 1561 1703 1562
f 1562 1703 1704
f 1562 1704 1563
f 1563 1704 1705
f 1563 1705 1564
f 1564 1705 1706
f 1564 1706 1565
f 1565 1706 1707
f 1565 1707 1566
f 1566 1707 1708
f 1566 1708 1567
f 1567 1708 1709
f 1567 1709 1568
f 1568 1709 1710
f 1568 1710 1569
f 1569 1710 1711
f 1569 1711 1570
f 1570 1711 1712
f 1570 1712 1571
f 1571 1712 1713
f 1571 1713 1572
f 1572 1713 1714
f 1572 1714 1573
f 1573 1714 1715
f 1573 1715 1574
f 1574 1715 1716
f 1574 1716 1575
f 1575 1716 1717
f 1575 1717 1576
f 1576 1717 1718
f 1576 1718 1577
f 1577 1718 1719
f 1577 1719 1578
f 1578 1719 1720
f 1578 1720 1579
f 1579 1720 1721
f 1579 1721 1580
f 1580 1721 1722
f 1580 1722 1581
f 1581 1722 1723
f 1581 1723 1582
f 1582 1723 1724
f 1582 1724 1583
f 1583 1724 1725
f 1583 1725 1584
f 1584 1725 1726
f 1584 1726 1585
f 1585 1726 1727
f 1585 1727 1586
f 1586 1727 1728
f 1586 1728 1587
f 1587 1728 1729
f 1587 1729 1588
f 1588 1729 1730
f 1588 1730 1589
f 1589 1730 1731
f 1589 1731 1590
f 1590 1731 1732
f 1590 1732 1591
f 1591 1732 1733
f 1591 1733 1592
f 1592 1733 1734
f 1592 1734 1593
f 1593 1734 1735
f 1593 1735 1594
f 1594 1735 1736
f 1594 1736 1595
f 1595 1736 1737
f 1595 1737 1596
f 1596 1737 1738
f 1596 1738 1597
f 1597 1738 1739
f 1597 1739 1598
f 1598 1739 1740
f 1598 1740 1599
f 1599 1740 1741
f 1599 1741 1600
f 1600 1741 1742
f 1600 1742 1601
f 1601 1742 1743
f 1601 1743 1602
f 1602 1743 1744
f 1602 1744 1603
f 1603 1744 1745
f 1603 1745 1604
f 1604 1745 1746
f 1604 1746 1605
f 1605 1746 1747
f 1605 1747 1606
f 1606 1747 1748
f 1606 1748 1607
f 1607 1748 1749
f 1607 1749 1608
f 1608 1749 1750
f 1608 1750 1609
f 1609 1750 1751
f 1609 1751 1610
f 1610 1751 1752
f 1610 1752 1611
f 1611 1752 1753
f 1611 1753 1612
f 1612 1753 1754
f 1612 1754 1613
f 1613 1754 1755
f 1613 1755 1614
f 1614 1755 1756
f 1614 1756 1615
f 1615 1756 1757
f 1615 1757 1616
f 1616 1757 1758
f 1616 1758 1617
f 1617 1758 1759
f 1617 1759 1618
f 1618 1759 1760
f 1618 1760 1619
f 1619 1760 1761
f 1619 1761 1620
f 1620 1761 1762
f 1620 1762 1621
f 1621 1762 1763
f 1621 1763 1622
f 1622 1763 1764
f 1622 1764 1623
f 1623 1764 1765
f 1623 1765 1624
f 1624 1765 1766
f 1624 1766 1625
f 1625 1766 1767
f 1625 1767 1626
f 1626 1767 1768
f 1626 1768 1627
f 1627 1768 1769
f 1627 1769 1628
f 1628 1769 1770
f 1628 1770 1629
f 1629 1770 1771
f 1629 1771 1630
f 1630 1771 1772
f 1630 1772 1631
f 1631 1772 1773
f 1631 1773 1632
f 1632 1773 1774
f 1632 1774 1633
f 1633 1774 1775
f 1633 1775 1634
f 1634 1775 1776
f 1634 1776 1635
f 1635 1776 1777
f 1635 1777 1636
f 1636 1777 1778
f 1636 1778 1637
f 1637 1778 1779
f 1637 1779 1638
f 1638 1779 1780
f 1638 1780 1639
f 1639 1780 1781
f 1639 1781 1640
f 1640 1781 1782
f 1640 1782 1641
f 1641 1782 1783
f 1641 1783 1642
f 1642 1783 1784
f 1642 1784 1643
f 1643 1784 1785
f 1643 1785 1644
f 1644 1785 1786
f 1644 1786 1645
f 1645 1786 1787
f 1645 1787 1646
f 1646 1787 1788
f 1646 1788 1647
f 1647 1788 1789
f 1647 1789 1648
f 1648 1789 1790
f 1648 1790 1649
f 1649 1790 1791
f 1649 1791 1650
f 1650 1791 1792
f 1650 1792 1651
f 1651 1792 1793
f 1651 1793 1652
f 1652 1793 1794
f 1652 1794 1653
f 1653 1794 1795
f 1653 1795 1654
f 1654 1795 1796
f 1654 1796 1655
f 1655 1796 1797
f 1655 1797 1656
f 1656 1797 1798
f 1656 1798 1657
f 1657 1798 1799
f 1657 1799 1658
f 1658 1799 1800
f 1658 1800 1659
f 1659 1800 1801
f 1659 1801 1660
f 1660 1801 1802
f 1660 1802 1661
f 1661 1802 1803
f 1661 1803 1662
f 1662 1803 1804
f 1662 1804 1663
f 1663 1804 1805
f 1663 1805 1664
f 1664 1805 1806
f 1664 1806 1665
f 1665 1806 1807
f 1665 1807 1666
f 1666 1807 1808
f 1666 1808 1667
f 1667 1808 1809
f 1667 1809 1668
f 1668 1809 1810
f 1668 1810 1669
f 1669 1810 1811
f 1669 1811 1670
f 1670 1811 1812
f 1670 1812 1671
f 1671 1812 1813
f 1671 1813 1672
f 1672 1813 1814
f 1672 1814 1673
f 1673 1814 1815
f 1673 1815 1674
f 1674 1815 1816
f 1674 1816 1675
f 1675 1816 1817
f 1675 1817 1676
f 1676 1817 1818
f 1676 1818 1677
f 1677 1818 1819
f 1677 1819 1678
f 1678 1819 1820
f 1678 1820 1679
f 1679 1820 1821
f 1679 1821 1680
f 1680 1821 1822
f 1680 1822 1681
f 1681 1822 1823
f 1681 1823 1682
f 1682 1823 1824
f 1682 1824 1683
f 1683 1824 1825
f 1683 1825 1684
f 1684 1825 1826
f 1684 1826 1685
f 1685 1826 1827
f 1685 1827 1686
f 1686 1827 1828
f 1686 1828 1687
f 1687 1828 1829
f 1687 1829 1688
f 1688 1829 1830
f 1688 1830 1689
f 1689 1830 1831
f 1689 1831 1690
f 1690 1831 1832
f 1690 1832 1691
f 1691 1832 1833
f 1691 1833 1692
f 1692 1833 1693
f 1692 1693 1552
f 1693 1834 1835
f 1693 1835 1694
f 1694 1835 1836
f 1694 1836 1695
f 1695 1836 1837
f 1695 1837 1696
f 1696 1837 1838
f 1696 1838 1697
f 1697 1838 1839
f 1697 1839 1698
f 1698 1839 1840
f 1698 1840 1699
f 1699 1840 1841
f 1699 1841 1700
f 1700 1841 1842
f 1700 1842 1701
f 1701 1842 1843
f 1701 1843 1702
f 1702 1843 1844
f 1702 1844 1703
f 1703 1844 1845
f 1703 1845 1704
f 1704 1845 1846
f 1704 1846 1705
f 1705 1846 1847
f 1705 1847 1706
f 1706 1847 1848
f 1706 1848 1707
f 1707 1848 1849
f 1707 1849 1708
f 1708 1849 1850
f 1708 1850 1709
f 1709 1850 1851
f 1709 1851 1710
f 1710 1851 1852
f 1710 1852 1711
f 1711 1852 1853
f 1711 1853 1712
f 1712 1853 1854
f 1712 1854 1713
f 1713 1854 1855
f 1713 1855 1714
f 1714 1855 1856
f 1714 1856 1715
f 1715 1856 1857
f 1715 1857 1716
f 1716 1857 1858
f 1716 1858 1717
f 1717 1858 1859
f 1717 1859 1718
f 1718 1859 1860
f 1718 1860 1719
f 1719 1860 1861
f 1719 1861 1720
f 1720 1861 1862
f 1720 1862 1721
f 1721 1862 1863
f 1721 1863 1722
f 1722 1863 1864
f 1722 1864 1723
f 1723 1864 1865
f 1723 1865 1724
f 1724 1865 1866
f 1724 1866 1725
f 1725 1866 1867
f 1725 1867 1726
f 1726 1867 1868
f 1726 1868 1727
f 1727 1868 1869
f 1727 1869 1728
f 1728 1869 1870
f 1728 1870 1729
f 1729 1870 1871
f 1729 1871 1730
f 1730 1871 1872
f 1730 1872 1731
f 1731 1872 1873
f 1731 1873 1732
f 1732 1873 1874
f 1732 1874 1733
f 1733 1874 1875
f 1733 1875 1734
f 1734 1875 1876
f 1734 1876 1735
f 1735 1876 1877
f 1735 1877 1736
f 1736 1877 1878
f 1736 1878 1737
f 1737 1878 1879
f 1737 1879 1738
f 1738 1879 1880
f 1738 1880 1739
f 1739 1880 1881
f 1739 1881 1740
f 1740 1881 1882
f 1740 1882 1741
f 1741 1882 1883
f 1741 1883 1742
f 1742 1883 1884
f 1742 1884 1743
f 1743 1884 1885
f 1743 1885 1744
f 1744 1885 1886
f 1744 1886 1745
f 1745 1886 1887
f 1745 1887 1746
f 1746 1887 1888
f 1746 1888 1747
f 1747 1888 1889
f 1747 1889 1748
f 1748 1889 1890
f 1748 1890 1749
f 1749 1890 1891
f 1749 1891 1750
f 1750 1891 1892
f 1750 1892 1751
f 1751 1892 1893
f 1751 1893 1752
f 1752 1893 1894
f 1752 1894 1753
f 1753 1894 1895
f 1753 1895 1754
f 1754 1895 1896
f 1754 1896 1755
f 1755 1896 1897
f 1755 1897 1756
f 1756 1897 1898
f 1756 1898 1757
f 1757 1898 1899
f 1757 1899 1758
f 1758 1899 1900
f 1758 1900 1759
f 1759 1900 1901
f 1759 1901 1760
f 1760 1901 1902
f 1760 1902 1761
f 1761 1902 1903
f 1761 1903 1762
f 1762 1903 1904
f 1762 1904 1763
f 1763 1904 1905
f 1763 1905 1764
f 1764 1905 1906
f 1764 1906 1765
f 1765 1906 1907
f 1765 1907 1766
f 1766 1907 1908
f 1766 1908 1767
f 1767 1908 1909
f 1767 1909 1768
f 1768 1909 1910
f 1768 1910 1769
f 1769 1910 1911
f 1769 1911 1770
f 1770 1911 1912
f 1770 1912 1771
f 1771 1912 1913
f 1771 1913 1772
f 1772 1913 1914
f 1772 1914 1773
f 1773 1914 1915
f 1773 1915 1774
f 1774 1915 1916
f 1774 1916 1775
f 1775 1916 1917
f 1775 1917 1776
f 1776 1917 1918
f 1776 1918 1777
f 1777 1918 1919
f 1777 1919 1778
f 1778 1919 1920
f 1778 1920 1779
f 1779 1920 1921
f 1779 1921 1780
f 1780 1921 1922
f 1780 1922 1781
f 1781 1922 1923
f 1781 1923 1782
f 1782 1923 1924
f 1782 1924 1783
f 1783 1924 1925
f 1783 1925 1784
f 1784 1925 1926
f 1784 1926 1785
f 1785 1926 1927
f 1785 1927 1786
f 1786 1927 1928
f 1786 1928 1787
f 1787 1928 1929
f 1787 1929 1788
f 1788 1929 1930
f 1788 1930 1789
f 1789 1930 1931
f 1789 1931 1790
f 1790 1931 1932
f 1790 1932 1791
f 1791 1932 1933
f 1791 1933 1792
f 1792 1933 1934
f 1792 1934 1793
f 1793 1934 1935
f 1793 1935 1794
f 1794 1935 1936
f 1794 1936 1795
f 1795 1936 1937
f 1795 1937 1796
f 1796 1937 1938
f 1796 1938 1797
f 1797 1938 1939
f 1797 1939 1798
f 1798 1939 1940
f 1798 1940 1799
f 1799 1940 1941
f 1799 1941 1800
f 1800 1941 1942
f 1800 1942 1801
f 1801 1942 1943
f 1801 1943 1802
f 1802 1943 1944
f 1802 1944 1803
f 1803 1944 1945
f 1803 1945 1804
f 1804 1945 1946
f 1804 1946 1805
f 1805 1946 1947
f 1805 1947 1806
f 1806 1947 1948
f 1806 1948 1807
f 1807 1948 1949
f 1807 1949 1808
f 1808 1949 1950
f 1808 1950 1809
f 1809 1950 1951
f 1809 1951 1810
f 1810 1951 1952
f 1810 1952 1811
f 1811 1952 1953
f 1811 1953 1812
f 1812 1953 1954
f 1812 1954 1813
f 1813 1954 1955
f 1813 1955 1814
f 1814 1955 1956
f 1814 1956 1815
f 1815 1956 1957
f 1815 1957 1816
f 1816 1957 1958
f 1816 1958 1817
f 1817 1958 1959
f 1817 1959 1818
f 1818 1959 1960
f 1818 1960 1819
f 1819 1960 1961
f 1819 1961 1820
f 1820 1961 1962
f 1820 1962 1821
f 1821 1962 1963
f 1821 1963 1822
f 1822 1963 1964
f 1822 1964 1823
f 1823 1964 1965
f 1823 1965 1824
f 1824 1965 1966
f 1824 1966 1825
f 1825 1966 1967
f 1825 1967 1826
f 1826 1967 1968
f 1826 1968 1827
f 1827 1968 1969
f 1827 1969 1828
f 1828 1969 1970
f 1828 1970 1829
f 1829 1970 1971
f 1829 1971 1830
f 1830 1971 1972
f 1830 1972 1831
f 1831 1972 1973
f 1831 1973 1832
f 1832 1973 1974
f 1832 1974 1833
f 1833 1974 1834
f 1833 1834 1693
f 1834 1975 1976
f 1834 1976 1835
f 1835 1976 1977
f 1835 1977 1836
f 1836 1977 1978
f 1836 1978 1837
f 1837 1978 1979
f 1837 1979 1838
f 1838 1979 1980
f 1838 1980 1839
f 1839 1980 1981
f 1839 1981 1840
f 1840 1981 1982
f 1840 1982 1841
f 1841 1982 1983
f 1841 1983 1842
f 1842 1983 1984
f 1842 1984 1843
f 1843 1984 1985
f 1843 1985 1844
f 1844 1985 1986
f 1844 1986 1845
f 1845 1986 1987
f 1845 1987 1846
f 1846 1987 1988
f 1846 1988 1847
f 1847 1988 1989
f 1847 1989 1848
f 1848 1989 1990
f 1848 1990 1849
f 1849 1990 1991
f 1849 1991 1850
f 1850 1991 1992
f 1850 1992 1851
f 1851 1992 1993
f 1851 1993 1852
f 1852 1993 1994
f 1852 1994 1853
f 1853 1994 1995
f 1853 1995 1854
f 1854 1995 1996
f 1854 1996 1855
f 1855 1996 1997
f 1855 1997 1856
f 1856 1997 1998
f 1856 1998 1857
f 1857 1998 1999
f 1857 1999 1858
f 1858 1999 2000
f 1858 2000 1859
f 1859 2000 2001
f 1859 2001 1860
f 1860 2001 2002
f 1860 2002 1861
f 1861 2002 2003
f 1861 2003 1862
f 1862 2003 2004
f 1862 2004 1863
f 1863 2004 2005
f 1863 2005 1864
f 1864 2005 2006
f 1864 2006 1865
f 1865 2006 2007
f 1865 2007 1866
f 1866 2007 2008
f 1866 2008 1867
f 1867 2008 2009
f 1867 2009 1868
f 1868 2009 2010
f 1868 2010 1869
f 1869 2010 2011
f 1869 2011 1870
f 1870 2011 2012
f 1870 2012 1871
f 1871 2012 2013
f 1871 2013 1872
f 1872 2013 2014
f 1872 2014 1873
f 1873 2014 2015
f 1873 2015 1874
f 1874 2015 2016
f 1874 2016 1875
f 1875 2016 2017
f 1875 2017 1876
f 1876 2017 2018
f 1876 2018 1877
f 1877 2018 2019
f 1877 2019 1878
f 1878 2019 2020
f 1878 2020 1879
f 1879 2020 2021
f 1879 2021 1880
f 1880 2021 2022
f 1880 2022 1881
f 1881 2022 2023
f 1881 2023 1882
f 1882 2023 2024
f 1882 2024 1883
f 1883 2024 2025
f 1883 2025 1884
f 1884 2025 2026
f 1884 2026 1885
f 1885 2026 2027
f 1885 2027 1886
f 1886 2027 2028
f 1886 2028 1887
f 1887 2028 2029
f 1887 2029 1888
f 1888 2029 2030
f 1888 2030 1889
f 1889 2030 2031
f 1889 2031 1890
f 1890 2031 2032
f 1890 2032 1891
f 1891 2032 2033
f 1891 2033 1892
f 1892 2033 2034
f 1892 2034 1893
f 1893 2034 2035
f 1893 2035 1894
f 1894 2035 2036
f 1894 2036 1895
f 1895 2036 2037
f 1895 2037 1896
f 1896 2037 2038
f 1896 2038 1897
f 1897 2038 2039
f 1897 2039 1898
f 1898 2039 2040
f 1898 2040 1899
f 1899 2040 2041
f 1899 2041 1900
f 1900 2041 2042
f 1900 2042 1901
f 1901 2042 2043
f 1901 2043 1902
f 1902 2043 2044
f 1902 2044 1903
f 1903 2044 2045
f 1903 2045 1904
f 1904 2045 2046
f 1904 2046 1905
f 1905 2046 2047
f 1905 2047 1906
f 1906 2047 2048
f 1906 2048 1907
f 1907 2048 2049
f 1907 2049 1908
f 1908 2049 2050
f 1908 2050 1909
f 1909 2050 2051
f 1909 2051 1910
f 1910 2051 2052
f 1910 2052 1911
f 1911 2052 2053
f 1911 2053 1912
f 1912 2053 2054
f 1912 2054 1913
f 1913 2054 2055
f 1913 2055 1914
f 1914 2055 2056
f 1914 2056 1915
f 1915 2056 2057
f 1915 2057 1916
f 1916 2057 2058
f 1916 2058 1917
f 1917 2058 2059
f 1917 2059 1918
f 1918 2059 2060
f 1918 2060 1919
f 1919 2060 2061
f 1919 2061 1920
f 1920 2061 2062
f 1920 2062 1921
f 1921 2062 2063
f 1921 2063 1922
f 1922 2063 2064
f 1922 2064 1923
f 1923 2064 2065
f 1923 2065 1924
f 1924 2065 2066
f 1924 2066 1925
f 1925 2066 2067
f 1925 2067 1926
f 1926 2067 2068
f 1926 2068 1927
f 1927 2068 2069
f 1927 2069 1928
f 1928 2069 2070
f 1928 2070 1929
f 1929 2070 2071
f 1929 2071 1930
f 1930 2071 2072
f 1930 2072 1931
f 1931 2072 2073
f 1931 2073 1932
f 1932 2073 2074
f 1932 2074 1933
f 1933 2074 2075
f 1933 2075 1934
f 1934 2075 2076
f 1934 2076 1935
f 1935 2076 2077
f 1935 2077 1936
f 1936 2077 2078
f 1936 2078 1937
f 1937 2078 2079
f 1937 2079 1938
f 1938 2079 2080
f 1938 2080 1939
f 1939 2080 2081
f 1939 2081 1940
f 1940 2081 2082
f 1940 2082 1941
f 1941 2082 2083
f 1941 2083 1942
f 1942 2083 2084
f 1942 2084 1943
f 1943 2084 2085
f 1943 2085 1944
f 1944 2085 2086
f 1944 2086 1945
f 1945 2086 2087
f 1945 2087 1946
f 1946 2087 2088
f 1946 2088 1947
f 1947 2088 2089
f 1947 2089 1948
f 1948 2089 2090
f 1948 2090 1949
f 1949 2090 2091
f 1949 2091 1950
f 1950 2091 2092
f 1950 2092 1951
f 1951 2092 2093
f 1951 2093 1952
f 1952 2093 2094
f 1952 2094 1953
f 1953 2094 2095
f 1953 2095 1954
f 1954 2095 2096
f 1954 2096 1955
f 1955 2096 2097
f 1955 2097 1956
f 1956 2097 2098
f 1956 2098 1957
f 1957 2098 2099
f 1957 2099 1958
f 1958 2099 2100
f 1958 2100 1959
f 1959 2100 2101
f 1959 2101 1960
f 1960 2101 2102
f 1960 2102 1961
f 1961 2102 2103
f 1961 2103 1962
f 1962 2103 2104
f 1962 2104 1963
f 1963 2104 2105
f 1963 2105 1964
f 1964 2105 2106
f 1964 2106 1965
f 1965 2106 2107
f 1965 2107 1966
f 1966 2107 2108
f 1966 2108 1967
f 1967 2108 2109
f 1967 2109 1968
f 1968 2109 2110
f 1968 2110 1969
f 1969 2110 2111
f 1969 2111 1970
f 1970 2111 2112
f 1970 2112 1971
f 1971 2112 2113
f 1971 2113 1972
f 1972 2113 2114
f 1972 2114 1973
f 1973 2114 2115
f 1973 2115 1974
f 1974 2115 1975
f 1974 1975 1834
f 1975 2116 2117
f 1975 2117 1976
f 1976 2117 2118
f 1976 2118 1977
f 1977 2118 2119
f 1977 2119 1978
f 1978 2119 2120
f 1978 2120 1979
f 1979 2120 2121
f 1979 2121 1980
f 1980 2121 2122
f 1980 2122 1981
f 1981 2122 2123
f 1981 2123 1982
f 1982 2123 2124
f 1982 2124 1983
f 1983 2124 2125
f 1983 2125 1984
f 1984 2125 2126
f 1984 2126 1985
f 1985 2126 2127
f 1985 2127 1986
f 1986 2127 2128
f 1986 2128 1987
f 1987 2128 2129
f 1987 2129 1988
f 1988 2129 2130
f 1988 2130 1989
f 1989 2130 2131
f 1989 2131 1990
f 1990 2131 2132
f 1990 2132 1991
f 1991 2132 2133
f 1991 2133 1992
f 1992 2133 2134
f 1992 2134 1993
f 1993 2134 2135
f 1993 2135 1994
f 1994 2135 2136
f 1994 2136 1995
f 1995 2136 2137
f 1995 2137 1996
f 1996 2137 2138
f 1996 2138 1997
f 1997 2138 2139
f 1997 2139 1998
f 1998 2139 2140
f 1998 2140 1999
f 1999 2140 2141
f 1999 2141 2000
f 2000 2141 2142
f 2000 2142 2001
f 2001 2142 2143
f 2001 2143 2002
f 2002 2143 2144
f 2002 2144 2003
f 2003 2144 2145
f 2003 2145 2004
f 2004 2145 2146
f 2004 2146 2005
f 2005 2146 2147
f 2005 2147 2006
f 2006 2147 2148
f 2006 2148 2007
f 2007 2148 2149
f 2007 2149 2008
f 2008 2149 2150
f 2008 2150 2009
f 2009 2150 2151
f 2009 2151 2010
f 2010 2151 2152
f 2010 2152 2011
f 2011 2152 2153
f 2011 2153 2012
f 2012 2153 2154
f 2012 2154 2013
f 2013 2154 2155
f 2013 2155 2014
f 2014 2155 2156
f 2014 2156 2015
f 2015 2156 2157
f 2015 2157 2016
f 2016 2157 2158
f 2016 2158 2017
f 2017 2158 2159
f 2017 2159 2018
f 2018 2159 2160
f 2018 2160 2019
f 2019 2160 2161
f 2019 2161 2020
f 2020 2161 2162
f 2020 2162 2021
f 2021 2162 2163
f 2021 2163 2022
f 2022 2163 2164
f 2022 2164 2023
f 2023 2164 2165
f 2023 2165 2024
f 2024 2165 2166
f 2024 2166 2025
f 2025 2166 2167
f 2025 2167 2026
f 2026 2167 2168
f 2026 2168 2027
f 2027 2168 2169
f 2027 2169 2028
f 2028 2169 2170
f 2028 2170 2029
f 2029 2170 2171
f 2029 2171 2030
f 2030 2171 2172
f 2030 2172 2031
f 2031 2172 2173
f 2031 2173 2032
f 2032 2173 2174
f 2032 2174 2033
f 2033 2174 2175
f 2033 2175 2034
f 2034 2175 2176
f 2034 2176 2035
f 2035 2176 2177
f 2035 2177 2036
f 2036 2177 2178
f 2036 2178 2037
f 2037 2178 2179
f 2037 2179 2038
f 2038 2179 2180
f 2038 2180 2039
f 2039 2180 2181
f 2039 2181 2040
f 2040 2181 2182
f 2040 2182 2041
f 2041 2182 2183
f 2041 2183 2042
f 2042 2183 2184
f 2042 2184 2043
f 2043 2184 2185
f 2043 2185 2044
f 2044 2185 2186
f 2044 2186 2045
f 2045 2186 2187
f 2045 2187 2046
f 2046 2187 2188
f 2046 2188 2047
f 2047 2188 2189
f 2047 2189 2048
f 2048 2189 2190
f 2048 2190 2049
f 2049 2190 2191
f 2049 2191 2050
f 2050 2191 2192
f 2050 2192 2051
f 2051 2192 2193
f 2051 2193 2052
f 2052 2193 2194
f 2052 2194 2053
f 2053 2194 2195
f 2053 2195 2054
f 2054 2195 2196
f 2054 2196 2055
f 2055 2196 2197
f 2055 2197 2056
f 2056 2197 2198
f 2056 2198 2057
f 2057 2198 2199
f 2057 2199 2058
f 2058 2199 2200
f 2058 2200 2059
f 2059 2200 2201
f 2059 2201 2060
f 2060 2201 2202
f 2060 2202 2061
f 2061 2202 2203
f 2061 2203 2062
f 2062 2203 2204
f 2062 2204 2063
f 2063 2204 2205
f 2063 2205 2064
f 2064 2205 2206
f 2064 2206 2065
f 2065 2206 2207
f 2065 2207 2066
f 2066 2207 2208
f 2066 2208 2067
f 2067 2208 2209
f 2067 2209 2068
f 2068 2209 2210
f 2068 2210 2069
f 2069 2210 2211
f 2069 2211 2070
f 2070 2211 2212
f 2070 2212 2071
f 2071 2212 2213
f 2071 2213 2072
f 2072 2213 2214
f 2072 2214 2073
f 2073 2214 2215
f 2073 2215 2074
f 2074 2215 2216
f 2074 2216 2075
f 2075 2216 2217
f 2075 2217 2076
f 2076 2217 2218
f 2076 2218 2077
f 2077 2218 2219
f 2077 2219 2078
f 2078 2219 2220
f 2078 2220 2079
f 2079 2220 2221
f 2079 2221 2080
f 2080 2221 2222
f 2080 2222 2081
f 2081 2222 2223
f 2081 2223 2082
f 2082 2223 2224
f 2082 2224 2083
f 2083 2224 2225
f 2083 2225 2084
f 2084 2225 2226
f 2084 2226 2085
f 2085 2226 2227
f 2085 2227 2086
f 2086 2227 2228
f 2086 2228 2087
f 2087 2228 2229
f 2087 2229 2088
f 2088 2229 2230
f 2088 2230 2089
f 2089 2230 2231
f 2089 2231 2090
f 2090 2231 2232
f 2090 2232 2091
f 2091 2232 2233
f 2091 2233 2092
f 2092 2233 2234
f 2092 2234 2093
f 2093 2234 2235
f 2093 2235 2094
f 2094 2235 2236
f 2094 2236 2095
f 2095 2236 2237
f 2095 2237 2096
f 2096 2237 2238
f 2096 2238 2097
f 2097 2238 2239
f 2097 2239 2098
f 2098 2239 2240
f 2098 2240 2099
f 2099 2240 2241
f 2099 2241 2100
f 2100 2241 2242
f 2100 2242 2101
f 2101 2242 2243
f 2101 2243 2102
f 2102 2243 2244
f 2102 2244 2103
f 2103 2244 2245
f 2103 2245 2104
f 2104 2245 2246
f 2104 2246 2105
f 2105 2246 2247
f 2105 2247 2106
f 2106 2247 2248
f 2106 2248 2107
f 2107 2248 2249
f 2107 2249 2108
f 2108 2249 2250
f 2108 2250 2109
f 2109 2250 2251
f 2109 2251 2110
f 2110 2251 2252
f 2110 2252 2111
f 2111 2252 2253
f 2111 2253 2112
f 2112 2253 2254
f 2112 2254 2113
f 2113 2254 2255
f 2113 2255 2114
f 2114 2255 2256
f 2114 2256 2115
f 2115 2256 2116
f 2115 2116 1975
f 2116 2257 2258
f 2116 2258 2117
f 2117 2258 2259
f 2117 2259 2118
f 2118 2259 2260
f 2118 2260 2119
f 2119 2260 2261
f 2119 2261 2120
f 2120 2261 2262
f 2120 2262 2121
f 2121 2262 2263
f 2121 2263 2122
f 2122 2263 2264
f 2122 2264 2123
f 2123 2264 2265
f 2123 2265 2124
f 2124 2265 2266
f 2124 2266 2125
f 2125 2266 2267
f 2125 2267 2126
f 2126 2267 2268
f 2126 2268 2127
f 2127 2268 2269
f 2127 2269 2128
f 2128 2269 2270
f 2128 2270 2129
f 2129 2270 2271
f 2129 2271 2130
f 2130 2271 2272
f 2130 2272 2131
f 2131 2272 2273
f 2131 2273 2132
f 2132 2273 2274
f 2132 2274 2133
f 2133 2274 2275
f 2133 2275 2134
f 2134 2275 2276
f 2134 2276 2135
f 2135 2276 2277
f 2135 2277 2136
f 2136 2277 2278
f 2136 2278 2137
f 2137 2278 2279
f 2137 2279 2138
f 2138 2279 2280
f 2138 2280 2139
f 2139 2280 2281
f 2139 2281 2140
f 2140 2281 2282
f 2140 2282 2141
f 2141 2282 2283
f 2141 2283 2142
f 2142 2283 2284
f 2142 2284 2143
f 2143 2284 2285
f 2143 2285 2144
f 2144 2285 2286
f 2144 2286 2145
f 2145 2286 2287
f 2145 2287 2146
f 2146 2287 2288
f 2146 2288 2147
f 2147 2288 2289
f 2147 2289 2148
f 2148 2289 2290
f 2148 2290 2149
f 2149 2290 2291
f 2149 2291 2150
f 2150 2291 2292
f 2150 2292 2151
f 2151 2292 2293
f 2151 2293 2152
f 2152 2293 2294
f 2152 2294 2153
f 2153 2294 2295
f 2153 2295 2154
f 2154 2295 2296
f 2154 2296 2155
f 2155 2296 2297
f 2155 2297 2156
f 2156 2297 2298
f 2156 2298 2157
f 2157 2298 2299
f 2157 2299 2158
f 2158 2299 2300
f 2158 2300 2159
f 2159 2300 2301
f 2159 2301 2160
f 2160 2301 2302
f 2160 2302 2161
f 2161 2302 2303
f 2161 2303 2162
f 2162 2303 2304
f 2162 2304 2163
f 2163 2304 2305
f 2163 2305 2164
f 2164 2305 2306
f 2164 2306 2165
f 2165 2306 2307
f 2165 2307 2166
f 2166 2307 2308
f 2166 2308 2167
f 2167 2308 2309
f 2167 2309 2168
f 2168 2309 2310
f 2168 2310 2169
f 2169 2310 2311
f 2169 2311 2170
f 2170 2311 2312
f 2170 2312 2171
f 2171 2312 2313
f 2171 2313 2172
f 2172 2313 2314
f 2172 2314 2173
f 2173 2314 2315
f 2173 2315 2174
f 2174 2315 2316
f 2174 2316 2175
f 2175 2316 2317
f 2175 2317 2176
f 2176 2317 2318
f 2176 2318 2177
f 2177 2318 2319
f 2177 2319 2178
f 2178 2319 2320
f 2178 2320 2179
f 2179 2320 2321
f 2179 2321 2180
f 2180 2321 2322
f 2180 2322 2181
f 2181 2322 2323
f 2181 2323 2182
f 2182 2323 2324
f 2182 2324 2183
f 2183 2324 2325
f 2183 2325 2184
f 2184 2325 2326
f 2184 2326 2185
f 2185 2326 2327
f 2185 2327 2186
f 2186 2327 2328
f 2186 2328 2187
f 2187 2328 2329
f 2187 2329 2188
f 2188 2329 2330
f 2188 2330 2189
f 2189 2330 2331
f 2189 2331 2190
f 2190 2331 2332
f 2190 2332 2191
f 2191 2332 2333
f 2191 2333 2192
f 2192 2333 2334
f 2192 2334 2193
f 2193 2334 2335
f 2193 2335 2194
f 2194 2335 2336
f 2194 2336 2195
f 2195 2336 2337
f 2195 2337 2196
f 2196 2337 2338
f 2196 2338 2197
f 2197 2338 2339
f 2197 2339 2198
f 2198 2339 2340
f 2198 2340 2199
f 2199 2340 2341
f 2199 2341 2200
f 2200 2341 2342
f 2200 2342 2201
f 2201 2342 2343
f 2201 2343 2202
f 2202 2343 2344
f 2202 2344 2203
f 2203 2344 2345
f 2203 2345 2204
f 2204 2345 2346
f 2204 2346 2205
f 2205 2346 2347
f 2205 2347 2206
f 2206 2347 2348
f 2206 2348 2207
f 2207 2348 2349
f 2207 2349 2208
f 2208 2349 2350
f 2208 2350 2209
f 2209 2350 2351
f 2209 2351 2210
f 2210 2351 2352
f 2210 2352 2211
f 2211 2352 2353
f 2211 2353 2212
f 2212 2353 2354
f 2212 2354 2213
f 2213 2354 2355
f 2213 2355 2214
f 2214 2355 2356
f 2214 2356 2215
f 2215 2356 2357
f 2215 2357 2216
f 2216 2357 2358
f 2216 2358 2217
f 2217 2358 2359
f 2217 2359 2218
f 2218 2359 2360
f 2218 2360 2219
f 2219 2360 2361
f 2219 2361 2220
f 2220 2361 2362
f 2220 2362 2221
f 2221 2362 2363
f 2221 2363 2222
f 2222 2363 2364
f 2222 2364 2223
f 2223 2364 2365
f 2223 2365 2224
f 2224 2365 2366
f 2224 2366 2225
f 2225 2366 2367
f 2225 2367 2226
f 2226 2367 2368
f 2226 2368 2227
f 2227 2368 2369
f 2227 2369 2228
f 2228 2369 2370
f 2228 2370 2229
f 2229 2370 2371
f 2229 2371 2230
f 2230 2371 2372
f 2230 2372 2231
f 2231 2372 2373
f 2231 2373 2232
f 2232 2373 2374
f 2232 2374 2233
f 2233 2374 2375
f 2233 2375 2234
f 2234 2375 2376
f 2234 2376 2235
f 2235 2376 2377
f 2235 2377 2236
f 2236 2377 2378
f 2236 2378 2237
f 2237 2378 2379
f 2237 2379 2238
f 2238 2379 2380
f 2238 2380 2239
f 2239 2380 2381
f 2239 2381 2240
f 2240 2381 2382
f 2240 2382 2241
f 2241 2382 2383
f 2241 2383 2242
f 2242 2383 2384
f 2242 2384 2243
f 2243 2384 2385
f 2243 2385 2244
f 2244 2385 2386
f 2244 2386 2245
f 2245 2386 2387
f 2245 2387 2246
f 2246 2387 2388
f 2246 2388 2247
f 2247 2388 2389
f 2247 2389 2248
f 2248 2389 2390
f 2248 2390 2249
f 2249 2390 2391
f 2249 2391 2250
f 2250 2391 2392
f 2250 2392 2251
f 2251 2392 2393
f 2251 2393 2252
f 2252 2393 2394
f 2252 2394 2253
f 2253 2394 2395
f 2253 2395 2254
f 2254 2395 2396
f 2254 2396 2255
f 2255 2396 2397
f 2255 2397 2256
f 2256 2397 2257
f 2256 2257 2116
f 2257 2398 2399
f 2257 2399 2258
f 2258 2399 2400
f 2258 2400 2259
f 2259 2400 2401
f 2259 2401 2260
f 2260 2401 2402
f 2260 2402 2261
f 2261 2402 2403
f 2261 2403 2262
f 2262 2403 2404
f 2262 2404 2263
f 2263 2404 2405
f 2263 2405 2264
f 2264 2405 2406
f 2264 2406 2265
f 2265 2406 2407
f 2265 2407 2266
f 2266 2407 2408
f 2266 2408 2267
f 2267 2408 2409
f 2267 2409 2268
f 2268 2409 2410
f 2268 2410 2269
f 2269 2410 2411
f 2269 2411 2270
f 2270 2411 2412
f 2270 2412 2271
f 2271 2412 2413
f 2271 2413 2272
f 2272 2413 2414
f 2272 2414 2273
f 2273 2414 2415
f 2273 2415 2274
f 2274 2415 2416
f 2274 2416 2275
f 2275 2416 2417
f 2275 2417 2276
f 2276 2417 2418
f 2276 2418 2277
f 2277 2418 2419
f 2277 2419 2278
f 2278 2419 2420
f 2278 2420 2279
f 2279 2420 2421
f 2279 2421 2280
f 2280 2421 2422
f 2280 2422 2281
f 2281 2422 2423
f 2281 2423 2282
f 2282 2423 2424
f 2282 2424 2283
f 2283 2424 2425
f 2283 2425 2284
f 2284 2425 2426
f 2284 2426 2285
f 2285 2426 2427
f 2285 2427 2286
f 2286 2427 2428
f 2286 2428 2287
f 2287 2428 2429
f 2287 2429 2288
f 2288 2429 2430
f 2288 2430 2289
f 2289 2430 2431
f 2289 2431 2290
f 2290 2431 2432
f 2290 2432 2291
f 2291 2432 2433
f 2291 2433 2292
f 2292 2433 2434
f 2292 2434 2293
f 2293 2434 2435
f 2293 2435 2294
f 2294 2435 2436
f 2294 2436 2295
f 2295 2436 2437
f 2295 2437 2296
f 2296 2437 2438
f 2296 2438 2297
f 2297 2438 2439
f 2297 2439 2298
f 2298 2439 2440
f 2298 2440 2299
f 2299 2440 2441
f 2299 2441 2300
f 2300 2441 2442
f 2300 2442 2301
f 2301 2442 2443
f 2301 2443 2302
f 2302 2443 2444
f 2302 2444 2303
f 2303 2444 2445
f 2303 2445 2304
f 2304 2445 2446
f 2304 2446 2305
f 2305 2446 2447
f 2305 2447 2306
f 2306 2447 2448
f 2306 2448 2307
f 2307 2448 2449
f 2307 2449 2308
f 2308 2449 2450
f 2308 2450 2309
f 2309 2450 2451
f 2309 2451 2310
f 2310 2451 2452
f 2310 2452 2311
f 2311 2452 2453
f 2311 2453 2312
f 2312 2453 2454
f 2312 2454 2313
f 2313 2454 2455
f 2313 2455 2314
f 2314 2455 2456
f 2314 2456 2315
f 2315 2456 2457
f 2315 2457 2316
f 2316 2457 2458
f 2316 2458 2317
f 2317 2458 2459
f 2317 2459 2318
f 2318 2459 2460
f 2318 2460 2319
f 2319 2460 2461
f 2319 2461 2320
f 2320 2461 2462
f 2320 2462 2321
f 2321 2462 2463
f 2321 2463 2322
f 2322 2463 2464
f 2322 2464 2323
f 2323 2464 2465
f 2323 2465 2324
f 2324 2465 2466
f 2324 2466 2325
f 2325 2466 2467
f 2325 2467 2326
f 2326 2467 2468
f 2326 2468 2327
f 2327 2468 2469
f 2327 2469 2328
f 2328 2469 2470
f 2328 2470 2329
f 2329 2470 2471
f 2329 2471 2330
f 2330 2471 2472
f 2330 2472 2331
f 2331 2472 2473
f 2331 2473 2332
f 2332 2473 2474
f 2332 2474 2333
f 2333 2474 2475
f 2333 2475 2334
f 2334 2475 2476
f 2334 2476 2335
f 2335 2476 2477
f 2335 2477 2336
f 2336 2477 2478
f 2336 2478 2337
f 2337 2478 2479
f 2337 2479 2338
f 2338 2479 2480
f 2338 2480 2339
f 2339 2480 2481
f 2339 2481 2340
f 2340 2481 2482
f 2340 2482 2341
f 2341 2482 2483
f 2341 2483 2342
f 2342 2483 2484
f 2342 2484 2343
f 2343 2484 2485
f 2343 2485 2344
f 2344 2485 2486
f 2344 2486 2345
f 2345 2486 2487
f 2345 2487 2346
f 2346 2487 2488
f 2346 2488 2347
f 2347 2488 2489
f 2347 2489 2348
f 2348 2489 2490
f 2348 2490 2349
f 2349 2490 2491
f 2349 2491 2350
f 2350 2491 2492
f 2350 2492 2351
f 2351 2492 2493
f 2351 2493 2352
f 2352 2493 2494
f 2352 2494 2353
f 2353 2494 2495
f 2353 2495 2354
f 2354 2495 2496
f 2354 2496 2355
f 2355 2496 2497
f 2355 2497 2356
f 2356 2497 2498
f 2356 2498 2357
f 2357 2498 2499
f 2357 2499 2358
f 2358 2499 2500
f 2358 2500 2359
f 2359 2500 2501
f 2359 2501 2360
f 2360 2501 2502
f 2360 2502 2361
f 2361 2502 2503
f 2361 2503 2362
f 2362 2503 2504
f 2362 2504 2363
f 2363 2504 2505
f 2363 2505 2364
f 2364 2505 2506
f 2364 2506 2365
f 2365 2506 2507
f 2365 2507 2366
f 2366 2507 2508
f 2366 2508 2367
f 2367 2508 2509
f 2367 2509 2368
f 2368 2509 2510
f 2368 2510 2369
f 2369 2510 2511
f 2369 2511 2370
f 2370 2511 2512
f 2370 2512 2371
f 2371 2512 2513
f 2371 2513 2372
f 2372 2513 2514
f 2372 2514 2373
f 2373 2514 2515
f 2373 2515 2374
f 2374 2515 2516
f 2374 2516 2375
f 2375 2516 2517
f 2375 2517 2376
f 2376 2517 2518
f 2376 2518 2377
f 2377 2518 2519
f 2377 2519 2378
f 2378 2519 2520
f 2378 2520 2379
f 2379 2520 2521
f 2379 2521 2380
f 2380 2521 2522
f 2380 2522 2381
f 2381 2522 2523
f 2381 2523 2382
f 2382 2523 2524
f 2382 2524 2383
f 2383 2524 2525
f 2383 2525 2384
f 2384 2525 2526
f 2384 2526 2385
f 2385 2526 2527
f 2385 2527 2386
f 2386 2527 2528
f 2386 2528 2387
f 2387 2528 2529
f 2387 2529 2388
f 2388 2529 2530
f 2388 2530 2389
f 2389 2530 2531
f 2389 2531 2390
f 2390 2531 2532
f 2390 2532 2391
f 2391 2532 2533
f 2391 2533 2392
f 2392 2533 2534
f 2392 2534 2393
f 2393 2534 2535
f 2393 2535 2394
f 2394 2535 2536
f 2394 2536 2395
f 2395 2536 2537
f 2395 2537 2396
f 2396 2537 2538
f 2396 2538 2397
f 2397 2538 2398
f 2397 2398 2257
f 2398 2539 2540
f 2398 2540 2399
f 2399 2540 2541
f 2399 2541 2400
f 2400 2541 2542
f 2400 2542 2401
f 2401 2542 2543
f 2401 2543 2402
f 2402 2543 2544
f 2402 2544 2403
f 2403 2544 2545
f 2403 2545 2404
f 2404 2545 2546
f 2404 2546 2405
f 2405 2546 2547
f 2405 2547 2406
f 2406 2547 2548
f 2406 2548 2407
f 2407 2548 2549
f 2407 2549 2408
f 2408 2549 2550
f 2408 2550 2409
f 2409 2550 2551
f 2409 2551 2410
f 2410 2551 2552
f 2410 2552 2411
f 2411 2552 2553
f 2411 2553 2412
f 2412 2553 2554
f 2412 2554 2413
f 2413 2554 2555
f 2413 2555 2414
f 2414 2555 2556
f 2414 2556 2415
f 2415 2556 2557
f 2415 2557 2416
f 2416 2557 2558
f 2416 2558 2417
f 2417 2558 2559
f 2417 2559 2418
f 2418 2559 2560
f 2418 2560 2419
f 2419 2560 2561
f 2419 2561 2420
f 2420 2561 2562
f 2420 2562 2421
f 2421 2562 2563
f 2421 2563 2422
f 2422 2563 2564
f 2422 2564 2423
f 2423 2564 2565
f 2423 2565 2424
f 2424 2565 2566
f 2424 2566 2425
f 2425 2566 2567
f 2425 2567 2426
f 2426 2567 2568
f 2426 2568 2427
f 2427 2568 2569
f 2427 2569 2428
f 2428 2569 2570
f 2428 2570 2429
f 2429 2570 2571
f 2429 2571 2430
f 2430 2571 2572
f 2430 2572 2431
f 2431 2572 2573
f 2431 2573 2432
f 2432 2573 2574
f 2432 2574 2433
f 2433 2574 2575
f 2433 2575 2434
f 2434 2575 2576
f 2434 2576 2435
f 2435 2576 2577
f 2435 2577 2436
f 2436 2577 2578
f 2436 2578 2437
f 2437 2578 2579
f 2437 2579 2438
f 2438 2579 2580
f 2438 2580 2439
f 2439 2580 2581
f 2439 2581 2440
f 2440 2581 2582
f 2440 2582 2441
f 2441 2582 2583
f 2441 2583 2442
f 2442 2583 2584
f 2442 2584 2443
f 2443 2584 2585
f 2443 2585 2444
f 2444 2585 2586
f 2444 2586 2445
f 2445 2586 2587
f 2445 2587 2446
f 2446 2587 2588
f 2446 2588 2447
f 2447 2588 2589
f 2447 2589 2448
f 2448 2589 2590
f 2448 2590 2449
f 2449 2590 2591
f 2449 2591 2450
f 2450 2591 2592
f 2450 2592 2451
f 2451 2592 2593
f 2451 2593 2452
f 2452 2593 2594
f 2452 2594 2453
f 2453 2594 2595
f 2453 2595 2454
f 2454 2595 2596
f 2454 2596 2455
f 2455 2596 2597
f 2455 2597 2456
f 2456 2597 2598
f 2456 2598 2457
f 2457 2598 2599
f 2457 2599 2458
f 2458 2599 2600
f 2458 2600 2459
f 2459 2600 2601
f 2459 2601 2460
f 2460 2601 2602
f 2460 2602 2461
f 2461 2602 2603
f 2461 2603 2462
f 2462 2603 2604
f 2462 2604 2463
f 2463 2604 2605
f 2463 2605 2464
f 2464 2605 2606
f 2464 2606 2465
f 2465 2606 2607
f 2465 2607 2466
f 2466 2607 2608
f 2466 2608 2467
f 2467 2608 2609
f 2467 2609 2468
f 2468 2609 2610
f 2468 2610 2469
f 2469 2610 2611
f 2469 2611 2470
f 2470 2611 2612
f 2470 2612 2471
f 2471 2612 2613
f 2471 2613 2472
f 2472 2613 2614
f 2472 2614 2473
f 2473 2614 2615
f 2473 2615 2474
f 2474 2615 2616
f 2474 2616 2475
f 2475 2616 2617
f 2475 2617 2476
f 2476 2617 2618
f 2476 2618 2477
f 2477 2618 2619
f 2477 2619 2478
f 2478 2619 2620
f 2478 2620 2479
f 2479 2620 2621
f 2479 2621 2480
f 2480 2621 2622
f 2480 2622 2481
f 2481 2622 2623
f 2481 2623 2482
f 2482 2623 2624
f 2482 2624 2483
f 2483 2624 2625
f 2483 2625 2484
f 2484 2625 2626
f 2484 2626 2485
f 2485 2626 2627
f 2485 2627 2486
f 2486 2627 2628
f 2486 2628 2487
f 2487 2628 2629
f 2487 2629 2488
f 2488 2629 2630
f 2488 2630 2489
f 2489 2630 2631
f 2489 2631 2490
f 2490 2631 2632
f 2490 2632 2491
f 2491 2632 2633
f 2491 2633 2492
f 2492 2633 2634
f 2492 2634 2493
f 2493 2634 2635
f 2493 2635 2494
f 2494 2635 2636
f 2494 2636 2495
f 2495 2636 2637
f 2495 2637 2496
f 2496 2637 2638
f 2496 2638 2497
f 2497 2638 2639
f 2497 2639 2498
f 2498 2639 2640
f 2498 2640 2499
f 2499 2640 2641
f 2499 2641 2500
f 2500 2641 2642
f 2500 2642 2501
f 2501 2642 2643
f 2501 2643 2502
f 2502 2643 2644
f 2502 2644 2503
f 2503 2644 2645
f 2503 2645 2504
f 2504 2645 2646
f 2504 2646 2505
f 2505 2646 2647
f 2505 2647 2506
f 2506 2647 2648
f 2506 2648 2507
f 2507 2648 2649
f 2507 2649 2508
f 2508 2649 2650
f 2508 2650 2509
f 2509 2650 2651
f 2509 2651 2510
f 2510 2651 2652
f 2510 2652 2511
f 2511 2652 2653
f 2511 2653 2512
f 2512 2653 2654
f 2512 2654 2513
f 2513 2654 2655
f 2513 2655 2514
f 2514 2655 2656
f 2514 2656 2515
f 2515 2656 2657
f 2515 2657 2516
f 2516 2657 2658
f 2516 2658 2517
f 2517 2658 2659
f 2517 2659 2518
f 2518 2659 2660
f 2518 2660 2519
f 2519 2660 2661
f 2519 2661 2520
f 2520 2661 2662
f 2520 2662 2521
f 2521 2662 2663
f 2521 2663 2522
f 2522 2663 2664
f 2522 2664 2523
f 2523 2664 2665
f 2523 2665 2524
f 2524 2665 2666
f 2524 2666 2525
f 2525 2666 2667
f 2525 2667 2526
f 2526 2667 2668
f 2526 2668 2527
f 2527 2668 2669
f 2527 2669 2528
f 2528 2669 2670
f 2528 2670 2529
f 2529 2670 2671
f 2529 2671 2530
f 2530 2671 2672
f 2530 2672 2531
f 2531 2672 2673
f 2531 2673 2532
f 2532 2673 2674
f 2532 2674 2533
f 2533 2674 2675
f 2533 2675 2534
f 2534 2675 2676
f 2534 2676 2535
f 2535 2676 2677
f 2535 2677 2536
f 2536 2677 2678
f 2536 2678 2537
f 2537 2678 2679
f 2537 2679 2538
f 2538 2679 2539
f 2538 2539 2398
f 2680 2 1
f 2680 3 2
f 2680 4 3
f 2680 5 4
f 2680 6 5
f 2680 7 6
f 2680 8 7
f 2680 9 8
f 2680 10 9
f 2680 11 10
f 2680 12 11
f 2680 13 12
f 2680 14 13
f 2680 15 14
f 2680 16 15
f 2680 17 16
f 2680 18 17
f 2680 19 18
f 2680 20 19
f 2680 21 20
f 2680 22 21
f 2680 23 22
f 2680 24 23
f 2680 25 24
f 2680 26 25
f 2680 27 26
f 2680 28 27
f 2680 29 28
f 2680 30 29
f 2680 31 30
f 2680 32 31
f 2680 33 32
f 2680 34 33
f 2680 35 34
f 2680 36 35
f 2680 37 36
f 2680 38 37
f 2680 39 38
f 2680 40 39
f 2680 41 40
f 2680 42 41
f 2680 43 42
f 2680 44 43
f 2680 45 44
f 2680 46 45
f 2680 47 46
f 2680 48 47
f 2680 49 48
f 2680 50 49
f 2680 51 50
f 2680 52 51
f 2680 53 52
f 2680 54 53
f 2680 55 54
f 2680 56 55
f 2680 57 56
f 2680 58 57
f 2680 59 58
f 2680 60 59
f 2680 61 60
f 2680 62 61
f 2680 63 62
f 2680 64 63
f 2680 65 64
f 2680 66 65
f 2680 67 66
f 2680 68 67
f 2680 69 68
f 2680 70 69
f 2680 71 70
f 2680 72 71
f 2680 73 72
f 2680 74 73
f 2680 75 74
f 2680 76 75
f 2680 77 76
f 2680 78 77
f 2680 79 78
f 2680 80 79
f 2680 81 80
f 2680 82 81
f 2680 83 82
f 2680 84 83
f 2680 85 84
f 2680 86 85
f 2680 87 86
f 2680 88 87
f 2680 89 88
f 2680 90 89
f 2680 91 90
f 2680 92 91
f 2680 93 92
f 2680 94 93
f 2680 95 94
f 2680 96 95
f 2680 97 96
f 2680 98 97
f 2680 99 98
f 2680 100 99
f 2680 101 100
f 2680 102 101
f 2680 103 102
f 2680 104 103
f 2680 105 104
f 2680 106 105
f 2680 107 106
f 2680 108 107
f 2680 109 108
f 2680 110 109
f 2680 111 110
f 2680 112 111
f 2680 113 112
f 2680 114 113
f 2680 115 114
f 2680 116 115
f 2680 117 116
f 2680 118 117
f 2680 119 118
f 2680 120 119
f 2680 121 120
f 2680 122 121
f 2680 123 122
f 2680 124 123
f 2680 125 124
f 2680 126 125
f 2680 127 126
f 2680 128 127
f 2680 129 128
f 2680 130 129
f 2680 131 130
f 2680 132 131
f 2680 133 132
f 2680 134 133
f 2680 135 134
f 2680 136 135
f 2680 137 136
f 2680 138 137
f 2680 139 138
f 2680 140 139
f 2680 141 140
f 2680 1 141
f 2681 2539 2540
f 2681 2540 2541
f 2681 2541 2542
f 2681 2542 2543
f 2681 2543 2544
f 2681 2544 2545
f 2681 2545 2546
f 2681 2546 2547
f 2681 2547 2548
f 2681 2548 2549
f 2681 2549 2550
f 2681 2550 2551
f 2681 2551 2552
f 2681 2552 2553
f 2681 2553 2554
f 2681 2554 2555
f 2681 2555 2556
f 2681 2556 2557
f 2681 2557 2558
f 2681 2558 2559
f 2681 2559 2560
f 2681 2560 2561
f 2681 2561 2562
f 2681 2562 2563
f 2681 2563 2564
f 2681 2564 2565
f 2681 2565 2566
f 2681 2566 2567
f 2681 2567 2568
f 2681 2568 2569
f 2681 2569 2570
f 2681 2570 2571
f 2681 2571 2572
f 2681 2572 2573
f 2681 2573 2574
f 2681 2574 2575
f 2681 2575 2576
f 2681 2576 2577
f 2681 2577 2578
f 2681 2578 2579
f 2681 2579 2580
f 2681 2580 2581
f 2681 2581 2582
f 2681 2582 2583
f 2681 2583 2584
f 2681 2584 2585
f 2681 2585 2586
f 2681 2586 2587
f 2681 2587 2588
f 2681 2588 2589
f 2681 2589 2590
f 2681 2590 2591
f 2681 2591 2592
f 2681 2592 2593
f 2681 2593 2594
f 2681 2594 2595
f 2681 2595 2596
f 2681 2596 2597
f 2681 2597 2598
f 2681 2598 2599
f 2681 2599 2600
f 2681 2600 2601
f 2681 2601 2602
f 2681 2602 2603
f 2681 2603 2604
f 2681 2604 2605
f 2681 2605 2606
f 2681 2606 2607
f 2681 2607 2608
f 2681 2608 2609
f 2681 2609 2610
f 2681 2610 2611
f 2681 2611 2612
f 2681 2612 2613
f 2681 2613 2614
f 2681 2614 2615
f 2681 2615 2616
f 2681 2616 2617
f 2681 2617 2618
f 2681 2618 2619
f 2681 2619 2620
f 2681 2620 2621
f 2681 2621 2622
f 2681 2622 2623
f 2681 2623 2624
f 2681 2624 2625
f 2681 2625 2626
f 2681 2626 2627
f 2681 2627 2628
f 2681 2628 2629
f 2681 2629 2630
f 2681 2630 2631
f 2681 2631 2632
f 2681 2632 2633
f 2681 2633 2634
f 2681 2634 2635
f 2681 2635 2636
f 2681 2636 2637
f 2681 2637 2638
f 2681 2638 2639
f 2681 2639 2640
f 2681 2640 2641
f 2681 2641 2642
f 2681 2642 2643
f 2681 2643 2644
f 2681 2644 2645
f 2681 2645 2646
f 2681 2646 2647
f 2681 2647 2648
f 2681 2648 2649
f 2681 2649 2650
f 2681 2650 2651
f 2681 2651 2652
f 2681 2652 2653
f 2681 2653 2654
f 2681 2654 2655
f 2681 2655 2656
f 2681 2656 2657
f 2681 2657 2658
f 2681 2658 2659
f 2681 2659 2660
f 2681 2660 2661
f 2681 2661 2662
f 2681 2662 2663
f 2681 2663 2664
f 2681 2664 2665
f 2681 2665 2666
f 2681 2666 2667
f 2681 2667 2668
f 2681 2668 2669
f 2681 2669 2670
f 2681 2670 2671
f 2681 2671 2672
f 2681 2672 2673
f 2681 2673 2674
f 2681 2674 2675
f 2681 2675 2676
f 2681 2676 2677
f 2681 2677 2678
f 2681 2678 2679
f 2681 2679 2539
g wing_port
f 2682 2824 2823
f 2682 2683 2824
f 2683 2825 2824
f 2683 2684 2825
f 2684 2826 2825
f 2684 2685 2826
f 2685 2827 2826
f 2685 2686 2827
f 2686 2828 2827
f 2686 2687 2828
f 2687 2829 2828
f 2687 2688 2829
f 2688 2830 2829
f 2688 2689 2830
f 2689 2831 2830
f 2689 2690 2831
f 2690 2832 2831
f 2690 2691 2832
f 2691 2833 2832
f 2691 2692 2833
f 2692 2834 2833
f 2692 2693 2834
f 2693 2835 2834
f 2693 2694 2835
f 2694 2836 2835
f 2694 2695 2836
f 2695 2837 2836
f 2695 2696 2837
f 2696 2838 2837
f 2696 2697 2838
f 2697 2839 2838
f 2697 2698 2839
f 2698 2840 2839
f 2698 2699 2840
f 2699 2841 2840
f 2699 2700 2841
f 2700 2842 2841
f 2700 2701 2842
f 2701 2843 2842
f 2701 2702 2843
f 2702 2844 2843
f 2702 2703 2844
f 2703 2845 2844
f 2703 2704 2845
f 2704 2846 2845
f 2704 2705 2846
f 2705 2847 2846
f 2705 2706 2847
f 2706 2848 2847
f 2706 2707 2848
f 2707 2849 2848
f 2707 2708 2849
f 2708 2850 2849
f 2708 2709 2850
f 2709 2851 2850
f 2709 2710 2851
f 2710 2852 2851
f 2710 2711 2852
f 2711 2853 2852
f 2711 2712 2853
f 2712 2854 2853
f 2712 2713 2854
f 2713 2855 2854
f 2713 2714 2855
f 2714 2856 2855
f 2714 2715 2856
f 2715 2857 2856
f 2715 2716 2857
f 2716 2858 2857
f 2716 2717 2858
f 2717 2859 2858
f 2717 2718 2859
f 2718 2860 2859
f 2718 2719 2860
f 2719 2861 2860
f 2719 2720 2861
f 2720 2862 2861
f 2720 2721 2862
f 2721 2863 2862
f 2721 2722 2863
f 2722 2864 2863
f 2722 2723 2864
f 2723 2865 2864
f 2723 2724 2865
f 2724 2866 2865
f 2724 2725 2866
f 2725 2867 2866
f 2725 2726 2867
f 2726 2868 2867
f 2726 2727 2868
f 2727 2869 2868
f 2727 2728 2869
f 2728 2870 2869
f 2728 2729 2870
f 2729 2871 2870
f 2729 2730 2871
f 2730 2872 2871
f 2730 2731 2872
f 2731 2873 2872
f 2731 2732 2873
f 2732 2874 2873
f 2732 2733 2874
f 2733 2875 2874
f 2733 2734 2875
f 2734 2876 2875
f 2734 2735 2876
f 2735 2877 2876
f 2735 2736 2877
f 2736 2878 2877
f 2736 2737 2878
f 2737 2879 2878
f 2737 2738 2879
f 2738 2880 2879
f 2738 2739 2880
f 2739 2881 2880
f 2739 2740 2881
f 2740 2882 2881
f 2740 2741 2882
f 2741 2883 2882
f 2741 2742 2883
f 2742 2884 2883
f 2742 2743 2884
f 2743 2885 2884
f 2743 2744 2885
f 2744 2886 2885
f 2744 2745 2886
f 2745 2887 2886
f 2745 2746 2887
f 2746 2888 2887
f 2746 2747 2888
f 2747 2889 2888
f 2747 2748 2889
f 2748 2890 2889
f 2748 2749 2890
f 2749 2891 2890
f 2749 2750 2891
f 2750 2892 2891
f 2750 2751 2892
f 2751 2893 2892
f 2751 2752 2893
f 2752 2894 2893
f 2752 2753 2894
f 2753 2895 2894
f 2753 2754 2895
f 2754 2896 2895
f 2754 2755 2896
f 2755 2897 2896
f 2755 2756 2897
f 2756 2898 2897
f 2756 2757 2898
f 2757 2899 2898
f 2757 2758 2899
f 2758 2900 2899
f 2758 2759 2900
f 2759 2901 2900
f 2759 2760 2901
f 2760 2902 2901
f 2760 2761 2902
f 2761 2903 2902
f 2761 2762 2903
f 2762 2904 2903
f 2762 2763 2904
f 2763 2905 2904
f 2763 2764 2905
f 2764 2906 2905
f 2764 2765 2906
f 2765 2907 2906
f 2765 2766 2907
f 2766 2908 2907
f 2766 2767 2908
f 2767 2909 2908
f 2767 2768 2909
f 2768 2910 2909
f 2768 2769 2910
f 2769 2911 2910
f 2769 2770 2911
f 2770 2912 2911
f 2770 2771 2912
f 2771 2913 2912
f 2771 2772 2913
f 2772 2914 2913
f 2772 2773 2914
f 2773 2915 2914
f 2773 2774 2915
f 2774 2916 2915
f 2774 2775 2916
f 2775 2917 2916
f 2775 2776 2917
f 2776 2918 2917
f 2776 2777 2918
f 2777 2919 2918
f 2777 2778 2919
f 2778 2920 2919
f 2778 2779 2920
f 2779 2921 2920
f 2779 2780 2921
f 2780 2922 2921
f 2780 2781 2922
f 2781 2923 2922
f 2781 2782 2923
f 2782 2924 2923
f 2782 2783 2924
f 2783 2925 2924
f 2783 2784 2925
f 2784 2926 2925
f 2784 2785 2926
f 2785 2927 2926
f 2785 2786 2927
f 2786 2928 2927
f 2786 2787 2928
f 2787 2929 2928
f 2787 2788 2929
f 2788 2930 2929
f 2788 2789 2930
f 2789 2931 2930
f 2789 2790 2931
f 2790 2932 2931
f 2790 2791 2932
f 2791 2933 2932
f 2791 2792 2933
f 2792 2934 2933
f 2792 2793 2934
f 2793 2935 2934
f 2793 2794 2935
f 2794 2936 2935
f 2794 2795 2936
f 2795 2937 2936
f 2795 2796 2937
f 2796 2938 2937
f 2796 2797 2938
f 2797 2939 2938
f 2797 2798 2939
f 2798 2940 2939
f 2798 2799 2940
f 2799 2941 2940
f 2799 2800 2941
f 2800 2942 2941
f 2800 2801 2942
f 2801 2943 2942
f 2801 2802 2943
f 2802 2944 2943
f 2802 2803 2944
f 2803 2945 2944
f 2803 2804 2945
f 2804 2946 2945
f 2804 2805 2946
f 2805 2947 2946
f 2805 2806 2947
f 2806 2948 2947
f 2806 2807 2948
f 2807 2949 2948
f 2807 2808 2949
f 2808 2950 2949
f 2808 2809 2950
f 2809 2951 2950
f 2809 2810 2951
f 2810 2952 2951
f 2810 2811 2952
f 2811 2953 2952
f 2811 2812 2953
f 2812 2954 2953
f 2812 2813 2954
f 2813 2955 2954
f 2813 2814 2955
f 2814 2956 2955
f 2814 2815 2956
f 2815 2957 2956
f 2815 2816 2957
f 2816 2958 2957
f 2816 2817 2958
f 2817 2959 2958
f 2817 2818 2959
f 2818 2960 2959
f 2818 2819 2960
f 2819 2961 2960
f 2819 2820 2961
f 2820 2962 2961
f 2820 2821 2962
f 2821 2963 2962
f 2821 2822 2963
f 2822 2823 2963
f 2822 2682 2823
f 2823 2965 2964
f 2823 2824 2965
f 2824 2966 2965
f 2824 2825 2966
f 2825 2967 2966
f 2825 2826 2967
f 2826 2968 2967
f 2826 2827 2968
f 2827 2969 2968
f 2827 2828 2969
f 2828 2970 2969
f 2828 2829 2970
f 2829 2971 2970
f 2829 2830 2971
f 2830 2972 2971
f 2830 2831 2972
f 2831 2973 2972
f 2831 2832 2973
f 2832 2974 2973
f 2832 2833 2974
f 2833 2975 2974
f 2833 2834 2975
f 2834 2976 2975
f 2834 2835 2976
f 2835 2977 2976
f 2835 2836 2977
f 2836 2978 2977
f 2836 2837 2978
f 2837 2979 2978
f 2837 2838 2979
f 2838 2980 2979
f 2838 2839 2980
f 2839 2981 2980
f 2839 2840 2981
f 2840 2982 2981
f 2840 2841 2982
f 2841 2983 2982
f 2841 2842 2983
f 2842 2984 2983
f 2842 2843 2984
f 2843 2985 2984
f 2843 2844 2985
f 2844 2986 2985
f 2844 2845 2986
f 2845 2987 2986
f 2845 2846 2987
f 2846 2988 2987
f 2846 2847 2988
f 2847 2989 2988
f 2847 2848 2989
f 2848 2990 2989
f 2848 2849 2990
f 2849 2991 2990
f 2849 2850 2991
f 2850 2992 2991
f 2850 2851 2992
f 2851 2993 2992
f 2851 2852 2993
f 2852 2994 2993
f 2852 2853 2994
f 2853 2995 2994
f 2853 2854 2995
f 2854 2996 2995
f 2854 2855 2996
f 2855 2997 2996
f 2855 2856 2997
f 2856 2998 2997
f 2856 2857 2998
f 2857 2999 2998
f 2857 2858 2999
f 2858 3000 2999
f 2858 2859 3000
f 2859 3001 3000
f 2859 2860 3001
f 2860 3002 3001
f 2860 2861 3002
f 2861 3003 3002
f 2861 2862 3003
f 2862 3004 3003
f 2862 2863 3004
f 2863 3005 3004
f 2863 2864 3005
f 2864 3006 3005
f 2864 2865 3006
f 2865 3007 3006
f 2865 2866 3007
f 2866 3008 3007
f 2866 2867 3008
f 2867 3009 3008
f 2867 2868 3009
f 2868 3010 3009
f 2868 2869 3010
f 2869 3011 3010
f 2869 2870 3011
f 2870 3012 3011
f 2870 2871 3012
f 2871 3013 3012
f 2871 2872 3013
f 2872 3014 3013
f 2872 2873 3014
f 2873 3015 3014
f 2873 2874 3015
f 2874 3016 3015
f 2874 2875 3016
f 2875 3017 3016
f 2875 2876 3017
f 2876 3018 3017
f 2876 2877 3018
f 2877 3019 3018
f 2877 2878 3019
f 2878 3020 3019
f 2878 2879 3020
f 2879 3021 3020
f 2879 2880 3021
f 2880 3022 3021
f 2880 2881 3022
f 2881 3023 3022
f 2881 2882 3023
f 2882 3024 3023
f 2882 2883 3024
f 2883 3025 3024
f 2883 2884 3025
f 2884 3026 3025
f 2884 2885 3026
f 2885 3027 3026
f 2885 2886 3027
f 2886 3028 3027
f 2886 2887 3028
f 2887 3029 3028
f 2887 2888 3029
f 2888 3030 3029
f 2888 2889 3030
f 2889 3031 3030
f 2889 2890 3031
f 2890 3032 3031
f 2890 2891 3032
f 2891 3033 3032
f 2891 2892 3033
f 2892 3034 3033
f 2892 2893 3034
f 2893 3035 3034
f 2893 2894 3035
f 2894 3036 3035
f 2894 2895 3036
f 2895 3037 3036
f 2895 2896 3037
f 2896 3038 3037
f 2896 2897 3038
f 2897 3039 3038
f 2897 2898 3039
f 2898 3040 3039
f 2898 2899 3040
f 2899 3041 3040
f 2899 2900 3041
f 2900 3042 3041
f 2900 2901 3042
f 2901 3043 3042
f 2901 2902 3043
f 2902 3044 3043
f 2902 2903 3044
f 2903 3045 3044
f 2903 2904 3045
f 2904 3046 3045
f 2904 2905 3046
f 2905 3047 3046
f 2905 2906 3047
f 2906 3048 3047
f 2906 2907 3048
f 2907 3049 3048
f 2907 2908 3049
f 2908 3050 3049
f 2908 2909 3050
f 2909 3051 3050
f 2909 2910 3051
f 2910 3052 3051
f 2910 2911 3052
f 2911 3053 3052
f 2911 2912 3053
f 2912 3054 3053
f 2912 2913 3054
f 2913 3055 3054
f 2913 2914 3055
f 2914 3056 3055
f 2914 2915 3056
f 2915 3057 3056
f 2915 2916 3057
f 2916 3058 3057
f 2916 2917 3058
f 2917 3059 3058
f 2917 2918 3059
f 2918 3060 3059
f 2918 2919 3060
f 2919 3061 3060
f 2919 2920 3061
f 2920 3062 3061
f 2920 2921 3062
f 2921 3063 3062
f 2921 2922 3063
f 2922 3064 3063
f 2922 2923 3064
f 2923 3065 3064
f 2923 2924 3065
f 2924 3066 3065
f 2924 2925 3066
f 2925 3067 3066
f 2925 2926 3067
f 2926 3068 3067
f 2926 2927 3068
f 2927 3069 3068
f 2927 2928 3069
f 2928 3070 3069
f 2928 2929 3070
f 2929 3071 3070
f 2929 2930 3071
f 2930 3072 3071
f 2930 2931 3072
f 2931 3073 3072
f 2931 2932 3073
f 2932 3074 3073
f 2932 2933 3074
f 2933 3075 3074
f 2933 2934 3075
f 2934 3076 3075
f 2934 2935 3076
f 2935 3077 3076
f 2935 2936 3077
f 2936 3078 3077
f 2936 2937 3078
f 2937 3079 3078
f 2937 2938 3079
f 2938 3080 3079
f 2938 2939 3080
f 2939 3081 3080
f 2939 2940 3081
f 2940 3082 3081
f 2940 2941 3082
f 2941 3083 3082
f 2941 2942 3083
f 2942 3084 3083
f 2942 2943 3084
f 2943 3085 3084
f 2943 2944 3085
f 2944 3086 3085
f 2944 2945 3086
f 2945 3087 3086
f 2945 2946 3087
f 2946 3088 3087
f 2946 2947 3088
f 2947 3089 3088
f 2947 2948 3089
f 2948 3090 3089
f 2948 2949 3090
f 2949 3091 3090
f 2949 2950 3091
f 2950 3092 3091
f 2950 2951 3092
f 2951 3093 3092
f 2951 2952 3093
f 2952 3094 3093
f 2952 2953 3094
f 2953 3095 3094
f 2953 2954 3095
f 2954 3096 3095
f 2954 2955 3096
f 2955 3097 3096
f 2955 2956 3097
f 2956 3098 3097
f 2956 2957 3098
f 2957 3099 3098
f 2957 2958 3099
f 2958 3100 3099
f 2958 2959 3100
f 2959 3101 3100
f 2959 2960 3101
f 2960 3102 3101
f 2960 2961 3102
f 2961 3103 3102
f 2961 2962 3103
f 2962 3104 3103
f 2962 2963 3104
f 2963 2964 3104
f 2963 2823 2964
f 2964 3106 3105
f 2964 2965 3106
f 2965 3107 3106
f 2965 2966 3107
f 2966 3108 3107
f 2966 2967 3108
f 2967 3109 3108
f 2967 2968 3109
f 2968 3110 3109
f 2968 2969 3110
f 2969 3111 3110
f 2969 2970 3111
f 2970 3112 3111
f 2970 2971 3112
f 2971 3113 3112
f 2971 2972 3113
f 2972 3114 3113
f 2972 2973 3114
f 2973 3115 3114
f 2973 2974 3115
f 2974 3116 3115
f 2974 2975 3116
f 2975 3117 3116
f 2975 2976 3117
f 2976 3118 3117
f 2976 2977 3118
f 2977 3119 3118
f 2977 2978 3119
f 2978 3120 3119
f 2978 2979 3120
f 2979 3121 3120
f 2979 2980 3121
f 2980 3122 3121
f 2980 2981 3122
f 2981 3123 3122
f 2981 2982 3123
f 2982 3124 3123
f 2982 2983 3124
f 2983 3125 3124
f 2983 2984 3125
f 2984 3126 3125
f 2984 2985 3126
f 2985 3127 3126
f 2985 2986 3127
f 2986 3128 3127
f 2986 2987 3128
f 2987 3129 3128
f 2987 2988 3129
f 2988 3130 3129
f 2988 2989 3130
f 2989 3131 3130
f 2989 2990 3131
f 2990 3132 3131
f 2990 2991 3132
f 2991 3133 3132
f 2991 2992 3133
f 2992 3134 3133
f 2992 2993 3134
f 2993 3135 3134
f 2993 2994 3135
f 2994 3136 3135
f 2994 2995 3136
f 2995 3137 3136
f 2995 2996 3137
f 2996 3138 3137
f 2996 2997 3138
f 2997 3139 3138
f 2997 2998 3139
f 2998 3140 3139
f 2998 2999 3140
f 2999 3141 3140
f 2999 3000 3141
f 3000 3142 3141
f 3000 3001 3142
f 3001 3143 3142
f 3001 3002 3143
f 3002 3144 3143
f 3002 3003 3144
f 3003 3145 3144
f 3003 3004 3145
f 3004 3146 3145
f 3004 3005 3146
f 3005 3147 3146
f 3005 3006 3147
f 3006 3148 3147
f 3006 3007 3148
f 3007 3149 3148
f 3007 3008 3149
f 3008 3150 3149
f 3008 3009 3150
f 3009 3151 3150
f 3009 3010 3151
f 3010 3152 3151
f 3010 3011 3152
f 3011 3153 3152
f 3011 3012 3153
f 3012 3154 3153
f 3012 3013 3154
f 3013 3155 3154
f 3013 3014 3155
f 3014 3156 3155
f 3014 3015 3156
f 3015 3157 3156
f 3015 3016 3157
f 3016 3158 3157
f 3016 3017 3158
f 3017 3159 3158
f 3017 3018 3159
f 3018 3160 3159
f 3018 3019 3160
f 3019 3161 3160
f 3019 3020 3161
f 3020 3162 3161
f 3020 3021 3162
f 3021 3163 3162
f 3021 3022 3163
f 3022 3164 3163
f 3022 3023 3164
f 3023 3165 3164
f 3023 3024 3165
f 3024 3166 3165
f 3024 3025 3166
f 3025 3167 3166
f 3025 3026 3167
f 3026 3168 3167
f 3026 3027 3168
f 3027 3169 3168
f 3027 3028 3169
f 3028 3170 3169
f 3028 3029 3170
f 3029 3171 3170
f 3029 3030 3171
f 3030 3172 3171
f 3030 3031 3172
f 3031 3173 3172
f 3031 3032 3173
f 3032 3174 3173
f 3032 3033 3174
f 3033 3175 3174
f 3033 3034 3175
f 3034 3176 3175
f 3034 3035 3176
f 3035 3177 3176
f 3035 3036 3177
f 3036 3178 3177
f 3036 3037 3178
f 3037 3179 3178
f 3037 3038 3179
f 3038 3180 3179
f 3038 3039 3180
f 3039 3181 3180
f 3039 3040 3181
f 3040 3182 3181
f 3040 3041 3182
f 3041 3183 3182
f 3041 3042 3183
f 3042 3184 3183
f 3042 3043 3184
f 3043 3185 3184
f 3043 3044 3185
f 3044 3186 3185
f 3044 3045 3186
f 3045 3187 3186
f 3045 3046 3187
f 3046 3188 3187
f 3046 3047 3188
f 3047 3189 3188
f 3047 3048 3189
f 3048 3190 3189
f 3048 3049 3190
f 3049 3191 3190
f 3049 3050 3191
f 3050 3192 3191
f 3050 3051 3192
f 3051 3193 3192
f 3051 3052 3193
f 3052 3194 3193
f 3052 3053 3194
f 3053 3195 3194
f 3053 3054 3195
f 3054 3196 3195
f 3054 3055 3196
f 3055 3197 3196
f 3055 3056 3197
f 3056 3198 3197
f 3056 3057 3198
f 3057 3199 3198
f 3057 3058 3199
f 3058 3200 3199
f 3058 3059 3200
f 3059 3201 3200
f 3059 3060 3201
f 3060 3202 3201
f 3060 3061 3202
f 3061 3203 3202
f 3061 3062 3203
f 3062 3204 3203
f 3062 3063 3204
f 3063 3205 3204
f 3063 3064 3205
f 3064 3206 3205
f 3064 3065 3206
f 3065 3207 3206
f 3065 3066 3207
f 3066 3208 3207
f 3066 3067 3208
f 3067 3209 3208
f 3067 3068 3209
f 3068 3210 3209
f 3068 3069 3210
f 3069 3211 3210
f 3069 3070 3211
f 3070 3212 3211
f 3070 3071 3212
f 3071 3213 3212
f 3071 3072 3213
f 3072 3214 3213
f 3072 3073 3214
f 3073 3215 3214
f 3073 3074 3215
f 3074 3216 3215
f 3074 3075 3216
f 3075 3217 3216
f 3075 3076 3217
f 3076 3218 3217
f 3076 3077 3218
f 3077 3219 3218
f 3077 3078 3219
f 3078 3220 3219
f 3078 3079 3220
f 3079 3221 3220
f 3079 3080 3221
f 3080 3222 3221
f 3080 3081 3222
f 3081 3223 3222
f 3081 3082 3223
f 3082 3224 3223
f 3082 3083 3224
f 3083 3225 3224
f 3083 3084 3225
f 3084 3226 3225
f 3084 3085 3226
f 3085 3227 3226
f 3085 3086 3227
f 3086 3228 3227
f 3086 3087 3228
f 3087 3229 3228
f 3087 3088 3229
f 3088 3230 3229
f 3088 3089 3230
f 3089 3231 3230
f 3089 3090 3231
f 3090 3232 3231
f 3090 3091 3232
f 3091 3233 3232
f 3091 3092 3233
f 3092 3234 3233
f 3092 3093 3234
f 3093 3235 3234
f 3093 3094 3235
f 3094 3236 3235
f 3094 3095 3236
f 3095 3237 3236
f 3095 3096 3237
f 3096 3238 3237
f 3096 3097 3238
f 3097 3239 3238
f 3097 3098 3239
f 3098 3240 3239
f 3098 3099 3240
f 3099 3241 3240
f 3099 3100 3241
f 3100 3242 3241
f 3100 3101 3242
f 3101 3243 3242
f 3101 3102 3243
f 3102 3244 3243
f 3102 3103 3244
f 3103 3245 3244
f 3103 3104 3245
f 3104 3105 3245
f 3104 2964 3105
f 3105 3247 3246
f 3105 3106 3247
f 3106 3248 3247
f 3106 3107 3248
f 3107 3249 3248
f 3107 3108 3249
f 3108 3250 3249
f 3108 3109 3250
f 3109 3251 3250
f 3109 3110 3251
f 3110 3252 3251
f 3110 3111 3252
f 3111 3253 3252
f 3111 3112 3253
f 3112 3254 3253
f 3112 3113 3254
f 3113 3255 3254
f 3113 3114 3255
f 3114 3256 3255
f 3114 3115 3256
f 3115 3257 3256
f 3115 3116 3257
f 3116 3258 3257
f 3116 3117 3258
f 3117 3259 3258
f 3117 3118 3259
f 3118 3260 3259
f 3118 3119 3260
f 3119 3261 3260
f 3119 3120 3261
f 3120 3262 3261
f 3120 3121 3262
f 3121 3263 3262
f 3121 3122 3263
f 3122 3264 3263
f 3122 3123 3264
f 3123 3265 3264
f 3123 3124 3265
f 3124 3266 3265
f 3124 3125 3266
f 3125 3267 3266
f 3125 3126 3267
f 3126 3268 3267
f 3126 3127 3268
f 3127 3269 3268
f 3127 3128 3269
f 3128 3270 3269
f 3128 3129 3270
f 3129 3271 3270
f 3129 3130 3271
f 3130 3272 3271
f 3130 3131 3272
f 3131 3273 3272
f 3131 3132 3273
f 3132 3274 3273
f 3132 3133 3274
f 3133 3275 3274
f 3133 3134 3275
f 3134 3276 3275
f 3134 3135 3276
f 3135 3277 3276
f 3135 3136 3277
f 3136 3278 3277
f 3136 3137 3278
f 3137 3279 3278
f 3137 3138 3279
f 3138 3280 3279
f 3138 3139 3280
f 3139 3281 3280
f 3139 3140 3281
f 3140 3282 3281
f 3140 3141 3282
f 3141 3283 3282
f 3141 3142 3283
f 3142 3284 3283
f 3142 3143 3284
f 3143 3285 3284
f 3143 3144 3285
f 3144 3286 3285
f 3144 3145 3286
f 3145 3287 3286
f 3145 3146 3287
f 3146 3288 3287
f 3146 3147 3288
f 3147 3289 3288
f 3147 3148 3289
f 3148 3290 3289
f 3148 3149 3290
f 3149 3291 3290
f 3149 3150 3291
f 3150 3292 3291
f 3150 3151 3292
f 3151 3293 3292
f 3151 3152 3293
f 3152 3294 3293
f 3152 3153 3294
f 3153 3295 3294
f 3153 3154 3295
f 3154 3296 3295
f 3154 3155 3296
f 3155 3297 3296
f 3155 3156 3297
f 3156 3298 3297
f 3156 3157 3298
f 3157 3299 3298
f 3157 3158 3299
f 3158 3300 3299
f 3158 3159 3300
f 3159 3301 3300
f 3159 3160 3301
f 3160 3302 3301
f 3160 3161 3302
f 3161 3303 3302
f 3161 3162 3303
f 3162 3304 3303
f 3162 3163 3304
f 3163 3305 3304
f 3163 3164 3305
f 3164 3306 3305
f 3164 3165 3306
f 3165 3307 3306
f 3165 3166 3307
f 3166 3308 3307
f 3166 3167 3308
f 3167 3309 3308
f 3167 3168 3309
f 3168 3310 3309
f 3168 3169 3310
f 3169 3311 3310
f 3169 3170 3311
f 3170 3312 3311
f 3170 3171 3312
f 3171 3313 3312
f 3171 3172 3313
f 3172 3314 3313
f 3172 3173 3314
f 3173 3315 3314
f 3173 3174 3315
f 3174 3316 3315
f 3174 3175 3316
f 3175 3317 3316
f 3175 3176 3317
f 3176 3318 3317
f 3176 3177 3318
f 3177 3319 3318
f 3177 3178 3319
f 3178 3320 3319
f 3178 3179 3320
f 3179 3321 3320
f 3179 3180 3321
f 3180 3322 3321
f 3180 3181 3322
f 3181 3323 3322
f 3181 3182 3323
f 3182 3324 3323
f 3182 3183 3324
f 3183 3325 3324
f 3183 3184 3325
f 3184 3326 3325
f 3184 3185 3326
f 3185 3327 3326
f 3185 3186 3327
f 3186 3328 3327
f 3186 3187 3328
f 3187 3329 3328
f 3187 3188 3329
f 3188 3330 3329
f 3188 3189 3330
f 3189 3331 3330
f 3189 3190 3331
f 3190 3332 3331
f 3190 3191 3332
f 3191 3333 3332
f 3191 3192 3333
f 3192 3334 3333
f 3192 3193 3334
f 3193 3335 3334
f 3193 3194 3335
f 3194 3336 3335
f 3194 3195 3336
f 3195 3337 3336
f 3195 3196 3337
f 3196 3338 3337
f 3196 3197 3338
f 3197 3339 3338
f 3197 3198 3339
f 3198 3340 3339
f 3198 3199 3340
f 3199 3341 3340
f 3199 3200 3341
f 3200 3342 3341
f 3200 3201 3342
f 3201 3343 3342
f 3201 3202 3343
f 3202 3344 3343
f 3202 3203 3344
f 3203 3345 3344
f 3203 3204 3345
f 3204 3346 3345
f 3204 3205 3346
f 3205 3347 3346
f 3205 3206 3347
f 3206 3348 3347
f 3206 3207 3348
f 3207 3349 3348
f 3207 3208 3349
f 3208 3350 3349
f 3208 3209 3350
f 3209 3351 3350
f 3209 3210 3351
f 3210 3352 3351
f 3210 3211 3352
f 3211 3353 3352
f 3211 3212 3353
f 3212 3354 3353
f 3212 3213 3354
f 3213 3355 3354
f 3213 3214 3355
f 3214 3356 3355
f 3214 3215 3356
f 3215 3357 3356
f 3215 3216 3357
f 3216 3358 3357
f 3216 3217 3358
f 3217 3359 3358
f 3217 3218 3359
f 3218 3360 3359
f 3218 3219 3360
f 3219 3361 3360
f 3219 3220 3361
f 3220 3362 3361
f 3220 3221 3362
f 3221 3363 3362
f 3221 3222 3363
f 3222 3364 3363
f 3222 3223 3364
f 3223 3365 3364
f 3223 3224 3365
f 3224 3366 3365
f 3224 3225 3366
f 3225 3367 3366
f 3225 3226 3367
f 3226 3368 3367
f 3226 3227 3368
f 3227 3369 3368
f 3227 3228 3369
f 3228 3370 3369
f 3228 3229 3370
f 3229 3371 3370
f 3229 3230 3371
f 3230 3372 3371
f 3230 3231 3372
f 3231 3373 3372
f 3231 3232 3373
f 3232 3374 3373
f 3232 3233 3374
f 3233 3375 3374
f 3233 3234 3375
f 3234 3376 3375
f 3234 3235 3376
f 3235 3377 3376
f 3235 3236 3377
f 3236 3378 3377
f 3236 3237 3378
f 3237 3379 3378
f 3237 3238 3379
f 3238 3380 3379
f 3238 3239 3380
f 3239 3381 3380
f 3239 3240 3381
f 3240 3382 3381
f 3240 3241 3382
f 3241 3383 3382
f 3241 3242 3383
f 3242 3384 3383
f 3242 3243 3384
f 3243 3385 3384
f 3243 3244 3385
f 3244 3386 3385
f 3244 3245 3386
f 3245 3246 3386
f 3245 3105 3246
f 3246 3388 3387
f 3246 3247 3388
f 3247 3389 3388
f 3247 3248 3389
f 3248 3390 3389
f 3248 3249 3390
f 3249 3391 3390
f 3249 3250 3391
f 3250 3392 3391
f 3250 3251 3392
f 3251 3393 3392
f 3251 3252 3393
f 3252 3394 3393
f 3252 3253 3394
f 3253 3395 3394
f 3253 3254 3395
f 3254 3396 3395
f 3254 3255 3396
f 3255 3397 3396
f 3255 3256 3397
f 3256 3398 3397
f 3256 3257 3398
f 3257 3399 3398
f 3257 3258 3399
f 3258 3400 3399
f 3258 3259 3400
f 3259 3401 3400
f 3259 3260 3401
f 3260 3402 3401
f 3260 3261 3402
f 3261 3403 3402
f 3261 3262 3403
f 3262 3404 3403
f 3262 3263 3404
f 3263 3405 3404
f 3263 3264 3405
f 3264 3406 3405
f 3264 3265 3406
f 3265 3407 3406
f 3265 3266 3407
f 3266 3408 3407
f 3266 3267 3408
f 3267 3409 3408
f 3267 3268 3409
f 3268 3410 3409
f 3268 3269 3410
f 3269 3411 3410
f 3269 3270 3411
f 3270 3412 3411
f 3270 3271 3412
f 3271 3413 3412
f 3271 3272 3413
f 3272 3414 3413
f 3272 3273 3414
f 3273 3415 3414
f 3273 3274 3415
f 3274 3416 3415
f 3274 3275 3416
f 3275 3417 3416
f 3275 3276 3417
f 3276 3418 3417
f 3276 3277 3418
f 3277 3419 3418
f 3277 3278 3419
f 3278 3420 3419
f 3278 3279 3420
f 3279 3421 3420
f 3279 3280 3421
f 3280 3422 3421
f 3280 3281 3422
f 3281 3423 3422
f 3281 3282 3423
f 3282 3424 3423
f 3282 3283 3424
f 3283 3425 3424
f 3283 3284 3425
f 3284 3426 3425
f 3284 3285 3426
f 3285 3427 3426
f 3285 3286 3427
f 3286 3428 3427
f 3286 3287 3428
f 3287 3429 3428
f 3287 3288 3429
f 3288 3430 3429
f 3288 3289 3430
f 3289 3431 3430
f 3289 3290 3431
f 3290 3432 3431
f 3290 3291 3432
f 3291 3433 3432
f 3291 3292 3433
f 3292 3434 3433
f 3292 3293 3434
f 3293 3435 3434
f 3293 3294 3435
f 3294 3436 3435
f 3294 3295 3436
f 3295 3437 3436
f 3295 3296 3437
f 3296 3438 3437
f 3296 3297 3438
f 3297 3439 3438
f 3297 3298 3439
f 3298 3440 3439
f 3298 3299 3440
f 3299 3441 3440
f 3299 3300 3441
f 3300 3442 3441
f 3300 3301 3442
f 3301 3443 3442
f 3301 3302 3443
f 3302 3444 3443
f 3302 3303 3444
f 3303 3445 3444
f 3303 3304 3445
f 3304 3446 3445
f 3304 3305 3446
f 3305 3447 3446
f 3305 3306 3447
f 3306 3448 3447
f 3306 3307 3448
f 3307 3449 3448
f 3307 3308 3449
f 3308 3450 3449
f 3308 3309 3450
f 3309 3451 3450
f 3309 3310 3451
f 3310 3452 3451
f 3310 3311 3452
f 3311 3453 3452
f 3311 3312 3453
f 3312 3454 3453
f 3312 3313 3454
f 3313 3455 3454
f 3313 3314 3455
f 3314 3456 3455
f 3314 3315 3456
f 3315 3457 3456
f 3315 3316 3457
f 3316 3458 3457
f 3316 3317 3458
f 3317 3459 3458
f 3317 3318 3459
f 3318 3460 3459
f 3318 3319 3460
f 3319 3461 3460
f 3319 3320 3461
f 3320 3462 3461
f 3320 3321 3462
f 3321 3463 3462
f 3321 3322 3463
f 3322 3464 3463
f 3322 3323 3464
f 3323 3465 3464
f 3323 3324 3465
f 3324 3466 3465
f 3324 3325 3466
f 3325 3467 3466
f 3325 3326 3467
f 3326 3468 3467
f 3326 3327 3468
f 3327 3469 3468
f 3327 3328 3469
f 3328 3470 3469
f 3328 3329 3470
f 3329 3471 3470
f 3329 3330 3471
f 3330 3472 3471
f 3330 3331 3472
f 3331 3473 3472
f 3331 3332 3473
f 3332 3474 3473
f 3332 3333 3474
f 3333 3475 3474
f 3333 3334 3475
f 3334 3476 3475
f 3334 3335 3476
f 3335 3477 3476
f 3335 3336 3477
f 3336 3478 3477
f 3336 3337 3478
f 3337 3479 3478
f 3337 3338 3479
f 3338 3480 3479
f 3338 3339 3480
f 3339 3481 3480
f 3339 3340 3481
f 3340 3482 3481
f 3340 3341 3482
f 3341 3483 3482
f 3341 3342 3483
f 3342 3484 3483
f 3342 3343 3484
f 3343 3485 3484
f 3343 3344 3485
f 3344 3486 3485
f 3344 3345 3486
f 3345 3487 3486
f 3345 3346 3487
f 3346 3488 3487
f 3346 3347 3488
f 3347 3489 3488
f 3347 3348 3489
f 3348 3490 3489
f 3348 3349 3490
f 3349 3491 3490
f 3349 3350 3491
f 3350 3492 3491
f 3350 3351 3492
f 3351 3493 3492
f 3351 3352 3493
f 3352 3494 3493
f 3352 3353 3494
f 3353 3495 3494
f 3353 3354 3495
f 3354 3496 3495
f 3354 3355 3496
f 3355 3497 3496
f 3355 3356 3497
f 3356 3498 3497
f 3356 3357 3498
f 3357 3499 3498
f 3357 3358 3499
f 3358 3500 3499
f 3358 3359 3500
f 3359 3501 3500
f 3359 3360 3501
f 3360 3502 3501
f 3360 3361 3502
f 3361 3503 3502
f 3361 3362 3503
f 3362 3504 3503
f 3362 3363 3504
f 3363 3505 3504
f 3363 3364 3505
f 3364 3506 3505
f 3364 3365 3506
f 3365 3507 3506
f 3365 3366 3507
f 3366 3508 3507
f 3366 3367 3508
f 3367 3509 3508
f 3367 3368 3509
f 3368 3510 3509
f 3368 3369 3510
f 3369 3511 3510
f 3369 3370 3511
f 3370 3512 3511
f 3370 3371 3512
f 3371 3513 3512
f 3371 3372 3513
f 3372 3514 3513
f 3372 3373 3514
f 3373 3515 3514
f 3373 3374 3515
f 3374 3516 3515
f 3374 3375 3516
f 3375 3517 3516
f 3375 3376 3517
f 3376 3518 3517
f 3376 3377 3518
f 3377 3519 3518
f 3377 3378 3519
f 3378 3520 3519
f 3378 3379 3520
f 3379 3521 3520
f 3379 3380 3521
f 3380 3522 3521
f 3380 3381 3522
f 3381 3523 3522
f 3381 3382 3523
f 3382 3524 3523
f 3382 3383 3524
f 3383 3525 3524
f 3383 3384 3525
f 3384 3526 3525
f 3384 3385 3526
f 3385 3527 3526
f 3385 3386 3527
f 3386 3387 3527
f 3386 3246 3387
f 3387 3529 3528
f 3387 3388 3529
f 3388 3530 3529
f 3388 3389 3530
f 3389 3531 3530
f 3389 3390 3531
f 3390 3532 3531
f 3390 3391 3532
f 3391 3533 3532
f 3391 3392 3533
f 3392 3534 3533
f 3392 3393 3534
f 3393 3535 3534
f 3393 3394 3535
f 3394 3536 3535
f 3394 3395 3536
f 3395 3537 3536
f 3395 3396 3537
f 3396 3538 3537
f 3396 3397 3538
f 3397 3539 3538
f 3397 3398 3539
f 3398 3540 3539
f 3398 3399 3540
f 3399 3541 3540
f 3399 3400 3541
f 3400 3542 3541
f 3400 3401 3542
f 3401 3543 3542
f 3401 3402 3543
f 3402 3544 3543
f 3402 3403 3544
f 3403 3545 3544
f 3403 3404 3545
f 3404 3546 3545
f 3404 3405 3546
f 3405 3547 3546
f 3405 3406 3547
f 3406 3548 3547
f 3406 3407 3548
f 3407 3549 3548
f 3407 3408 3549
f 3408 3550 3549
f 3408 3409 3550
f 3409 3551 3550
f 3409 3410 3551
f 3410 3552 3551
f 3410 3411 3552
f 3411 3553 3552
f 3411 3412 3553
f 3412 3554 3553
f 3412 3413 3554
f 3413 3555 3554
f 3413 3414 3555
f 3414 3556 3555
f 3414 3415 3556
f 3415 3557 3556
f 3415 3416 3557
f 3416 3558 3557
f 3416 3417 3558
f 3417 3559 3558
f 3417 3418 3559
f 3418 3560 3559
f 3418 3419 3560
f 3419 3561 3560
f 3419 3420 3561
f 3420 3562 3561
f 3420 3421 3562
f 3421 3563 3562
f 3421 3422 3563
f 3422 3564 3563
f 3422 3423 3564
f 3423 3565 3564
f 3423 3424 3565
f 3424 3566 3565
f 3424 3425 3566
f 3425 3567 3566
f 3425 3426 3567
f 3426 3568 3567
f 3426 3427 3568
f 3427 3569 3568
f 3427 3428 3569
f 3428 3570 3569
f 3428 3429 3570
f 3429 3571 3570
f 3429 3430 3571
f 3430 3572 3571
f 3430 3431 3572
f 3431 3573 3572
f 3431 3432 3573
f 3432 3574 3573
f 3432 3433 3574
f 3433 3575 3574
f 3433 3434 3575
f 3434 3576 3575
f 3434 3435 3576
f 3435 3577 3576
f 3435 3436 3577
f 3436 3578 3577
f 3436 3437 3578
f 3437 3579 3578
f 3437 3438 3579
f 3438 3580 3579
f 3438 3439 3580
f 3439 3581 3580
f 3439 3440 3581
f 3440 3582 3581
f 3440 3441 3582
f 3441 3583 3582
f 3441 3442 3583
f 3442 3584 3583
f 3442 3443 3584
f 3443 3585 3584
f 3443 3444 3585
f 3444 3586 3585
f 3444 3445 3586
f 3445 3587 3586
f 3445 3446 3587
f 3446 3588 3587
f 3446 3447 3588
f 3447 3589 3588
f 3447 3448 3589
f 3448 3590 3589
f 3448 3449 3590
f 3449 3591 3590
f 3449 3450 3591
f 3450 3592 3591
f 3450 3451 3592
f 3451 3593 3592
f 3451 3452 3593
f 3452 3594 3593
f 3452 3453 3594
f 3453 3595 3594
f 3453 3454 3595
f 3454 3596 3595
f 3454 3455 3596
f 3455 3597 3596
f 3455 3456 3597
f 3456 3598 3597
f 3456 3457 3598
f 3457 3599 3598
f 3457 3458 3599
f 3458 3600 3599
f 3458 3459 3600
f 3459 3601 3600
f 3459 3460 3601
f 3460 3602 3601
f 3460 3461 3602
f 3461 3603 3602
f 3461 3462 3603
f 3462 3604 3603
f 3462 3463 3604
f 3463 3605 3604
f 3463 3464 3605
f 3464 3606 3605
f 3464 3465 3606
f 3465 3607 3606
f 3465 3466 3607
f 3466 3608 3607
f 3466 3467 3608
f 3467 3609 3608
f 3467 3468 3609
f 3468 3610 3609
f 3468 3469 3610
f 3469 3611 3610
f 3469 3470 3611
f 3470 3612 3611
f 3470 3471 3612
f 3471 3613 3612
f 3471 3472 3613
f 3472 3614 3613
f 3472 3473 3614
f 3473 3615 3614
f 3473 3474 3615
f 3474 3616 3615
f 3474 3475 3616
f 3475 3617 3616
f 3475 3476 3617
f 3476 3618 3617
f 3476 3477 3618
f 3477 3619 3618
f 3477 3478 3619
f 3478 3620 3619
f 3478 3479 3620
f 3479 3621 3620
f 3479 3480 3621
f 3480 3622 3621
f 3480 3481 3622
f 3481 3623 3622
f 3481 3482 3623
f 3482 3624 3623
f 3482 3483 3624
f 3483 3625 3624
f 3483 3484 3625
f 3484 3626 3625
f 3484 3485 3626
f 3485 3627 3626
f 3485 3486 3627
f 3486 3628 3627
f 3486 3487 3628
f 3487 3629 3628
f 3487 3488 3629
f 3488 3630 3629
f 3488 3489 3630
f 3489 3631 3630
f 3489 3490 3631
f 3490 3632 3631
f 3490 3491 3632
f 3491 3633 3632
f 3491 3492 3633
f 3492 3634 3633
f 3492 3493 3634
f 3493 3635 3634
f 3493 3494 3635
f 3494 3636 3635
f 3494 3495 3636
f 3495 3637 3636
f 3495 3496 3637
f 3496 3638 3637
f 3496 3497 3638
f 3497 3639 3638
f 3497 3498 3639
f 3498 3640 3639
f 3498 3499 3640
f 3499 3641 3640
f 3499 3500 3641
f 3500 3642 3641
f 3500 3501 3642
f 3501 3643 3642
f 3501 3502 3643
f 3502 3644 3643
f 3502 3503 3644
f 3503 3645 3644
f 3503 3504 3645
f 3504 3646 3645
f 3504 3505 3646
f 3505 3647 3646
f 3505 3506 3647
f 3506 3648 3647
f 3506 3507 3648
f 3507 3649 3648
f 3507 3508 3649
f 3508 3650 3649
f 3508 3509 3650
f 3509 3651 3650
f 3509 3510 3651
f 3510 3652 3651
f 3510 3511 3652
f 3511 3653 3652
f 3511 3512 3653
f 3512 3654 3653
f 3512 3513 3654
f 3513 3655 3654
f 3513 3514 3655
f 3514 3656 3655
f 3514 3515 3656
f 3515 3657 3656
f 3515 3516 3657
f 3516 3658 3657
f 3516 3517 3658
f 3517 3659 3658
f 3517 3518 3659
f 3518 3660 3659
f 3518 3519 3660
f 3519 3661 3660
f 3519 3520 3661
f 3520 3662 3661
f 3520 3521 3662
f 3521 3663 3662
f 3521 3522 3663
f 3522 3664 3663
f 3522 3523 3664
f 3523 3665 3664
f 3523 3524 3665
f 3524 3666 3665
f 3524 3525 3666
f 3525 3667 3666
f 3525 3526 3667
f 3526 3668 3667
f 3526 3527 3668
f 3527 3528 3668
f 3527 3387 3528
f 3528 3670 3669
f 3528 3529 3670
f 3529 3671 3670
f 3529 3530 3671
f 3530 3672 3671
f 3530 3531 3672
f 3531 3673 3672
f 3531 3532 3673
f 3532 3674 3673
f 3532 3533 3674
f 3533 3675 3674
f 3533 3534 3675
f 3534 3676 3675
f 3534 3535 3676
f 3535 3677 3676
f 3535 3536 3677
f 3536 3678 3677
f 3536 3537 3678
f 3537 3679 3678
f 3537 3538 3679
f 3538 3680 3679
f 3538 3539 3680
f 3539 3681 3680
f 3539 3540 3681
f 3540 3682 3681
f 3540 3541 3682
f 3541 3683 3682
f 3541 3542 3683
f 3542 3684 3683
f 3542 3543 3684
f 3543 3685 3684
f 3543 3544 3685
f 3544 3686 3685
f 3544 3545 3686
f 3545 3687 3686
f 3545 3546 3687
f 3546 3688 3687
f 3546 3547 3688
f 3547 3689 3688
f 3547 3548 3689
f 3548 3690 3689
f 3548 3549 3690
f 3549 3691 3690
f 3549 3550 3691
f 3550 3692 3691
f 3550 3551 3692
f 3551 3693 3692
f 3551 3552 3693
f 3552 3694 3693
f 3552 3553 3694
f 3553 3695 3694
f 3553 3554 3695
f 3554 3696 3695
f 3554 3555 3696
f 3555 3697 3696
f 3555 3556 3697
f 3556 3698 3697
f 3556 3557 3698
f 3557 3699 3698
f 3557 3558 3699
f 3558 3700 3699
f 3558 3559 3700
f 3559 3701 3700
f 3559 3560 3701
f 3560 3702 3701
f 3560 3561 3702
f 3561 3703 3702
f 3561 3562 3703
f 3562 3704 3703
f 3562 3563 3704
f 3563 3705 3704
f 3563 3564 3705
f 3564 3706 3705
f 3564 3565 3706
f 3565 3707 3706
f 3565 3566 3707
f 3566 3708 3707
f 3566 3567 3708
f 3567 3709 3708
f 3567 3568 3709
f 3568 3710 3709
f 3568 3569 3710
f 3569 3711 3710
f 3569 3570 3711
f 3570 3712 3711
f 3570 3571 3712
f 3571 3713 3712
f 3571 3572 3713
f 3572 3714 3713
f 3572 3573 3714
f 3573 3715 3714
f 3573 3574 3715
f 3574 3716 3715
f 3574 3575 3716
f 3575 3717 3716
f 3575 3576 3717
f 3576 3718 3717
f 3576 3577 3718
f 3577 3719 3718
f 3577 3578 3719
f 3578 3720 3719
f 3578 3579 3720
f 3579 3721 3720
f 3579 3580 3721
f 3580 3722 3721
f 3580 3581 3722
f 3581 3723 3722
f 3581 3582 3723
f 3582 3724 3723
f 3582 3583 3724
f 3583 3725 3724
f 3583 3584 3725
f 3584 3726 3725
f 3584 3585 3726
f 3585 3727 3726
f 3585 3586 3727
f 3586 3728 3727
f 3586 3587 3728
f 3587 3729 3728
f 3587 3588 3729
f 3588 3730 3729
f 3588 3589 3730
f 3589 3731 3730
f 3589 3590 3731
f 3590 3732 3731
f 3590 3591 3732
f 3591 3733 3732
f 3591 3592 3733
f 3592 3734 3733
f 3592 3593 3734
f 3593 3735 3734
f 3593 3594 3735
f 3594 3736 3735
f 3594 3595 3736
f 3595 3737 3736
f 3595 3596 3737
f 3596 3738 3737
f 3596 3597 3738
f 3597 3739 3738
f 3597 3598 3739
f 3598 3740 3739
f 3598 3599 3740
f 3599 3741 3740
f 3599 3600 3741
f 3600 3742 3741
f 3600 3601 3742
f 3601 3743 3742
f 3601 3602 3743
f 3602 3744 3743
f 3602 3603 3744
f 3603 3745 3744
f 3603 3604 3745
f 3604 3746 3745
f 3604 3605 3746
f 3605 3747 3746
f 3605 3606 3747
f 3606 3748 3747
f 3606 3607 3748
f 3607 3749 3748
f 3607 3608 3749
f 3608 3750 3749
f 3608 3609 3750
f 3609 3751 3750
f 3609 3610 3751
f 3610 3752 3751
f 3610 3611 3752
f 3611 3753 3752
f 3611 3612 3753
f 3612 3754 3753
f 3612 3613 3754
f 3613 3755 3754
f 3613 3614 3755
f 3614 3756 3755
f 3614 3615 3756
f 3615 3757 3756
f 3615 3616 3757
f 3616 3758 3757
f 3616 3617 3758
f 3617 3759 3758
f 3617 3618 3759
f 3618 3760 3759
f 3618 3619 3760
f 3619 3761 3760
f 3619 3620 3761
f 3620 3762 3761
f 3620 3621 3762
f 3621 3763 3762
f 3621 3622 3763
f 3622 3764 3763
f 3622 3623 3764
f 3623 3765 3764
f 3623 3624 3765
f 3624 3766 3765
f 3624 3625 3766
f 3625 3767 3766
f 3625 3626 3767
f 3626 3768 3767
f 3626 3627 3768
f 3627 3769 3768
f 3627 3628 3769
f 3628 3770 3769
f 3628 3629 3770
f 3629 3771 3770
f 3629 3630 3771
f 3630 3772 3771
f 3630 3631 3772
f 3631 3773 3772
f 3631 3632 3773
f 3632 3774 3773
f 3632 3633 3774
f 3633 3775 3774
f 3633 3634 3775
f 3634 3776 3775
f 3634 3635 3776
f 3635 3777 3776
f 3635 3636 3777
f 3636 3778 3777
f 3636 3637 3778
f 3637 3779 3778
f 3637 3638 3779
f 3638 3780 3779
f 3638 3639 3780
f 3639 3781 3780
f 3639 3640 3781
f 3640 3782 3781
f 3640 3641 3782
f 3641 3783 3782
f 3641 3642 3783
f 3642 3784 3783
f 3642 3643 3784
f 3643 3785 3784
f 3643 3644 3785
f 3644 3786 3785
f 3644 3645 3786
f 3645 3787 3786
f 3645 3646 3787
f 3646 3788 3787
f 3646 3647 3788
f 3647 3789 3788
f 3647 3648 3789
f 3648 3790 3789
f 3648 3649 3790
f 3649 3791 3790
f 3649 3650 3791
f 3650 3792 3791
f 3650 3651 3792
f 3651 3793 3792
f 3651 3652 3793
f 3652 3794 3793
f 3652 3653 3794
f 3653 3795 3794
f 3653 3654 3795
f 3654 3796 3795
f 3654 3655 3796
f 3655 3797 3796
f 3655 3656 3797
f 3656 3798 3797
f 3656 3657 3798
f 3657 3799 3798
f 3657 3658 3799
f 3658 3800 3799
f 3658 3659 3800
f 3659 3801 3800
f 3659 3660 3801
f 3660 3802 3801
f 3660 3661 3802
f 3661 3803 3802
f 3661 3662 3803
f 3662 3804 3803
f 3662 3663 3804
f 3663 3805 3804
f 3663 3664 3805
f 3664 3806 3805
f 3664 3665 3806
f 3665 3807 3806
f 3665 3666 3807
f 3666 3808 3807
f 3666 3667 3808
f 3667 3809 3808
f 3667 3668 3809
f 3668 3669 3809
f 3668 3528 3669
f 3669 3811 3810
f 3669 3670 3811
f 3670 3812 3811
f 3670 3671 3812
f 3671 3813 3812
f 3671 3672 3813
f 3672 3814 3813
f 3672 3673 3814
f 3673 3815 3814
f 3673 3674 3815
f 3674 3816 3815
f 3674 3675 3816
f 3675 3817 3816
f 3675 3676 3817
f 3676 3818 3817
f 3676 3677 3818
f 3677 3819 3818
f 3677 3678 3819
f 3678 3820 3819
f 3678 3679 3820
f 3679 3821 3820
f 3679 3680 3821
f 3680 3822 3821
f 3680 3681 3822
f 3681 3823 3822
f 3681 3682 3823
f 3682 3824 3823
f 3682 3683 3824
f 3683 3825 3824
f 3683 3684 3825
f 3684 3826 3825
f 3684 3685 3826
f 3685 3827 3826
f 3685 3686 3827
f 3686 3828 3827
f 3686 3687 3828
f 3687 3829 3828
f 3687 3688 3829
f 3688 3830 3829
f 3688 3689 3830
f 3689 3831 3830
f 3689 3690 3831
f 3690 3832 3831
f 3690 3691 3832
f 3691 3833 3832
f 3691 3692 3833
f 3692 3834 3833
f 3692 3693 3834
f 3693 3835 3834
f 3693 3694 3835
f 3694 3836 3835
f 3694 3695 3836
f 3695 3837 3836
f 3695 3696 3837
f 3696 3838 3837
f 3696 3697 3838
f 3697 3839 3838
f 3697 3698 3839
f 3698 3840 3839
f 3698 3699 3840
f 3699 3841 3840
f 3699 3700 3841
f 3700 3842 3841
f 3700 3701 3842
f 3701 3843 3842
f 3701 3702 3843
f 3702 3844 3843
f 3702 3703 3844
f 3703 3845 3844
f 3703 3704 3845
f 3704 3846 3845
f 3704 3705 3846
f 3705 3847 3846
f 3705 3706 3847
f 3706 3848 3847
f 3706 3707 3848
f 3707 3849 3848
f 3707 3708 3849
f 3708 3850 3849
f 3708 3709 3850
f 3709 3851 3850
f 3709 3710 3851
f 3710 3852 3851
f 3710 3711 3852
f 3711 3853 3852
f 3711 3712 3853
f 3712 3854 3853
f 3712 3713 3854
f 3713 3855 3854
f 3713 3714 3855
f 3714 3856 3855
f 3714 3715 3856
f 3715 3857 3856
f 3715 3716 3857
f 3716 3858 3857
f 3716 3717 3858
f 3717 3859 3858
f 3717 3718 3859
f 3718 3860 3859
f 3718 3719 3860
f 3719 3861 3860
f 3719 3720 3861
f 3720 3862 3861
f 3720 3721 3862
f 3721 3863 3862
f 3721 3722 3863
f 3722 3864 3863
f 3722 3723 3864
f 3723 3865 3864
f 3723 3724 3865
f 3724 3866 3865
f 3724 3725 3866
f 3725 3867 3866
f 3725 3726 3867
f 3726 3868 3867
f 3726 3727 3868
f 3727 3869 3868
f 3727 3728 3869
f 3728 3870 3869
f 3728 3729 3870
f 3729 3871 3870
f 3729 3730 3871
f 3730 3872 3871
f 3730 3731 3872
f 3731 3873 3872
f 3731 3732 3873
f 3732 3874 3873
f 3732 3733 3874
f 3733 3875 3874
f 3733 3734 3875
f 3734 3876 3875
f 3734 3735 3876
f 3735 3877 3876
f 3735 3736 3877
f 3736 3878 3877
f 3736 3737 3878
f 3737 3879 3878
f 3737 3738 3879
f 3738 3880 3879
f 3738 3739 3880
f 3739 3881 3880
f 3739 3740 3881
f 3740 3882 3881
f 3740 3741 3882
f 3741 3883 3882
f 3741 3742 3883
f 3742 3884 3883
f 3742 3743 3884
f 3743 3885 3884
f 3743 3744 3885
f 3744 3886 3885
f 3744 3745 3886
f 3745 3887 3886
f 3745 3746 3887
f 3746 3888 3887
f 3746 3747 3888
f 3747 3889 3888
f 3747 3748 3889
f 3748 3890 3889
f 3748 3749 3890
f 3749 3891 3890
f 3749 3750 3891
f 3750 3892 3891
f 3750 3751 3892
f 3751 3893 3892
f 3751 3752 3893
f 3752 3894 3893
f 3752 3753 3894
f 3753 3895 3894
f 3753 3754 3895
f 3754 3896 3895
f 3754 3755 3896
f 3755 3897 3896
f 3755 3756 3897
f 3756 3898 3897
f 3756 3757 3898
f 3757 3899 3898
f 3757 3758 3899
f 3758 3900 3899
f 3758 3759 3900
f 3759 3901 3900
f 3759 3760 3901
f 3760 3902 3901
f 3760 3761 3902
f 3761 3903 3902
f 3761 3762 3903
f 3762 3904 3903
f 3762 3763 3904
f 3763 3905 3904
f 3763 3764 3905
f 3764 3906 3905
f 3764 3765 3906
f 3765 3907 3906
f 3765 3766 3907
f 3766 3908 3907
f 3766 3767 3908
f 3767 3909 3908
f 3767 3768 3909
f 3768 3910 3909
f 3768 3769 3910
f 3769 3911 3910
f 3769 3770 3911
f 3770 3912 3911
f 3770 3771 3912
f 3771 3913 3912
f 3771 3772 3913
f 3772 3914 3913
f 3772 3773 3914
f 3773 3915 3914
f 3773 3774 3915
f 3774 3916 3915
f 3774 3775 3916
f 3775 3917 3916
f 3775 3776 3917
f 3776 3918 3917
f 3776 3777 3918
f 3777 3919 3918
f 3777 3778 3919
f 3778 3920 3919
f 3778 3779 3920
f 3779 3921 3920
f 3779 3780 3921
f 3780 3922 3921
f 3780 3781 3922
f 3781 3923 3922
f 3781 3782 3923
f 3782 3924 3923
f 3782 3783 3924
f 3783 3925 3924
f 3783 3784 3925
f 3784 3926 3925
f 3784 3785 3926
f 3785 3927 3926
f 3785 3786 3927
f 3786 3928 3927
f 3786 3787 3928
f 3787 3929 3928
f 3787 3788 3929
f 3788 3930 3929
f 3788 3789 3930
f 3789 3931 3930
f 3789 3790 3931
f 3790 3932 3931
f 3790 3791 3932
f 3791 3933 3932
f 3791 3792 3933
f 3792 3934 3933
f 3792 3793 3934
f 3793 3935 3934
f 3793 3794 3935
f 3794 3936 3935
f 3794 3795 3936
f 3795 3937 3936
f 3795 3796 3937
f 3796 3938 3937
f 3796 3797 3938
f 3797 3939 3938
f 3797 3798 3939
f 3798 3940 3939
f 3798 3799 3940
f 3799 3941 3940
f 3799 3800 3941
f 3800 3942 3941
f 3800 3801 3942
f 3801 3943 3942
f 3801 3802 3943
f 3802 3944 3943
f 3802 3803 3944
f 3803 3945 3944
f 3803 3804 3945
f 3804 3946 3945
f 3804 3805 3946
f 3805 3947 3946
f 3805 3806 3947
f 3806 3948 3947
f 3806 3807 3948
f 3807 3949 3948
f 3807 3808 3949
f 3808 3950 3949
f 3808 3809 3950
f 3809 3810 3950
f 3809 3669 3810
f 3810 3952 3951
f 3810 3811 3952
f 3811 3953 3952
f 3811 3812 3953
f 3812 3954 3953
f 3812 3813 3954
f 3813 3955 3954
f 3813 3814 3955
f 3814 3956 3955
f 3814 3815 3956
f 3815 3957 3956
f 3815 3816 3957
f 3816 3958 3957
f 3816 3817 3958
f 3817 3959 3958
f 3817 3818 3959
f 3818 3960 3959
f 3818 3819 3960
f 3819 3961 3960
f 3819 3820 3961
f 3820 3962 3961
f 3820 3821 3962
f 3821 3963 3962
f 3821 3822 3963
f 3822 3964 3963
f 3822 3823 3964
f 3823 3965 3964
f 3823 3824 3965
f 3824 3966 3965
f 3824 3825 3966
f 3825 3967 3966
f 3825 3826 3967
f 3826 3968 3967
f 3826 3827 3968
f 3827 3969 3968
f 3827 3828 3969
f 3828 3970 3969
f 3828 3829 3970
f 3829 3971 3970
f 3829 3830 3971
f 3830 3972 3971
f 3830 3831 3972
f 3831 3973 3972
f 3831 3832 3973
f 3832 3974 3973
f 3832 3833 3974
f 3833 3975 3974
f 3833 3834 3975
f 3834 3976 3975
f 3834 3835 3976
f 3835 3977 3976
f 3835 3836 3977
f 3836 3978 3977
f 3836 3837 3978
f 3837 3979 3978
f 3837 3838 3979
f 3838 3980 3979
f 3838 3839 3980
f 3839 3981 3980
f 3839 3840 3981
f 3840 3982 3981
f 3840 3841 3982
f 3841 3983 3982
f 3841 3842 3983
f 3842 3984 3983
f 3842 3843 3984
f 3843 3985 3984
f 3843 3844 3985
f 3844 3986 3985
f 3844 3845 3986
f 3845 3987 3986
f 3845 3846 3987
f 3846 3988 3987
f 3846 3847 3988
f 3847 3989 3988
f 3847 3848 3989
f 3848 3990 3989
f 3848 3849 3990
f 3849 3991 3990
f 3849 3850 3991
f 3850 3992 3991
f 3850 3851 3992
f 3851 3993 3992
f 3851 3852 3993
f 3852 3994 3993
f 3852 3853 3994
f 3853 3995 3994
f 3853 3854 3995
f 3854 3996 3995
f 3854 3855 3996
f 3855 3997 3996
f 3855 3856 3997
f 3856 3998 3997
f 3856 3857 3998
f 3857 3999 3998
f 3857 3858 3999
f 3858 4000 3999
f 3858 3859 4000
f 3859 4001 4000
f 3859 3860 4001
f 3860 4002 4001
f 3860 3861 4002
f 3861 4003 4002
f 3861 3862 4003
f 3862 4004 4003
f 3862 3863 4004
f 3863 4005 4004
f 3863 3864 4005
f 3864 4006 4005
f 3864 3865 4006
f 3865 4007 4006
f 3865 3866 4007
f 3866 4008 4007
f 3866 3867 4008
f 3867 4009 4008
f 3867 3868 4009
f 3868 4010 4009
f 3868 3869 4010
f 3869 4011 4010
f 3869 3870 4011
f 3870 4012 4011
f 3870 3871 4012
f 3871 4013 4012
f 3871 3872 4013
f 3872 4014 4013
f 3872 3873 4014
f 3873 4015 4014
f 3873 3874 4015
f 3874 4016 4015
f 3874 3875 4016
f 3875 4017 4016
f 3875 3876 4017
f 3876 4018 4017
f 3876 3877 4018
f 3877 4019 4018
f 3877 3878 4019
f 3878 4020 4019
f 3878 3879 4020
f 3879 4021 4020
f 3879 3880 4021
f 3880 4022 4021
f 3880 3881 4022
f 3881 4023 4022
f 3881 3882 4023
f 3882 4024 4023
f 3882 3883 4024
f 3883 4025 4024
f 3883 3884 4025
f 3884 4026 4025
f 3884 3885 4026
f 3885 4027 4026
f 3885 3886 4027
f 3886 4028 4027
f 3886 3887 4028
f 3887 4029 4028
f 3887 3888 4029
f 3888 4030 4029
f 3888 3889 4030
f 3889 4031 4030
f 3889 3890 4031
f 3890 4032 4031
f 3890 3891 4032
f 3891 4033 4032
f 3891 3892 4033
f 3892 4034 4033
f 3892 3893 4034
f 3893 4035 4034
f 3893 3894 4035
f 3894 4036 4035
f 3894 3895 4036
f 3895 4037 4036
f 3895 3896 4037
f 3896 4038 4037
f 3896 3897 4038
f 3897 4039 4038
f 3897 3898 4039
f 3898 4040 4039
f 3898 3899 4040
f 3899 4041 4040
f 3899 3900 4041
f 3900 4042 4041
f 3900 3901 4042
f 3901 4043 4042
f 3901 3902 4043
f 3902 4044 4043
f 3902 3903 4044
f 3903 4045 4044
f 3903 3904 4045
f 3904 4046 4045
f 3904 3905 4046
f 3905 4047 4046
f 3905 3906 4047
f 3906 4048 4047
f 3906 3907 4048
f 3907 4049 4048
f 3907 3908 4049
f 3908 4050 4049
f 3908 3909 4050
f 3909 4051 4050
f 3909 3910 4051
f 3910 4052 4051
f 3910 3911 4052
f 3911 4053 4052
f 3911 3912 4053
f 3912 4054 4053
f 3912 3913 4054
f 3913 4055 4054
f 3913 3914 4055
f 3914 4056 4055
f 3914 3915 4056
f 3915 4057 4056
f 3915 3916 4057
f 3916 4058 4057
f 3916 3917 4058
f 3917 4059 4058
f 3917 3918 4059
f 3918 4060 4059
f 3918 3919 4060
f 3919 4061 4060
f 3919 3920 4061
f 3920 4062 4061
f 3920 3921 4062
f 3921 4063 4062
f 3921 3922 4063
f 3922 4064 4063
f 3922 3923 4064
f 3923 4065 4064
f 3923 3924 4065
f 3924 4066 4065
f 3924 3925 4066
f 3925 4067 4066
f 3925 3926 4067
f 3926 4068 4067
f 3926 3927 4068
f 3927 4069 4068
f 3927 3928 4069
f 3928 4070 4069
f 3928 3929 4070
f 3929 4071 4070
f 3929 3930 4071
f 3930 4072 4071
f 3930 3931 4072
f 3931 4073 4072
f 3931 3932 4073
f 3932 4074 4073
f 3932 3933 4074
f 3933 4075 4074
f 3933 3934 4075
f 3934 4076 4075
f 3934 3935 4076
f 3935 4077 4076
f 3935 3936 4077
f 3936 4078 4077
f 3936 3937 4078
f 3937 4079 4078
f 3937 3938 4079
f 3938 4080 4079
f 3938 3939 4080
f 3939 4081 4080
f 3939 3940 4081
f 3940 4082 4081
f 3940 3941 4082
f 3941 4083 4082
f 3941 3942 4083
f 3942 4084 4083
f 3942 3943 4084
f 3943 4085 4084
f 3943 3944 4085
f 3944 4086 4085
f 3944 3945 4086
f 3945 4087 4086
f 3945 3946 4087
f 3946 4088 4087
f 3946 3947 4088
f 3947 4089 4088
f 3947 3948 4089
f 3948 4090 4089
f 3948 3949 4090
f 3949 4091 4090
f 3949 3950 4091
f 3950 3951 4091
f 3950 3810 3951
f 3951 4093 4092
f 3951 3952 4093
f 3952 4094 4093
f 3952 3953 4094
f 3953 4095 4094
f 3953 3954 4095
f 3954 4096 4095
f 3954 3955 4096
f 3955 4097 4096
f 3955 3956 4097
f 3956 4098 4097
f 3956 3957 4098
f 3957 4099 4098
f 3957 3958 4099
f 3958 4100 4099
f 3958 3959 4100
f 3959 4101 4100
f 3959 3960 4101
f 3960 4102 4101
f 3960 3961 4102
f 3961 4103 4102
f 3961 3962 4103
f 3962 4104 4103
f 3962 3963 4104
f 3963 4105 4104
f 3963 3964 4105
f 3964 4106 4105
f 3964 3965 4106
f 3965 4107 4106
f 3965 3966 4107
f 3966 4108 4107
f 3966 3967 4108
f 3967 4109 4108
f 3967 3968 4109
f 3968 4110 4109
f 3968 3969 4110
f 3969 4111 4110
f 3969 3970 4111
f 3970 4112 4111
f 3970 3971 4112
f 3971 4113 4112
f 3971 3972 4113
f 3972 4114 4113
f 3972 3973 4114
f 3973 4115 4114
f 3973 3974 4115
f 3974 4116 4115
f 3974 3975 4116
f 3975 4117 4116
f 3975 3976 4117
f 3976 4118 4117
f 3976 3977 4118
f 3977 4119 4118
f 3977 3978 4119
f 3978 4120 4119
f 3978 3979 4120
f 3979 4121 4120
f 3979 3980 4121
f 3980 4122 4121
f 3980 3981 4122
f 3981 4123 4122
f 3981 3982 4123
f 3982 4124 4123
f 3982 3983 4124
f 3983 4125 4124
f 3983 3984 4125
f 3984 4126 4125
f 3984 3985 4126
f 3985 4127 4126
f 3985 3986 4127
f 3986 4128 4127
f 3986 3987 4128
f 3987 4129 4128
f 3987 3988 4129
f 3988 4130 4129
f 3988 3989 4130
f 3989 4131 4130
f 3989 3990 4131
f 3990 4132 4131
f 3990 3991 4132
f 3991 4133 4132
f 3991 3992 4133
f 3992 4134 4133
f 3992 3993 4134
f 3993 4135 4134
f 3993 3994 4135
f 3994 4136 4135
f 3994 3995 4136
f 3995 4137 4136
f 3995 3996 4137
f 3996 4138 4137
f 3996 3997 4138
f 3997 4139 4138
f 3997 3998 4139
f 3998 4140 4139
f 3998 3999 4140
f 3999 4141 4140
f 3999 4000 4141
f 4000 4142 4141
f 4000 4001 4142
f 4001 4143 4142
f 4001 4002 4143
f 4002 4144 4143
f 4002 4003 4144
f 4003 4145 4144
f 4003 4004 4145
f 4004 4146 4145
f 4004 4005 4146
f 4005 4147 4146
f 4005 4006 4147
f 4006 4148 4147
f 4006 4007 4148
f 4007 4149 4148
f 4007 4008 4149
f 4008 4150 4149
f 4008 4009 4150
f 4009 4151 4150
f 4009 4010 4151
f 4010 4152 4151
f 4010 4011 4152
f 4011 4153 4152
f 4011 4012 4153
f 4012 4154 4153
f 4012 4013 4154
f 4013 4155 4154
f 4013 4014 4155
f 4014 4156 4155
f 4014 4015 4156
f 4015 4157 4156
f 4015 4016 4157
f 4016 4158 4157
f 4016 4017 4158
f 4017 4159 4158
f 4017 4018 4159
f 4018 4160 4159
f 4018 4019 4160
f 4019 4161 4160
f 4019 4020 4161
f 4020 4162 4161
f 4020 4021 4162
f 4021 4163 4162
f 4021 4022 4163
f 4022 4164 4163
f 4022 4023 4164
f 4023 4165 4164
f 4023 4024 4165
f 4024 4166 4165
f 4024 4025 4166
f 4025 4167 4166
f 4025 4026 4167
f 4026 4168 4167
f 4026 4027 4168
f 4027 4169 4168
f 4027 4028 4169
f 4028 4170 4169
f 4028 4029 4170
f 4029 4171 4170
f 4029 4030 4171
f 4030 4172 4171
f 4030 4031 4172
f 4031 4173 4172
f 4031 4032 4173
f 4032 4174 4173
f 4032 4033 4174
f 4033 4175 4174
f 4033 4034 4175
f 4034 4176 4175
f 4034 4035 4176
f 4035 4177 4176
f 4035 4036 4177
f 4036 4178 4177
f 4036 4037 4178
f 4037 4179 4178
f 4037 4038 4179
f 4038 4180 4179
f 4038 4039 4180
f 4039 4181 4180
f 4039 4040 4181
f 4040 4182 4181
f 4040 4041 4182
f 4041 4183 4182
f 4041 4042 4183
f 4042 4184 4183
f 4042 4043 4184
f 4043 4185 4184
f 4043 4044 4185
f 4044 4186 4185
f 4044 4045 4186
f 4045 4187 4186
f 4045 4046 4187
f 4046 4188 4187
f 4046 4047 4188
f 4047 4189 4188
f 4047 4048 4189
f 4048 4190 4189
f 4048 4049 4190
f 4049 4191 4190
f 4049 4050 4191
f 4050 4192 4191
f 4050 4051 4192
f 4051 4193 4192
f 4051 4052 4193
f 4052 4194 4193
f 4052 4053 4194
f 4053 4195 4194
f 4053 4054 4195
f 4054 4196 4195
f 4054 4055 4196
f 4055 4197 4196
f 4055 4056 4197
f 4056 4198 4197
f 4056 4057 4198
f 4057 4199 4198
f 4057 4058 4199
f 4058 4200 4199
f 4058 4059 4200
f 4059 4201 4200
f 4059 4060 4201
f 4060 4202 4201
f 4060 4061 4202
f 4061 4203 4202
f 4061 4062 4203
f 4062 4204 4203
f 4062 4063 4204
f 4063 4205 4204
f 4063 4064 4205
f 4064 4206 4205
f 4064 4065 4206
f 4065 4207 4206
f 4065 4066 4207
f 4066 4208 4207
f 4066 4067 4208
f 4067 4209 4208
f 4067 4068 4209
f 4068 4210 4209
f 4068 4069 4210
f 4069 4211 4210
f 4069 4070 4211
f 4070 4212 4211
f 4070 4071 4212
f 4071 4213 4212
f 4071 4072 4213
f 4072 4214 4213
f 4072 4073 4214
f 4073 4215 4214
f 4073 4074 4215
f 4074 4216 4215
f 4074 4075 4216
f 4075 4217 4216
f 4075 4076 4217
f 4076 4218 4217
f 4076 4077 4218
f 4077 4219 4218
f 4077 4078 4219
f 4078 4220 4219
f 4078 4079 4220
f 4079 4221 4220
f 4079 4080 4221
f 4080 4222 4221
f 4080 4081 4222
f 4081 4223 4222
f 4081 4082 4223
f 4082 4224 4223
f 4082 4083 4224
f 4083 4225 4224
f 4083 4084 4225
f 4084 4226 4225
f 4084 4085 4226
f 4085 4227 4226
f 4085 4086 4227
f 4086 4228 4227
f 4086 4087 4228
f 4087 4229 4228
f 4087 4088 4229
f 4088 4230 4229
f 4088 4089 4230
f 4089 4231 4230
f 4089 4090 4231
f 4090 4232 4231
f 4090 4091 4232
f 4091 4092 4232
f 4091 3951 4092
f 4092 4234 4233
f 4092 4093 4234
f 4093 4235 4234
f 4093 4094 4235
f 4094 4236 4235
f 4094 4095 4236
f 4095 4237 4236
f 4095 4096 4237
f 4096 4238 4237
f 4096 4097 4238
f 4097 4239 4238
f 4097 4098 4239
f 4098 4240 4239
f 4098 4099 4240
f 4099 4241 4240
f 4099 4100 4241
f 4100 4242 4241
f 4100 4101 4242
f 4101 4243 4242
f 4101 4102 4243
f 4102 4244 4243
f 4102 4103 4244
f 4103 4245 4244
f 4103 4104 4245
f 4104 4246 4245
f 4104 4105 4246
f 4105 4247 4246
f 4105 4106 4247
f 4106 4248 4247
f 4106 4107 4248
f 4107 4249 4248
f 4107 4108 4249
f 4108 4250 4249
f 4108 4109 4250
f 4109 4251 4250
f 4109 4110 4251
f 4110 4252 4251
f 4110 4111 4252
f 4111 4253 4252
f 4111 4112 4253
f 4112 4254 4253
f 4112 4113 4254
f 4113 4255 4254
f 4113 4114 4255
f 4114 4256 4255
f 4114 4115 4256
f 4115 4257 4256
f 4115 4116 4257
f 4116 4258 4257
f 4116 4117 4258
f 4117 4259 4258
f 4117 4118 4259
f 4118 4260 4259
f 4118 4119 4260
f 4119 4261 4260
f 4119 4120 4261
f 4120 4262 4261
f 4120 4121 4262
f 4121 4263 4262
f 4121 4122 4263
f 4122 4264 4263
f 4122 4123 4264
f 4123 4265 4264
f 4123 4124 4265
f 4124 4266 4265
f 4124 4125 4266
f 4125 4267 4266
f 4125 4126 4267
f 4126 4268 4267
f 4126 4127 4268
f 4127 4269 4268
f 4127 4128 4269
f 4128 4270 4269
f 4128 4129 4270
f 4129 4271 4270
f 4129 4130 4271
f 4130 4272 4271
f 4130 4131 4272
f 4131 4273 4272
f 4131 4132 4273
f 4132 4274 4273
f 4132 4133 4274
f 4133 4275 4274
f 4133 4134 4275
f 4134 4276 4275
f 4134 4135 4276
f 4135 4277 4276
f 4135 4136 4277
f 4136 4278 4277
f 4136 4137 4278
f 4137 4279 4278
f 4137 4138 4279
f 4138 4280 4279
f 4138 4139 4280
f 4139 4281 4280
f 4139 4140 4281
f 4140 4282 4281
f 4140 4141 4282
f 4141 4283 4282
f 4141 4142 4283
f 4142 4284 4283
f 4142 4143 4284
f 4143 4285 4284
f 4143 4144 4285
f 4144 4286 4285
f 4144 4145 4286
f 4145 4287 4286
f 4145 4146 4287
f 4146 4288 4287
f 4146 4147 4288
f 4147 4289 4288
f 4147 4148 4289
f 4148 4290 4289
f 4148 4149 4290
f 4149 4291 4290
f 4149 4150 4291
f 4150 4292 4291
f 4150 4151 4292
f 4151 4293 4292
f 4151 4152 4293
f 4152 4294 4293
f 4152 4153 4294
f 4153 4295 4294
f 4153 4154 4295
f 4154 4296 4295
f 4154 4155 4296
f 4155 4297 4296
f 4155 4156 4297
f 4156 4298 4297
f 4156 4157 4298
f 4157 4299 4298
f 4157 4158 4299
f 4158 4300 4299
f 4158 4159 4300
f 4159 4301 4300
f 4159 4160 4301
f 4160 4302 4301
f 4160 4161 4302
f 4161 4303 4302
f 4161 4162 4303
f 4162 4304 4303
f 4162 4163 4304
f 4163 4305 4304
f 4163 4164 4305
f 4164 4306 4305
f 4164 4165 4306
f 4165 4307 4306
f 4165 4166 4307
f 4166 4308 4307
f 4166 4167 4308
f 4167 4309 4308
f 4167 4168 4309
f 4168 4310 4309
f 4168 4169 4310
f 4169 4311 4310
f 4169 4170 4311
f 4170 4312 4311
f 4170 4171 4312
f 4171 4313 4312
f 4171 4172 4313
f 4172 4314 4313
f 4172 4173 4314
f 4173 4315 4314
f 4173 4174 4315
f 4174 4316 4315
f 4174 4175 4316
f 4175 4317 4316
f 4175 4176 4317
f 4176 4318 4317
f 4176 4177 4318
f 4177 4319 4318
f 4177 4178 4319
f 4178 4320 4319
f 4178 4179 4320
f 4179 4321 4320
f 4179 4180 4321
f 4180 4322 4321
f 4180 4181 4322
f 4181 4323 4322
f 4181 4182 4323
f 4182 4324 4323
f 4182 4183 4324
f 4183 4325 4324
f 4183 4184 4325
f 4184 4326 4325
f 4184 4185 4326
f 4185 4327 4326
f 4185 4186 4327
f 4186 4328 4327
f 4186 4187 4328
f 4187 4329 4328
f 4187 4188 4329
f 4188 4330 4329
f 4188 4189 4330
f 4189 4331 4330
f 4189 4190 4331
f 4190 4332 4331
f 4190 4191 4332
f 4191 4333 4332
f 4191 4192 4333
f 4192 4334 4333
f 4192 4193 4334
f 4193 4335 4334
f 4193 4194 4335
f 4194 4336 4335
f 4194 4195 4336
f 4195 4337 4336
f 4195 4196 4337
f 4196 4338 4337
f 4196 4197 4338
f 4197 4339 4338
f 4197 4198 4339
f 4198 4340 4339
f 4198 4199 4340
f 4199 4341 4340
f 4199 4200 4341
f 4200 4342 4341
f 4200 4201 4342
f 4201 4343 4342
f 4201 4202 4343
f 4202 4344 4343
f 4202 4203 4344
f 4203 4345 4344
f 4203 4204 4345
f 4204 4346 4345
f 4204 4205 4346
f 4205 4347 4346
f 4205 4206 4347
f 4206 4348 4347
f 4206 4207 4348
f 4207 4349 4348
f 4207 4208 4349
f 4208 4350 4349
f 4208 4209 4350
f 4209 4351 4350
f 4209 4210 4351
f 4210 4352 4351
f 4210 4211 4352
f 4211 4353 4352
f 4211 4212 4353
f 4212 4354 4353
f 4212 4213 4354
f 4213 4355 4354
f 4213 4214 4355
f 4214 4356 4355
f 4214 4215 4356
f 4215 4357 4356
f 4215 4216 4357
f 4216 4358 4357
f 4216 4217 4358
f 4217 4359 4358
f 4217 4218 4359
f 4218 4360 4359
f 4218 4219 4360
f 4219 4361 4360
f 4219 4220 4361
f 4220 4362 4361
f 4220 4221 4362
f 4221 4363 4362
f 4221 4222 4363
f 4222 4364 4363
f 4222 4223 4364
f 4223 4365 4364
f 4223 4224 4365
f 4224 4366 4365
f 4224 4225 4366
f 4225 4367 4366
f 4225 4226 4367
f 4226 4368 4367
f 4226 4227 4368
f 4227 4369 4368
f 4227 4228 4369
f 4228 4370 4369
f 4228 4229 4370
f 4229 4371 4370
f 4229 4230 4371
f 4230 4372 4371
f 4230 4231 4372
f 4231 4373 4372
f 4231 4232 4373
f 4232 4233 4373
f 4232 4092 4233
f 4233 4375 4374
f 4233 4234 4375
f 4234 4376 4375
f 4234 4235 4376
f 4235 4377 4376
f 4235 4236 4377
f 4236 4378 4377
f 4236 4237 4378
f 4237 4379 4378
f 4237 4238 4379
f 4238 4380 4379
f 4238 4239 4380
f 4239 4381 4380
f 4239 4240 4381
f 4240 4382 4381
f 4240 4241 4382
f 4241 4383 4382
f 4241 4242 4383
f 4242 4384 4383
f 4242 4243 4384
f 4243 4385 4384
f 4243 4244 4385
f 4244 4386 4385
f 4244 4245 4386
f 4245 4387 4386
f 4245 4246 4387
f 4246 4388 4387
f 4246 4247 4388
f 4247 4389 4388
f 4247 4248 4389
f 4248 4390 4389
f 4248 4249 4390
f 4249 4391 4390
f 4249 4250 4391
f 4250 4392 4391
f 4250 4251 4392
f 4251 4393 4392
f 4251 4252 4393
f 4252 4394 4393
f 4252 4253 4394
f 4253 4395 4394
f 4253 4254 4395
f 4254 4396 4395
f 4254 4255 4396
f 4255 4397 4396
f 4255 4256 4397
f 4256 4398 4397
f 4256 4257 4398
f 4257 4399 4398
f 4257 4258 4399
f 4258 4400 4399
f 4258 4259 4400
f 4259 4401 4400
f 4259 4260 4401
f 4260 4402 4401
f 4260 4261 4402
f 4261 4403 4402
f 4261 4262 4403
f 4262 4404 4403
f 4262 4263 4404
f 4263 4405 4404
f 4263 4264 4405
f 4264 4406 4405
f 4264 4265 4406
f 4265 4407 4406
f 4265 4266 4407
f 4266 4408 4407
f 4266 4267 4408
f 4267 4409 4408
f 4267 4268 4409
f 4268 4410 4409
f 4268 4269 4410
f 4269 4411 4410
f 4269 4270 4411
f 4270 4412 4411
f 4270 4271 4412
f 4271 4413 4412
f 4271 4272 4413
f 4272 4414 4413
f 4272 4273 4414
f 4273 4415 4414
f 4273 4274 4415
f 4274 4416 4415
f 4274 4275 4416
f 4275 4417 4416
f 4275 4276 4417
f 4276 4418 4417
f 4276 4277 4418
f 4277 4419 4418
f 4277 4278 4419
f 4278 4420 4419
f 4278 4279 4420
f 4279 4421 4420
f 4279 4280 4421
f 4280 4422 4421
f 4280 4281 4422
f 4281 4423 4422
f 4281 4282 4423
f 4282 4424 4423
f 4282 4283 4424
f 4283 4425 4424
f 4283 4284 4425
f 4284 4426 4425
f 4284 4285 4426
f 4285 4427 4426
f 4285 4286 4427
f 4286 4428 4427
f 4286 4287 4428
f 4287 4429 4428
f 4287 4288 4429
f 4288 4430 4429
f 4288 4289 4430
f 4289 4431 4430
f 4289 4290 4431
f 4290 4432 4431
f 4290 4291 4432
f 4291 4433 4432
f 4291 4292 4433
f 4292 4434 4433
f 4292 4293 4434
f 4293 4435 4434
f 4293 4294 4435
f 4294 4436 4435
f 4294 4295 4436
f 4295 4437 4436
f 4295 4296 4437
f 4296 4438 4437
f 4296 4297 4438
f 4297 4439 4438
f 4297 4298 4439
f 4298 4440 4439
f 4298 4299 4440
f 4299 4441 4440
f 4299 4300 4441
f 4300 4442 4441
f 4300 4301 4442
f 4301 4443 4442
f 4301 4302 4443
f 4302 4444 4443
f 4302 4303 4444
f 4303 4445 4444
f 4303 4304 4445
f 4304 4446 4445
f 4304 4305 4446
f 4305 4447 4446
f 4305 4306 4447
f 4306 4448 4447
f 4306 4307 4448
f 4307 4449 4448
f 4307 4308 4449
f 4308 4450 4449
f 4308 4309 4450
f 4309 4451 4450
f 4309 4310 4451
f 4310 4452 4451
f 4310 4311 4452
f 4311 4453 4452
f 4311 4312 4453
f 4312 4454 4453
f 4312 4313 4454
f 4313 4455 4454
f 4313 4314 4455
f 4314 4456 4455
f 4314 4315 4456
f 4315 4457 4456
f 4315 4316 4457
f 4316 4458 4457
f 4316 4317 4458
f 4317 4459 4458
f 4317 4318 4459
f 4318 4460 4459
f 4318 4319 4460
f 4319 4461 4460
f 4319 4320 4461
f 4320 4462 4461
f 4320 4321 4462
f 4321 4463 4462
f 4321 4322 4463
f 4322 4464 4463
f 4322 4323 4464
f 4323 4465 4464
f 4323 4324 4465
f 4324 4466 4465
f 4324 4325 4466
f 4325 4467 4466
f 4325 4326 4467
f 4326 4468 4467
f 4326 4327 4468
f 4327 4469 4468
f 4327 4328 4469
f 4328 4470 4469
f 4328 4329 4470
f 4329 4471 4470
f 4329 4330 4471
f 4330 4472 4471
f 4330 4331 4472
f 4331 4473 4472
f 4331 4332 4473
f 4332 4474 4473
f 4332 4333 4474
f 4333 4475 4474
f 4333 4334 4475
f 4334 4476 4475
f 4334 4335 4476
f 4335 4477 4476
f 4335 4336 4477
f 4336 4478 4477
f 4336 4337 4478
f 4337 4479 4478
f 4337 4338 4479
f 4338 4480 4479
f 4338 4339 4480
f 4339 4481 4480
f 4339 4340 4481
f 4340 4482 4481
f 4340 4341 4482
f 4341 4483 4482
f 4341 4342 4483
f 4342 4484 4483
f 4342 4343 4484
f 4343 4485 4484
f 4343 4344 4485
f 4344 4486 4485
f 4344 4345 4486
f 4345 4487 4486
f 4345 4346 4487
f 4346 4488 4487
f 4346 4347 4488
f 4347 4489 4488
f 4347 4348 4489
f 4348 4490 4489
f 4348 4349 4490
f 4349 4491 4490
f 4349 4350 4491
f 4350 4492 4491
f 4350 4351 4492
f 4351 4493 4492
f 4351 4352 4493
f 4352 4494 4493
f 4352 4353 4494
f 4353 4495 4494
f 4353 4354 4495
f 4354 4496 4495
f 4354 4355 4496
f 4355 4497 4496
f 4355 4356 4497
f 4356 4498 4497
f 4356 4357 4498
f 4357 4499 4498
f 4357 4358 4499
f 4358 4500 4499
f 4358 4359 4500
f 4359 4501 4500
f 4359 4360 4501
f 4360 4502 4501
f 4360 4361 4502
f 4361 4503 4502
f 4361 4362 4503
f 4362 4504 4503
f 4362 4363 4504
f 4363 4505 4504
f 4363 4364 4505
f 4364 4506 4505
f 4364 4365 4506
f 4365 4507 4506
f 4365 4366 4507
f 4366 4508 4507
f 4366 4367 4508
f 4367 4509 4508
f 4367 4368 4509
f 4368 4510 4509
f 4368 4369 4510
f 4369 4511 4510
f 4369 4370 4511
f 4370 4512 4511
f 4370 4371 4512
f 4371 4513 4512
f 4371 4372 4513
f 4372 4514 4513
f 4372 4373 4514
f 4373 4374 4514
f 4373 4233 4374
f 4374 4516 4515
f 4374 4375 4516
f 4375 4517 4516
f 4375 4376 4517
f 4376 4518 4517
f 4376 4377 4518
f 4377 4519 4518
f 4377 4378 4519
f 4378 4520 4519
f 4378 4379 4520
f 4379 4521 4520
f 4379 4380 4521
f 4380 4522 4521
f 4380 4381 4522
f 4381 4523 4522
f 4381 4382 4523
f 4382 4524 4523
f 4382 4383 4524
f 4383 4525 4524
f 4383 4384 4525
f 4384 4526 4525
f 4384 4385 4526
f 4385 4527 4526
f 4385 4386 4527
f 4386 4528 4527
f 4386 4387 4528
f 4387 4529 4528
f 4387 4388 4529
f 4388 4530 4529
f 4388 4389 4530
f 4389 4531 4530
f 4389 4390 4531
f 4390 4532 4531
f 4390 4391 4532
f 4391 4533 4532
f 4391 4392 4533
f 4392 4534 4533
f 4392 4393 4534
f 4393 4535 4534
f 4393 4394 4535
f 4394 4536 4535
f 4394 4395 4536
f 4395 4537 4536
f 4395 4396 4537
f 4396 4538 4537
f 4396 4397 4538
f 4397 4539 4538
f 4397 4398 4539
f 4398 4540 4539
f 4398 4399 4540
f 4399 4541 4540
f 4399 4400 4541
f 4400 4542 4541
f 4400 4401 4542
f 4401 4543 4542
f 4401 4402 4543
f 4402 4544 4543
f 4402 4403 4544
f 4403 4545 4544
f 4403 4404 4545
f 4404 4546 4545
f 4404 4405 4546
f 4405 4547 4546
f 4405 4406 4547
f 4406 4548 4547
f 4406 4407 4548
f 4407 4549 4548
f 4407 4408 4549
f 4408 4550 4549
f 4408 4409 4550
f 4409 4551 4550
f 4409 4410 4551
f 4410 4552 4551
f 4410 4411 4552
f 4411 4553 4552
f 4411 4412 4553
f 4412 4554 4553
f 4412 4413 4554
f 4413 4555 4554
f 4413 4414 4555
f 4414 4556 4555
f 4414 4415 4556
f 4415 4557 4556
f 4415 4416 4557
f 4416 4558 4557
f 4416 4417 4558
f 4417 4559 4558
f 4417 4418 4559
f 4418 4560 4559
f 4418 4419 4560
f 4419 4561 4560
f 4419 4420 4561
f 4420 4562 4561
f 4420 4421 4562
f 4421 4563 4562
f 4421 4422 4563
f 4422 4564 4563
f 4422 4423 4564
f 4423 4565 4564
f 4423 4424 4565
f 4424 4566 4565
f 4424 4425 4566
f 4425 4567 4566
f 4425 4426 4567
f 4426 4568 4567
f 4426 4427 4568
f 4427 4569 4568
f 4427 4428 4569
f 4428 4570 4569
f 4428 4429 4570
f 4429 4571 4570
f 4429 4430 4571
f 4430 4572 4571
f 4430 4431 4572
f 4431 4573 4572
f 4431 4432 4573
f 4432 4574 4573
f 4432 4433 4574
f 4433 4575 4574
f 4433 4434 4575
f 4434 4576 4575
f 4434 4435 4576
f 4435 4577 4576
f 4435 4436 4577
f 4436 4578 4577
f 4436 4437 4578
f 4437 4579 4578
f 4437 4438 4579
f 4438 4580 4579
f 4438 4439 4580
f 4439 4581 4580
f 4439 4440 4581
f 4440 4582 4581
f 4440 4441 4582
f 4441 4583 4582
f 4441 4442 4583
f 4442 4584 4583
f 4442 4443 4584
f 4443 4585 4584
f 4443 4444 4585
f 4444 4586 4585
f 4444 4445 4586
f 4445 4587 4586
f 4445 4446 4587
f 4446 4588 4587
f 4446 4447 4588
f 4447 4589 4588
f 4447 4448 4589
f 4448 4590 4589
f 4448 4449 4590
f 4449 4591 4590
f 4449 4450 4591
f 4450 4592 4591
f 4450 4451 4592
f 4451 4593 4592
f 4451 4452 4593
f 4452 4594 4593
f 4452 4453 4594
f 4453 4595 4594
f 4453 4454 4595
f 4454 4596 4595
f 4454 4455 4596
f 4455 4597 4596
f 4455 4456 4597
f 4456 4598 4597
f 4456 4457 4598
f 4457 4599 4598
f 4457 4458 4599
f 4458 4600 4599
f 4458 4459 4600
f 4459 4601 4600
f 4459 4460 4601
f 4460 4602 4601
f 4460 4461 4602
f 4461 4603 4602
f 4461 4462 4603
f 4462 4604 4603
f 4462 4463 4604
f 4463 4605 4604
f 4463 4464 4605
f 4464 4606 4605
f 4464 4465 4606
f 4465 4607 4606
f 4465 4466 4607
f 4466 4608 4607
f 4466 4467 4608
f 4467 4609 4608
f 4467 4468 4609
f 4468 4610 4609
f 4468 4469 4610
f 4469 4611 4610
f 4469 4470 4611
f 4470 4612 4611
f 4470 4471 4612
f 4471 4613 4612
f 4471 4472 4613
f 4472 4614 4613
f 4472 4473 4614
f 4473 4615 4614
f 4473 4474 4615
f 4474 4616 4615
f 4474 4475 4616
f 4475 4617 4616
f 4475 4476 4617
f 4476 4618 4617
f 4476 4477 4618
f 4477 4619 4618
f 4477 4478 4619
f 4478 4620 4619
f 4478 4479 4620
f 4479 4621 4620
f 4479 4480 4621
f 4480 4622 4621
f 4480 4481 4622
f 4481 4623 4622
f 4481 4482 4623
f 4482 4624 4623
f 4482 4483 4624
f 4483 4625 4624
f 4483 4484 4625
f 4484 4626 4625
f 4484 4485 4626
f 4485 4627 4626
f 4485 4486 4627
f 4486 4628 4627
f 4486 4487 4628
f 4487 4629 4628
f 4487 4488 4629
f 4488 4630 4629
f 4488 4489 4630
f 4489 4631 4630
f 4489 4490 4631
f 4490 4632 4631
f 4490 4491 4632
f 4491 4633 4632
f 4491 4492 4633
f 4492 4634 4633
f 4492 4493 4634
f 4493 4635 4634
f 4493 4494 4635
f 4494 4636 4635
f 4494 4495 4636
f 4495 4637 4636
f 4495 4496 4637
f 4496 4638 4637
f 4496 4497 4638
f 4497 4639 4638
f 4497 4498 4639
f 4498 4640 4639
f 4498 4499 4640
f 4499 4641 4640
f 4499 4500 4641
f 4500 4642 4641
f 4500 4501 4642
f 4501 4643 4642
f 4501 4502 4643
f 4502 4644 4643
f 4502 4503 4644
f 4503 4645 4644
f 4503 4504 4645
f 4504 4646 4645
f 4504 4505 4646
f 4505 4647 4646
f 4505 4506 4647
f 4506 4648 4647
f 4506 4507 4648
f 4507 4649 4648
f 4507 4508 4649
f 4508 4650 4649
f 4508 4509 4650
f 4509 4651 4650
f 4509 4510 4651
f 4510 4652 4651
f 4510 4511 4652
f 4511 4653 4652
f 4511 4512 4653
f 4512 4654 4653
f 4512 4513 4654
f 4513 4655 4654
f 4513 4514 4655
f 4514 4515 4655
f 4514 4374 4515
f 4515 4657 4656
f 4515 4516 4657
f 4516 4658 4657
f 4516 4517 4658
f 4517 4659 4658
f 4517 4518 4659
f 4518 4660 4659
f 4518 4519 4660
f 4519 4661 4660
f 4519 4520 4661
f 4520 4662 4661
f 4520 4521 4662
f 4521 4663 4662
f 4521 4522 4663
f 4522 4664 4663
f 4522 4523 4664
f 4523 4665 4664
f 4523 4524 4665
f 4524 4666 4665
f 4524 4525 4666
f 4525 4667 4666
f 4525 4526 4667
f 4526 4668 4667
f 4526 4527 4668
f 4527 4669 4668
f 4527 4528 4669
f 4528 4670 4669
f 4528 4529 4670
f 4529 4671 4670
f 4529 4530 4671
f 4530 4672 4671
f 4530 4531 4672
f 4531 4673 4672
f 4531 4532 4673
f 4532 4674 4673
f 4532 4533 4674
f 4533 4675 4674
f 4533 4534 4675
f 4534 4676 4675
f 4534 4535 4676
f 4535 4677 4676
f 4535 4536 4677
f 4536 4678 4677
f 4536 4537 4678
f 4537 4679 4678
f 4537 4538 4679
f 4538 4680 4679
f 4538 4539 4680
f 4539 4681 4680
f 4539 4540 4681
f 4540 4682 4681
f 4540 4541 4682
f 4541 4683 4682
f 4541 4542 4683
f 4542 4684 4683
f 4542 4543 4684
f 4543 4685 4684
f 4543 4544 4685
f 4544 4686 4685
f 4544 4545 4686
f 4545 4687 4686
f 4545 4546 4687
f 4546 4688 4687
f 4546 4547 4688
f 4547 4689 4688
f 4547 4548 4689
f 4548 4690 4689
f 4548 4549 4690
f 4549 4691 4690
f 4549 4550 4691
f 4550 4692 4691
f 4550 4551 4692
f 4551 4693 4692
f 4551 4552 4693
f 4552 4694 4693
f 4552 4553 4694
f 4553 4695 4694
f 4553 4554 4695
f 4554 4696 4695
f 4554 4555 4696
f 4555 4697 4696
f 4555 4556 4697
f 4556 4698 4697
f 4556 4557 4698
f 4557 4699 4698
f 4557 4558 4699
f 4558 4700 4699
f 4558 4559 4700
f 4559 4701 4700
f 4559 4560 4701
f 4560 4702 4701
f 4560 4561 4702
f 4561 4703 4702
f 4561 4562 4703
f 4562 4704 4703
f 4562 4563 4704
f 4563 4705 4704
f 4563 4564 4705
f 4564 4706 4705
f 4564 4565 4706
f 4565 4707 4706
f 4565 4566 4707
f 4566 4708 4707
f 4566 4567 4708
f 4567 4709 4708
f 4567 4568 4709
f 4568 4710 4709
f 4568 4569 4710
f 4569 4711 4710
f 4569 4570 4711
f 4570 4712 4711
f 4570 4571 4712
f 4571 4713 4712
f 4571 4572 4713
f 4572 4714 4713
f 4572 4573 4714
f 4573 4715 4714
f 4573 4574 4715
f 4574 4716 4715
f 4574 4575 4716
f 4575 4717 4716
f 4575 4576 4717
f 4576 4718 4717
f 4576 4577 4718
f 4577 4719 4718
f 4577 4578 4719
f 4578 4720 4719
f 4578 4579 4720
f 4579 4721 4720
f 4579 4580 4721
f 4580 4722 4721
f 4580 4581 4722
f 4581 4723 4722
f 4581 4582 4723
f 4582 4724 4723
f 4582 4583 4724
f 4583 4725 4724
f 4583 4584 4725
f 4584 4726 4725
f 4584 4585 4726
f 4585 4727 4726
f 4585 4586 4727
f 4586 4728 4727
f 4586 4587 4728
f 4587 4729 4728
f 4587 4588 4729
f 4588 4730 4729
f 4588 4589 4730
f 4589 4731 4730
f 4589 4590 4731
f 4590 4732 4731
f 4590 4591 4732
f 4591 4733 4732
f 4591 4592 4733
f 4592 4734 4733
f 4592 4593 4734
f 4593 4735 4734
f 4593 4594 4735
f 4594 4736 4735
f 4594 4595 4736
f 4595 4737 4736
f 4595 4596 4737
f 4596 4738 4737
f 4596 4597 4738
f 4597 4739 4738
f 4597 4598 4739
f 4598 4740 4739
f 4598 4599 4740
f 4599 4741 4740
f 4599 4600 4741
f 4600 4742 4741
f 4600 4601 4742
f 4601 4743 4742
f 4601 4602 4743
f 4602 4744 4743
f 4602 4603 4744
f 4603 4745 4744
f 4603 4604 4745
f 4604 4746 4745
f 4604 4605 4746
f 4605 4747 4746
f 4605 4606 4747
f 4606 4748 4747
f 4606 4607 4748
f 4607 4749 4748
f 4607 4608 4749
f 4608 4750 4749
f 4608 4609 4750
f 4609 4751 4750
f 4609 4610 4751
f 4610 4752 4751
f 4610 4611 4752
f 4611 4753 4752
f 4611 4612 4753
f 4612 4754 4753
f 4612 4613 4754
f 4613 4755 4754
f 4613 4614 4755
f 4614 4756 4755
f 4614 4615 4756
f 4615 4757 4756
f 4615 4616 4757
f 4616 4758 4757
f 4616 4617 4758
f 4617 4759 4758
f 4617 4618 4759
f 4618 4760 4759
f 4618 4619 4760
f 4619 4761 4760
f 4619 4620 4761
f 4620 4762 4761
f 4620 4621 4762
f 4621 4763 4762
f 4621 4622 4763
f 4622 4764 4763
f 4622 4623 4764
f 4623 4765 4764
f 4623 4624 4765
f 4624 4766 4765
f 4624 4625 4766
f 4625 4767 4766
f 4625 4626 4767
f 4626 4768 4767
f 4626 4627 4768
f 4627 4769 4768
f 4627 4628 4769
f 4628 4770 4769
f 4628 4629 4770
f 4629 4771 4770
f 4629 4630 4771
f 4630 4772 4771
f 4630 4631 4772
f 4631 4773 4772
f 4631 4632 4773
f 4632 4774 4773
f 4632 4633 4774
f 4633 4775 4774
f 4633 4634 4775
f 4634 4776 4775
f 4634 4635 4776
f 4635 4777 4776
f 4635 4636 4777
f 4636 4778 4777
f 4636 4637 4778
f 4637 4779 4778
f 4637 4638 4779
f 4638 4780 4779
f 4638 4639 4780
f 4639 4781 4780
f 4639 4640 4781
f 4640 4782 4781
f 4640 4641 4782
f 4641 4783 4782
f 4641 4642 4783
f 4642 4784 4783
f 4642 4643 4784
f 4643 4785 4784
f 4643 4644 4785
f 4644 4786 4785
f 4644 4645 4786
f 4645 4787 4786
f 4645 4646 4787
f 4646 4788 4787
f 4646 4647 4788
f 4647 4789 4788
f 4647 4648 4789
f 4648 4790 4789
f 4648 4649 4790
f 4649 4791 4790
f 4649 4650 4791
f 4650 4792 4791
f 4650 4651 4792
f 4651 4793 4792
f 4651 4652 4793
f 4652 4794 4793
f 4652 4653 4794
f 4653 4795 4794
f 4653 4654 4795
f 4654 4796 4795
f 4654 4655 4796
f 4655 4656 4796
f 4655 4515 4656
f 4656 4798 4797
f 4656 4657 4798
f 4657 4799 4798
f 4657 4658 4799
f 4658 4800 4799
f 4658 4659 4800
f 4659 4801 4800
f 4659 4660 4801
f 4660 4802 4801
f 4660 4661 4802
f 4661 4803 4802
f 4661 4662 4803
f 4662 4804 4803
f 4662 4663 4804
f 4663 4805 4804
f 4663 4664 4805
f 4664 4806 4805
f 4664 4665 4806
f 4665 4807 4806
f 4665 4666 4807
f 4666 4808 4807
f 4666 4667 4808
f 4667 4809 4808
f 4667 4668 4809
f 4668 4810 4809
f 4668 4669 4810
f 4669 4811 4810
f 4669 4670 4811
f 4670 4812 4811
f 4670 4671 4812
f 4671 4813 4812
f 4671 4672 4813
f 4672 4814 4813
f 4672 4673 4814
f 4673 4815 4814
f 4673 4674 4815
f 4674 4816 4815
f 4674 4675 4816
f 4675 4817 4816
f 4675 4676 4817
f 4676 4818 4817
f 4676 4677 4818
f 4677 4819 4818
f 4677 4678 4819
f 4678 4820 4819
f 4678 4679 4820
f 4679 4821 4820
f 4679 4680 4821
f 4680 4822 4821
f 4680 4681 4822
f 4681 4823 4822
f 4681 4682 4823
f 4682 4824 4823
f 4682 4683 4824
f 4683 4825 4824
f 4683 4684 4825
f 4684 4826 4825
f 4684 4685 4826
f 4685 4827 4826
f 4685 4686 4827
f 4686 4828 4827
f 4686 4687 4828
f 4687 4829 4828
f 4687 4688 4829
f 4688 4830 4829
f 4688 4689 4830
f 4689 4831 4830
f 4689 4690 4831
f 4690 4832 4831
f 4690 4691 4832
f 4691 4833 4832
f 4691 4692 4833
f 4692 4834 4833
f 4692 4693 4834
f 4693 4835 4834
f 4693 4694 4835
f 4694 4836 4835
f 4694 4695 4836
f 4695 4837 4836
f 4695 4696 4837
f 4696 4838 4837
f 4696 4697 4838
f 4697 4839 4838
f 4697 4698 4839
f 4698 4840 4839
f 4698 4699 4840
f 4699 4841 4840
f 4699 4700 4841
f 4700 4842 4841
f 4700 4701 4842
f 4701 4843 4842
f 4701 4702 4843
f 4702 4844 4843
f 4702 4703 4844
f 4703 4845 4844
f 4703 4704 4845
f 4704 4846 4845
f 4704 4705 4846
f 4705 4847 4846
f 4705 4706 4847
f 4706 4848 4847
f 4706 4707 4848
f 4707 4849 4848
f 4707 4708 4849
f 4708 4850 4849
f 4708 4709 4850
f 4709 4851 4850
f 4709 4710 4851
f 4710 4852 4851
f 4710 4711 4852
f 4711 4853 4852
f 4711 4712 4853
f 4712 4854 4853
f 4712 4713 4854
f 4713 4855 4854
f 4713 4714 4855
f 4714 4856 4855
f 4714 4715 4856
f 4715 4857 4856
f 4715 4716 4857
f 4716 4858 4857
f 4716 4717 4858
f 4717 4859 4858
f 4717 4718 4859
f 4718 4860 4859
f 4718 4719 4860
f 4719 4861 4860
f 4719 4720 4861
f 4720 4862 4861
f 4720 4721 4862
f 4721 4863 4862
f 4721 4722 4863
f 4722 4864 4863
f 4722 4723 4864
f 4723 4865 4864
f 4723 4724 4865
f 4724 4866 4865
f 4724 4725 4866
f 4725 4867 4866
f 4725 4726 4867
f 4726 4868 4867
f 4726 4727 4868
f 4727 4869 4868
f 4727 4728 4869
f 4728 4870 4869
f 4728 4729 4870
f 4729 4871 4870
f 4729 4730 4871
f 4730 4872 4871
f 4730 4731 4872
f 4731 4873 4872
f 4731 4732 4873
f 4732 4874 4873
f 4732 4733 4874
f 4733 4875 4874
f 4733 4734 4875
f 4734 4876 4875
f 4734 4735 4876
f 4735 4877 4876
f 4735 4736 4877
f 4736 4878 4877
f 4736 4737 4878
f 4737 4879 4878
f 4737 4738 4879
f 4738 4880 4879
f 4738 4739 4880
f 4739 4881 4880
f 4739 4740 4881
f 4740 4882 4881
f 4740 4741 4882
f 4741 4883 4882
f 4741 4742 4883
f 4742 4884 4883
f 4742 4743 4884
f 4743 4885 4884
f 4743 4744 4885
f 4744 4886 4885
f 4744 4745 4886
f 4745 4887 4886
f 4745 4746 4887
f 4746 4888 4887
f 4746 4747 4888
f 4747 4889 4888
f 4747 4748 4889
f 4748 4890 4889
f 4748 4749 4890
f 4749 4891 4890
f 4749 4750 4891
f 4750 4892 4891
f 4750 4751 4892
f 4751 4893 4892
f 4751 4752 4893
f 4752 4894 4893
f 4752 4753 4894
f 4753 4895 4894
f 4753 4754 4895
f 4754 4896 4895
f 4754 4755 4896
f 4755 4897 4896
f 4755 4756 4897
f 4756 4898 4897
f 4756 4757 4898
f 4757 4899 4898
f 4757 4758 4899
f 4758 4900 4899
f 4758 4759 4900
f 4759 4901 4900
f 4759 4760 4901
f 4760 4902 4901
f 4760 4761 4902
f 4761 4903 4902
f 4761 4762 4903
f 4762 4904 4903
f 4762 4763 4904
f 4763 4905 4904
f 4763 4764 4905
f 4764 4906 4905
f 4764 4765 4906
f 4765 4907 4906
f 4765 4766 4907
f 4766 4908 4907
f 4766 4767 4908
f 4767 4909 4908
f 4767 4768 4909
f 4768 4910 4909
f 4768 4769 4910
f 4769 4911 4910
f 4769 4770 4911
f 4770 4912 4911
f 4770 4771 4912
f 4771 4913 4912
f 4771 4772 4913
f 4772 4914 4913
f 4772 4773 4914
f 4773 4915 4914
f 4773 4774 4915
f 4774 4916 4915
f 4774 4775 4916
f 4775 4917 4916
f 4775 4776 4917
f 4776 4918 4917
f 4776 4777 4918
f 4777 4919 4918
f 4777 4778 4919
f 4778 4920 4919
f 4778 4779 4920
f 4779 4921 4920
f 4779 4780 4921
f 4780 4922 4921
f 4780 4781 4922
f 4781 4923 4922
f 4781 4782 4923
f 4782 4924 4923
f 4782 4783 4924
f 4783 4925 4924
f 4783 4784 4925
f 4784 4926 4925
f 4784 4785 4926
f 4785 4927 4926
f 4785 4786 4927
f 4786 4928 4927
f 4786 4787 4928
f 4787 4929 4928
f 4787 4788 4929
f 4788 4930 4929
f 4788 4789 4930
f 4789 4931 4930
f 4789 4790 4931
f 4790 4932 4931
f 4790 4791 4932
f 4791 4933 4932
f 4791 4792 4933
f 4792 4934 4933
f 4792 4793 4934
f 4793 4935 4934
f 4793 4794 4935
f 4794 4936 4935
f 4794 4795 4936
f 4795 4937 4936
f 4795 4796 4937
f 4796 4797 4937
f 4796 4656 4797
f 4797 4939 4938
f 4797 4798 4939
f 4798 4940 4939
f 4798 4799 4940
f 4799 4941 4940
f 4799 4800 4941
f 4800 4942 4941
f 4800 4801 4942
f 4801 4943 4942
f 4801 4802 4943
f 4802 4944 4943
f 4802 4803 4944
f 4803 4945 4944
f 4803 4804 4945
f 4804 4946 4945
f 4804 4805 4946
f 4805 4947 4946
f 4805 4806 4947
f 4806 4948 4947
f 4806 4807 4948
f 4807 4949 4948
f 4807 4808 4949
f 4808 4950 4949
f 4808 4809 4950
f 4809 4951 4950
f 4809 4810 4951
f 4810 4952 4951
f 4810 4811 4952
f 4811 4953 4952
f 4811 4812 4953
f 4812 4954 4953
f 4812 4813 4954
f 4813 4955 4954
f 4813 4814 4955
f 4814 4956 4955
f 4814 4815 4956
f 4815 4957 4956
f 4815 4816 4957
f 4816 4958 4957
f 4816 4817 4958
f 4817 4959 4958
f 4817 4818 4959
f 4818 4960 4959
f 4818 4819 4960
f 4819 4961 4960
f 4819 4820 4961
f 4820 4962 4961
f 4820 4821 4962
f 4821 4963 4962
f 4821 4822 4963
f 4822 4964 4963
f 4822 4823 4964
f 4823 4965 4964
f 4823 4824 4965
f 4824 4966 4965
f 4824 4825 4966
f 4825 4967 4966
f 4825 4826 4967
f 4826 4968 4967
f 4826 4827 4968
f 4827 4969 4968
f 4827 4828 4969
f 4828 4970 4969
f 4828 4829 4970
f 4829 4971 4970
f 4829 4830 4971
f 4830 4972 4971
f 4830 4831 4972
f 4831 4973 4972
f 4831 4832 4973
f 4832 4974 4973
f 4832 4833 4974
f 4833 4975 4974
f 4833 4834 4975
f 4834 4976 4975
f 4834 4835 4976
f 4835 4977 4976
f 4835 4836 4977
f 4836 4978 4977
f 4836 4837 4978
f 4837 4979 4978
f 4837 4838 4979
f 4838 4980 4979
f 4838 4839 4980
f 4839 4981 4980
f 4839 4840 4981
f 4840 4982 4981
f 4840 4841 4982
f 4841 4983 4982
f 4841 4842 4983
f 4842 4984 4983
f 4842 4843 4984
f 4843 4985 4984
f 4843 4844 4985
f 4844 4986 4985
f 4844 4845 4986
f 4845 4987 4986
f 4845 4846 4987
f 4846 4988 4987
f 4846 4847 4988
f 4847 4989 4988
f 4847 4848 4989
f 4848 4990 4989
f 4848 4849 4990
f 4849 4991 4990
f 4849 4850 4991
f 4850 4992 4991
f 4850 4851 4992
f 4851 4993 4992
f 4851 4852 4993
f 4852 4994 4993
f 4852 4853 4994
f 4853 4995 4994
f 4853 4854 4995
f 4854 4996 4995
f 4854 4855 4996
f 4855 4997 4996
f 4855 4856 4997
f 4856 4998 4997
f 4856 4857 4998
f 4857 4999 4998
f 4857 4858 4999
f 4858 5000 4999
f 4858 4859 5000
f 4859 5001 5000
f 4859 4860 5001
f 4860 5002 5001
f 4860 4861 5002
f 4861 5003 5002
f 4861 4862 5003
f 4862 5004 5003
f 4862 4863 5004
f 4863 5005 5004
f 4863 4864 5005
f 4864 5006 5005
f 4864 4865 5006
f 4865 5007 5006
f 4865 4866 5007
f 4866 5008 5007
f 4866 4867 5008
f 4867 5009 5008
f 4867 4868 5009
f 4868 5010 5009
f 4868 4869 5010
f 4869 5011 5010
f 4869 4870 5011
f 4870 5012 5011
f 4870 4871 5012
f 4871 5013 5012
f 4871 4872 5013
f 4872 5014 5013
f 4872 4873 5014
f 4873 5015 5014
f 4873 4874 5015
f 4874 5016 5015
f 4874 4875 5016
f 4875 5017 5016
f 4875 4876 5017
f 4876 5018 5017
f 4876 4877 5018
f 4877 5019 5018
f 4877 4878 5019
f 4878 5020 5019
f 4878 4879 5020
f 4879 5021 5020
f 4879 4880 5021
f 4880 5022 5021
f 4880 4881 5022
f 4881 5023 5022
f 4881 4882 5023
f 4882 5024 5023
f 4882 4883 5024
f 4883 5025 5024
f 4883 4884 5025
f 4884 5026 5025
f 4884 4885 5026
f 4885 5027 5026
f 4885 4886 5027
f 4886 5028 5027
f 4886 4887 5028
f 4887 5029 5028
f 4887 4888 5029
f 4888 5030 5029
f 4888 4889 5030
f 4889 5031 5030
f 4889 4890 5031
f 4890 5032 5031
f 4890 4891 5032
f 4891 5033 5032
f 4891 4892 5033
f 4892 5034 5033
f 4892 4893 5034
f 4893 5035 5034
f 4893 4894 5035
f 4894 5036 5035
f 4894 4895 5036
f 4895 5037 5036
f 4895 4896 5037
f 4896 5038 5037
f 4896 4897 5038
f 4897 5039 5038
f 4897 4898 5039
f 4898 5040 5039
f 4898 4899 5040
f 4899 5041 5040
f 4899 4900 5041
f 4900 5042 5041
f 4900 4901 5042
f 4901 5043 5042
f 4901 4902 5043
f 4902 5044 5043
f 4902 4903 5044
f 4903 5045 5044
f 4903 4904 5045
f 4904 5046 5045
f 4904 4905 5046
f 4905 5047 5046
f 4905 4906 5047
f 4906 5048 5047
f 4906 4907 5048
f 4907 5049 5048
f 4907 4908 5049
f 4908 5050 5049
f 4908 4909 5050
f 4909 5051 5050
f 4909 4910 5051
f 4910 5052 5051
f 4910 4911 5052
f 4911 5053 5052
f 4911 4912 5053
f 4912 5054 5053
f 4912 4913 5054
f 4913 5055 5054
f 4913 4914 5055
f 4914 5056 5055
f 4914 4915 5056
f 4915 5057 5056
f 4915 4916 5057
f 4916 5058 5057
f 4916 4917 5058
f 4917 5059 5058
f 4917 4918 5059
f 4918 5060 5059
f 4918 4919 5060
f 4919 5061 5060
f 4919 4920 5061
f 4920 5062 5061
f 4920 4921 5062
f 4921 5063 5062
f 4921 4922 5063
f 4922 5064 5063
f 4922 4923 5064
f 4923 5065 5064
f 4923 4924 5065
f 4924 5066 5065
f 4924 4925 5066
f 4925 5067 5066
f 4925 4926 5067
f 4926 5068 5067
f 4926 4927 5068
f 4927 5069 5068
f 4927 4928 5069
f 4928 5070 5069
f 4928 4929 5070
f 4929 5071 5070
f 4929 4930 5071
f 4930 5072 5071
f 4930 4931 5072
f 4931 5073 5072
f 4931 4932 5073
f 4932 5074 5073
f 4932 4933 5074
f 4933 5075 5074
f 4933 4934 5075
f 4934 5076 5075
f 4934 4935 5076
f 4935 5077 5076
f 4935 4936 5077
f 4936 5078 5077
f 4936 4937 5078
f 4937 4938 5078
f 4937 4797 4938
f 4938 5080 5079
f 4938 4939 5080
f 4939 5081 5080
f 4939 4940 5081
f 4940 5082 5081
f 4940 4941 5082
f 4941 5083 5082
f 4941 4942 5083
f 4942 5084 5083
f 4942 4943 5084
f 4943 5085 5084
f 4943 4944 5085
f 4944 5086 5085
f 4944 4945 5086
f 4945 5087 5086
f 4945 4946 5087
f 4946 5088 5087
f 4946 4947 5088
f 4947 5089 5088
f 4947 4948 5089
f 4948 5090 5089
f 4948 4949 5090
f 4949 5091 5090
f 4949 4950 5091
f 4950 5092 5091
f 4950 4951 5092
f 4951 5093 5092
f 4951 4952 5093
f 4952 5094 5093
f 4952 4953 5094
f 4953 5095 5094
f 4953 4954 5095
f 4954 5096 5095
f 4954 4955 5096
f 4955 5097 5096
f 4955 4956 5097
f 4956 5098 5097
f 4956 4957 5098
f 4957 5099 5098
f 4957 4958 5099
f 4958 5100 5099
f 4958 4959 5100
f 4959 5101 5100
f 4959 4960 5101
f 4960 5102 5101
f 4960 4961 5102
f 4961 5103 5102
f 4961 4962 5103
f 4962 5104 5103
f 4962 4963 5104
f 4963 5105 5104
f 4963 4964 5105
f 4964 5106 5105
f 4964 4965 5106
f 4965 5107 5106
f 4965 4966 5107
f 4966 5108 5107
f 4966 4967 5108
f 4967 5109 5108
f 4967 4968 5109
f 4968 5110 5109
f 4968 4969 5110
f 4969 5111 5110
f 4969 4970 5111
f 4970 5112 5111
f 4970 4971 5112
f 4971 5113 5112
f 4971 4972 5113
f 4972 5114 5113
f 4972 4973 5114
f 4973 5115 5114
f 4973 4974 5115
f 4974 5116 5115
f 4974 4975 5116
f 4975 5117 5116
f 4975 4976 5117
f 4976 5118 5117
f 4976 4977 5118
f 4977 5119 5118
f 4977 4978 5119
f 4978 5120 5119
f 4978 4979 5120
f 4979 5121 5120
f 4979 4980 5121
f 4980 5122 5121
f 4980 4981 5122
f 4981 5123 5122
f 4981 4982 5123
f 4982 5124 5123
f 4982 4983 5124
f 4983 5125 5124
f 4983 4984 5125
f 4984 5126 5125
f 4984 4985 5126
f 4985 5127 5126
f 4985 4986 5127
f 4986 5128 5127
f 4986 4987 5128
f 4987 5129 5128
f 4987 4988 5129
f 4988 5130 5129
f 4988 4989 5130
f 4989 5131 5130
f 4989 4990 5131
f 4990 5132 5131
f 4990 4991 5132
f 4991 5133 5132
f 4991 4992 5133
f 4992 5134 5133
f 4992 4993 5134
f 4993 5135 5134
f 4993 4994 5135
f 4994 5136 5135
f 4994 4995 5136
f 4995 5137 5136
f 4995 4996 5137
f 4996 5138 5137
f 4996 4997 5138
f 4997 5139 5138
f 4997 4998 5139
f 4998 5140 5139
f 4998 4999 5140
f 4999 5141 5140
f 4999 5000 5141
f 5000 5142 5141
f 5000 5001 5142
f 5001 5143 5142
f 5001 5002 5143
f 5002 5144 5143
f 5002 5003 5144
f 5003 5145 5144
f 5003 5004 5145
f 5004 5146 5145
f 5004 5005 5146
f 5005 5147 5146
f 5005 5006 5147
f 5006 5148 5147
f 5006 5007 5148
f 5007 5149 5148
f 5007 5008 5149
f 5008 5150 5149
f 5008 5009 5150
f 5009 5151 5150
f 5009 5010 5151
f 5010 5152 5151
f 5010 5011 5152
f 5011 5153 5152
f 5011 5012 5153
f 5012 5154 5153
f 5012 5013 5154
f 5013 5155 5154
f 5013 5014 5155
f 5014 5156 5155
f 5014 5015 5156
f 5015 5157 5156
f 5015 5016 5157
f 5016 5158 5157
f 5016 5017 5158
f 5017 5159 5158
f 5017 5018 5159
f 5018 5160 5159
f 5018 5019 5160
f 5019 5161 5160
f 5019 5020 5161
f 5020 5162 5161
f 5020 5021 5162
f 5021 5163 5162
f 5021 5022 5163
f 5022 5164 5163
f 5022 5023 5164
f 5023 5165 5164
f 5023 5024 5165
f 5024 5166 5165
f 5024 5025 5166
f 5025 5167 5166
f 5025 5026 5167
f 5026 5168 5167
f 5026 5027 5168
f 5027 5169 5168
f 5027 5028 5169
f 5028 5170 5169
f 5028 5029 5170
f 5029 5171 5170
f 5029 5030 5171
f 5030 5172 5171
f 5030 5031 5172
f 5031 5173 5172
f 5031 5032 5173
f 5032 5174 5173
f 5032 5033 5174
f 5033 5175 5174
f 5033 5034 5175
f 5034 5176 5175
f 5034 5035 5176
f 5035 5177 5176
f 5035 5036 5177
f 5036 5178 5177
f 5036 5037 5178
f 5037 5179 5178
f 5037 5038 5179
f 5038 5180 5179
f 5038 5039 5180
f 5039 5181 5180
f 5039 5040 5181
f 5040 5182 5181
f 5040 5041 5182
f 5041 5183 5182
f 5041 5042 5183
f 5042 5184 5183
f 5042 5043 5184
f 5043 5185 5184
f 5043 5044 5185
f 5044 5186 5185
f 5044 5045 5186
f 5045 5187 5186
f 5045 5046 5187
f 5046 5188 5187
f 5046 5047 5188
f 5047 5189 5188
f 5047 5048 5189
f 5048 5190 5189
f 5048 5049 5190
f 5049 5191 5190
f 5049 5050 5191
f 5050 5192 5191
f 5050 5051 5192
f 5051 5193 5192
f 5051 5052 5193
f 5052 5194 5193
f 5052 5053 5194
f 5053 5195 5194
f 5053 5054 5195
f 5054 5196 5195
f 5054 5055 5196
f 5055 5197 5196
f 5055 5056 5197
f 5056 5198 5197
f 5056 5057 5198
f 5057 5199 5198
f 5057 5058 5199
f 5058 5200 5199
f 5058 5059 5200
f 5059 5201 5200
f 5059 5060 5201
f 5060 5202 5201
f 5060 5061 5202
f 5061 5203 5202
f 5061 5062 5203
f 5062 5204 5203
f 5062 5063 5204
f 5063 5205 5204
f 5063 5064 5205
f 5064 5206 5205
f 5064 5065 5206
f 5065 5207 5206
f 5065 5066 5207
f 5066 5208 5207
f 5066 5067 5208
f 5067 5209 5208
f 5067 5068 5209
f 5068 5210 5209
f 5068 5069 5210
f 5069 5211 5210
f 5069 5070 5211
f 5070 5212 5211
f 5070 5071 5212
f 5071 5213 5212
f 5071 5072 5213
f 5072 5214 5213
f 5072 5073 5214
f 5073 5215 5214
f 5073 5074 5215
f 5074 5216 5215
f 5074 5075 5216
f 5075 5217 5216
f 5075 5076 5217
f 5076 5218 5217
f 5076 5077 5218
f 5077 5219 5218
f 5077 5078 5219
f 5078 5079 5219
f 5078 4938 5079
f 5079 5221 5220
f 5079 5080 5221
f 5080 5222 5221
f 5080 5081 5222
f 5081 5223 5222
f 5081 5082 5223
f 5082 5224 5223
f 5082 5083 5224
f 5083 5225 5224
f 5083 5084 5225
f 5084 5226 5225
f 5084 5085 5226
f 5085 5227 5226
f 5085 5086 5227
f 5086 5228 5227
f 5086 5087 5228
f 5087 5229 5228
f 5087 5088 5229
f 5088 5230 5229
f 5088 5089 5230
f 5089 5231 5230
f 5089 5090 5231
f 5090 5232 5231
f 5090 5091 5232
f 5091 5233 5232
f 5091 5092 5233
f 5092 5234 5233
f 5092 5093 5234
f 5093 5235 5234
f 5093 5094 5235
f 5094 5236 5235
f 5094 5095 5236
f 5095 5237 5236
f 5095 5096 5237
f 5096 5238 5237
f 5096 5097 5238
f 5097 5239 5238
f 5097 5098 5239
f 5098 5240 5239
f 5098 5099 5240
f 5099 5241 5240
f 5099 5100 5241
f 5100 5242 5241
f 5100 5101 5242
f 5101 5243 5242
f 5101 5102 5243
f 5102 5244 5243
f 5102 5103 5244
f 5103 5245 5244
f 5103 5104 5245
f 5104 5246 5245
f 5104 5105 5246
f 5105 5247 5246
f 5105 5106 5247
f 5106 5248 5247
f 5106 5107 5248
f 5107 5249 5248
f 5107 5108 5249
f 5108 5250 5249
f 5108 5109 5250
f 5109 5251 5250
f 5109 5110 5251
f 5110 5252 5251
f 5110 5111 5252
f 5111 5253 5252
f 5111 5112 5253
f 5112 5254 5253
f 5112 5113 5254
f 5113 5255 5254
f 5113 5114 5255
f 5114 5256 5255
f 5114 5115 5256
f 5115 5257 5256
f 5115 5116 5257
f 5116 5258 5257
f 5116 5117 5258
f 5117 5259 5258
f 5117 5118 5259
f 5118 5260 5259
f 5118 5119 5260
f 5119 5261 5260
f 5119 5120 5261
f 5120 5262 5261
f 5120 5121 5262
f 5121 5263 5262
f 5121 5122 5263
f 5122 5264 5263
f 5122 5123 5264
f 5123 5265 5264
f 5123 5124 5265
f 5124 5266 5265
f 5124 5125 5266
f 5125 5267 5266
f 5125 5126 5267
f 5126 5268 5267
f 5126 5127 5268
f 5127 5269 5268
f 5127 5128 5269
f 5128 5270 5269
f 5128 5129 5270
f 5129 5271 5270
f 5129 5130 5271
f 5130 5272 5271
f 5130 5131 5272
f 5131 5273 5272
f 5131 5132 5273
f 5132 5274 5273
f 5132 5133 5274
f 5133 5275 5274
f 5133 5134 5275
f 5134 5276 5275
f 5134 5135 5276
f 5135 5277 5276
f 5135 5136 5277
f 5136 5278 5277
f 5136 5137 5278
f 5137 5279 5278
f 5137 5138 5279
f 5138 5280 5279
f 5138 5139 5280
f 5139 5281 5280
f 5139 5140 5281
f 5140 5282 5281
f 5140 5141 5282
f 5141 5283 5282
f 5141 5142 5283
f 5142 5284 5283
f 5142 5143 5284
f 5143 5285 5284
f 5143 5144 5285
f 5144 5286 5285
f 5144 5145 5286
f 5145 5287 5286
f 5145 5146 5287
f 5146 5288 5287
f 5146 5147 5288
f 5147 5289 5288
f 5147 5148 5289
f 5148 5290 5289
f 5148 5149 5290
f 5149 5291 5290
f 5149 5150 5291
f 5150 5292 5291
f 5150 5151 5292
f 5151 5293 5292
f 5151 5152 5293
f 5152 5294 5293
f 5152 5153 5294
f 5153 5295 5294
f 5153 5154 5295
f 5154 5296 5295
f 5154 5155 5296
f 5155 5297 5296
f 5155 5156 5297
f 5156 5298 5297
f 5156 5157 5298
f 5157 5299 5298
f 5157 5158 5299
f 5158 5300 5299
f 5158 5159 5300
f 5159 5301 5300
f 5159 5160 5301
f 5160 5302 5301
f 5160 5161 5302
f 5161 5303 5302
f 5161 5162 5303
f 5162 5304 5303
f 5162 5163 5304
f 5163 5305 5304
f 5163 5164 5305
f 5164 5306 5305
f 5164 5165 5306
f 5165 5307 5306
f 5165 5166 5307
f 5166 5308 5307
f 5166 5167 5308
f 5167 5309 5308
f 5167 5168 5309
f 5168 5310 5309
f 5168 5169 5310
f 5169 5311 5310
f 5169 5170 5311
f 5170 5312 5311
f 5170 5171 5312
f 5171 5313 5312
f 5171 5172 5313
f 5172 5314 5313
f 5172 5173 5314
f 5173 5315 5314
f 5173 5174 5315
f 5174 5316 5315
f 5174 5175 5316
f 5175 5317 5316
f 5175 5176 5317
f 5176 5318 5317
f 5176 5177 5318
f 5177 5319 5318
f 5177 5178 5319
f 5178 5320 5319
f 5178 5179 5320
f 5179 5321 5320
f 5179 5180 5321
f 5180 5322 5321
f 5180 5181 5322
f 5181 5323 5322
f 5181 5182 5323
f 5182 5324 5323
f 5182 5183 5324
f 5183 5325 5324
f 5183 5184 5325
f 5184 5326 5325
f 5184 5185 5326
f 5185 5327 5326
f 5185 5186 5327
f 5186 5328 5327
f 5186 5187 5328
f 5187 5329 5328
f 5187 5188 5329
f 5188 5330 5329
f 5188 5189 5330
f 5189 5331 5330
f 5189 5190 5331
f 5190 5332 5331
f 5190 5191 5332
f 5191 5333 5332
f 5191 5192 5333
f 5192 5334 5333
f 5192 5193 5334
f 5193 5335 5334
f 5193 5194 5335
f 5194 5336 5335
f 5194 5195 5336
f 5195 5337 5336
f 5195 5196 5337
f 5196 5338 5337
f 5196 5197 5338
f 5197 5339 5338
f 5197 5198 5339
f 5198 5340 5339
f 5198 5199 5340
f 5199 5341 5340
f 5199 5200 5341
f 5200 5342 5341
f 5200 5201 5342
f 5201 5343 5342
f 5201 5202 5343
f 5202 5344 5343
f 5202 5203 5344
f 5203 5345 5344
f 5203 5204 5345
f 5204 5346 5345
f 5204 5205 5346
f 5205 5347 5346
f 5205 5206 5347
f 5206 5348 5347
f 5206 5207 5348
f 5207 5349 5348
f 5207 5208 5349
f 5208 5350 5349
f 5208 5209 5350
f 5209 5351 5350
f 5209 5210 5351
f 5210 5352 5351
f 5210 5211 5352
f 5211 5353 5352
f 5211 5212 5353
f 5212 5354 5353
f 5212 5213 5354
f 5213 5355 5354
f 5213 5214 5355
f 5214 5356 5355
f 5214 5215 5356
f 5215 5357 5356
f 5215 5216 5357
f 5216 5358 5357
f 5216 5217 5358
f 5217 5359 5358
f 5217 5218 5359
f 5218 5360 5359
f 5218 5219 5360
f 5219 5220 5360
f 5219 5079 5220
f 5361 2682 2683
f 5361 2683 2684
f 5361 2684 2685
f 5361 2685 2686
f 5361 2686 2687
f 5361 2687 2688
f 5361 2688 2689
f 5361 2689 2690
f 5361 2690 2691
f 5361 2691 2692
f 5361 2692 2693
f 5361 2693 2694
f 5361 2694 2695
f 5361 2695 2696
f 5361 2696 2697
f 5361 2697 2698
f 5361 2698 2699
f 5361 2699 2700
f 5361 2700 2701
f 5361 2701 2702
f 5361 2702 2703
f 5361 2703 2704
f 5361 2704 2705
f 5361 2705 2706
f 5361 2706 2707
f 5361 2707 2708
f 5361 2708 2709
f 5361 2709 2710
f 5361 2710 2711
f 5361 2711 2712
f 5361 2712 2713
f 5361 2713 2714
f 5361 2714 2715
f 5361 2715 2716
f 5361 2716 2717
f 5361 2717 2718
f 5361 2718 2719
f 5361 2719 2720
f 5361 2720 2721
f 5361 2721 2722
f 5361 2722 2723
f 5361 2723 2724
f 5361 2724 2725
f 5361 2725 2726
f 5361 2726 2727
f 5361 2727 2728
f 5361 2728 2729
f 5361 2729 2730
f 5361 2730 2731
f 5361 2731 2732
f 5361 2732 2733
f 5361 2733 2734
f 5361 2734 2735
f 5361 2735 2736
f 5361 2736 2737
f 5361 2737 2738
f 5361 2738 2739
f 5361 2739 2740
f 5361 2740 2741
f 5361 2741 2742
f 5361 2742 2743
f 5361 2743 2744
f 5361 2744 2745
f 5361 2745 2746
f 5361 2746 2747
f 5361 2747 2748
f 5361 2748 2749
f 5361 2749 2750
f 5361 2750 2751
f 5361 2751 2752
f 5361 2752 2753
f 5361 2753 2754
f 5361 2754 2755
f 5361 2755 2756
f 5361 2756 2757
f 5361 2757 2758
f 5361 2758 2759
f 5361 2759 2760
f 5361 2760 2761
f 5361 2761 2762
f 5361 2762 2763
f 5361 2763 2764
f 5361 2764 2765
f 5361 2765 2766
f 5361 2766 2767
f 5361 2767 2768
f 5361 2768 2769
f 5361 2769 2770
f 5361 2770 2771
f 5361 2771 2772
f 5361 2772 2773
f 5361 2773 2774
f 5361 2774 2775
f 5361 2775 2776
f 5361 2776 2777
f 5361 2777 2778
f 5361 2778 2779
f 5361 2779 2780
f 5361 2780 2781
f 5361 2781 2782
f 5361 2782 2783
f 5361 2783 2784
f 5361 2784 2785
f 5361 2785 2786
f 5361 2786 2787
f 5361 2787 2788
f 5361 2788 2789
f 5361 2789 2790
f 5361 2790 2791
f 5361 2791 2792
f 5361 2792 2793
f 5361 2793 2794
f 5361 2794 2795
f 5361 2795 2796
f 5361 2796 2797
f 5361 2797 2798
f 5361 2798 2799
f 5361 2799 2800
f 5361 2800 2801
f 5361 2801 2802
f 5361 2802 2803
f 5361 2803 2804
f 5361 2804 2805
f 5361 2805 2806
f 5361 2806 2807
f 5361 2807 2808
f 5361 2808 2809
f 5361 2809 2810
f 5361 2810 2811
f 5361 2811 2812
f 5361 2812 2813
f 5361 2813 2814
f 5361 2814 2815
f 5361 2815 2816
f 5361 2816 2817
f 5361 2817 2818
f 5361 2818 2819
f 5361 2819 2820
f 5361 2820 2821
f 5361 2821 2822
f 5361 2822 2682
f 5362 5221 5220
f 5362 5222 5221
f 5362 5223 5222
f 5362 5224 5223
f 5362 5225 5224
f 5362 5226 5225
f 5362 5227 5226
f 5362 5228 5227
f 5362 5229 5228
f 5362 5230 5229
f 5362 5231 5230
f 5362 5232 5231
f 5362 5233 5232
f 5362 5234 5233
f 5362 5235 5234
f 5362 5236 5235
f 5362 5237 5236
f 5362 5238 5237
f 5362 5239 5238
f 5362 5240 5239
f 5362 5241 5240
f 5362 5242 5241
f 5362 5243 5242
f 5362 5244 5243
f 5362 5245 5244
f 5362 5246 5245
f 5362 5247 5246
f 5362 5248 5247
f 5362 5249 5248
f 5362 5250 5249
f 5362 5251 5250
f 5362 5252 5251
f 5362 5253 5252
f 5362 5254 5253
f 5362 5255 5254
f 5362 5256 5255
f 5362 5257 5256
f 5362 5258 5257
f 5362 5259 5258
f 5362 5260 5259
f 5362 5261 5260
f 5362 5262 5261
f 5362 5263 5262
f 5362 5264 5263
f 5362 5265 5264
f 5362 5266 5265
f 5362 5267 5266
f 5362 5268 5267
f 5362 5269 5268
f 5362 5270 5269
f 5362 5271 5270
f 5362 5272 5271
f 5362 5273 5272
f 5362 5274 5273
f 5362 5275 5274
f 5362 5276 5275
f 5362 5277 5276
f 5362 5278 5277
f 5362 5279 5278
f 5362 5280 5279
f 5362 5281 5280
f 5362 5282 5281
f 5362 5283 5282
f 5362 5284 5283
f 5362 5285 5284
f 5362 5286 5285
f 5362 5287 5286
f 5362 5288 5287
f 5362 5289 5288
f 5362 5290 5289
f 5362 5291 5290
f 5362 5292 5291
f 5362 5293 5292
f 5362 5294 5293
f 5362 5295 5294
f 5362 5296 5295
f 5362 5297 5296
f 5362 5298 5297
f 5362 5299 5298
f 5362 5300 5299
f 5362 5301 5300
f 5362 5302 5301
f 5362 5303 5302
f 5362 5304 5303
f 5362 5305 5304
f 5362 5306 5305
f 5362 5307 5306
f 5362 5308 5307
f 5362 5309 5308
f 5362 5310 5309
f 5362 5311 5310
f 5362 5312 5311
f 5362 5313 5312
f 5362 5314 5313
f 5362 5315 5314
f 5362 5316 5315
f 5362 5317 5316
f 5362 5318 5317
f 5362 5319 5318
f 5362 5320 5319
f 5362 5321 5320
f 5362 5322 5321
f 5362 5323 5322
f 5362 5324 5323
f 5362 5325 5324
f 5362 5326 5325
f 5362 5327 5326
f 5362 5328 5327
f 5362 5329 5328
f 5362 5330 5329
f 5362 5331 5330
f 5362 5332 5331
f 5362 5333 5332
f 5362 5334 5333
f 5362 5335 5334
f 5362 5336 5335
f 5362 5337 5336
f 5362 5338 5337
f 5362 5339 5338
f 5362 5340 5339
f 5362 5341 5340
f 5362 5342 5341
f 5362 5343 5342
f 5362 5344 5343
f 5362 5345 5344
f 5362 5346 5345
f 5362 5347 5346
f 5362 5348 5347
f 5362 5349 5348
f 5362 5350 5349
f 5362 5351 5350
f 5362 5352 5351
f 5362 5353 5352
f 5362 5354 5353
f 5362 5355 5354
f 5362 5356 5355
f 5362 5357 5356
f 5362 5358 5357
f 5362 5359 5358
f 5362 5360 5359
f 5362 5220 5360
g pod
f 5363 5389 5390
f 5363 5390 5364
f 5364 5390 5391
f 5364 5391 5365
f 5365 5391 5392
f 5365 5392 5366
f 5366 5392 5393
f 5366 5393 5367
f 5367 5393 5394
f 5367 5394 5368
f 5368 5394 5395
f 5368 5395 5369
f 5369 5395 5396
f 5369 5396 5370
f 5370 5396 5397
f 5370 5397 5371
f 5371 5397 5398
f 5371 5398 5372
f 5372 5398 5399
f 5372 5399 5373
f 5373 5399 5400
f 5373 5400 5374
f 5374 5400 5401
f 5374 5401 5375
f 5375 5401 5402
f 5375 5402 5376
f 5376 5402 5403
f 5376 5403 5377
f 5377 5403 5404
f 5377 5404 5378
f 5378 5404 5405
f 5378 5405 5379
f 5379 5405 5406
f 5379 5406 5380
f 5380 5406 5407
f 5380 5407 5381
f 5381 5407 5408
f 5381 5408 5382
f 5382 5408 5409
f 5382 5409 5383
f 5383 5409 5410
f 5383 5410 5384
f 5384 5410 5411
f 5384 5411 5385
f 5385 5411 5412
f 5385 5412 5386
f 5386 5412 5413
f 5386 5413 5387
f 5387 5413 5414
f 5387 5414 5388
f 5388 5414 5389
f 5388 5389 5363
f 5389 5415 5416
f 5389 5416 5390
f 5390 5416 5417
f 5390 5417 5391
f 5391 5417 5418
f 5391 5418 5392
f 5392 5418 5419
f 5392 5419 5393
f 5393 5419 5420
f 5393 5420 5394
f 5394 5420 5421
f 5394 5421 5395
f 5395 5421 5422
f 5395 5422 5396
f 5396 5422 5423
f 5396 5423 5397
f 5397 5423 5424
f 5397 5424 5398
f 5398 5424 5425
f 5398 5425 5399
f 5399 5425 5426
f 5399 5426 5400
f 5400 5426 5427
f 5400 5427 5401
f 5401 5427 5428
f 5401 5428 5402
f 5402 5428 5429
f 5402 5429 5403
f 5403 5429 5430
f 5403 5430 5404
f 5404 5430 5431
f 5404 5431 5405
f 5405 5431 5432
f 5405 5432 5406
f 5406 5432 5433
f 5406 5433 5407
f 5407 5433 5434
f 5407 5434 5408
f 5408 5434 5435
f 5408 5435 5409
f 5409 5435 5436
f 5409 5436 5410
f 5410 5436 5437
f 5410 5437 5411
f 5411 5437 5438
f 5411 5438 5412
f 5412 5438 5439
f 5412 5439 5413
f 5413 5439 5440
f 5413 5440 5414
f 5414 5440 5415
f 5414 5415 5389
f 5415 5441 5442
f 5415 5442 5416
f 5416 5442 5443
f 5416 5443 5417
f 5417 5443 5444
f 5417 5444 5418
f 5418 5444 5445
f 5418 5445 5419
f 5419 5445 5446
f 5419 5446 5420
f 5420 5446 5447
f 5420 5447 5421
f 5421 5447 5448
f 5421 5448 5422
f 5422 5448 5449
f 5422 5449 5423
f 5423 5449 5450
f 5423 5450 5424
f 5424 5450 5451
f 5424 5451 5425
f 5425 5451 5452
f 5425 5452 5426
f 5426 5452 5453
f 5426 5453 5427
f 5427 5453 5454
f 5427 5454 5428
f 5428 5454 5455
f 5428 5455 5429
f 5429 5455 5456
f 5429 5456 5430
f 5430 5456 5457
f 5430 5457 5431
f 5431 5457 5458
f 5431 5458 5432
f 5432 5458 5459
f 5432 5459 5433
f 5433 5459 5460
f 5433 5460 5434
f 5434 5460 5461
f 5434 5461 5435
f 5435 5461 5462
f 5435 5462 5436
f 5436 5462 5463
f 5436 5463 5437
f 5437 5463 5464
f 5437 5464 5438
f 5438 5464 5465
f 5438 5465 5439
f 5439 5465 5466
f 5439 5466 5440
f 5440 5466 5441
f 5440 5441 5415
f 5441 5467 5468
f 5441 5468 5442
f 5442 5468 5469
f 5442 5469 5443
f 5443 5469 5470
f 5443 5470 5444
f 5444 5470 5471
f 5444 5471 5445
f 5445 5471 5472
f 5445 5472 5446
f 5446 5472 5473
f 5446 5473 5447
f 5447 5473 5474
f 5447 5474 5448
f 5448 5474 5475
f 5448 5475 5449
f 5449 5475 5476
f 5449 5476 5450
f 5450 5476 5477
f 5450 5477 5451
f 5451 5477 5478
f 5451 5478 5452
f 5452 5478 5479
f 5452 5479 5453
f 5453 5479 5480
f 5453 5480 5454
f 5454 5480 5481
f 5454 5481 5455
f 5455 5481 5482
f 5455 5482 5456
f 5456 5482 5483
f 5456 5483 5457
f 5457 5483 5484
f 5457 5484 5458
f 5458 5484 5485
f 5458 5485 5459
f 5459 5485 5486
f 5459 5486 5460
f 5460 5486 5487
f 5460 5487 5461
f 5461 5487 5488
f 5461 5488 5462
f 5462 5488 5489
f 5462 5489 5463
f 5463 5489 5490
f 5463 5490 5464
f 5464 5490 5491
f 5464 5491 5465
f 5465 5491 5492
f 5465 5492 5466
f 5466 5492 5467
f 5466 5467 5441
f 5467 5493 5494
f 5467 5494 5468
f 5468 5494 5495
f 5468 5495 5469
f 5469 5495 5496
f 5469 5496 5470
f 5470 5496 5497
f 5470 5497 5471
f 5471 5497 5498
f 5471 5498 5472
f 5472 5498 5499
f 5472 5499 5473
f 5473 5499 5500
f 5473 5500 5474
f 5474 5500 5501
f 5474 5501 5475
f 5475 5501 5502
f 5475 5502 5476
f 5476 5502 5503
f 5476 5503 5477
f 5477 5503 5504
f 5477 5504 5478
f 5478 5504 5505
f 5478 5505 5479
f 5479 5505 5506
f 5479 5506 5480
f 5480 5506 5507
f 5480 5507 5481
f 5481 5507 5508
f 5481 5508 5482
f 5482 5508 5509
f 5482 5509 5483
f 5483 5509 5510
f 5483 5510 5484
f 5484 5510 5511
f 5484 5511 5485
f 5485 5511 5512
f 5485 5512 5486
f 5486 5512 5513
f 5486 5513 5487
f 5487 5513 5514
f 5487 5514 5488
f 5488 5514 5515
f 5488 5515 5489
f 5489 5515 5516
f 5489 5516 5490
f 5490 5516 5517
f 5490 5517 5491
f 5491 5517 5518
f 5491 5518 5492
f 5492 5518 5493
f 5492 5493 5467
f 5493 5519 5520
f 5493 5520 5494
f 5494 5520 5521
f 5494 5521 5495
f 5495 5521 5522
f 5495 5522 5496
f 5496 5522 5523
f 5496 5523 5497
f 5497 5523 5524
f 5497 5524 5498
f 5498 5524 5525
f 5498 5525 5499
f 5499 5525 5526
f 5499 5526 5500
f 5500 5526 5527
f 5500 5527 5501
f 5501 5527 5528
f 5501 5528 5502
f 5502 5528 5529
f 5502 5529 5503
f 5503 5529 5530
f 5503 5530 5504
f 5504 5530 5531
f 5504 5531 5505
f 5505 5531 5532
f 5505 5532 5506
f 5506 5532 5533
f 5506 5533 5507
f 5507 5533 5534
f 5507 5534 5508
f 5508 5534 5535
f 5508 5535 5509
f 5509 5535 5536
f 5509 5536 5510
f 5510 5536 5537
f 5510 5537 5511
f 5511 5537 5538
f 5511 5538 5512
f 5512 5538 5539
f 5512 5539 5513
f 5513 5539 5540
f 5513 5540 5514
f 5514 5540 5541
f 5514 5541 5515
f 5515 5541 5542
f 5515 5542 5516
f 5516 5542 5543
f 5516 5543 5517
f 5517 5543 5544
f 5517 5544 5518
f 5518 5544 5519
f 5518 5519 5493
f 5519 5545 5546
f 5519 5546 5520
f 5520 5546 5547
f 5520 5547 5521
f 5521 5547 5548
f 5521 5548 5522
f 5522 5548 5549
f 5522 5549 5523
f 5523 5549 5550
f 5523 5550 5524
f 5524 5550 5551
f 5524 5551 5525
f 5525 5551 5552
f 5525 5552 5526
f 5526 5552 5553
f 5526 5553 5527
f 5527 5553 5554
f 5527 5554 5528
f 5528 5554 5555
f 5528 5555 5529
f 5529 5555 5556
f 5529 5556 5530
f 5530 5556 5557
f 5530 5557 5531
f 5531 5557 5558
f 5531 5558 5532
f 5532 5558 5559
f 5532 5559 5533
f 5533 5559 5560
f 5533 5560 5534
f 5534 5560 5561
f 5534 5561 5535
f 5535 5561 5562
f 5535 5562 5536
f 5536 5562 5563
f 5536 5563 5537
f 5537 5563 5564
f 5537 5564 5538
f 5538 5564 5565
f 5538 5565 5539
f 5539 5565 5566
f 5539 5566 5540
f 5540 5566 5567
f 5540 5567 5541
f 5541 5567 5568
f 5541 5568 5542
f 5542 5568 5569
f 5542 5569 5543
f 5543 5569 5570
f 5543 5570 5544
f 5544 5570 5545
f 5544 5545 5519
f 5545 5571 5572
f 5545 5572 5546
f 5546 5572 5573
f 5546 5573 5547
f 5547 5573 5574
f 5547 5574 5548
f 5548 5574 5575
f 5548 5575 5549
f 5549 5575 5576
f 5549 5576 5550
f 5550 5576 5577
f 5550 5577 5551
f 5551 5577 5578
f 5551 5578 5552
f 5552 5578 5579
f 5552 5579 5553
f 5553 5579 5580
f 5553 5580 5554
f 5554 5580 5581
f 5554 5581 5555
f 5555 5581 5582
f 5555 5582 5556
f 5556 5582 5583
f 5556 5583 5557
f 5557 5583 5584
f 5557 5584 5558
f 5558 5584 5585
f 5558 5585 5559
f 5559 5585 5586
f 5559 5586 5560
f 5560 5586 5587
f 5560 5587 5561
f 5561 5587 5588
f 5561 5588 5562
f 5562 5588 5589
f 5562 5589 5563
f 5563 5589 5590
f 5563 5590 5564
f 5564 5590 5591
f 5564 5591 5565
f 5565 5591 5592
f 5565 5592 5566
f 5566 5592 5593
f 5566 5593 5567
f 5567 5593 5594
f 5567 5594 5568
f 5568 5594 5595
f 5568 5595 5569
f 5569 5595 5596
f 5569 5596 5570
f 5570 5596 5571
f 5570 5571 5545
f 5597 5364 5363
f 5597 5365 5364
f 5597 5366 5365
f 5597 5367 5366
f 5597 5368 5367
f 5597 5369 5368
f 5597 5370 5369
f 5597 5371 5370
f 5597 5372 5371
f 5597 5373 5372
f 5597 5374 5373
f 5597 5375 5374
f 5597 5376 5375
f 5597 5377 5376
f 5597 5378 5377
f 5597 5379 5378
f 5597 5380 5379
f 5597 5381 5380
f 5597 5382 5381
f 5597 5383 5382
f 5597 5384 5383
f 5597 5385 5384
f 5597 5386 5385
f 5597 5387 5386
f 5597 5388 5387
f 5597 5363 5388
f 5598 5571 5572
f 5598 5572 5573
f 5598 5573 5574
f 5598 5574 5575
f 5598 5575 5576
f 5598 5576 5577
f 5598 5577 5578
f 5598 5578 5579
f 5598 5579 5580
f 5598 5580 5581
f 5598 5581 5582
f 5598 5582 5583
f 5598 5583 5584
f 5598 5584 5585
f 5598 5585 5586
f 5598 5586 5587
f 5598 5587 5588
f 5598 5588 5589
f 5598 5589 5590
f 5598 5590 5591
f 5598 5591 5592
f 5598 5592 5593
f 5598 5593 5594
f 5598 5594 5595
f 5598 5595 5596
f 5598 5596 5571
g pusher
f 5599 5613 5614
f 5599 5614 5600
f 5600 5614 5615
f 5600 5615 5601
f 5601 5615 5616
f 5601 5616 5602
f 5602 5616 5617
f 5602 5617 5603
f 5603 5617 5618
f 5603 5618 5604
f 5604 5618 5619
f 5604 5619 5605
f 5605 5619 5620
f 5605 5620 5606
f 5606 5620 5621
f 5606 5621 5607
f 5607 5621 5622
f 5607 5622 5608
f 5608 5622 5623
f 5608 5623 5609
f 5609 5623 5624
f 5609 5624 5610
f 5610 5624 5625
f 5610 5625 5611
f 5611 5625 5626
f 5611 5626 5612
f 5612 5626 5613
f 5612 5613 5599
f 5613 5627 5628
f 5613 5628 5614
f 5614 5628 5629
f 5614 5629 5615
f 5615 5629 5630
f 5615 5630 5616
f 5616 5630 5631
f 5616 5631 5617
f 5617 5631 5632
f 5617 5632 5618
f 5618 5632 5633
f 5618 5633 5619
f 5619 5633 5634
f 5619 5634 5620
f 5620 5634 5635
f 5620 5635 5621
f 5621 5635 5636
f 5621 5636 5622
f 5622 5636 5637
f 5622 5637 5623
f 5623 5637 5638
f 5623 5638 5624
f 5624 5638 5639
f 5624 5639 5625
f 5625 5639 5640
f 5625 5640 5626
f 5626 5640 5627
f 5626 5627 5613
f 5627 5641 5642
f 5627 5642 5628
f 5628 5642 5643
f 5628 5643 5629
f 5629 5643 5644
f 5629 5644 5630
f 5630 5644 5645
f 5630 5645 5631
f 5631 5645 5646
f 5631 5646 5632
f 5632 5646 5647
f 5632 5647 5633
f 5633 5647 5648
f 5633 5648 5634
f 5634 5648 5649
f 5634 5649 5635
f 5635 5649 5650
f 5635 5650 5636
f 5636 5650 5651
f 5636 5651 5637
f 5637 5651 5652
f 5637 5652 5638
f 5638 5652 5653
f 5638 5653 5639
f 5639 5653 5654
f 5639 5654 5640
f 5640 5654 5641
f 5640 5641 5627
f 5641 5655 5656
f 5641 5656 5642
f 5642 5656 5657
f 5642 5657 5643
f 5643 5657 5658
f 5643 5658 5644
f 5644 5658 5659
f 5644 5659 5645
f 5645 5659 5660
f 5645 5660 5646
f 5646 5660 5661
f 5646 5661 5647
f 5647 5661 5662
f 5647 5662 5648
f 5648 5662 5663
f 5648 5663 5649
f 5649 5663 5664
f 5649 5664 5650
f 5650 5664 5665
f 5650 5665 5651
f 5651 5665 5666
f 5651 5666 5652
f 5652 5666 5667
f 5652 5667 5653
f 5653 5667 5668
f 5653 5668 5654
f 5654 5668 5655
f 5654 5655 5641
f 5655 5669 5670
f 5655 5670 5656
f 5656 5670 5671
f 5656 5671 5657
f 5657 5671 5672
f 5657 5672 5658
f 5658 5672 5673
f 5658 5673 5659
f 5659 5673 5674
f 5659 5674 5660
f 5660 5674 5675
f 5660 5675 5661
f 5661 5675 5676
f 5661 5676 5662
f 5662 5676 5677
f 5662 5677 5663
f 5663 5677 5678
f 5663 5678 5664
f 5664 5678 5679
f 5664 5679 5665
f 5665 5679 5680
f 5665 5680 5666
f 5666 5680 5681
f 5666 5681 5667
f 5667 5681 5682
f 5667 5682 5668
f 5668 5682 5669
f 5668 5669 5655
f 5669 5683 5684
f 5669 5684 5670
f 5670 5684 5685
f 5670 5685 5671
f 5671 5685 5686
f 5671 5686 5672
f 5672 5686 5687
f 5672 5687 5673
f 5673 5687 5688
f 5673 5688 5674
f 5674 5688 5689
f 5674 5689 5675
f 5675 5689 5690
f 5675 5690 5676
f 5676 5690 5691
f 5676 5691 5677
f 5677 5691 5692
f 5677 5692 5678
f 5678 5692 5693
f 5678 5693 5679
f 5679 5693 5694
f 5679 5694 5680
f 5680 5694 5695
f 5680 5695 5681
f 5681 5695 5696
f 5681 5696 5682
f 5682 5696 5683
f 5682 5683 5669
f 5683 5697 5698
f 5683 5698 5684
f 5684 5698 5699
f 5684 5699 5685
f 5685 5699 5700
f 5685 5700 5686
f 5686 5700 5701
f 5686 5701 5687
f 5687 5701 5702
f 5687 5702 5688
f 5688 5702 5703
f 5688 5703 5689
f 5689 5703 5704
f 5689 5704 5690
f 5690 5704 5705
f 5690 5705 5691
f 5691 5705 5706
f 5691 5706 5692
f 5692 5706 5707
f 5692 5707 5693
f 5693 5707 5708
f 5693 5708 5694
f 5694 5708 5709
f 5694 5709 5695
f 5695 5709 5710
f 5695 5710 5696
f 5696 5710 5697
f 5696 5697 5683
f 5697 5711 5712
f 5697 5712 5698
f 5698 5712 5713
f 5698 5713 5699
f 5699 5713 5714
f 5699 5714 5700
f 5700 5714 5715
f 5700 5715 5701
f 5701 5715 5716
f 5701 5716 5702
f 5702 5716 5717
f 5702 5717 5703
f 5703 5717 5718
f 5703 5718 5704
f 5704 5718 5719
f 5704 5719 5705
f 5705 5719 5720
f 5705 5720 5706
f 5706 5720 5721
f 5706 5721 5707
f 5707 5721 5722
f 5707 5722 5708
f 5708 5722 5723
f 5708 5723 5709
f 5709 5723 5724
f 5709 5724 5710
f 5710 5724 5711
f 5710 5711 5697
f 5725 5600 5599
f 5725 5601 5600
f 5725 5602 5601
f 5725 5603 5602
f 5725 5604 5603
f 5725 5605 5604
f 5725 5606 5605
f 5725 5607 5606
f 5725 5608 5607
f 5725 5609 5608
f 5725 5610 5609
f 5725 5611 5610
f 5725 5612 5611
f 5725 5599 5612
f 5726 5771 5772
f 5726 5772 5727
f 5727 5772 5773
f 5727 5773 5728
f 5728 5773 5774
f 5728 5774 5729
f 5729 5774 5775
f 5729 5775 5730
f 5730 5775 5776
f 5730 5776 5731
f 5731 5776 5777
f 5731 5777 5732
f 5732 5777 5778
f 5732 5778 5733
f 5733 5778 5779
f 5733 5779 5734
f 5734 5779 5780
f 5734 5780 5735
f 5735 5780 5781
f 5735 5781 5736
f 5736 5781 5782
f 5736 5782 5737
f 5737 5782 5783
f 5737 5783 5738
f 5738 5783 5784
f 5738 5784 5739
f 5739 5784 5785
f 5739 5785 5740
f 5740 5785 5786
f 5740 5786 5741
f 5741 5786 5787
f 5741 5787 5742
f 5742 5787 5788
f 5742 5788 5743
f 5743 5788 5789
f 5743 5789 5744
f 5744 5789 5790
f 5744 5790 5745
f 5745 5790 5791
f 5745 5791 5746
f 5746 5791 5792
f 5746 5792 5747
f 5747 5792 5793
f 5747 5793 5748
f 5748 5793 5794
f 5748 5794 5749
f 5749 5794 5795
f 5749 5795 5750
f 5750 5795 5796
f 5750 5796 5751
f 5751 5796 5797
f 5751 5797 5752
f 5752 5797 5798
f 5752 5798 5753
f 5753 5798 5799
f 5753 5799 5754
f 5754 5799 5800
f 5754 5800 5755
f 5755 5800 5801
f 5755 5801 5756
f 5756 5801 5802
f 5756 5802 5757
f 5757 5802 5803
f 5757 5803 5758
f 5758 5803 5804
f 5758 5804 5759
f 5759 5804 5805
f 5759 5805 5760
f 5760 5805 5806
f 5760 5806 5761
f 5761 5806 5807
f 5761 5807 5762
f 5762 5807 5808
f 5762 5808 5763
f 5763 5808 5809
f 5763 5809 5764
f 5764 5809 5810
f 5764 5810 5765
f 5765 5810 5811
f 5765 5811 5766
f 5766 5811 5812
f 5766 5812 5767
f 5767 5812 5813
f 5767 5813 5768
f 5768 5813 5814
f 5768 5814 5769
f 5769 5814 5815
f 5769 5815 5770
f 5770 5815 5771
f 5770 5771 5726
f 5771 5816 5817
f 5771 5817 5772
f 5772 5817 5818
f 5772 5818 5773
f 5773 5818 5819
f 5773 5819 5774
f 5774 5819 5820
f 5774 5820 5775
f 5775 5820 5821
f 5775 5821 5776
f 5776 5821 5822
f 5776 5822 5777
f 5777 5822 5823
f 5777 5823 5778
f 5778 5823 5824
f 5778 5824 5779
f 5779 5824 5825
f 5779 5825 5780
f 5780 5825 5826
f 5780 5826 5781
f 5781 5826 5827
f 5781 5827 5782
f 5782 5827 5828
f 5782 5828 5783
f 5783 5828 5829
f 5783 5829 5784
f 5784 5829 5830
f 5784 5830 5785
f 5785 5830 5831
f 5785 5831 5786
f 5786 5831 5832
f 5786 5832 5787
f 5787 5832 5833
f 5787 5833 5788
f 5788 5833 5834
f 5788 5834 5789
f 5789 5834 5835
f 5789 5835 5790
f 5790 5835 5836
f 5790 5836 5791
f 5791 5836 5837
f 5791 5837 5792
f 5792 5837 5838
f 5792 5838 5793
f 5793 5838 5839
f 5793 5839 5794
f 5794 5839 5840
f 5794 5840 5795
f 5795 5840 5841
f 5795 5841 5796
f 5796 5841 5842
f 5796 5842 5797
f 5797 5842 5843
f 5797 5843 5798
f 5798 5843 5844
f 5798 5844 5799
f 5799 5844 5845
f 5799 5845 5800
f 5800 5845 5846
f 5800 5846 5801
f 5801 5846 5847
f 5801 5847 5802
f 5802 5847 5848
f 5802 5848 5803
f 5803 5848 5849
f 5803 5849 5804
f 5804 5849 5850
f 5804 5850 5805
f 5805 5850 5851
f 5805 5851 5806
f 5806 5851 5852
f 5806 5852 5807
f 5807 5852 5853
f 5807 5853 5808
f 5808 5853 5854
f 5808 5854 5809
f 5809 5854 5855
f 5809 5855 5810
f 5810 5855 5856
f 5810 5856 5811
f 5811 5856 5857
f 5811 5857 5812
f 5812 5857 5858
f 5812 5858 5813
f 5813 5858 5859
f 5813 5859 5814
f 5814 5859 5860
f 5814 5860 5815
f 5815 5860 5816
f 5815 5816 5771
f 5816 5861 5862
f 5816 5862 5817
f 5817 5862 5863
f 5817 5863 5818
f 5818 5863 5864
f 5818 5864 5819
f 5819 5864 5865
f 5819 5865 5820
f 5820 5865 5866
f 5820 5866 5821
f 5821 5866 5867
f 5821 5867 5822
f 5822 5867 5868
f 5822 5868 5823
f 5823 5868 5869
f 5823 5869 5824
f 5824 5869 5870
f 5824 5870 5825
f 5825 5870 5871
f 5825 5871 5826
f 5826 5871 5872
f 5826 5872 5827
f 5827 5872 5873
f 5827 5873 5828
f 5828 5873 5874
f 5828 5874 5829
f 5829 5874 5875
f 5829 5875 5830
f 5830 5875 5876
f 5830 5876 5831
f 5831 5876 5877
f 5831 5877 5832
f 5832 5877 5878
f 5832 5878 5833
f 5833 5878 5879
f 5833 5879 5834
f 5834 5879 5880
f 5834 5880 5835
f 5835 5880 5881
f 5835 5881 5836
f 5836 5881 5882
f 5836 5882 5837
f 5837 5882 5883
f 5837 5883 5838
f 5838 5883 5884
f 5838 5884 5839
f 5839 5884 5885
f 5839 5885 5840
f 5840 5885 5886
f 5840 5886 5841
f 5841 5886 5887
f 5841 5887 5842
f 5842 5887 5888
f 5842 5888 5843
f 5843 5888 5889
f 5843 5889 5844
f 5844 5889 5890
f 5844 5890 5845
f 5845 5890 5891
f 5845 5891 5846
f 5846 5891 5892
f 5846 5892 5847
f 5847 5892 5893
f 5847 5893 5848
f 5848 5893 5894
f 5848 5894 5849
f 5849 5894 5895
f 5849 5895 5850
f 5850 5895 5896
f 5850 5896 5851
f 5851 5896 5897
f 5851 5897 5852
f 5852 5897 5898
f 5852 5898 5853
f 5853 5898 5899
f 5853 5899 5854
f 5854 5899 5900
f 5854 5900 5855
f 5855 5900 5901
f 5855 5901 5856
f 5856 5901 5902
f 5856 5902 5857
f 5857 5902 5903
f 5857 5903 5858
f 5858 5903 5904
f 5858 5904 5859
f 5859 5904 5905
f 5859 5905 5860
f 5860 5905 5861
f 5860 5861 5816
f 5861 5906 5907
f 5861 5907 5862
f 5862 5907 5908
f 5862 5908 5863
f 5863 5908 5909
f 5863 5909 5864
f 5864 5909 5910
f 5864 5910 5865
f 5865 5910 5911
f 5865 5911 5866
f 5866 5911 5912
f 5866 5912 5867
f 5867 5912 5913
f 5867 5913 5868
f 5868 5913 5914
f 5868 5914 5869
f 5869 5914 5915
f 5869 5915 5870
f 5870 5915 5916
f 5870 5916 5871
f 5871 5916 5917
f 5871 5917 5872
f 5872 5917 5918
f 5872 5918 5873
f 5873 5918 5919
f 5873 5919 5874
f 5874 5919 5920
f 5874 5920 5875
f 5875 5920 5921
f 5875 5921 5876
f 5876 5921 5922
f 5876 5922 5877
f 5877 5922 5923
f 5877 5923 5878
f 5878 5923 5924
f 5878 5924 5879
f 5879 5924 5925
f 5879 5925 5880
f 5880 5925 5926
f 5880 5926 5881
f 5881 5926 5927
f 5881 5927 5882
f 5882 5927 5928
f 5882 5928 5883
f 5883 5928 5929
f 5883 5929 5884
f 5884 5929 5930
f 5884 5930 5885
f 5885 5930 5931
f 5885 5931 5886
f 5886 5931 5932
f 5886 5932 5887
f 5887 5932 5933
f 5887 5933 5888
f 5888 5933 5934
f 5888 5934 5889
f 5889 5934 5935
f 5889 5935 5890
f 5890 5935 5936
f 5890 5936 5891
f 5891 5936 5937
f 5891 5937 5892
f 5892 5937 5938
f 5892 5938 5893
f 5893 5938 5939
f 5893 5939 5894
f 5894 5939 5940
f 5894 5940 5895
f 5895 5940 5941
f 5895 5941 5896
f 5896 5941 5942
f 5896 5942 5897
f 5897 5942 5943
f 5897 5943 5898
f 5898 5943 5944
f 5898 5944 5899
f 5899 5944 5945
f 5899 5945 5900
f 5900 5945 5946
f 5900 5946 5901
f 5901 5946 5947
f 5901 5947 5902
f 5902 5947 5948
f 5902 5948 5903
f 5903 5948 5949
f 5903 5949 5904
f 5904 5949 5950
f 5904 5950 5905
f 5905 5950 5906
f 5905 5906 5861
f 5906 5951 5952
f 5906 5952 5907
f 5907 5952 5953
f 5907 5953 5908
f 5908 5953 5954
f 5908 5954 5909
f 5909 5954 5955
f 5909 5955 5910
f 5910 5955 5956
f 5910 5956 5911
f 5911 5956 5957
f 5911 5957 5912
f 5912 5957 5958
f 5912 5958 5913
f 5913 5958 5959
f 5913 5959 5914
f 5914 5959 5960
f 5914 5960 5915
f 5915 5960 5961
f 5915 5961 5916
f 5916 5961 5962
f 5916 5962 5917
f 5917 5962 5963
f 5917 5963 5918
f 5918 5963 5964
f 5918 5964 5919
f 5919 5964 5965
f 5919 5965 5920
f 5920 5965 5966
f 5920 5966 5921
f 5921 5966 5967
f 5921 5967 5922
f 5922 5967 5968
f 5922 5968 5923
f 5923 5968 5969
f 5923 5969 5924
f 5924 5969 5970
f 5924 5970 5925
f 5925 5970 5971
f 5925 5971 5926
f 5926 5971 5972
f 5926 5972 5927
f 5927 5972 5973
f 5927 5973 5928
f 5928 5973 5974
f 5928 5974 5929
f 5929 5974 5975
f 5929 5975 5930
f 5930 5975 5976
f 5930 5976 5931
f 5931 5976 5977
f 5931 5977 5932
f 5932 5977 5978
f 5932 5978 5933
f 5933 5978 5979
f 5933 5979 5934
f 5934 5979 5980
f 5934 5980 5935
f 5935 5980 5981
f 5935 5981 5936
f 5936 5981 5982
f 5936 5982 5937
f 5937 5982 5983
f 5937 5983 5938
f 5938 5983 5984
f 5938 5984 5939
f 5939 5984 5985
f 5939 5985 5940
f 5940 5985 5986
f 5940 5986 5941
f 5941 5986 5987
f 5941 5987 5942
f 5942 5987 5988
f 5942 5988 5943
f 5943 5988 5989
f 5943 5989 5944
f 5944 5989 5990
f 5944 5990 5945
f 5945 5990 5991
f 5945 5991 5946
f 5946 5991 5992
f 5946 5992 5947
f 5947 5992 5993
f 5947 5993 5948
f 5948 5993 5994
f 5948 5994 5949
f 5949 5994 5995
f 5949 5995 5950
f 5950 5995 5951
f 5950 5951 5906
f 5951 5996 5997
f 5951 5997 5952
f 5952 5997 5998
f 5952 5998 5953
f 5953 5998 5999
f 5953 5999 5954
f 5954 5999 6000
f 5954 6000 5955
f 5955 6000 6001
f 5955 6001 5956
f 5956 6001 6002
f 5956 6002 5957
f 5957 6002 6003
f 5957 6003 5958
f 5958 6003 6004
f 5958 6004 5959
f 5959 6004 6005
f 5959 6005 5960
f 5960 6005 6006
f 5960 6006 5961
f 5961 6006 6007
f 5961 6007 5962
f 5962 6007 6008
f 5962 6008 5963
f 5963 6008 6009
f 5963 6009 5964
f 5964 6009 6010
f 5964 6010 5965
f 5965 6010 6011
f 5965 6011 5966
f 5966 6011 6012
f 5966 6012 5967
f 5967 6012 6013
f 5967 6013 5968
f 5968 6013 6014
f 5968 6014 5969
f 5969 6014 6015
f 5969 6015 5970
f 5970 6015 6016
f 5970 6016 5971
f 5971 6016 6017
f 5971 6017 5972
f 5972 6017 6018
f 5972 6018 5973
f 5973 6018 6019
f 5973 6019 5974
f 5974 6019 6020
f 5974 6020 5975
f 5975 6020 6021
f 5975 6021 5976
f 5976 6021 6022
f 5976 6022 5977
f 5977 6022 6023
f 5977 6023 5978
f 5978 6023 6024
f 5978 6024 5979
f 5979 6024 6025
f 5979 6025 5980
f 5980 6025 6026
f 5980 6026 5981
f 5981 6026 6027
f 5981 6027 5982
f 5982 6027 6028
f 5982 6028 5983
f 5983 6028 6029
f 5983 6029 5984
f 5984 6029 6030
f 5984 6030 5985
f 5985 6030 6031
f 5985 6031 5986
f 5986 6031 6032
f 5986 6032 5987
f 5987 6032 6033
f 5987 6033 5988
f 5988 6033 6034
f 5988 6034 5989
f 5989 6034 6035
f 5989 6035 5990
f 5990 6035 6036
f 5990 6036 5991
f 5991 6036 6037
f 5991 6037 5992
f 5992 6037 6038
f 5992 6038 5993
f 5993 6038 6039
f 5993 6039 5994
f 5994 6039 6040
f 5994 6040 5995
f 5995 6040 5996
f 5995 5996 5951
f 5996 6041 6042
f 5996 6042 5997
f 5997 6042 6043
f 5997 6043 5998
f 5998 6043 6044
f 5998 6044 5999
f 5999 6044 6045
f 5999 6045 6000
f 6000 6045 6046
f 6000 6046 6001
f 6001 6046 6047
f 6001 6047 6002
f 6002 6047 6048
f 6002 6048 6003
f 6003 6048 6049
f 6003 6049 6004
f 6004 6049 6050
f 6004 6050 6005
f 6005 6050 6051
f 6005 6051 6006
f 6006 6051 6052
f 6006 6052 6007
f 6007 6052 6053
f 6007 6053 6008
f 6008 6053 6054
f 6008 6054 6009
f 6009 6054 6055
f 6009 6055 6010
f 6010 6055 6056
f 6010 6056 6011
f 6011 6056 6057
f 6011 6057 6012
f 6012 6057 6058
f 6012 6058 6013
f 6013 6058 6059
f 6013 6059 6014
f 6014 6059 6060
f 6014 6060 6015
f 6015 6060 6061
f 6015 6061 6016
f 6016 6061 6062
f 6016 6062 6017
f 6017 6062 6063
f 6017 6063 6018
f 6018 6063 6064
f 6018 6064 6019
f 6019 6064 6065
f 6019 6065 6020
f 6020 6065 6066
f 6020 6066 6021
f 6021 6066 6067
f 6021 6067 6022
f 6022 6067 6068
f 6022 6068 6023
f 6023 6068 6069
f 6023 6069 6024
f 6024 6069 6070
f 6024 6070 6025
f 6025 6070 6071
f 6025 6071 6026
f 6026 6071 6072
f 6026 6072 6027
f 6027 6072 6073
f 6027 6073 6028
f 6028 6073 6074
f 6028 6074 6029
f 6029 6074 6075
f 6029 6075 6030
f 6030 6075 6076
f 6030 6076 6031
f 6031 6076 6077
f 6031 6077 6032
f 6032 6077 6078
f 6032 6078 6033
f 6033 6078 6079
f 6033 6079 6034
f 6034 6079 6080
f 6034 6080 6035
f 6035 6080 6081
f 6035 6081 6036
f 6036 6081 6082
f 6036 6082 6037
f 6037 6082 6083
f 6037 6083 6038
f 6038 6083 6084
f 6038 6084 6039
f 6039 6084 6085
f 6039 6085 6040
f 6040 6085 6041
f 6040 6041 5996
f 6041 6086 6087
f 6041 6087 6042
f 6042 6087 6088
f 6042 6088 6043
f 6043 6088 6089
f 6043 6089 6044
f 6044 6089 6090
f 6044 6090 6045
f 6045 6090 6091
f 6045 6091 6046
f 6046 6091 6092
f 6046 6092 6047
f 6047 6092 6093
f 6047 6093 6048
f 6048 6093 6094
f 6048 6094 6049
f 6049 6094 6095
f 6049 6095 6050
f 6050 6095 6096
f 6050 6096 6051
f 6051 6096 6097
f 6051 6097 6052
f 6052 6097 6098
f 6052 6098 6053
f 6053 6098 6099
f 6053 6099 6054
f 6054 6099 6100
f 6054 6100 6055
f 6055 6100 6101
f 6055 6101 6056
f 6056 6101 6102
f 6056 6102 6057
f 6057 6102 6103
f 6057 6103 6058
f 6058 6103 6104
f 6058 6104 6059
f 6059 6104 6105
f 6059 6105 6060
f 6060 6105 6106
f 6060 6106 6061
f 6061 6106 6107
f 6061 6107 6062
f 6062 6107 6108
f 6062 6108 6063
f 6063 6108 6109
f 6063 6109 6064
f 6064 6109 6110
f 6064 6110 6065
f 6065 6110 6111
f 6065 6111 6066
f 6066 6111 6112
f 6066 6112 6067
f 6067 6112 6113
f 6067 6113 6068
f 6068 6113 6114
f 6068 6114 6069
f 6069 6114 6115
f 6069 6115 6070
f 6070 6115 6116
f 6070 6116 6071
f 6071 6116 6117
f 6071 6117 6072
f 6072 6117 6118
f 6072 6118 6073
f 6073 6118 6119
f 6073 6119 6074
f 6074 6119 6120
f 6074 6120 6075
f 6075 6120 6121
f 6075 6121 6076
f 6076 6121 6122
f 6076 6122 6077
f 6077 6122 6123
f 6077 6123 6078
f 6078 6123 6124
f 6078 6124 6079
f 6079 6124 6125
f 6079 6125 6080
f 6080 6125 6126
f 6080 6126 6081
f 6081 6126 6127
f 6081 6127 6082
f 6082 6127 6128
f 6082 6128 6083
f 6083 6128 6129
f 6083 6129 6084
f 6084 6129 6130
f 6084 6130 6085
f 6085 6130 6086
f 6085 6086 6041
f 6086 6131 6132
f 6086 6132 6087
f 6087 6132 6133
f 6087 6133 6088
f 6088 6133 6134
f 6088 6134 6089
f 6089 6134 6135
f 6089 6135 6090
f 6090 6135 6136
f 6090 6136 6091
f 6091 6136 6137
f 6091 6137 6092
f 6092 6137 6138
f 6092 6138 6093
f 6093 6138 6139
f 6093 6139 6094
f 6094 6139 6140
f 6094 6140 6095
f 6095 6140 6141
f 6095 6141 6096
f 6096 6141 6142
f 6096 6142 6097
f 6097 6142 6143
f 6097 6143 6098
f 6098 6143 6144
f 6098 6144 6099
f 6099 6144 6145
f 6099 6145 6100
f 6100 6145 6146
f 6100 6146 6101
f 6101 6146 6147
f 6101 6147 6102
f 6102 6147 6148
f 6102 6148 6103
f 6103 6148 6149
f 6103 6149 6104
f 6104 6149 6150
f 6104 6150 6105
f 6105 6150 6151
f 6105 6151 6106
f 6106 6151 6152
f 6106 6152 6107
f 6107 6152 6153
f 6107 6153 6108
f 6108 6153 6154
f 6108 6154 6109
f 6109 6154 6155
f 6109 6155 6110
f 6110 6155 6156
f 6110 6156 6111
f 6111 6156 6157
f 6111 6157 6112
f 6112 6157 6158
f 6112 6158 6113
f 6113 6158 6159
f 6113 6159 6114
f 6114 6159 6160
f 6114 6160 6115
f 6115 6160 6161
f 6115 6161 6116
f 6116 6161 6162
f 6116 6162 6117
f 6117 6162 6163
f 6117 6163 6118
f 6118 6163 6164
f 6118 6164 6119
f 6119 6164 6165
f 6119 6165 6120
f 6120 6165 6166
f 6120 6166 6121
f 6121 6166 6167
f 6121 6167 6122
f 6122 6167 6168
f 6122 6168 6123
f 6123 6168 6169
f 6123 6169 6124
f 6124 6169 6170
f 6124 6170 6125
f 6125 6170 6171
f 6125 6171 6126
f 6126 6171 6172
f 6126 6172 6127
f 6127 6172 6173
f 6127 6173 6128
f 6128 6173 6174
f 6128 6174 6129
f 6129 6174 6175
f 6129 6175 6130
f 6130 6175 6131
f 6130 6131 6086
f 6131 6176 6177
f 6131 6177 6132
f 6132 6177 6178
f 6132 6178 6133
f 6133 6178 6179
f 6133 6179 6134
f 6134 6179 6180
f 6134 6180 6135
f 6135 6180 6181
f 6135 6181 6136
f 6136 6181 6182
f 6136 6182 6137
f 6137 6182 6183
f 6137 6183 6138
f 6138 6183 6184
f 6138 6184 6139
f 6139 6184 6185
f 6139 6185 6140
f 6140 6185 6186
f 6140 6186 6141
f 6141 6186 6187
f 6141 6187 6142
f 6142 6187 6188
f 6142 6188 6143
f 6143 6188 6189
f 6143 6189 6144
f 6144 6189 6190
f 6144 6190 6145
f 6145 6190 6191
f 6145 6191 6146
f 6146 6191 6192
f 6146 6192 6147
f 6147 6192 6193
f 6147 6193 6148
f 6148 6193 6194
f 6148 6194 6149
f 6149 6194 6195
f 6149 6195 6150
f 6150 6195 6196
f 6150 6196 6151
f 6151 6196 6197
f 6151 6197 6152
f 6152 6197 6198
f 6152 6198 6153
f 6153 6198 6199
f 6153 6199 6154
f 6154 6199 6200
f 6154 6200 6155
f 6155 6200 6201
f 6155 6201 6156
f 6156 6201 6202
f 6156 6202 6157
f 6157 6202 6203
f 6157 6203 6158
f 6158 6203 6204
f 6158 6204 6159
f 6159 6204 6205
f 6159 6205 6160
f 6160 6205 6206
f 6160 6206 6161
f 6161 6206 6207
f 6161 6207 6162
f 6162 6207 6208
f 6162 6208 6163
f 6163 6208 6209
f 6163 6209 6164
f 6164 6209 6210
f 6164 6210 6165
f 6165 6210 6211
f 6165 6211 6166
f 6166 6211 6212
f 6166 6212 6167
f 6167 6212 6213
f 6167 6213 6168
f 6168 6213 6214
f 6168 6214 6169
f 6169 6214 6215
f 6169 6215 6170
f 6170 6215 6216
f 6170 6216 6171
f 6171 6216 6217
f 6171 6217 6172
f 6172 6217 6218
f 6172 6218 6173
f 6173 6218 6219
f 6173 6219 6174
f 6174 6219 6220
f 6174 6220 6175
f 6175 6220 6176
f 6175 6176 6131
f 6221 5727 5726
f 6221 5728 5727
f 6221 5729 5728
f 6221 5730 5729
f 6221 5731 5730
f 6221 5732 5731
f 6221 5733 5732
f 6221 5734 5733
f 6221 5735 5734
f 6221 5736 5735
f 6221 5737 5736
f 6221 5738 5737
f 6221 5739 5738
f 6221 5740 5739
f 6221 5741 5740
f 6221 5742 5741
f 6221 5743 5742
f 6221 5744 5743
f 6221 5745 5744
f 6221 5746 5745
f 6221 5747 5746
f 6221 5748 5747
f 6221 5749 5748
f 6221 5750 5749
f 6221 5751 5750
f 6221 5752 5751
f 6221 5753 5752
f 6221 5754 5753
f 6221 5755 5754
f 6221 5756 5755
f 6221 5757 5756
f 6221 5758 5757
f 6221 5759 5758
f 6221 5760 5759
f 6221 5761 5760
f 6221 5762 5761
f 6221 5763 5762
f 6221 5764 5763
f 6221 5765 5764
f 6221 5766 5765
f 6221 5767 5766
f 6221 5768 5767
f 6221 5769 5768
f 6221 5770 5769
f 6221 5726 5770
f 6222 6176 6177
f 6222 6177 6178
f 6222 6178 6179
f 6222 6179 6180
f 6222 6180 6181
f 6222 6181 6182
f 6222 6182 6183
f 6222 6183 6184
f 6222 6184 6185
f 6222 6185 6186
f 6222 6186 6187
f 6222 6187 6188
f 6222 6188 6189
f 6222 6189 6190
f 6222 6190 6191
f 6222 6191 6192
f 6222 6192 6193
f 6222 6193 6194
f 6222 6194 6195
f 6222 6195 6196
f 6222 6196 6197
f 6222 6197 6198
f 6222 6198 6199
f 6222 6199 6200
f 6222 6200 6201
f 6222 6201 6202
f 6222 6202 6203
f 6222 6203 6204
f 6222 6204 6205
f 6222 6205 6206
f 6222 6206 6207
f 6222 6207 6208
f 6222 6208 6209
f 6222 6209 6210
f 6222 6210 6211
f 6222 6211 6212
f 6222 6212 6213
f 6222 6213 6214
f 6222 6214 6215
f 6222 6215 6216
f 6222 6216 6217
f 6222 6217 6218
f 6222 6218 6219
f 6222 6219 6220
f 6222 6220 6176
f 6223 6268 6269
f 6223 6269 6224
f 6224 6269 6270
f 6224 6270 6225
f 6225 6270 6271
f 6225 6271 6226
f 6226 6271 6272
f 6226 6272 6227
f 6227 6272 6273
f 6227 6273 6228
f 6228 6273 6274
f 6228 6274 6229
f 6229 6274 6275
f 6229 6275 6230
f 6230 6275 6276
f 6230 6276 6231
f 6231 6276 6277
f 6231 6277 6232
f 6232 6277 6278
f 6232 6278 6233
f 6233 6278 6279
f 6233 6279 6234
f 6234 6279 6280
f 6234 6280 6235
f 6235 6280 6281
f 6235 6281 6236
f 6236 6281 6282
f 6236 6282 6237
f 6237 6282 6283
f 6237 6283 6238
f 6238 6283 6284
f 6238 6284 6239
f 6239 6284 6285
f 6239 6285 6240
f 6240 6285 6286
f 6240 6286 6241
f 6241 6286 6287
f 6241 6287 6242
f 6242 6287 6288
f 6242 6288 6243
f 6243 6288 6289
f 6243 6289 6244
f 6244 6289 6290
f 6244 6290 6245
f 6245 6290 6291
f 6245 6291 6246
f 6246 6291 6292
f 6246 6292 6247
f 6247 6292 6293
f 6247 6293 6248
f 6248 6293 6294
f 6248 6294 6249
f 6249 6294 6295
f 6249 6295 6250
f 6250 6295 6296
f 6250 6296 6251
f 6251 6296 6297
f 6251 6297 6252
f 6252 6297 6298
f 6252 6298 6253
f 6253 6298 6299
f 6253 6299 6254
f 6254 6299 6300
f 6254 6300 6255
f 6255 6300 6301
f 6255 6301 6256
f 6256 6301 6302
f 6256 6302 6257
f 6257 6302 6303
f 6257 6303 6258
f 6258 6303 6304
f 6258 6304 6259
f 6259 6304 6305
f 6259 6305 6260
f 6260 6305 6306
f 6260 6306 6261
f 6261 6306 6307
f 6261 6307 6262
f 6262 6307 6308
f 6262 6308 6263
f 6263 6308 6309
f 6263 6309 6264
f 6264 6309 6310
f 6264 6310 6265
f 6265 6310 6311
f 6265 6311 6266
f 6266 6311 6312
f 6266 6312 6267
f 6267 6312 6268
f 6267 6268 6223
f 6268 6313 6314
f 6268 6314 6269
f 6269 6314 6315
f 6269 6315 6270
f 6270 6315 6316
f 6270 6316 6271
f 6271 6316 6317
f 6271 6317 6272
f 6272 6317 6318
f 6272 6318 6273
f 6273 6318 6319
f 6273 6319 6274
f 6274 6319 6320
f 6274 6320 6275
f 6275 6320 6321
f 6275 6321 6276
f 6276 6321 6322
f 6276 6322 6277
f 6277 6322 6323
f 6277 6323 6278
f 6278 6323 6324
f 6278 6324 6279
f 6279 6324 6325
f 6279 6325 6280
f 6280 6325 6326
f 6280 6326 6281
f 6281 6326 6327
f 6281 6327 6282
f 6282 6327 6328
f 6282 6328 6283
f 6283 6328 6329
f 6283 6329 6284
f 6284 6329 6330
f 6284 6330 6285
f 6285 6330 6331
f 6285 6331 6286
f 6286 6331 6332
f 6286 6332 6287
f 6287 6332 6333
f 6287 6333 6288
f 6288 6333 6334
f 6288 6334 6289
f 6289 6334 6335
f 6289 6335 6290
f 6290 6335 6336
f 6290 6336 6291
f 6291 6336 6337
f 6291 6337 6292
f 6292 6337 6338
f 6292 6338 6293
f 6293 6338 6339
f 6293 6339 6294
f 6294 6339 6340
f 6294 6340 6295
f 6295 6340 6341
f 6295 6341 6296
f 6296 6341 6342
f 6296 6342 6297
f 6297 6342 6343
f 6297 6343 6298
f 6298 6343 6344
f 6298 6344 6299
f 6299 6344 6345
f 6299 6345 6300
f 6300 6345 6346
f 6300 6346 6301
f 6301 6346 6347
f 6301 6347 6302
f 6302 6347 6348
f 6302 6348 6303
f 6303 6348 6349
f 6303 6349 6304
f 6304 6349 6350
f 6304 6350 6305
f 6305 6350 6351
f 6305 6351 6306
f 6306 6351 6352
f 6306 6352 6307
f 6307 6352 6353
f 6307 6353 6308
f 6308 6353 6354
f 6308 6354 6309
f 6309 6354 6355
f 6309 6355 6310
f 6310 6355 6356
f 6310 6356 6311
f 6311 6356 6357
f 6311 6357 6312
f 6312 6357 6313
f 6312 6313 6268
f 6313 6358 6359
f 6313 6359 6314
f 6314 6359 6360
f 6314 6360 6315
f 6315 6360 6361
f 6315 6361 6316
f 6316 6361 6362
f 6316 6362 6317
f 6317 6362 6363
f 6317 6363 6318
f 6318 6363 6364
f 6318 6364 6319
f 6319 6364 6365
f 6319 6365 6320
f 6320 6365 6366
f 6320 6366 6321
f 6321 6366 6367
f 6321 6367 6322
f 6322 6367 6368
f 6322 6368 6323
f 6323 6368 6369
f 6323 6369 6324
f 6324 6369 6370
f 6324 6370 6325
f 6325 6370 6371
f 6325 6371 6326
f 6326 6371 6372
f 6326 6372 6327
f 6327 6372 6373
f 6327 6373 6328
f 6328 6373 6374
f 6328 6374 6329
f 6329 6374 6375
f 6329 6375 6330
f 6330 6375 6376
f 6330 6376 6331
f 6331 6376 6377
f 6331 6377 6332
f 6332 6377 6378
f 6332 6378 6333
f 6333 6378 6379
f 6333 6379 6334
f 6334 6379 6380
f 6334 6380 6335
f 6335 6380 6381
f 6335 6381 6336
f 6336 6381 6382
f 6336 6382 6337
f 6337 6382 6383
f 6337 6383 6338
f 6338 6383 6384
f 6338 6384 6339
f 6339 6384 6385
f 6339 6385 6340
f 6340 6385 6386
f 6340 6386 6341
f 6341 6386 6387
f 6341 6387 6342
f 6342 6387 6388
f 6342 6388 6343
f 6343 6388 6389
f 6343 6389 6344
f 6344 6389 6390
f 6344 6390 6345
f 6345 6390 6391
f 6345 6391 6346
f 6346 6391 6392
f 6346 6392 6347
f 6347 6392 6393
f 6347 6393 6348
f 6348 6393 6394
f 6348 6394 6349
f 6349 6394 6395
f 6349 6395 6350
f 6350 6395 6396
f 6350 6396 6351
f 6351 6396 6397
f 6351 6397 6352
f 6352 6397 6398
f 6352 6398 6353
f 6353 6398 6399
f 6353 6399 6354
f 6354 6399 6400
f 6354 6400 6355
f 6355 6400 6401
f 6355 6401 6356
f 6356 6401 6402
f 6356 6402 6357
f 6357 6402 6358
f 6357 6358 6313
f 6358 6403 6404
f 6358 6404 6359
f 6359 6404 6405
f 6359 6405 6360
f 6360 6405 6406
f 6360 6406 6361
f 6361 6406 6407
f 6361 6407 6362
f 6362 6407 6408
f 6362 6408 6363
f 6363 6408 6409
f 6363 6409 6364
f 6364 6409 6410
f 6364 6410 6365
f 6365 6410 6411
f 6365 6411 6366
f 6366 6411 6412
f 6366 6412 6367
f 6367 6412 6413
f 6367 6413 6368
f 6368 6413 6414
f 6368 6414 6369
f 6369 6414 6415
f 6369 6415 6370
f 6370 6415 6416
f 6370 6416 6371
f 6371 6416 6417
f 6371 6417 6372
f 6372 6417 6418
f 6372 6418 6373
f 6373 6418 6419
f 6373 6419 6374
f 6374 6419 6420
f 6374 6420 6375
f 6375 6420 6421
f 6375 6421 6376
f 6376 6421 6422
f 6376 6422 6377
f 6377 6422 6423
f 6377 6423 6378
f 6378 6423 6424
f 6378 6424 6379
f 6379 6424 6425
f 6379 6425 6380
f 6380 6425 6426
f 6380 6426 6381
f 6381 6426 6427
f 6381 6427 6382
f 6382 6427 6428
f 6382 6428 6383
f 6383 6428 6429
f 6383 6429 6384
f 6384 6429 6430
f 6384 6430 6385
f 6385 6430 6431
f 6385 6431 6386
f 6386 6431 6432
f 6386 6432 6387
f 6387 6432 6433
f 6387 6433 6388
f 6388 6433 6434
f 6388 6434 6389
f 6389 6434 6435
f 6389 6435 6390
f 6390 6435 6436
f 6390 6436 6391
f 6391 6436 6437
f 6391 6437 6392
f 6392 6437 6438
f 6392 6438 6393
f 6393 6438 6439
f 6393 6439 6394
f 6394 6439 6440
f 6394 6440 6395
f 6395 6440 6441
f 6395 6441 6396
f 6396 6441 6442
f 6396 6442 6397
f 6397 6442 6443
f 6397 6443 6398
f 6398 6443 6444
f 6398 6444 6399
f 6399 6444 6445
f 6399 6445 6400
f 6400 6445 6446
f 6400 6446 6401
f 6401 6446 6447
f 6401 6447 6402
f 6402 6447 6403
f 6402 6403 6358
f 6403 6448 6449
f 6403 6449 6404
f 6404 6449 6450
f 6404 6450 6405
f 6405 6450 6451
f 6405 6451 6406
f 6406 6451 6452
f 6406 6452 6407
f 6407 6452 6453
f 6407 6453 6408
f 6408 6453 6454
f 6408 6454 6409
f 6409 6454 6455
f 6409 6455 6410
f 6410 6455 6456
f 6410 6456 6411
f 6411 6456 6457
f 6411 6457 6412
f 6412 6457 6458
f 6412 6458 6413
f 6413 6458 6459
f 6413 6459 6414
f 6414 6459 6460
f 6414 6460 6415
f 6415 6460 6461
f 6415 6461 6416
f 6416 6461 6462
f 6416 6462 6417
f 6417 6462 6463
f 6417 6463 6418
f 6418 6463 6464
f 6418 6464 6419
f 6419 6464 6465
f 6419 6465 6420
f 6420 6465 6466
f 6420 6466 6421
f 6421 6466 6467
f 6421 6467 6422
f 6422 6467 6468
f 6422 6468 6423
f 6423 6468 6469
f 6423 6469 6424
f 6424 6469 6470
f 6424 6470 6425
f 6425 6470 6471
f 6425 6471 6426
f 6426 6471 6472
f 6426 6472 6427
f 6427 6472 6473
f 6427 6473 6428
f 6428 6473 6474
f 6428 6474 6429
f 6429 6474 6475
f 6429 6475 6430
f 6430 6475 6476
f 6430 6476 6431
f 6431 6476 6477
f 6431 6477 6432
f 6432 6477 6478
f 6432 6478 6433
f 6433 6478 6479
f 6433 6479 6434
f 6434 6479 6480
f 6434 6480 6435
f 6435 6480 6481
f 6435 6481 6436
f 6436 6481 6482
f 6436 6482 6437
f 6437 6482 6483
f 6437 6483 6438
f 6438 6483 6484
f 6438 6484 6439
f 6439 6484 6485
f 6439 6485 6440
f 6440 6485 6486
f 6440 6486 6441
f 6441 6486 6487
f 6441 6487 6442
f 6442 6487 6488
f 6442 6488 6443
f 6443 6488 6489
f 6443 6489 6444
f 6444 6489 6490
f 6444 6490 6445
f 6445 6490 6491
f 6445 6491 6446
f 6446 6491 6492
f 6446 6492 6447
f 6447 6492 6448
f 6447 6448 6403
f 6448 6493 6494
f 6448 6494 6449
f 6449 6494 6495
f 6449 6495 6450
f 6450 6495 6496
f 6450 6496 6451
f 6451 6496 6497
f 6451 6497 6452
f 6452 6497 6498
f 6452 6498 6453
f 6453 6498 6499
f 6453 6499 6454
f 6454 6499 6500
f 6454 6500 6455
f 6455 6500 6501
f 6455 6501 6456
f 6456 6501 6502
f 6456 6502 6457
f 6457 6502 6503
f 6457 6503 6458
f 6458 6503 6504
f 6458 6504 6459
f 6459 6504 6505
f 6459 6505 6460
f 6460 6505 6506
f 6460 6506 6461
f 6461 6506 6507
f 6461 6507 6462
f 6462 6507 6508
f 6462 6508 6463
f 6463 6508 6509
f 6463 6509 6464
f 6464 6509 6510
f 6464 6510 6465
f 6465 6510 6511
f 6465 6511 6466
f 6466 6511 6512
f 6466 6512 6467
f 6467 6512 6513
f 6467 6513 6468
f 6468 6513 6514
f 6468 6514 6469
f 6469 6514 6515
f 6469 6515 6470
f 6470 6515 6516
f 6470 6516 6471
f 6471 6516 6517
f 6471 6517 6472
f 6472 6517 6518
f 6472 6518 6473
f 6473 6518 6519
f 6473 6519 6474
f 6474 6519 6520
f 6474 6520 6475
f 6475 6520 6521
f 6475 6521 6476
f 6476 6521 6522
f 6476 6522 6477
f 6477 6522 6523
f 6477 6523 6478
f 6478 6523 6524
f 6478 6524 6479
f 6479 6524 6525
f 6479 6525 6480
f 6480 6525 6526
f 6480 6526 6481
f 6481 6526 6527
f 6481 6527 6482
f 6482 6527 6528
f 6482 6528 6483
f 6483 6528 6529
f 6483 6529 6484
f 6484 6529 6530
f 6484 6530 6485
f 6485 6530 6531
f 6485 6531 6486
f 6486 6531 6532
f 6486 6532 6487
f 6487 6532 6533
f 6487 6533 6488
f 6488 6533 6534
f 6488 6534 6489
f 6489 6534 6535
f 6489 6535 6490
f 6490 6535 6536
f 6490 6536 6491
f 6491 6536 6537
f 6491 6537 6492
f 6492 6537 6493
f 6492 6493 6448
f 6493 6538 6539
f 6493 6539 6494
f 6494 6539 6540
f 6494 6540 6495
f 6495 6540 6541
f 6495 6541 6496
f 6496 6541 6542
f 6496 6542 6497
f 6497 6542 6543
f 6497 6543 6498
f 6498 6543 6544
f 6498 6544 6499
f 6499 6544 6545
f 6499 6545 6500
f 6500 6545 6546
f 6500 6546 6501
f 6501 6546 6547
f 6501 6547 6502
f 6502 6547 6548
f 6502 6548 6503
f 6503 6548 6549
f 6503 6549 6504
f 6504 6549 6550
f 6504 6550 6505
f 6505 6550 6551
f 6505 6551 6506
f 6506 6551 6552
f 6506 6552 6507
f 6507 6552 6553
f 6507 6553 6508
f 6508 6553 6554
f 6508 6554 6509
f 6509 6554 6555
f 6509 6555 6510
f 6510 6555 6556
f 6510 6556 6511
f 6511 6556 6557
f 6511 6557 6512
f 6512 6557 6558
f 6512 6558 6513
f 6513 6558 6559
f 6513 6559 6514
f 6514 6559 6560
f 6514 6560 6515
f 6515 6560 6561
f 6515 6561 6516
f 6516 6561 6562
f 6516 6562 6517
f 6517 6562 6563
f 6517 6563 6518
f 6518 6563 6564
f 6518 6564 6519
f 6519 6564 6565
f 6519 6565 6520
f 6520 6565 6566
f 6520 6566 6521
f 6521 6566 6567
f 6521 6567 6522
f 6522 6567 6568
f 6522 6568 6523
f 6523 6568 6569
f 6523 6569 6524
f 6524 6569 6570
f 6524 6570 6525
f 6525 6570 6571
f 6525 6571 6526
f 6526 6571 6572
f 6526 6572 6527
f 6527 6572 6573
f 6527 6573 6528
f 6528 6573 6574
f 6528 6574 6529
f 6529 6574 6575
f 6529 6575 6530
f 6530 6575 6576
f 6530 6576 6531
f 6531 6576 6577
f 6531 6577 6532
f 6532 6577 6578
f 6532 6578 6533
f 6533 6578 6579
f 6533 6579 6534
f 6534 6579 6580
f 6534 6580 6535
f 6535 6580 6581
f 6535 6581 6536
f 6536 6581 6582
f 6536 6582 6537
f 6537 6582 6538
f 6537 6538 6493
f 6538 6583 6584
f 6538 6584 6539
f 6539 6584 6585
f 6539 6585 6540
f 6540 6585 6586
f 6540 6586 6541
f 6541 6586 6587
f 6541 6587 6542
f 6542 6587 6588
f 6542 6588 6543
f 6543 6588 6589
f 6543 6589 6544
f 6544 6589 6590
f 6544 6590 6545
f 6545 6590 6591
f 6545 6591 6546
f 6546 6591 6592
f 6546 6592 6547
f 6547 6592 6593
f 6547 6593 6548
f 6548 6593 6594
f 6548 6594 6549
f 6549 6594 6595
f 6549 6595 6550
f 6550 6595 6596
f 6550 6596 6551
f 6551 6596 6597
f 6551 6597 6552
f 6552 6597 6598
f 6552 6598 6553
f 6553 6598 6599
f 6553 6599 6554
f 6554 6599 6600
f 6554 6600 6555
f 6555 6600 6601
f 6555 6601 6556
f 6556 6601 6602
f 6556 6602 6557
f 6557 6602 6603
f 6557 6603 6558
f 6558 6603 6604
f 6558 6604 6559
f 6559 6604 6605
f 6559 6605 6560
f 6560 6605 6606
f 6560 6606 6561
f 6561 6606 6607
f 6561 6607 6562
f 6562 6607 6608
f 6562 6608 6563
f 6563 6608 6609
f 6563 6609 6564
f 6564 6609 6610
f 6564 6610 6565
f 6565 6610 6611
f 6565 6611 6566
f 6566 6611 6612
f 6566 6612 6567
f 6567 6612 6613
f 6567 6613 6568
f 6568 6613 6614
f 6568 6614 6569
f 6569 6614 6615
f 6569 6615 6570
f 6570 6615 6616
f 6570 6616 6571
f 6571 6616 6617
f 6571 6617 6572
f 6572 6617 6618
f 6572 6618 6573
f 6573 6618 6619
f 6573 6619 6574
f 6574 6619 6620
f 6574 6620 6575
f 6575 6620 6621
f 6575 6621 6576
f 6576 6621 6622
f 6576 6622 6577
f 6577 6622 6623
f 6577 6623 6578
f 6578 6623 6624
f 6578 6624 6579
f 6579 6624 6625
f 6579 6625 6580
f 6580 6625 6626
f 6580 6626 6581
f 6581 6626 6627
f 6581 6627 6582
f 6582 6627 6583
f 6582 6583 6538
f 6583 6628 6629
f 6583 6629 6584
f 6584 6629 6630
f 6584 6630 6585
f 6585 6630 6631
f 6585 6631 6586
f 6586 6631 6632
f 6586 6632 6587
f 6587 6632 6633
f 6587 6633 6588
f 6588 6633 6634
f 6588 6634 6589
f 6589 6634 6635
f 6589 6635 6590
f 6590 6635 6636
f 6590 6636 6591
f 6591 6636 6637
f 6591 6637 6592
f 6592 6637 6638
f 6592 6638 6593
f 6593 6638 6639
f 6593 6639 6594
f 6594 6639 6640
f 6594 6640 6595
f 6595 6640 6641
f 6595 6641 6596
f 6596 6641 6642
f 6596 6642 6597
f 6597 6642 6643
f 6597 6643 6598
f 6598 6643 6644
f 6598 6644 6599
f 6599 6644 6645
f 6599 6645 6600
f 6600 6645 6646
f 6600 6646 6601
f 6601 6646 6647
f 6601 6647 6602
f 6602 6647 6648
f 6602 6648 6603
f 6603 6648 6649
f 6603 6649 6604
f 6604 6649 6650
f 6604 6650 6605
f 6605 6650 6651
f 6605 6651 6606
f 6606 6651 6652
f 6606 6652 6607
f 6607 6652 6653
f 6607 6653 6608
f 6608 6653 6654
f 6608 6654 6609
f 6609 6654 6655
f 6609 6655 6610
f 6610 6655 6656
f 6610 6656 6611
f 6611 6656 6657
f 6611 6657 6612
f 6612 6657 6658
f 6612 6658 6613
f 6613 6658 6659
f 6613 6659 6614
f 6614 6659 6660
f 6614 6660 6615
f 6615 6660 6661
f 6615 6661 6616
f 6616 6661 6662
f 6616 6662 6617
f 6617 6662 6663
f 6617 6663 6618
f 6618 6663 6664
f 6618 6664 6619
f 6619 6664 6665
f 6619 6665 6620
f 6620 6665 6666
f 6620 6666 6621
f 6621 6666 6667
f 6621 6667 6622
f 6622 6667 6668
f 6622 6668 6623
f 6623 6668 6669
f 6623 6669 6624
f 6624 6669 6670
f 6624 6670 6625
f 6625 6670 6671
f 6625 6671 6626
f 6626 6671 6672
f 6626 6672 6627
f 6627 6672 6628
f 6627 6628 6583
f 6628 6673 6674
f 6628 6674 6629
f 6629 6674 6675
f 6629 6675 6630
f 6630 6675 6676
f 6630 6676 6631
f 6631 6676 6677
f 6631 6677 6632
f 6632 6677 6678
f 6632 6678 6633
f 6633 6678 6679
f 6633 6679 6634
f 6634 6679 6680
f 6634 6680 6635
f 6635 6680 6681
f 6635 6681 6636
f 6636 6681 6682
f 6636 6682 6637
f 6637 6682 6683
f 6637 6683 6638
f 6638 6683 6684
f 6638 6684 6639
f 6639 6684 6685
f 6639 6685 6640
f 6640 6685 6686
f 6640 6686 6641
f 6641 6686 6687
f 6641 6687 6642
f 6642 6687 6688
f 6642 6688 6643
f 6643 6688 6689
f 6643 6689 6644
f 6644 6689 6690
f 6644 6690 6645
f 6645 6690 6691
f 6645 6691 6646
f 6646 6691 6692
f 6646 6692 6647
f 6647 6692 6693
f 6647 6693 6648
f 6648 6693 6694
f 6648 6694 6649
f 6649 6694 6695
f 6649 6695 6650
f 6650 6695 6696
f 6650 6696 6651
f 6651 6696 6697
f 6651 6697 6652
f 6652 6697 6698
f 6652 6698 6653
f 6653 6698 6699
f 6653 6699 6654
f 6654 6699 6700
f 6654 6700 6655
f 6655 6700 6701
f 6655 6701 6656
f 6656 6701 6702
f 6656 6702 6657
f 6657 6702 6703
f 6657 6703 6658
f 6658 6703 6704
f 6658 6704 6659
f 6659 6704 6705
f 6659 6705 6660
f 6660 6705 6706
f 6660 6706 6661
f 6661 6706 6707
f 6661 6707 6662
f 6662 6707 6708
f 6662 6708 6663
f 6663 6708 6709
f 6663 6709 6664
f 6664 6709 6710
f 6664 6710 6665
f 6665 6710 6711
f 6665 6711 6666
f 6666 6711 6712
f 6666 6712 6667
f 6667 6712 6713
f 6667 6713 6668
f 6668 6713 6714
f 6668 6714 6669
f 6669 6714 6715
f 6669 6715 6670
f 6670 6715 6716
f 6670 6716 6671
f 6671 6716 6717
f 6671 6717 6672
f 6672 6717 6673
f 6672 6673 6628
f 6718 6224 6223
f 6718 6225 6224
f 6718 6226 6225
f 6718 6227 6226
f 6718 6228 6227
f 6718 6229 6228
f 6718 6230 6229
f 6718 6231 6230
f 6718 6232 6231
f 6718 6233 6232
f 6718 6234 6233
f 6718 6235 6234
f 6718 6236 6235
f 6718 6237 6236
f 6718 6238 6237
f 6718 6239 6238
f 6718 6240 6239
f 6718 6241 6240
f 6718 6242 6241
f 6718 6243 6242
f 6718 6244 6243
f 6718 6245 6244
f 6718 6246 6245
f 6718 6247 6246
f 6718 6248 6247
f 6718 6249 6248
f 6718 6250 6249
f 6718 6251 6250
f 6718 6252 6251
f 6718 6253 6252
f 6718 6254 6253
f 6718 6255 6254
f 6718 6256 6255
f 6718 6257 6256
f 6718 6258 6257
f 6718 6259 6258
f 6718 6260 6259
f 6718 6261 6260
f 6718 6262 6261
f 6718 6263 6262
f 6718 6264 6263
f 6718 6265 6264
f 6718 6266 6265
f 6718 6267 6266
f 6718 6223 6267
f 6719 6673 6674
f 6719 6674 6675
f 6719 6675 6676
f 6719 6676 6677
f 6719 6677 6678
f 6719 6678 6679
f 6719 6679 6680
f 6719 6680 6681
f 6719 6681 6682
f 6719 6682 6683
f 6719 6683 6684
f 6719 6684 6685
f 6719 6685 6686
f 6719 6686 6687
f 6719 6687 6688
f 6719 6688 6689
f 6719 6689 6690
f 6719 6690 6691
f 6719 6691 6692
f 6719 6692 6693
f 6719 6693 6694
f 6719 6694 6695
f 6719 6695 6696
f 6719 6696 6697
f 6719 6697 6698
f 6719 6698 6699
f 6719 6699 6700
f 6719 6700 6701
f 6719 6701 6702
f 6719 6702 6703
f 6719 6703 6704
f 6719 6704 6705
f 6719 6705 6706
f 6719 6706 6707
f 6719 6707 6708
f 6719 6708 6709
f 6719 6709 6710
f 6719 6710 6711
f 6719 6711 6712
f 6719 6712 6713
f 6719 6713 6714
f 6719 6714 6715
f 6719 6715 6716
f 6719 6716 6717
f 6719 6717 6673
g elevons
f 6720 6721 6723
f 6720 6723 6722
f 6722 6723 6725
f 6722 6725 6724
f 6724 6725 6727
f 6724 6727 6726
f 6726 6727 6729
f 6726 6729 6728
f 6728 6729 6731
f 6728 6731 6730
f 6730 6731 6733
f 6730 6733 6732
f 6732 6733 6735
f 6732 6735 6734
f 6734 6735 6737
f 6734 6737 6736
f 6738 6740 6741
f 6738 6741 6739
f 6740 6742 6743
f 6740 6743 6741
f 6742 6744 6745
f 6742 6745 6743
f 6744 6746 6747
f 6744 6747 6745
f 6746 6748 6749
f 6746 6749 6747
f 6748 6750 6751
f 6748 6751 6749
f 6750 6752 6753
f 6750 6753 6751
f 6752 6754 6755
f 6752 6755 6753
f 6756 6758 6759
f 6756 6759 6757
f 6758 6760 6761
f 6758 6761 6759
f 6760 6762 6763
f 6760 6763 6761
f 6762 6764 6765
f 6762 6765 6763
f 6764 6766 6767
f 6764 6767 6765
f 6766 6768 6769
f 6766 6769 6767
f 6768 6770 6771
f 6768 6771 6769
f 6770 6772 6773
f 6770 6773 6771
f 6774 6775 6777
f 6774 6777 6776
f 6776 6777 6779
f 6776 6779 6778
f 6778 6779 6781
f 6778 6781 6780
f 6780 6781 6783
f 6780 6783 6782
f 6782 6783 6785
f 6782 6785 6784
f 6784 6785 6787
f 6784 6787 6786
f 6786 6787 6789
f 6786 6789 6788
f 6788 6789 6791
f 6788 6791 6790
g vector_tail
f 6792 6808 6809
f 6792 6809 6793
f 6793 6809 6810
f 6793 6810 6794
f 6794 6810 6811
f 6794 6811 6795
f 6795 6811 6812
f 6795 6812 6796
f 6796 6812 6813
f 6796 6813 6797
f 6797 6813 6814
f 6797 6814 6798
f 6798 6814 6815
f 6798 6815 6799
f 6799 6815 6816
f 6799 6816 6800
f 6800 6816 6817
f 6800 6817 6801
f 6801 6817 6818
f 6801 6818 6802
f 6802 6818 6819
f 6802 6819 6803
f 6803 6819 6820
f 6803 6820 6804
f 6804 6820 6821
f 6804 6821 6805
f 6805 6821 6822
f 6805 6822 6806
f 6806 6822 6823
f 6806 6823 6807
f 6807 6823 6808
f 6807 6808 6792
f 6824 6793 6792
f 6824 6794 6793
f 6824 6795 6794
f 6824 6796 6795
f 6824 6797 6796
f 6824 6798 6797
f 6824 6799 6798
f 6824 6800 6799
f 6824 6801 6800
f 6824 6802 6801
f 6824 6803 6802
f 6824 6804 6803
f 6824 6805 6804
f 6824 6806 6805
f 6824 6807 6806
f 6824 6792 6807
f 6825 6808 6809
f 6825 6809 6810
f 6825 6810 6811
f 6825 6811 6812
f 6825 6812 6813
f 6825 6813 6814
f 6825 6814 6815
f 6825 6815 6816
f 6825 6816 6817
f 6825 6817 6818
f 6825 6818 6819
f 6825 6819 6820
f 6825 6820 6821
f 6825 6821 6822
f 6825 6822 6823
f 6825 6823 6808
f 6826 6842 6843
f 6826 6843 6827
f 6827 6843 6844
f 6827 6844 6828
f 6828 6844 6845
f 6828 6845 6829
f 6829 6845 6846
f 6829 6846 6830
f 6830 6846 6847
f 6830 6847 6831
f 6831 6847 6848
f 6831 6848 6832
f 6832 6848 6849
f 6832 6849 6833
f 6833 6849 6850
f 6833 6850 6834
f 6834 6850 6851
f 6834 6851 6835
f 6835 6851 6852
f 6835 6852 6836
f 6836 6852 6853
f 6836 6853 6837
f 6837 6853 6854
f 6837 6854 6838
f 6838 6854 6855
f 6838 6855 6839
f 6839 6855 6856
f 6839 6856 6840
f 6840 6856 6857
f 6840 6857 6841
f 6841 6857 6842
f 6841 6842 6826
f 6858 6827 6826
f 6858 6828 6827
f 6858 6829 6828
f 6858 6830 6829
f 6858 6831 6830
f 6858 6832 6831
f 6858 6833 6832
f 6858 6834 6833
f 6858 6835 6834
f 6858 6836 6835
f 6858 6837 6836
f 6858 6838 6837
f 6858 6839 6838
f 6858 6840 6839
f 6858 6841 6840
f 6858 6826 6841
f 6859 6842 6843
f 6859 6843 6844
f 6859 6844 6845
f 6859 6845 6846
f 6859 6846 6847
f 6859 6847 6848
f 6859 6848 6849
f 6859 6849 6850
f 6859 6850 6851
f 6859 6851 6852
f 6859 6852 6853
f 6859 6853 6854
f 6859 6854 6855
f 6859 6855 6856
f 6859 6856 6857
f 6859 6857 6842
f 6860 6913 6914
f 6860 6914 6861
f 6861 6914 6915
f 6861 6915 6862
f 6862 6915 6916
f 6862 6916 6863
f 6863 6916 6917
f 6863 6917 6864
f 6864 6917 6918
f 6864 6918 6865
f 6865 6918 6919
f 6865 6919 6866
f 6866 6919 6920
f 6866 6920 6867
f 6867 6920 6921
f 6867 6921 6868
f 6868 6921 6922
f 6868 6922 6869
f 6869 6922 6923
f 6869 6923 6870
f 6870 6923 6924
f 6870 6924 6871
f 6871 6924 6925
f 6871 6925 6872
f 6872 6925 6926
f 6872 6926 6873
f 6873 6926 6927
f 6873 6927 6874
f 6874 6927 6928
f 6874 6928 6875
f 6875 6928 6929
f 6875 6929 6876
f 6876 6929 6930
f 6876 6930 6877
f 6877 6930 6931
f 6877 6931 6878
f 6878 6931 6932
f 6878 6932 6879
f 6879 6932 6933
f 6879 6933 6880
f 6880 6933 6934
f 6880 6934 6881
f 6881 6934 6935
f 6881 6935 6882
f 6882 6935 6936
f 6882 6936 6883
f 6883 6936 6937
f 6883 6937 6884
f 6884 6937 6938
f 6884 6938 6885
f 6885 6938 6939
f 6885 6939 6886
f 6886 6939 6940
f 6886 6940 6887
f 6887 6940 6941
f 6887 6941 6888
f 6888 6941 6942
f 6888 6942 6889
f 6889 6942 6943
f 6889 6943 6890
f 6890 6943 6944
f 6890 6944 6891
f 6891 6944 6945
f 6891 6945 6892
f 6892 6945 6946
f 6892 6946 6893
f 6893 6946 6947
f 6893 6947 6894
f 6894 6947 6948
f 6894 6948 6895
f 6895 6948 6949
f 6895 6949 6896
f 6896 6949 6950
f 6896 6950 6897
f 6897 6950 6951
f 6897 6951 6898
f 6898 6951 6952
f 6898 6952 6899
f 6899 6952 6953
f 6899 6953 6900
f 6900 6953 6954
f 6900 6954 6901
f 6901 6954 6955
f 6901 6955 6902
f 6902 6955 6956
f 6902 6956 6903
f 6903 6956 6957
f 6903 6957 6904
f 6904 6957 6958
f 6904 6958 6905
f 6905 6958 6959
f 6905 6959 6906
f 6906 6959 6960
f 6906 6960 6907
f 6907 6960 6961
f 6907 6961 6908
f 6908 6961 6962
f 6908 6962 6909
f 6909 6962 6963
f 6909 6963 6910
f 6910 6963 6964
f 6910 6964 6911
f 6911 6964 6965
f 6911 6965 6912
f 6912 6965 6913
f 6912 6913 6860
f 6966 6861 6860
f 6966 6862 6861
f 6966 6863 6862
f 6966 6864 6863
f 6966 6865 6864
f 6966 6866 6865
f 6966 6867 6866
f 6966 6868 6867
f 6966 6869 6868
f 6966 6870 6869
f 6966 6871 6870
f 6966 6872 6871
f 6966 6873 6872
f 6966 6874 6873
f 6966 6875 6874
f 6966 6876 6875
f 6966 6877 6876
f 6966 6878 6877
f 6966 6879 6878
f 6966 6880 6879
f 6966 6881 6880
f 6966 6882 6881
f 6966 6883 6882
f 6966 6884 6883
f 6966 6885 6884
f 6966 6886 6885
f 6966 6887 6886
f 6966 6888 6887
f 6966 6889 6888
f 6966 6890 6889
f 6966 6891 6890
f 6966 6892 6891
f 6966 6893 6892
f 6966 6894 6893
f 6966 6895 6894
f 6966 6896 6895
f 6966 6897 6896
f 6966 6898 6897
f 6966 6899 6898
f 6966 6900 6899
f 6966 6901 6900
f 6966 6902 6901
f 6966 6903 6902
f 6966 6904 6903
f 6966 6905 6904
f 6966 6906 6905
f 6966 6907 6906
f 6966 6908 6907
f 6966 6909 6908
f 6966 6910 6909
f 6966 6911 6910
f 6966 6912 6911
f 6966 6860 6912
f 6967 6913 6914
f 6967 6914 6915
f 6967 6915 6916
f 6967 6916 6917
f 6967 6917 6918
f 6967 6918 6919
f 6967 6919 6920
f 6967 6920 6921
f 6967 6921 6922
f 6967 6922 6923
f 6967 6923 6924
f 6967 6924 6925
f 6967 6925 6926
f 6967 6926 6927
f 6967 6927 6928
f 6967 6928 6929
f 6967 6929 6930
f 6967 6930 6931
f 6967 6931 6932
f 6967 6932 6933
f 6967 6933 6934
f 6967 6934 6935
f 6967 6935 6936
f 6967 6936 6937
f 6967 6937 6938
f 6967 6938 6939
f 6967 6939 6940
f 6967 6940 6941
f 6967 6941 6942
f 6967 6942 6943
f 6967 6943 6944
f 6967 6944 6945
f 6967 6945 6946
f 6967 6946 6947
f 6967 6947 6948
f 6967 6948 6949
f 6967 6949 6950
f 6967 6950 6951
f 6967 6951 6952
f 6967 6952 6953
f 6967 6953 6954
f 6967 6954 6955
f 6967 6955 6956
f 6967 6956 6957
f 6967 6957 6958
f 6967 6958 6959
f 6967 6959 6960
f 6967 6960 6961
f 6967 6961 6962
f 6967 6962 6963
f 6967 6963 6964
f 6967 6964 6965
f 6967 6965 6913
f 6968 6969 6971
f 6968 6971 6970
f 6972 6974 6975
f 6972 6975 6973
f 6976 7029 7030
f 6976 7030 6977
f 6977 7030 7031
f 6977 7031 6978
f 6978 7031 7032
f 6978 7032 6979
f 6979 7032 7033
f 6979 7033 6980
f 6980 7033 7034
f 6980 7034 6981
f 6981 7034 7035
f 6981 7035 6982
f 6982 7035 7036
f 6982 7036 6983
f 6983 7036 7037
f 6983 7037 6984
f 6984 7037 7038
f 6984 7038 6985
f 6985 7038 7039
f 6985 7039 6986
f 6986 7039 7040
f 6986 7040 6987
f 6987 7040 7041
f 6987 7041 6988
f 6988 7041 7042
f 6988 7042 6989
f 6989 7042 7043
f 6989 7043 6990
f 6990 7043 7044
f 6990 7044 6991
f 6991 7044 7045
f 6991 7045 6992
f 6992 7045 7046
f 6992 7046 6993
f 6993 7046 7047
f 6993 7047 6994
f 6994 7047 7048
f 6994 7048 6995
f 6995 7048 7049
f 6995 7049 6996
f 6996 7049 7050
f 6996 7050 6997
f 6997 7050 7051
f 6997 7051 6998
f 6998 7051 7052
f 6998 7052 6999
f 6999 7052 7053
f 6999 7053 7000
f 7000 7053 7054
f 7000 7054 7001
f 7001 7054 7055
f 7001 7055 7002
f 7002 7055 7056
f 7002 7056 7003
f 7003 7056 7057
f 7003 7057 7004
f 7004 7057 7058
f 7004 7058 7005
f 7005 7058 7059
f 7005 7059 7006
f 7006 7059 7060
f 7006 7060 7007
f 7007 7060 7061
f 7007 7061 7008
f 7008 7061 7062
f 7008 7062 7009
f 7009 7062 7063
f 7009 7063 7010
f 7010 7063 7064
f 7010 7064 7011
f 7011 7064 7065
f 7011 7065 7012
f 7012 7065 7066
f 7012 7066 7013
f 7013 7066 7067
f 7013 7067 7014
f 7014 7067 7068
f 7014 7068 7015
f 7015 7068 7069
f 7015 7069 7016
f 7016 7069 7070
f 7016 7070 7017
f 7017 7070 7071
f 7017 7071 7018
f 7018 7071 7072
f 7018 7072 7019
f 7019 7072 7073
f 7019 7073 7020
f 7020 7073 7074
f 7020 7074 7021
f 7021 7074 7075
f 7021 7075 7022
f 7022 7075 7076
f 7022 7076 7023
f 7023 7076 7077
f 7023 7077 7024
f 7024 7077 7078
f 7024 7078 7025
f 7025 7078 7079
f 7025 7079 7026
f 7026 7079 7080
f 7026 7080 7027
f 7027 7080 7081
f 7027 7081 7028
f 7028 7081 7029
f 7028 7029 6976
f 7029 7082 7083
f 7029 7083 7030
f 7030 7083 7084
f 7030 7084 7031
f 7031 7084 7085
f 7031 7085 7032
f 7032 7085 7086
f 7032 7086 7033
f 7033 7086 7087
f 7033 7087 7034
f 7034 7087 7088
f 7034 7088 7035
f 7035 7088 7089
f 7035 7089 7036
f 7036 7089 7090
f 7036 7090 7037
f 7037 7090 7091
f 7037 7091 7038
f 7038 7091 7092
f 7038 7092 7039
f 7039 7092 7093
f 7039 7093 7040
f 7040 7093 7094
f 7040 7094 7041
f 7041 7094 7095
f 7041 7095 7042
f 7042 7095 7096
f 7042 7096 7043
f 7043 7096 7097
f 7043 7097 7044
f 7044 7097 7098
f 7044 7098 7045
f 7045 7098 7099
f 7045 7099 7046
f 7046 7099 7100
f 7046 7100 7047
f 7047 7100 7101
f 7047 7101 7048
f 7048 7101 7102
f 7048 7102 7049
f 7049 7102 7103
f 7049 7103 7050
f 7050 7103 7104
f 7050 7104 7051
f 7051 7104 7105
f 7051 7105 7052
f 7052 7105 7106
f 7052 7106 7053
f 7053 7106 7107
f 7053 7107 7054
f 7054 7107 7108
f 7054 7108 7055
f 7055 7108 7109
f 7055 7109 7056
f 7056 7109 7110
f 7056 7110 7057
f 7057 7110 7111
f 7057 7111 7058
f 7058 7111 7112
f 7058 7112 7059
f 7059 7112 7113
f 7059 7113 7060
f 7060 7113 7114
f 7060 7114 7061
f 7061 7114 7115
f 7061 7115 7062
f 7062 7115 7116
f 7062 7116 7063
f 7063 7116 7117
f 7063 7117 7064
f 7064 7117 7118
f 7064 7118 7065
f 7065 7118 7119
f 7065 7119 7066
f 7066 7119 7120
f 7066 7120 7067
f 7067 7120 7121
f 7067 7121 7068
f 7068 7121 7122
f 7068 7122 7069
f 7069 7122 7123
f 7069 7123 7070
f 7070 7123 7124
f 7070 7124 7071
f 7071 7124 7125
f 7071 7125 7072
f 7072 7125 7126
f 7072 7126 7073
f 7073 7126 7127
f 7073 7127 7074
f 7074 7127 7128
f 7074 7128 7075
f 7075 7128 7129
f 7075 7129 7076
f 7076 7129 7130
f 7076 7130 7077
f 7077 7130 7131
f 7077 7131 7078
f 7078 7131 7132
f 7078 7132 7079
f 7079 7132 7133
f 7079 7133 7080
f 7080 7133 7134
f 7080 7134 7081
f 7081 7134 7082
f 7081 7082 7029
f 7135 6977 6976
f 7135 6978 6977
f 7135 6979 6978
f 7135 6980 6979
f 7135 6981 6980
f 7135 6982 6981
f 7135 6983 6982
f 7135 6984 6983
f 7135 6985 6984
f 7135 6986 6985
f 7135 6987 6986
f 7135 6988 6987
f 7135 6989 6988
f 7135 6990 6989
f 7135 6991 6990
f 7135 6992 6991
f 7135 6993 6992
f 7135 6994 6993
f 7135 6995 6994
f 7135 6996 6995
f 7135 6997 6996
f 7135 6998 6997
f 7135 6999 6998
f 7135 7000 6999
f 7135 7001 7000
f 7135 7002 7001
f 7135 7003 7002
f 7135 7004 7003
f 7135 7005 7004
f 7135 7006 7005
f 7135 7007 7006
f 7135 7008 7007
f 7135 7009 7008
f 7135 7010 7009
f 7135 7011 7010
f 7135 7012 7011
f 7135 7013 7012
f 7135 7014 7013
f 7135 7015 7014
f 7135 7016 7015
f 7135 7017 7016
f 7135 7018 7017
f 7135 7019 7018
f 7135 7020 7019
f 7135 7021 7020
f 7135 7022 7021
f 7135 7023 7022
f 7135 7024 7023
f 7135 7025 7024
f 7135 7026 7025
f 7135 7027 7026
f 7135 7028 7027
f 7135 6976 7028
f 7136 7082 7083
f 7136 7083 7084
f 7136 7084 7085
f 7136 7085 7086
f 7136 7086 7087
f 7136 7087 7088
f 7136 7088 7089
f 7136 7089 7090
f 7136 7090 7091
f 7136 7091 7092
f 7136 7092 7093
f 7136 7093 7094
f 7136 7094 7095
f 7136 7095 7096
f 7136 7096 7097
f 7136 7097 7098
f 7136 7098 7099
f 7136 7099 7100
f 7136 7100 7101
f 7136 7101 7102
f 7136 7102 7103
f 7136 7103 7104
f 7136 7104 7105
f 7136 7105 7106
f 7136 7106 7107
f 7136 7107 7108
f 7136 7108 7109
f 7136 7109 7110
f 7136 7110 7111
f 7136 7111 7112
f 7136 7112 7113
f 7136 7113 7114
f 7136 7114 7115
f 7136 7115 7116
f 7136 7116 7117
f 7136 7117 7118
f 7136 7118 7119
f 7136 7119 7120
f 7136 7120 7121
f 7136 7121 7122
f 7136 7122 7123
f 7136 7123 7124
f 7136 7124 7125
f 7136 7125 7126
f 7136 7126 7127
f 7136 7127 7128
f 7136 7128 7129
f 7136 7129 7130
f 7136 7130 7131
f 7136 7131 7132
f 7136 7132 7133
f 7136 7133 7134
f 7136 7134 7082
f 7137 7138 7140
f 7137 7140 7139
f 7139 7140 7142
f 7139 7142 7141
f 7143 7145 7146
f 7143 7146 7144
f 7145 7147 7148
f 7145 7148 7146
