# jetwing-1500 -- generated by tools/build_model.py
# 6168 vertices, 12160 triangles
# units: millimetres, +X aft, +Y starboard, +Z up
v 189.3204 0.0000 4.0983
v 189.2246 0.0000 4.1061
v 188.9373 0.0000 4.1294
v 188.4593 0.0000 4.1684
v 187.7915 0.0000 4.2229
v 186.9355 0.0000 4.2930
v 185.8930 0.0000 4.3787
v 184.6664 0.0000 4.4799
v 183.2583 0.0000 4.5966
v 181.6717 0.0000 4.7289
v 179.9102 0.0000 4.8769
v 177.9774 0.0000 5.0404
v 175.8776 0.0000 5.2196
v 173.6153 0.0000 5.4146
v 171.1951 0.0000 5.6254
v 168.6224 0.0000 5.8521
v 165.9025 0.0000 6.0948
v 163.0412 0.0000 6.3535
v 160.0444 0.0000 6.6284
v 156.9185 0.0000 6.9195
v 153.6699 0.0000 7.2268
v 150.3054 0.0000 7.5503
v 146.8319 0.0000 7.8899
v 143.2566 0.0000 8.2454
v 139.5867 0.0000 8.6166
v 135.8298 0.0000 9.0030
v 131.9935 0.0000 9.4043
v 128.0855 0.0000 9.8198
v 124.1137 0.0000 10.2488
v 120.0477 0.0000 10.6826
v 115.9192 0.0000 11.1003
v 111.7463 0.0000 11.4988
v 107.5374 0.0000 11.8761
v 103.3010 0.0000 12.2300
v 99.0458 0.0000 12.5586
v 94.7805 0.0000 12.8599
v 90.5136 0.0000 13.1321
v 86.2540 0.0000 13.3733
v 82.0104 0.0000 13.5821
v 77.7915 0.0000 13.7567
v 73.6060 0.0000 13.8959
v 69.4383 0.0000 13.9952
v 65.3049 0.0000 14.0411
v 61.2307 0.0000 14.0320
v 57.2247 0.0000 13.9680
v 53.2955 0.0000 13.8497
v 49.4516 0.0000 13.6780
v 45.7014 0.0000 13.4539
v 42.0531 0.0000 13.1791
v 38.5145 0.0000 12.8554
v 35.0932 0.0000 12.4849
v 31.7967 0.0000 12.0701
v 28.6320 0.0000 11.6136
v 25.6057 0.0000 11.1185
v 22.7243 0.0000 10.5878
v 19.9937 0.0000 10.0249
v 17.4197 0.0000 9.4332
v 15.0073 0.0000 8.8163
v 12.7615 0.0000 8.1778
v 10.6866 0.0000 7.5212
v 8.7867 0.0000 6.8502
v 7.0655 0.0000 6.1681
v 5.5260 0.0000 5.4782
v 4.1710 0.0000 4.7838
v 3.0030 0.0000 4.0876
v 2.0237 0.0000 3.3924
v 1.2349 0.0000 2.7005
v 0.6376 0.0000 2.0138
v 0.2325 0.0000 1.3341
v 0.0200 0.0000 0.6625
v 0.0000 0.0000 0.0000
v 0.1707 0.0000 -0.6405
v 0.5297 0.0000 -1.2461
v 1.0758 0.0000 -1.8166
v 1.8076 0.0000 -2.3520
v 2.7229 0.0000 -2.8519
v 3.8196 0.0000 -3.3164
v 5.0950 0.0000 -3.7455
v 6.5461 0.0000 -4.1392
v 8.1696 0.0000 -4.4976
v 9.9619 0.0000 -4.8209
v 11.9191 0.0000 -5.1096
v 14.0371 0.0000 -5.3641
v 16.3114 0.0000 -5.5851
v 18.7373 0.0000 -5.7732
v 21.3100 0.0000 -5.9294
v 24.0243 0.0000 -6.0548
v 26.8749 0.0000 -6.1507
v 29.8562 0.0000 -6.2185
v 32.9625 0.0000 -6.2599
v 36.1878 0.0000 -6.2766
v 39.5262 0.0000 -6.2705
v 42.9713 0.0000 -6.2438
v 46.5167 0.0000 -6.1987
v 50.1558 0.0000 -6.1374
v 53.8819 0.0000 -6.0624
v 57.6880 0.0000 -5.9762
v 61.5673 0.0000 -5.8812
v 65.5123 0.0000 -5.7800
v 69.5159 0.0000 -5.6750
v 73.5866 0.0000 -5.5674
v 77.7244 0.0000 -5.4470
v 81.8969 0.0000 -5.3124
v 86.0958 0.0000 -5.1654
v 90.3130 0.0000 -5.0079
v 94.5399 0.0000 -4.8414
v 98.7684 0.0000 -4.6675
v 102.9899 0.0000 -4.4879
v 107.1961 0.0000 -4.3039
v 111.3785 0.0000 -4.1170
v 115.5289 0.0000 -3.9282
v 119.6389 0.0000 -3.7387
v 123.7099 0.0000 -3.5494
v 127.7573 0.0000 -3.3434
v 131.7346 0.0000 -3.1131
v 135.6336 0.0000 -2.8605
v 139.4467 0.0000 -2.5880
v 143.1661 0.0000 -2.2979
v 146.7845 0.0000 -1.9928
v 150.2947 0.0000 -1.6751
v 153.6898 0.0000 -1.3475
v 156.9631 0.0000 -1.0126
v 160.1082 0.0000 -0.6731
v 163.1190 0.0000 -0.3318
v 165.9897 0.0000 0.0087
v 168.7146 0.0000 0.3457
v 171.2887 0.0000 0.6763
v 173.7069 0.0000 0.9980
v 175.9646 0.0000 1.3081
v 178.0576 0.0000 1.6041
v 179.9820 0.0000 1.8835
v 181.7340 0.0000 2.1441
v 183.3105 0.0000 2.3835
v 184.7084 0.0000 2.5999
v 185.9252 0.0000 2.7914
v 186.9586 0.0000 2.9562
v 187.8068 0.0000 3.0931
v 188.4681 0.0000 3.2008
v 188.9413 0.0000 3.2785
v 189.2256 0.0000 3.3253
v 189.3204 0.0000 3.3410
v 206.3815 57.6923 6.0932
v 206.2900 57.6923 6.1005
v 206.0159 57.6923 6.1225
v 205.5595 57.6923 6.1591
v 204.9221 57.6923 6.2104
v 204.1050 57.6923 6.2763
v 203.1098 57.6923 6.3568
v 201.9390 57.6923 6.4520
v 200.5948 57.6923 6.5617
v 199.0804 57.6923 6.6862
v 197.3989 57.6923 6.8253
v 195.5539 57.6923 6.9791
v 193.5495 57.6923 7.1477
v 191.3899 57.6923 7.3312
v 189.0798 57.6923 7.5295
v 186.6239 57.6923 7.7429
v 184.0276 57.6923 7.9713
v 181.2962 57.6923 8.2149
v 178.4356 57.6923 8.4738
v 175.4517 57.6923 8.7479
v 172.3506 57.6923 9.0374
v 169.1389 57.6923 9.3422
v 165.8232 57.6923 9.6623
v 162.4102 57.6923 9.9974
v 158.9070 57.6923 10.3473
v 155.3207 57.6923 10.7118
v 151.6586 57.6923 11.0903
v 147.9281 57.6923 11.4823
v 144.1367 57.6923 11.8870
v 140.2553 57.6923 12.2963
v 136.3143 57.6923 12.6901
v 132.3309 57.6923 13.0656
v 128.3132 57.6923 13.4207
v 124.2693 57.6923 13.7536
v 120.2075 57.6923 14.0622
v 116.1360 57.6923 14.3448
v 112.0631 57.6923 14.5995
v 107.9972 57.6923 14.8248
v 103.9465 57.6923 15.0191
v 99.9195 57.6923 15.1808
v 95.9244 57.6923 15.3087
v 91.9464 57.6923 15.3986
v 88.0011 57.6923 15.4376
v 84.1125 57.6923 15.4240
v 80.2890 57.6923 15.3583
v 76.5388 57.6923 15.2408
v 72.8701 57.6923 15.0723
v 69.2910 57.6923 14.8541
v 65.8091 57.6923 14.5875
v 62.4320 57.6923 14.2744
v 59.1669 57.6923 13.9167
v 56.0210 57.6923 13.5169
v 53.0009 57.6923 13.0775
v 50.1130 57.6923 12.6013
v 47.3634 57.6923 12.0914
v 44.7579 57.6923 11.5510
v 42.3017 57.6923 10.9832
v 39.9999 57.6923 10.3916
v 37.8571 57.6923 9.7795
v 35.8775 57.6923 9.1504
v 34.0649 57.6923 8.5076
v 32.4228 57.6923 7.8545
v 30.9542 57.6923 7.1943
v 29.6618 57.6923 6.5299
v 28.5477 57.6923 5.8641
v 27.6139 57.6923 5.1994
v 26.8618 57.6923 4.5380
v 26.2925 57.6923 3.8819
v 25.9066 57.6923 3.2326
v 25.7046 57.6923 2.5914
v 25.6863 57.6923 1.9590
v 25.8499 57.6923 1.3479
v 26.1933 57.6923 0.7703
v 26.7153 57.6923 0.2264
v 27.4143 57.6923 -0.2837
v 28.2886 57.6923 -0.7598
v 29.3359 57.6923 -1.2019
v 30.5537 57.6923 -1.6099
v 31.9392 57.6923 -1.9840
v 33.4892 57.6923 -2.3242
v 35.2002 57.6923 -2.6307
v 37.0687 57.6923 -2.9039
v 39.0905 57.6923 -3.1444
v 41.2615 57.6923 -3.3525
v 43.5772 57.6923 -3.5292
v 46.0330 57.6923 -3.6753
v 48.6238 57.6923 -3.7918
v 51.3447 57.6923 -3.8800
v 54.1903 57.6923 -3.9413
v 57.1552 57.6923 -3.9771
v 60.2338 57.6923 -3.9892
v 63.4201 57.6923 -3.9795
v 66.7083 57.6923 -3.9500
v 70.0922 57.6923 -3.9027
v 73.5655 57.6923 -3.8400
v 77.1219 57.6923 -3.7640
v 80.7546 57.6923 -3.6772
v 84.4571 57.6923 -3.5820
v 88.2224 57.6923 -3.4808
v 92.0436 57.6923 -3.3759
v 95.9288 57.6923 -3.2684
v 99.8781 57.6923 -3.1486
v 103.8604 57.6923 -3.0152
v 107.8680 57.6923 -2.8700
v 111.8929 57.6923 -2.7147
v 115.9272 57.6923 -2.5508
v 119.9629 57.6923 -2.3799
v 123.9920 57.6923 -2.2035
v 128.0065 57.6923 -2.0229
v 131.9983 57.6923 -1.8396
v 135.9594 57.6923 -1.6545
v 139.8820 57.6923 -1.4689
v 143.7674 57.6923 -1.2833
v 147.6303 57.6923 -1.0820
v 151.4262 57.6923 -0.8575
v 155.1475 57.6923 -0.6118
v 158.7866 57.6923 -0.3472
v 162.3363 57.6923 -0.0660
v 165.7896 57.6923 0.2295
v 169.1396 57.6923 0.5369
v 172.3797 57.6923 0.8535
v 175.5036 57.6923 1.1770
v 178.5051 57.6923 1.5047
v 181.3784 57.6923 1.8341
v 184.1179 57.6923 2.1625
v 186.7184 57.6923 2.4872
v 189.1748 57.6923 2.8059
v 191.4826 57.6923 3.1157
v 193.6371 57.6923 3.4144
v 195.6345 57.6923 3.6994
v 197.4709 57.6923 3.9683
v 199.1429 57.6923 4.2191
v 200.6472 57.6923 4.4495
v 201.9813 57.6923 4.6577
v 203.1425 57.6923 4.8418
v 204.1286 57.6923 5.0004
v 204.9380 57.6923 5.1321
v 205.5690 57.6923 5.2357
v 206.0206 57.6923 5.3103
v 206.2919 57.6923 5.3553
v 206.3824 57.6923 5.3704
v 223.4406 115.3846 8.1457
v 223.3535 115.3846 8.1525
v 223.0923 115.3846 8.1730
v 222.6577 115.3846 8.2071
v 222.0506 115.3846 8.2548
v 221.2723 115.3846 8.3161
v 220.3245 115.3846 8.3911
v 219.2093 115.3846 8.4797
v 217.9291 115.3846 8.5819
v 216.4867 115.3846 8.6978
v 214.8852 115.3846 8.8274
v 213.1280 115.3846 8.9708
v 211.2189 115.3846 9.1279
v 209.1621 115.3846 9.2989
v 206.9618 115.3846 9.4838
v 204.6227 115.3846 9.6828
v 202.1498 115.3846 9.8958
v 199.5484 115.3846 10.1231
v 196.8238 115.3846 10.3648
v 193.9817 115.3846 10.6207
v 191.0281 115.3846 10.8911
v 187.9691 115.3846 11.1758
v 184.8110 115.3846 11.4749
v 181.5603 115.3846 11.7882
v 178.2236 115.3846 12.1154
v 174.8078 115.3846 12.4564
v 171.3197 115.3846 12.8105
v 167.7665 115.3846 13.1774
v 164.1553 115.3846 13.5564
v 160.4584 115.3846 13.9395
v 156.7047 115.3846 14.3077
v 152.9107 115.3846 14.6585
v 149.0841 115.3846 14.9898
v 145.2325 115.3846 15.2998
v 141.3639 115.3846 15.5867
v 137.4862 115.3846 15.8488
v 133.6071 115.3846 16.0845
v 129.7348 115.3846 16.2920
v 125.8771 115.3846 16.4701
v 122.0419 115.3846 16.6172
v 118.2372 115.3846 16.7322
v 114.4488 115.3846 16.8110
v 110.6916 115.3846 16.8412
v 106.9885 115.3846 16.8217
v 103.3475 115.3846 16.7525
v 99.7765 115.3846 16.6342
v 96.2831 115.3846 16.4675
v 92.8751 115.3846 16.2535
v 89.5598 115.3846 15.9937
v 86.3443 115.3846 15.6897
v 83.2356 115.3846 15.3435
v 80.2405 115.3846 14.9574
v 77.3652 115.3846 14.5338
v 74.6159 115.3846 14.0754
v 71.9984 115.3846 13.5851
v 69.5180 115.3846 13.0659
v 67.1800 115.3846 12.5210
v 64.9890 115.3846 11.9537
v 62.9495 115.3846 11.3671
v 61.0654 115.3846 10.7646
v 59.3404 115.3846 10.1494
v 57.7778 115.3846 9.5247
v 56.3804 115.3846 8.8934
v 55.1507 115.3846 8.2585
v 54.0910 115.3846 7.6225
v 53.2028 115.3846 6.9879
v 52.4877 115.3846 6.3568
v 51.9467 115.3846 5.7311
v 51.5804 115.3846 5.1121
v 51.3891 115.3846 4.5011
v 51.3727 115.3846 3.8989
v 51.5296 115.3846 3.3172
v 51.8576 115.3846 2.7677
v 52.3556 115.3846 2.2507
v 53.0222 115.3846 1.7661
v 53.8555 115.3846 1.3142
v 54.8536 115.3846 0.8950
v 56.0140 115.3846 0.5085
v 57.3341 115.3846 0.1547
v 58.8107 115.3846 -0.1666
v 60.4407 115.3846 -0.4556
v 62.2204 115.3846 -0.7126
v 64.1462 115.3846 -0.9381
v 66.2140 115.3846 -1.1326
v 68.4196 115.3846 -1.2969
v 70.7584 115.3846 -1.4318
v 73.2259 115.3846 -1.5383
v 75.8171 115.3846 -1.6176
v 78.5271 115.3846 -1.6711
v 81.3506 115.3846 -1.7001
v 84.2823 115.3846 -1.7064
v 87.3166 115.3846 -1.6917
v 90.4479 115.3846 -1.6579
v 93.6703 115.3846 -1.6071
v 96.9778 115.3846 -1.5414
v 100.3643 115.3846 -1.4629
v 103.8236 115.3846 -1.3741
v 107.3493 115.3846 -1.2770
v 110.9348 115.3846 -1.1742
v 114.5735 115.3846 -1.0677
v 118.2732 115.3846 -0.9587
v 122.0339 115.3846 -0.8378
v 125.8260 115.3846 -0.7040
v 129.6421 115.3846 -0.5589
v 133.4748 115.3846 -0.4040
v 137.3163 115.3846 -0.2410
v 141.1592 115.3846 -0.0714
v 144.9958 115.3846 0.1035
v 148.8184 115.3846 0.2823
v 152.6195 115.3846 0.4638
v 156.3913 115.3846 0.6468
v 160.1265 115.3846 0.8303
v 163.8262 115.3846 1.0137
v 167.5045 115.3846 1.2120
v 171.1189 115.3846 1.4324
v 174.6622 115.3846 1.6727
v 178.1273 115.3846 1.9309
v 181.5072 115.3846 2.2048
v 184.7952 115.3846 2.4921
v 187.9849 115.3846 2.7905
v 191.0698 115.3846 3.0977
v 194.0441 115.3846 3.4111
v 196.9019 115.3846 3.7283
v 199.6375 115.3846 4.0469
v 202.2458 115.3846 4.3643
v 204.7217 115.3846 4.6780
v 207.0604 115.3846 4.9857
v 209.2575 115.3846 5.2847
v 211.3088 115.3846 5.5728
v 213.2104 115.3846 5.8476
v 214.9587 115.3846 6.1069
v 216.5505 115.3846 6.3485
v 217.9827 115.3846 6.5706
v 219.2527 115.3846 6.7711
v 220.3582 115.3846 6.9484
v 221.2970 115.3846 7.1012
v 222.0676 115.3846 7.2279
v 222.6683 115.3846 7.3277
v 223.0982 115.3846 7.3995
v 223.3565 115.3846 7.4429
v 223.4426 115.3846 7.4574
v 240.4987 173.0769 10.2121
v 240.4159 173.0769 10.2184
v 240.1678 173.0769 10.2373
v 239.7549 173.0769 10.2688
v 239.1781 173.0769 10.3129
v 238.4387 173.0769 10.3697
v 237.5383 173.0769 10.4390
v 236.4788 173.0769 10.5209
v 235.2625 173.0769 10.6155
v 233.8921 173.0769 10.7227
v 232.3706 173.0769 10.8426
v 230.7011 173.0769 10.9752
v 228.8874 173.0769 11.1207
v 226.9332 173.0769 11.2790
v 224.8427 173.0769 11.4502
v 222.6205 173.0769 11.6345
v 220.2711 173.0769 11.8320
v 217.7995 173.0769 12.0427
v 215.2109 173.0769 12.2668
v 212.5107 173.0769 12.5043
v 209.7045 173.0769 12.7552
v 206.7982 173.0769 13.0195
v 203.7977 173.0769 13.2973
v 200.7092 173.0769 13.5884
v 197.5390 173.0769 13.8926
v 194.2936 173.0769 14.2096
v 190.9796 173.0769 14.5391
v 187.6037 173.0769 14.8805
v 184.1726 173.0769 15.2332
v 180.6601 173.0769 15.5897
v 177.0937 173.0769 15.9320
v 173.4891 173.0769 16.2576
v 169.8535 173.0769 16.5647
v 166.1943 173.0769 16.8515
v 162.5189 173.0769 17.1163
v 158.8349 173.0769 17.3575
v 155.1497 173.0769 17.5736
v 151.4710 173.0769 17.7630
v 147.8062 173.0769 17.9244
v 144.1628 173.0769 18.0565
v 140.5485 173.0769 18.1581
v 136.9497 173.0769 18.2254
v 133.3807 173.0769 18.2467
v 129.8632 173.0769 18.2207
v 126.4047 173.0769 18.1477
v 123.0128 173.0769 18.0282
v 119.6948 173.0769 17.8628
v 116.4579 173.0769 17.6528
v 113.3092 173.0769 17.3993
v 110.2554 173.0769 17.1041
v 107.3032 173.0769 16.7691
v 104.4588 173.0769 16.3963
v 101.7284 173.0769 15.9882
v 99.1178 173.0769 15.5472
v 96.6323 173.0769 15.0763
v 94.2773 173.0769 14.5781
v 92.0575 173.0769 14.0559
v 89.9774 173.0769 13.5126
v 88.0412 173.0769 12.9513
v 86.2527 173.0769 12.3752
v 84.6154 173.0769 11.7874
v 83.1323 173.0769 11.1909
v 81.8061 173.0769 10.5884
v 80.6394 173.0769 9.9828
v 79.6340 173.0769 9.3766
v 78.7916 173.0769 8.7720
v 78.1136 173.0769 8.1711
v 77.6009 173.0769 7.5756
v 77.2542 173.0769 6.9869
v 77.0737 173.0769 6.4062
v 77.0594 173.0769 5.8341
v 77.2095 173.0769 5.2819
v 77.5222 173.0769 4.7606
v 77.9963 173.0769 4.2704
v 78.6304 173.0769 3.8114
v 79.4229 173.0769 3.3838
v 80.3719 173.0769 2.9876
v 81.4749 173.0769 2.6228
v 82.7295 173.0769 2.2894
v 84.1328 173.0769 1.9871
v 85.6817 173.0769 1.7159
v 87.3728 173.0769 1.4753
v 89.2026 173.0769 1.2650
v 91.1672 173.0769 1.0843
v 93.2626 173.0769 0.9327
v 95.4845 173.0769 0.8092
v 97.8286 173.0769 0.7130
v 100.2902 173.0769 0.6428
v 102.8645 173.0769 0.5975
v 105.5466 173.0769 0.5755
v 108.3314 173.0769 0.5754
v 111.2137 173.0769 0.5954
v 114.1881 173.0769 0.6338
v 117.2489 173.0769 0.6885
v 120.3906 173.0769 0.7575
v 123.6074 173.0769 0.8388
v 126.8932 173.0769 0.9301
v 130.2420 173.0769 1.0293
v 133.6477 173.0769 1.1342
v 137.1039 173.0769 1.2426
v 140.6181 173.0769 1.3535
v 144.1901 173.0769 1.4759
v 147.7919 173.0769 1.6106
v 151.4166 173.0769 1.7561
v 155.0569 173.0769 1.9109
v 158.7057 173.0769 2.0734
v 162.3558 173.0769 2.2422
v 165.9998 173.0769 2.4160
v 169.6306 173.0769 2.5935
v 173.2408 173.0769 2.7735
v 176.8234 173.0769 2.9549
v 180.3710 173.0769 3.1367
v 183.8851 173.0769 3.3182
v 187.3787 173.0769 3.5140
v 190.8116 173.0769 3.7305
v 194.1769 173.0769 3.9659
v 197.4678 173.0769 4.2181
v 200.6779 173.0769 4.4850
v 203.8006 173.0769 4.7645
v 206.8299 173.0769 5.0544
v 209.7597 173.0769 5.3523
v 212.5844 173.0769 5.6559
v 215.2983 173.0769 5.9630
v 217.8963 173.0769 6.2710
v 220.3733 173.0769 6.5778
v 222.7245 173.0769 6.8807
v 224.9454 173.0769 7.1776
v 227.0319 173.0769 7.4661
v 228.9798 173.0769 7.7439
v 230.7856 173.0769 8.0087
v 232.4458 173.0769 8.2585
v 233.9573 173.0769 8.4912
v 235.3174 173.0769 8.7050
v 236.5234 173.0769 8.8980
v 237.5731 173.0769 9.0687
v 238.4646 173.0769 9.2156
v 239.1963 173.0769 9.3376
v 239.7668 173.0769 9.4335
v 240.1750 173.0769 9.5026
v 240.4203 173.0769 9.5443
v 240.5020 173.0769 9.5583
v 257.5563 230.7692 12.2774
v 257.4778 230.7692 12.2832
v 257.2428 230.7692 12.3006
v 256.8516 230.7692 12.3295
v 256.3051 230.7692 12.3700
v 255.6046 230.7692 12.4221
v 254.7515 230.7692 12.4858
v 253.7477 230.7692 12.5611
v 252.5953 230.7692 12.6480
v 251.2970 230.7692 12.7465
v 249.8554 230.7692 12.8567
v 248.2737 230.7692 12.9787
v 246.5553 230.7692 13.1124
v 244.7038 230.7692 13.2581
v 242.7232 230.7692 13.4157
v 240.6178 230.7692 13.5854
v 238.3918 230.7692 13.7673
v 236.0501 230.7692 13.9614
v 233.5975 230.7692 14.1679
v 231.0392 230.7692 14.3869
v 228.3805 230.7692 14.6184
v 225.6269 230.7692 14.8624
v 222.7840 230.7692 15.1190
v 219.8578 230.7692 15.3879
v 216.8541 230.7692 15.6690
v 213.7792 230.7692 15.9622
v 210.6392 230.7692 16.2669
v 207.4405 230.7692 16.5829
v 204.1896 230.7692 16.9094
v 200.8616 230.7692 17.2394
v 197.4826 230.7692 17.5558
v 194.0673 230.7692 17.8563
v 190.6228 230.7692 18.1391
v 187.1559 230.7692 18.4027
v 183.6738 230.7692 18.6454
v 180.1836 230.7692 18.8658
v 176.6923 230.7692 19.0623
v 173.2071 230.7692 19.2337
v 169.7352 230.7692 19.3785
v 166.2837 230.7692 19.4955
v 162.8598 230.7692 19.5838
v 159.4506 230.7692 19.6396
v 156.0698 230.7692 19.6519
v 152.7378 230.7692 19.6195
v 149.4619 230.7692 19.5427
v 146.2491 230.7692 19.4220
v 143.1065 230.7692 19.2581
v 140.0408 230.7692 19.0519
v 137.0587 230.7692 18.8049
v 134.1666 230.7692 18.5186
v 131.3708 230.7692 18.1947
v 128.6773 230.7692 17.8353
v 126.0918 230.7692 17.4426
v 123.6198 230.7692 17.0192
v 121.2665 230.7692 16.5676
v 119.0368 230.7692 16.0905
v 116.9352 230.7692 15.5909
v 114.9660 230.7692 15.0717
v 113.1331 230.7692 14.5357
v 111.4402 230.7692 13.9861
v 109.8905 230.7692 13.4257
v 108.4870 230.7692 12.8573
v 107.2321 230.7692 12.2837
v 106.1282 230.7692 11.7075
v 105.1772 230.7692 11.1310
v 104.3806 230.7692 10.5565
v 103.7396 230.7692 9.9858
v 103.2553 230.7692 9.4205
v 102.9282 230.7692 8.8621
v 102.7585 230.7692 8.3116
v 102.7462 230.7692 7.7696
v 102.8896 230.7692 7.2469
v 103.1869 230.7692 6.7538
v 103.6371 230.7692 6.2905
v 104.2388 230.7692 5.8571
v 104.9905 230.7692 5.4538
v 105.8903 230.7692 5.0806
v 106.9359 230.7692 4.7375
v 108.1251 230.7692 4.4244
v 109.4551 230.7692 4.1412
v 110.9229 230.7692 3.8877
v 112.5254 230.7692 3.6635
v 114.2591 230.7692 3.4683
v 116.1205 230.7692 3.3015
v 118.1057 230.7692 3.1625
v 120.2107 230.7692 3.0504
v 122.4313 230.7692 2.9644
v 124.7633 230.7692 2.9034
v 127.2019 230.7692 2.8661
v 129.7426 230.7692 2.8513
v 132.3806 230.7692 2.8573
v 135.1108 230.7692 2.8826
v 137.9282 230.7692 2.9255
v 140.8275 230.7692 2.9841
v 143.8034 230.7692 3.0564
v 146.8503 230.7692 3.1405
v 149.9626 230.7692 3.2343
v 153.1347 230.7692 3.3357
v 156.3605 230.7692 3.4425
v 159.6342 230.7692 3.5528
v 162.9628 230.7692 3.6657
v 166.3461 230.7692 3.7894
v 169.7577 230.7692 3.9250
v 173.1909 230.7692 4.0708
v 176.6389 230.7692 4.2254
v 180.0949 230.7692 4.3874
v 183.5521 230.7692 4.5554
v 187.0035 230.7692 4.7281
v 190.4424 230.7692 4.9042
v 193.8619 230.7692 5.0827
v 197.2551 230.7692 5.2624
v 200.6153 230.7692 5.4424
v 203.9436 230.7692 5.6222
v 207.2525 230.7692 5.8153
v 210.5039 230.7692 6.0280
v 213.6912 230.7692 6.2584
v 216.8080 230.7692 6.5046
v 219.8482 230.7692 6.7645
v 222.8056 230.7692 7.0362
v 225.6745 230.7692 7.3174
v 228.4491 230.7692 7.6060
v 231.1241 230.7692 7.8999
v 233.6943 230.7692 8.1968
v 236.1546 230.7692 8.4943
v 238.5003 230.7692 8.7903
v 240.7268 230.7692 9.0825
v 242.8300 230.7692 9.3687
v 244.8057 230.7692 9.6465
v 246.6503 230.7692 9.9139
v 248.3603 230.7692 10.1688
v 249.9324 230.7692 10.4091
v 251.3637 230.7692 10.6329
v 252.6515 230.7692 10.8383
v 253.7935 230.7692 11.0238
v 254.7875 230.7692 11.1878
v 255.6317 230.7692 11.3290
v 256.3245 230.7692 11.4461
v 256.8647 230.7692 11.5383
v 257.2512 230.7692 11.6046
v 257.4834 230.7692 11.6447
v 257.5609 230.7692 11.6581
v 274.6135 288.4615 14.3327
v 274.5394 288.4615 14.3380
v 274.3174 288.4615 14.3538
v 273.9479 288.4615 14.3802
v 273.4318 288.4615 14.4172
v 272.7701 288.4615 14.4647
v 271.9644 288.4615 14.5228
v 271.0163 288.4615 14.5915
v 269.9279 288.4615 14.6708
v 268.7016 288.4615 14.7608
v 267.3400 288.4615 14.8615
v 265.8461 288.4615 14.9729
v 264.2230 288.4615 15.0951
v 262.4743 288.4615 15.2283
v 260.6036 288.4615 15.3724
v 258.6150 288.4615 15.5276
v 256.5125 288.4615 15.6941
v 254.3007 288.4615 15.8719
v 251.9842 288.4615 16.0611
v 249.5678 288.4615 16.2618
v 247.0566 288.4615 16.4741
v 244.4557 288.4615 16.6980
v 241.7705 288.4615 16.9335
v 239.0065 288.4615 17.1805
v 236.1694 288.4615 17.4389
v 233.2650 288.4615 17.7084
v 230.2991 288.4615 17.9887
v 227.2778 288.4615 18.2795
v 224.2071 288.4615 18.5802
v 221.0636 288.4615 18.8839
v 217.8719 288.4615 19.1746
v 214.6461 288.4615 19.4503
v 211.3927 288.4615 19.7092
v 208.1182 288.4615 19.9499
v 204.8294 288.4615 20.1708
v 201.5329 288.4615 20.3707
v 198.2355 288.4615 20.5480
v 194.9440 288.4615 20.7015
v 191.6650 288.4615 20.8300
v 188.4054 288.4615 20.9324
v 185.1719 288.4615 21.0076
v 181.9524 288.4615 21.0522
v 178.7598 288.4615 21.0558
v 175.6134 288.4615 21.0173
v 172.5201 288.4615 20.9370
v 169.4865 288.4615 20.8154
v 166.5192 288.4615 20.6531
v 163.6246 288.4615 20.4512
v 160.8091 288.4615 20.2109
v 158.0788 288.4615 19.9336
v 155.4394 288.4615 19.6211
v 152.8967 288.4615 19.2753
v 150.4561 288.4615 18.8984
v 148.1227 288.4615 18.4927
v 145.9015 288.4615 18.0606
v 143.7970 288.4615 17.6048
v 141.8136 288.4615 17.1280
v 139.9553 288.4615 16.6330
v 138.2258 288.4615 16.1226
v 136.6285 288.4615 15.5995
v 135.1664 288.4615 15.0666
v 133.8423 288.4615 14.5266
v 132.6587 288.4615 13.9819
v 131.6176 288.4615 13.4352
v 130.7209 288.4615 12.8886
v 129.9700 288.4615 12.3441
v 129.3661 288.4615 11.8036
v 128.9101 288.4615 11.2687
v 128.6024 288.4615 10.7406
v 128.4435 288.4615 10.2203
v 128.4332 288.4615 9.7085
v 128.5699 288.4615 9.2152
v 128.8518 288.4615 8.7503
v 129.2780 288.4615 8.3138
v 129.8473 288.4615 7.9061
v 130.5581 288.4615 7.5270
v 131.4086 288.4615 7.1767
v 132.3969 288.4615 6.8551
v 133.5206 288.4615 6.5623
v 134.7772 288.4615 6.2980
v 136.1639 288.4615 6.0621
v 137.6776 288.4615 5.8542
v 139.3153 288.4615 5.6740
v 141.0735 288.4615 5.5209
v 142.9485 288.4615 5.3943
v 144.9366 288.4615 5.2935
v 147.0338 288.4615 5.2176
v 149.2360 288.4615 5.1655
v 151.5390 288.4615 5.1361
v 153.9383 288.4615 5.1281
v 156.4294 288.4615 5.1400
v 159.0075 288.4615 5.1704
v 161.6680 288.4615 5.2176
v 164.4057 288.4615 5.2798
v 167.2157 288.4615 5.3552
v 170.0928 288.4615 5.4418
v 173.0316 288.4615 5.5377
v 176.0268 288.4615 5.6410
v 179.0728 288.4615 5.7495
v 182.1640 288.4615 5.8615
v 185.3070 288.4615 5.9759
v 188.5016 288.4615 6.1009
v 191.7230 288.4615 6.2370
v 194.9647 288.4615 6.3828
v 198.2204 288.4615 6.5370
v 201.4836 288.4615 6.6982
v 204.7478 288.4615 6.8650
v 208.0067 288.4615 7.0362
v 211.2537 288.4615 7.2107
v 214.4824 288.4615 7.3874
v 217.6863 288.4615 7.5652
v 220.8589 288.4615 7.7431
v 224.0015 288.4615 7.9208
v 227.1258 288.4615 8.1110
v 230.1956 288.4615 8.3196
v 233.2049 288.4615 8.5447
v 236.1476 288.4615 8.7846
v 239.0179 288.4615 9.0372
v 241.8100 288.4615 9.3008
v 244.5185 288.4615 9.5732
v 247.1380 288.4615 9.8523
v 249.6634 288.4615 10.1362
v 252.0897 288.4615 10.4226
v 254.4123 288.4615 10.7094
v 256.6267 288.4615 10.9945
v 258.7286 288.4615 11.2757
v 260.7140 288.4615 11.5509
v 262.5791 288.4615 11.8180
v 264.3204 288.4615 12.0749
v 265.9345 288.4615 12.3196
v 267.4185 288.4615 12.5503
v 268.7696 288.4615 12.7650
v 269.9853 288.4615 12.9621
v 271.0632 288.4615 13.1400
v 272.0015 288.4615 13.2972
v 272.7983 288.4615 13.4325
v 273.4523 288.4615 13.5447
v 273.9622 288.4615 13.6330
v 274.3270 288.4615 13.6966
v 274.5462 288.4615 13.7350
v 274.6193 288.4615 13.7478
v 291.6707 346.1538 16.3716
v 291.6009 346.1538 16.3763
v 291.3920 346.1538 16.3907
v 291.0442 346.1538 16.4146
v 290.5584 346.1538 16.4481
v 289.9356 346.1538 16.4912
v 289.1772 346.1538 16.5438
v 288.2849 346.1538 16.6061
v 287.2604 346.1538 16.6780
v 286.1062 346.1538 16.7596
v 284.8247 346.1538 16.8509
v 283.4185 346.1538 16.9520
v 281.8909 346.1538 17.0629
v 280.2449 346.1538 17.1838
v 278.4841 346.1538 17.3148
v 276.6123 346.1538 17.4559
v 274.6334 346.1538 17.6073
v 272.5516 346.1538 17.7690
v 270.3712 346.1538 17.9412
v 268.0968 346.1538 18.1241
v 265.7330 346.1538 18.3175
v 263.2849 346.1538 18.5217
v 260.7574 346.1538 18.7366
v 258.1558 346.1538 18.9621
v 255.4853 346.1538 19.1981
v 252.7515 346.1538 19.4444
v 249.9597 346.1538 19.7008
v 247.1158 346.1538 19.9668
v 244.2254 346.1538 20.2420
v 241.2665 346.1538 20.5199
v 238.2622 346.1538 20.7855
v 235.2259 346.1538 21.0368
v 232.1637 346.1538 21.2723
v 229.0816 346.1538 21.4906
v 225.9862 346.1538 21.6902
v 222.8835 346.1538 21.8700
v 219.7801 346.1538 22.0286
v 216.6823 346.1538 22.1648
v 213.5963 346.1538 22.2775
v 210.5286 346.1538 22.3656
v 207.4855 346.1538 22.4283
v 204.4558 346.1538 22.4622
v 201.4514 346.1538 22.4575
v 198.4906 346.1538 22.4134
v 195.5798 346.1538 22.3301
v 192.7254 346.1538 22.2080
v 189.9334 346.1538 22.0479
v 187.2101 346.1538 21.8506
v 184.5612 346.1538 21.6173
v 181.9925 346.1538 21.3495
v 179.5095 346.1538 21.0488
v 177.1176 346.1538 20.7171
v 174.8218 346.1538 20.3562
v 172.6270 346.1538 19.9686
v 170.5378 346.1538 19.5564
v 168.5586 346.1538 19.1222
v 166.6933 346.1538 18.6686
v 164.9458 346.1538 18.1981
v 163.3195 346.1538 17.7134
v 161.8177 346.1538 17.2172
v 160.4431 346.1538 16.7120
v 159.1985 346.1538 16.2005
v 158.0860 346.1538 15.6850
v 157.1077 346.1538 15.1678
v 156.2652 346.1538 14.6512
v 155.5599 346.1538 14.1369
v 154.9930 346.1538 13.6268
v 154.5652 346.1538 13.1223
v 154.2771 346.1538 12.6246
v 154.1288 346.1538 12.1346
v 154.1204 346.1538 11.6529
v 154.2503 346.1538 11.1890
v 154.5168 346.1538 10.7522
v 154.9189 346.1538 10.3426
v 155.4556 346.1538 9.9602
v 156.1255 346.1538 9.6053
v 156.9267 346.1538 9.2778
v 157.8576 346.1538 8.9777
v 158.9157 346.1538 8.7049
v 160.0989 346.1538 8.4594
v 161.4044 346.1538 8.2409
v 162.8295 346.1538 8.0490
v 164.3711 346.1538 7.8836
v 166.0259 346.1538 7.7439
v 167.7907 346.1538 7.6295
v 169.6619 346.1538 7.5396
v 171.6356 346.1538 7.4734
v 173.7081 346.1538 7.4299
v 175.8754 346.1538 7.4080
v 178.1333 346.1538 7.4065
v 180.4774 346.1538 7.4240
v 182.9035 346.1538 7.4591
v 185.4070 346.1538 7.5102
v 187.9832 346.1538 7.5756
v 190.6273 346.1538 7.6536
v 193.3346 346.1538 7.7423
v 196.0999 346.1538 7.8400
v 198.9182 346.1538 7.9447
v 201.7844 346.1538 8.0545
v 204.6930 346.1538 8.1676
v 207.6504 346.1538 8.2832
v 210.6564 346.1538 8.4088
v 213.6875 346.1538 8.5450
v 216.7377 346.1538 8.6903
v 219.8010 346.1538 8.8436
v 222.8714 346.1538 9.0035
v 225.9429 346.1538 9.1687
v 229.0092 346.1538 9.3380
v 232.0643 346.1538 9.5104
v 235.1022 346.1538 9.6847
v 238.1167 346.1538 9.8601
v 241.1019 346.1538 10.0355
v 244.0587 346.1538 10.2106
v 246.9983 346.1538 10.3974
v 249.8866 346.1538 10.6014
v 252.7180 346.1538 10.8208
v 255.4866 346.1538 11.0539
v 258.1870 346.1538 11.2989
v 260.8138 346.1538 11.5539
v 263.3620 346.1538 11.8171
v 265.8263 346.1538 12.0863
v 268.2021 346.1538 12.3598
v 270.4847 346.1538 12.6354
v 272.6696 346.1538 12.9112
v 274.7527 346.1538 13.1850
v 276.7300 346.1538 13.4550
v 278.5976 346.1538 13.7189
v 280.3521 346.1538 13.9749
v 281.9900 346.1538 14.2210
v 283.5084 346.1538 14.4554
v 284.9043 346.1538 14.6762
v 286.1752 346.1538 14.8816
v 287.3187 346.1538 15.0701
v 288.3327 346.1538 15.2402
v 289.2152 346.1538 15.3906
v 289.9648 346.1538 15.5199
v 290.5799 346.1538 15.6272
v 291.0595 346.1538 15.7115
v 291.4027 346.1538 15.7723
v 291.6088 346.1538 15.8090
v 291.6776 346.1538 15.8212
v 308.7279 403.8462 18.3892
v 308.6626 403.8462 18.3935
v 308.4667 403.8462 18.4064
v 308.1406 403.8462 18.4279
v 307.6852 403.8462 18.4580
v 307.1013 403.8462 18.4967
v 306.3903 403.8462 18.5441
v 305.5536 403.8462 18.6001
v 304.5932 403.8462 18.6648
v 303.5111 403.8462 18.7383
v 302.3096 403.8462 18.8205
v 300.9913 403.8462 18.9116
v 299.5590 403.8462 19.0115
v 298.0159 403.8462 19.1205
v 296.3651 403.8462 19.2386
v 294.6102 403.8462 19.3660
v 292.7549 403.8462 19.5027
v 290.8030 403.8462 19.6488
v 288.7588 403.8462 19.8045
v 286.6263 403.8462 19.9699
v 284.4102 403.8462 20.1450
v 282.1149 403.8462 20.3300
v 279.7452 403.8462 20.5247
v 277.3060 403.8462 20.7292
v 274.8022 403.8462 20.9434
v 272.2390 403.8462 21.1671
v 269.6215 403.8462 21.4001
v 266.9550 403.8462 21.6420
v 264.2450 403.8462 21.8924
v 261.4707 403.8462 22.1451
v 258.6540 403.8462 22.3861
v 255.8072 403.8462 22.6137
v 252.9362 403.8462 22.8264
v 250.0467 403.8462 23.0228
v 247.1446 403.8462 23.2019
v 244.2359 403.8462 23.3622
v 241.3265 403.8462 23.5027
v 238.4224 403.8462 23.6222
v 235.5295 403.8462 23.7197
v 232.6538 403.8462 23.7943
v 229.8012 403.8462 23.8450
v 226.9611 403.8462 23.8688
v 224.1450 403.8462 23.8565
v 221.3698 403.8462 23.8074
v 218.6416 403.8462 23.7217
v 215.9663 403.8462 23.5997
v 213.3497 403.8462 23.4423
v 210.7975 403.8462 23.2502
v 208.3152 403.8462 23.0246
v 205.9081 403.8462 22.7668
v 203.5815 403.8462 22.4784
v 201.3403 403.8462 22.1611
v 199.1893 403.8462 21.8169
v 197.1331 403.8462 21.4477
v 195.1759 403.8462 21.0559
v 193.3217 403.8462 20.6437
v 191.5745 403.8462 20.2135
v 189.9377 403.8462 19.7679
v 188.4146 403.8462 19.3093
v 187.0082 403.8462 18.8402
v 185.7211 403.8462 18.3631
v 184.5557 403.8462 17.8803
v 183.5143 403.8462 17.3942
v 182.5986 403.8462 16.9069
v 181.8103 403.8462 16.4204
v 181.1506 403.8462 15.9365
v 180.6205 403.8462 15.4569
v 180.2209 403.8462 14.9828
v 179.9521 403.8462 14.5155
v 179.8144 403.8462 14.0558
v 179.8077 403.8462 13.6043
v 179.9307 403.8462 13.1698
v 180.1817 403.8462 12.7611
v 180.5597 403.8462 12.3782
v 181.0638 403.8462 12.0212
v 181.6926 403.8462 11.6903
v 182.4445 403.8462 11.3854
v 183.3178 403.8462 11.1066
v 184.3104 403.8462 10.8537
v 185.4201 403.8462 10.6266
v 186.6444 403.8462 10.4252
v 187.9807 403.8462 10.2492
v 189.4261 403.8462 10.0981
v 190.9777 403.8462 9.9716
v 192.6322 403.8462 9.8690
v 194.3864 403.8462 9.7896
v 196.2366 403.8462 9.7328
v 198.1794 403.8462 9.6975
v 200.2110 403.8462 9.6826
v 202.3274 403.8462 9.6872
v 204.5246 403.8462 9.7098
v 206.7986 403.8462 9.7490
v 209.1451 403.8462 9.8035
v 211.5597 403.8462 9.8716
v 214.0380 403.8462 9.9516
v 216.5754 403.8462 10.0419
v 219.1672 403.8462 10.1408
v 221.8087 403.8462 10.2463
v 224.4950 403.8462 10.3568
v 227.2211 403.8462 10.4704
v 229.9929 403.8462 10.5866
v 232.8103 403.8462 10.7122
v 235.6511 403.8462 10.8478
v 238.5098 403.8462 10.9921
v 241.3808 403.8462 11.1438
v 244.2584 403.8462 11.3018
v 247.1370 403.8462 11.4647
v 250.0108 403.8462 11.6315
v 252.8740 403.8462 11.8011
v 255.7211 403.8462 11.9725
v 258.5463 403.8462 12.1448
v 261.3440 403.8462 12.3171
v 264.1151 403.8462 12.4890
v 266.8700 403.8462 12.6718
v 269.5769 403.8462 12.8706
v 272.2302 403.8462 13.0837
v 274.8248 403.8462 13.3095
v 277.3554 403.8462 13.5463
v 279.8170 403.8462 13.7922
v 282.2048 403.8462 14.0456
v 284.5140 403.8462 14.3045
v 286.7402 403.8462 14.5670
v 288.8791 403.8462 14.8314
v 290.9264 403.8462 15.0956
v 292.8783 403.8462 15.3578
v 294.7310 403.8462 15.6160
v 296.4809 403.8462 15.8683
v 298.1248 403.8462 16.1129
v 299.6595 403.8462 16.3480
v 301.0821 403.8462 16.5716
v 302.3900 403.8462 16.7822
v 303.5807 403.8462 16.9781
v 304.6521 403.8462 17.1579
v 305.6020 403.8462 17.3200
v 306.4289 403.8462 17.4632
v 307.1311 403.8462 17.5864
v 307.7074 403.8462 17.6886
v 308.1568 403.8462 17.7689
v 308.4783 403.8462 17.8268
v 308.6715 403.8462 17.8617
v 308.7359 403.8462 17.8733
v 325.7855 461.5385 20.3816
v 325.7245 461.5385 20.3855
v 325.5416 461.5385 20.3970
v 325.2373 461.5385 20.4162
v 324.8122 461.5385 20.4430
v 324.2673 461.5385 20.4776
v 323.6037 461.5385 20.5198
v 322.8228 461.5385 20.5698
v 321.9264 461.5385 20.6276
v 320.9164 461.5385 20.6931
v 319.7950 461.5385 20.7666
v 318.5645 461.5385 20.8479
v 317.2277 461.5385 20.9373
v 315.7874 461.5385 21.0348
v 314.2467 461.5385 21.1405
v 312.6087 461.5385 21.2546
v 310.8770 461.5385 21.3770
v 309.0552 461.5385 21.5081
v 307.1472 461.5385 21.6478
v 305.1568 461.5385 21.7963
v 303.0883 461.5385 21.9536
v 300.9460 461.5385 22.1199
v 298.7341 461.5385 22.2952
v 296.4574 461.5385 22.4794
v 294.1203 461.5385 22.6724
v 291.7278 461.5385 22.8742
v 289.2846 461.5385 23.0844
v 286.7958 461.5385 23.3028
v 284.2662 461.5385 23.5291
v 281.6766 461.5385 23.7573
v 279.0475 461.5385 23.9745
v 276.3904 461.5385 24.1791
v 273.7107 461.5385 24.3697
v 271.0138 461.5385 24.5452
v 268.3052 461.5385 24.7043
v 265.5905 461.5385 24.8460
v 262.8751 461.5385 24.9691
v 260.1648 461.5385 25.0727
v 257.4650 461.5385 25.1558
v 254.7813 461.5385 25.2175
v 252.1192 461.5385 25.2570
v 249.4689 461.5385 25.2715
v 246.8410 461.5385 25.2523
v 244.2515 461.5385 25.1989
v 241.7059 461.5385 25.1114
v 239.2097 461.5385 24.9903
v 236.7684 461.5385 24.8362
v 234.3873 461.5385 24.6500
v 232.0715 461.5385 24.4327
v 229.8260 461.5385 24.1856
v 227.6557 461.5385 23.9101
v 225.5652 461.5385 23.6079
v 223.5589 461.5385 23.2808
v 221.6411 461.5385 22.9307
v 219.8158 461.5385 22.5597
v 218.0867 461.5385 22.1700
v 216.4575 461.5385 21.7638
v 214.9313 461.5385 21.3435
v 213.5113 461.5385 20.9114
v 212.2001 461.5385 20.4698
v 211.0003 461.5385 20.0210
v 209.9142 461.5385 19.5673
v 208.9437 461.5385 19.1109
v 208.0906 461.5385 18.6536
v 207.3563 461.5385 18.1975
v 206.7420 461.5385 17.7441
v 206.2486 461.5385 17.2951
v 205.8770 461.5385 16.8517
v 205.6274 461.5385 16.4149
v 205.5002 461.5385 15.9855
v 205.4952 461.5385 15.5642
v 205.6112 461.5385 15.1590
v 205.8465 461.5385 14.7783
v 206.2003 461.5385 14.4220
v 206.6717 461.5385 14.0903
v 207.2593 461.5385 13.7832
v 207.9619 461.5385 13.5008
v 208.7775 461.5385 13.2429
v 209.7045 461.5385 13.0097
v 210.7406 461.5385 12.8008
v 211.8837 461.5385 12.6162
v 213.1311 461.5385 12.4556
v 214.4803 461.5385 12.3186
v 215.9286 461.5385 12.2047
v 217.4728 461.5385 12.1135
v 219.1099 461.5385 12.0443
v 220.8366 461.5385 11.9963
v 222.6497 461.5385 11.9686
v 224.5455 461.5385 11.9604
v 226.5204 461.5385 11.9704
v 228.5707 461.5385 11.9975
v 230.6926 461.5385 12.0403
v 232.8821 461.5385 12.0976
v 235.1352 461.5385 12.1677
v 237.4476 461.5385 12.2492
v 239.8151 461.5385 12.3404
v 242.2335 461.5385 12.4397
v 244.6981 461.5385 12.5454
v 247.2045 461.5385 12.6558
v 249.7481 461.5385 12.7693
v 252.3344 461.5385 12.8853
v 254.9631 461.5385 13.0102
v 257.6136 461.5385 13.1445
v 260.2809 461.5385 13.2870
v 262.9596 461.5385 13.4364
v 265.6444 461.5385 13.5917
v 268.3302 461.5385 13.7516
v 271.0114 461.5385 13.9151
v 273.6828 461.5385 14.0812
v 276.3391 461.5385 14.2489
v 278.9750 461.5385 14.4174
v 281.5853 461.5385 14.5859
v 284.1707 461.5385 14.7538
v 286.7410 461.5385 14.9320
v 289.2664 461.5385 15.1249
v 291.7418 461.5385 15.3310
v 294.1623 461.5385 15.5488
v 296.5231 461.5385 15.7767
v 298.8195 461.5385 16.0129
v 301.0470 461.5385 16.2558
v 303.2012 461.5385 16.5037
v 305.2779 461.5385 16.7549
v 307.2730 461.5385 17.0074
v 309.1828 461.5385 17.2596
v 311.0035 461.5385 17.5095
v 312.7317 461.5385 17.7556
v 314.3639 461.5385 17.9958
v 315.8973 461.5385 18.2285
v 317.3287 461.5385 18.4520
v 318.6557 461.5385 18.6647
v 319.8756 461.5385 18.8648
v 320.9862 461.5385 19.0508
v 321.9854 461.5385 19.2215
v 322.8715 461.5385 19.3753
v 323.6427 461.5385 19.5113
v 324.2976 461.5385 19.6281
v 324.8351 461.5385 19.7251
v 325.2542 461.5385 19.8013
v 325.5541 461.5385 19.8561
v 325.7343 461.5385 19.8892
v 325.7943 461.5385 19.9003
v 342.8436 519.2308 22.3456
v 342.7870 519.2308 22.3490
v 342.6172 519.2308 22.3592
v 342.3346 519.2308 22.3761
v 341.9399 519.2308 22.3998
v 341.4339 519.2308 22.4304
v 340.8177 519.2308 22.4677
v 340.0926 519.2308 22.5119
v 339.2602 519.2308 22.5630
v 338.3224 519.2308 22.6210
v 337.2811 519.2308 22.6860
v 336.1386 519.2308 22.7581
v 334.8972 519.2308 22.8373
v 333.5598 519.2308 22.9238
v 332.1291 519.2308 23.0175
v 330.6081 519.2308 23.1188
v 329.0001 519.2308 23.2276
v 327.3085 519.2308 23.3441
v 325.5367 519.2308 23.4684
v 323.6885 519.2308 23.6007
v 321.7677 519.2308 23.7409
v 319.7783 519.2308 23.8892
v 317.7244 519.2308 24.0457
v 315.6102 519.2308 24.2103
v 313.4400 519.2308 24.3829
v 311.2183 519.2308 24.5634
v 308.9495 519.2308 24.7517
v 306.6383 519.2308 24.9475
v 304.2893 519.2308 25.1503
v 301.8845 519.2308 25.3549
v 299.4431 519.2308 25.5492
v 296.9758 519.2308 25.7316
v 294.4874 519.2308 25.9010
v 291.9832 519.2308 26.0562
v 289.4682 519.2308 26.1963
v 286.9475 519.2308 26.3202
v 284.4263 519.2308 26.4268
v 281.9098 519.2308 26.5153
v 279.4031 519.2308 26.5848
v 276.9115 519.2308 26.6346
v 274.4399 519.2308 26.6638
v 271.9794 519.2308 26.6697
v 269.5398 519.2308 26.6445
v 267.1359 519.2308 26.5876
v 264.7729 519.2308 26.4992
v 262.4559 519.2308 26.3797
v 260.1899 519.2308 26.2297
v 257.9798 519.2308 26.0501
v 255.8305 519.2308 25.8418
v 253.7466 519.2308 25.6061
v 251.7325 519.2308 25.3442
v 249.7926 519.2308 25.0577
v 247.9309 519.2308 24.7484
v 246.1515 519.2308 24.4179
v 244.4579 519.2308 24.0684
v 242.8538 519.2308 23.7017
v 241.3424 519.2308 23.3200
v 239.9267 519.2308 22.9255
v 238.6096 519.2308 22.5203
v 237.3936 519.2308 22.1067
v 236.2810 519.2308 21.6867
v 235.2740 519.2308 21.2624
v 234.3743 519.2308 20.8359
v 233.5836 519.2308 20.4090
v 232.9031 519.2308 19.9834
v 232.3341 519.2308 19.5608
v 231.8774 519.2308 19.1426
v 231.5336 519.2308 18.7298
v 231.3032 519.2308 18.3236
v 231.1863 519.2308 17.9247
v 231.1828 519.2308 17.5335
v 231.2916 519.2308 17.1577
v 231.5111 519.2308 16.8049
v 231.8406 519.2308 16.4751
v 232.2792 519.2308 16.1685
v 232.8256 519.2308 15.8851
v 233.4786 519.2308 15.6248
v 234.2366 519.2308 15.3878
v 235.0978 519.2308 15.1738
v 236.0603 519.2308 14.9829
v 237.1220 519.2308 14.8147
v 238.2806 519.2308 14.6691
v 239.5335 519.2308 14.5457
v 240.8783 519.2308 14.4441
v 242.3122 519.2308 14.3638
v 243.8323 519.2308 14.3042
v 245.4355 519.2308 14.2645
v 247.1187 519.2308 14.2439
v 248.8788 519.2308 14.2416
v 250.7122 519.2308 14.2565
v 252.6156 519.2308 14.2874
v 254.5854 519.2308 14.3332
v 256.6179 519.2308 14.3925
v 258.7094 519.2308 14.4640
v 260.8560 519.2308 14.5462
v 263.0537 519.2308 14.6375
v 265.2985 519.2308 14.7365
v 267.5863 519.2308 14.8416
v 269.9129 519.2308 14.9512
v 272.2740 519.2308 15.0638
v 274.6746 519.2308 15.1788
v 277.1147 519.2308 15.3022
v 279.5750 519.2308 15.4343
v 282.0509 519.2308 15.5741
v 284.5373 519.2308 15.7204
v 287.0294 519.2308 15.8721
v 289.5223 519.2308 16.0282
v 292.0110 519.2308 16.1875
v 294.4906 519.2308 16.3493
v 296.9562 519.2308 16.5125
v 299.4028 519.2308 16.6764
v 301.8256 519.2308 16.8401
v 304.2254 519.2308 17.0034
v 306.6111 519.2308 17.1760
v 308.9550 519.2308 17.3623
v 311.2526 519.2308 17.5606
v 313.4991 519.2308 17.7696
v 315.6902 519.2308 17.9878
v 317.8214 519.2308 18.2136
v 319.8887 519.2308 18.4454
v 321.8879 519.2308 18.6817
v 323.8151 519.2308 18.9207
v 325.6667 519.2308 19.1608
v 327.4389 519.2308 19.4003
v 329.1285 519.2308 19.6375
v 330.7322 519.2308 19.8707
v 332.2469 519.2308 20.0984
v 333.6697 519.2308 20.3188
v 334.9980 519.2308 20.5303
v 336.2293 519.2308 20.7315
v 337.3613 519.2308 20.9207
v 338.3918 519.2308 21.0966
v 339.3190 519.2308 21.2578
v 340.1412 519.2308 21.4032
v 340.8567 519.2308 21.5315
v 341.4645 519.2308 21.6419
v 341.9632 519.2308 21.7334
v 342.3520 519.2308 21.8053
v 342.6303 519.2308 21.8571
v 342.7974 519.2308 21.8883
v 342.8532 519.2308 21.8988
v 359.9025 576.9231 24.2782
v 359.8502 576.9231 24.2812
v 359.6935 576.9231 24.2901
v 359.4327 576.9231 24.3049
v 359.0684 576.9231 24.3256
v 358.6013 576.9231 24.3523
v 358.0325 576.9231 24.3850
v 357.3633 576.9231 24.4237
v 356.5950 576.9231 24.4684
v 355.7293 576.9231 24.5193
v 354.7681 576.9231 24.5762
v 353.7136 576.9231 24.6394
v 352.5678 576.9231 24.7089
v 351.3333 576.9231 24.7848
v 350.0127 576.9231 24.8672
v 348.6088 576.9231 24.9562
v 347.1245 576.9231 25.0520
v 345.5630 576.9231 25.1546
v 343.9276 576.9231 25.2642
v 342.2216 576.9231 25.3808
v 340.4486 576.9231 25.5047
v 338.6123 576.9231 25.6358
v 336.7164 576.9231 25.7742
v 334.7648 576.9231 25.9200
v 332.7615 576.9231 26.0730
v 330.7107 576.9231 26.2331
v 328.6164 576.9231 26.4003
v 326.4829 576.9231 26.5742
v 324.3145 576.9231 26.7546
v 322.0947 576.9231 26.9365
v 319.8411 576.9231 27.1086
v 317.5636 576.9231 27.2698
v 315.2668 576.9231 27.4189
v 312.9553 576.9231 27.5549
v 310.6339 576.9231 27.6769
v 308.3073 576.9231 27.7839
v 305.9803 576.9231 27.8750
v 303.6577 576.9231 27.9494
v 301.3442 576.9231 28.0063
v 299.0447 576.9231 28.0449
v 296.7637 576.9231 28.0647
v 294.4931 576.9231 28.0630
v 292.2417 576.9231 28.0327
v 290.0235 576.9231 27.9732
v 287.8430 576.9231 27.8847
v 285.7051 576.9231 27.7677
v 283.6144 576.9231 27.6228
v 281.5753 576.9231 27.4506
v 279.5925 576.9231 27.2521
v 277.6700 576.9231 27.0285
v 275.8120 576.9231 26.7810
v 274.0226 576.9231 26.5110
v 272.3055 576.9231 26.2201
v 270.6643 576.9231 25.9100
v 269.1024 576.9231 25.5825
v 267.6231 576.9231 25.2394
v 266.2294 576.9231 24.8828
v 264.9241 576.9231 24.5146
v 263.7098 576.9231 24.1369
v 262.5888 576.9231 23.7516
v 261.5633 576.9231 23.3608
v 260.6352 576.9231 22.9664
v 259.8061 576.9231 22.5701
v 259.0776 576.9231 22.1739
v 258.4509 576.9231 21.7792
v 257.9270 576.9231 21.3875
v 257.5068 576.9231 21.0002
v 257.1907 576.9231 20.6183
v 256.9792 576.9231 20.2428
v 256.8725 576.9231 19.8743
v 256.8705 576.9231 19.5132
v 256.9720 576.9231 19.1668
v 257.1756 576.9231 18.8418
v 257.4806 576.9231 18.5385
v 257.8862 576.9231 18.2568
v 258.3913 576.9231 17.9968
v 258.9947 576.9231 17.7585
v 259.6949 576.9231 17.5420
v 260.4903 576.9231 17.3470
v 261.3791 576.9231 17.1736
v 262.3593 576.9231 17.0215
v 263.4289 576.9231 16.8905
v 264.5856 576.9231 16.7803
v 265.8269 576.9231 16.6904
v 267.1504 576.9231 16.6204
v 268.5534 576.9231 16.5698
v 270.0330 576.9231 16.5378
v 271.5864 576.9231 16.5238
v 273.2107 576.9231 16.5267
v 274.9026 576.9231 16.5458
v 276.6591 576.9231 16.5798
v 278.4768 576.9231 16.6278
v 280.3523 576.9231 16.6884
v 282.2822 576.9231 16.7605
v 284.2629 576.9231 16.8425
v 286.2908 576.9231 16.9332
v 288.3622 576.9231 17.0311
v 290.4732 576.9231 17.1347
v 292.6200 576.9231 17.2426
v 294.7985 576.9231 17.3534
v 297.0137 576.9231 17.4664
v 299.2651 576.9231 17.5874
v 301.5353 576.9231 17.7165
v 303.8197 576.9231 17.8527
v 306.1138 576.9231 17.9949
v 308.4132 576.9231 18.1422
v 310.7133 576.9231 18.2934
v 313.0096 576.9231 18.4477
v 315.2974 576.9231 18.6042
v 317.5723 576.9231 18.7619
v 319.8297 576.9231 18.9203
v 322.0651 576.9231 19.0784
v 324.2793 576.9231 19.2360
v 326.4804 576.9231 19.4023
v 328.6430 576.9231 19.5810
v 330.7627 576.9231 19.7707
v 332.8353 576.9231 19.9701
v 334.8566 576.9231 20.1778
v 336.8228 576.9231 20.3924
v 338.7299 576.9231 20.6123
v 340.5742 576.9231 20.8361
v 342.3520 576.9231 21.0623
v 344.0600 576.9231 21.2892
v 345.6949 576.9231 21.5154
v 347.2534 576.9231 21.7392
v 348.7327 576.9231 21.9591
v 350.1298 576.9231 22.1736
v 351.4423 576.9231 22.3811
v 352.6675 576.9231 22.5802
v 353.8032 576.9231 22.7694
v 354.8473 576.9231 22.9473
v 355.7978 576.9231 23.1126
v 356.6530 576.9231 23.2641
v 357.4113 576.9231 23.4006
v 358.0713 576.9231 23.5211
v 358.6318 576.9231 23.6248
v 359.0918 576.9231 23.7106
v 359.4504 576.9231 23.7782
v 359.7071 576.9231 23.8268
v 359.8612 576.9231 23.8561
v 359.9126 576.9231 23.8659
v 376.9624 634.6154 26.1769
v 376.9145 634.6154 26.1795
v 376.7709 634.6154 26.1872
v 376.5318 634.6154 26.2000
v 376.1979 634.6154 26.2179
v 375.7698 634.6154 26.2410
v 375.2485 634.6154 26.2693
v 374.6350 634.6154 26.3027
v 373.9308 634.6154 26.3414
v 373.1374 634.6154 26.3854
v 372.2564 634.6154 26.4348
v 371.2898 634.6154 26.4896
v 370.2396 634.6154 26.5498
v 369.1081 634.6154 26.6157
v 367.8977 634.6154 26.6873
v 366.6109 634.6154 26.7647
v 365.2504 634.6154 26.8480
v 363.8192 634.6154 26.9374
v 362.3201 634.6154 27.0330
v 360.7564 634.6154 27.1349
v 359.1312 634.6154 27.2431
v 357.4480 634.6154 27.3578
v 355.7102 634.6154 27.4790
v 353.9214 634.6154 27.6068
v 352.0851 634.6154 27.7410
v 350.2053 634.6154 27.8817
v 348.2856 634.6154 28.0287
v 346.3299 634.6154 28.1818
v 344.3423 634.6154 28.3406
v 342.3075 634.6154 28.5007
v 340.2418 634.6154 28.6518
v 338.1542 634.6154 28.7927
v 336.0489 634.6154 28.9225
v 333.9303 634.6154 29.0403
v 331.8026 634.6154 29.1452
v 329.6702 634.6154 29.2363
v 327.5375 634.6154 29.3129
v 325.4088 634.6154 29.3741
v 323.2886 634.6154 29.4194
v 321.1812 634.6154 29.4480
v 319.0909 634.6154 29.4593
v 317.0100 634.6154 29.4510
v 314.9470 634.6154 29.4165
v 312.9143 634.6154 29.3554
v 310.9164 634.6154 29.2679
v 308.9576 634.6154 29.1544
v 307.0421 634.6154 29.0153
v 305.1740 634.6154 28.8515
v 303.3575 634.6154 28.6637
v 301.5964 634.6154 28.4531
v 299.8945 634.6154 28.2207
v 298.2555 634.6154 27.9680
v 296.6828 634.6154 27.6963
v 295.1797 634.6154 27.4073
v 293.7494 634.6154 27.1025
v 292.3948 634.6154 26.7837
v 291.1187 634.6154 26.4528
v 289.9236 634.6154 26.1115
v 288.8119 634.6154 25.7617
v 287.7858 634.6154 25.4054
v 286.8472 634.6154 25.0442
v 285.9978 634.6154 24.6799
v 285.2393 634.6154 24.3144
v 284.5728 634.6154 23.9491
v 283.9997 634.6154 23.5855
v 283.5208 634.6154 23.2250
v 283.1368 634.6154 22.8689
v 282.8483 634.6154 22.5180
v 282.6556 634.6154 22.1732
v 282.5589 634.6154 21.8351
v 282.5581 634.6154 21.5043
v 282.6521 634.6154 21.1871
v 282.8397 634.6154 20.8899
v 283.1201 634.6154 20.6128
v 283.4926 634.6154 20.3559
v 283.9563 634.6154 20.1191
v 284.5099 634.6154 19.9026
v 285.1522 634.6154 19.7062
v 285.8817 634.6154 19.5299
v 286.6967 634.6154 19.3736
v 287.5955 634.6154 19.2372
v 288.5760 634.6154 19.1203
v 289.6363 634.6154 19.0227
v 290.7742 634.6154 18.9441
v 291.9872 634.6154 18.8839
v 293.2730 634.6154 18.8416
v 294.6291 634.6154 18.8167
v 296.0527 634.6154 18.8084
v 297.5411 634.6154 18.8160
v 299.0916 634.6154 18.8385
v 300.7011 634.6154 18.8749
v 302.3667 634.6154 18.9243
v 304.0852 634.6154 18.9854
v 305.8536 634.6154 19.0571
v 307.6685 634.6154 19.1382
v 309.5266 634.6154 19.2274
v 311.4245 634.6154 19.3232
v 313.3587 634.6154 19.4245
v 315.3256 634.6154 19.5297
v 317.3218 634.6154 19.6376
v 319.3514 634.6154 19.7478
v 321.4142 634.6154 19.8654
v 323.4942 634.6154 19.9904
v 325.5872 634.6154 20.1220
v 327.6892 634.6154 20.2592
v 329.7959 634.6154 20.4009
v 331.9033 634.6154 20.5464
v 334.0071 634.6154 20.6946
v 336.1032 634.6154 20.8448
v 338.1875 634.6154 20.9961
v 340.2557 634.6154 21.1479
v 342.3037 634.6154 21.2995
v 344.3323 634.6154 21.4505
v 346.3489 634.6154 21.6094
v 348.3301 634.6154 21.7795
v 350.2721 634.6154 21.9597
v 352.1708 634.6154 22.1486
v 354.0226 634.6154 22.3449
v 355.8238 634.6154 22.5474
v 357.5708 634.6154 22.7546
v 359.2602 634.6154 22.9652
v 360.8887 634.6154 23.1777
v 362.4533 634.6154 23.3908
v 363.9508 634.6154 23.6029
v 365.3784 634.6154 23.8126
v 366.7333 634.6154 24.0186
v 368.0130 634.6154 24.2193
v 369.2151 634.6154 24.4133
v 370.3373 634.6154 24.5994
v 371.3775 634.6154 24.7761
v 372.3338 634.6154 24.9423
v 373.2044 634.6154 25.0966
v 373.9876 634.6154 25.2379
v 374.6821 634.6154 25.3653
v 375.2866 634.6154 25.4777
v 375.7999 634.6154 25.5743
v 376.2212 634.6154 25.6544
v 376.5496 634.6154 25.7173
v 376.7847 634.6154 25.7626
v 376.9259 634.6154 25.7900
v 376.9730 634.6154 25.7991
v 394.0236 692.3077 28.0395
v 393.9801 692.3077 28.0417
v 393.8495 692.3077 28.0482
v 393.6323 692.3077 28.0592
v 393.3287 692.3077 28.0744
v 392.9396 692.3077 28.0941
v 392.4657 692.3077 28.1182
v 391.9082 692.3077 28.1468
v 391.2681 692.3077 28.1798
v 390.5469 692.3077 28.2174
v 389.7462 692.3077 28.2596
v 388.8676 692.3077 28.3065
v 387.9130 692.3077 28.3581
v 386.8845 692.3077 28.4145
v 385.7843 692.3077 28.4759
v 384.6146 692.3077 28.5424
v 383.3780 692.3077 28.6140
v 382.0771 692.3077 28.6909
v 380.7145 692.3077 28.7732
v 379.2931 692.3077 28.8610
v 377.8159 692.3077 28.9545
v 376.2859 692.3077 29.0536
v 374.7063 692.3077 29.1585
v 373.0802 692.3077 29.2692
v 371.4111 692.3077 29.3856
v 369.7023 692.3077 29.5078
v 367.9573 692.3077 29.6355
v 366.1796 692.3077 29.7687
v 364.3728 692.3077 29.9071
v 362.5232 692.3077 30.0464
v 360.6454 692.3077 30.1774
v 358.7478 692.3077 30.2992
v 356.8342 692.3077 30.4108
v 354.9085 692.3077 30.5114
v 352.9746 692.3077 30.6003
v 351.0365 692.3077 30.6767
v 349.0981 692.3077 30.7398
v 347.1634 692.3077 30.7890
v 345.2365 692.3077 30.8237
v 343.3212 692.3077 30.8433
v 341.4216 692.3077 30.8473
v 339.5306 692.3077 30.8335
v 337.6559 692.3077 30.7959
v 335.8088 692.3077 30.7342
v 333.9934 692.3077 30.6486
v 332.2136 692.3077 30.5395
v 330.4733 692.3077 30.4073
v 328.7762 692.3077 30.2528
v 327.1259 692.3077 30.0767
v 325.5261 692.3077 29.8799
v 323.9802 692.3077 29.6636
v 322.4915 692.3077 29.4290
v 321.0631 692.3077 29.1773
v 319.6980 692.3077 28.9101
v 318.3991 692.3077 28.6288
v 317.1690 692.3077 28.3350
v 316.0103 692.3077 28.0304
v 314.9253 692.3077 27.7166
v 313.9161 692.3077 27.3954
v 312.9846 692.3077 27.0684
v 312.1327 692.3077 26.7373
v 311.3619 692.3077 26.4037
v 310.6737 692.3077 26.0692
v 310.0692 692.3077 25.7352
v 309.5494 692.3077 25.4031
v 309.1153 692.3077 25.0741
v 308.7674 692.3077 24.7492
v 308.5063 692.3077 24.4295
v 308.3322 692.3077 24.1156
v 308.2454 692.3077 23.8081
v 308.2457 692.3077 23.5074
v 308.3321 692.3077 23.2195
v 308.5034 692.3077 22.9499
v 308.7591 692.3077 22.6990
v 309.0984 692.3077 22.4666
v 309.5205 692.3077 22.2528
v 310.0243 692.3077 22.0577
v 310.6086 692.3077 21.8812
v 311.2720 692.3077 21.7232
v 312.0132 692.3077 21.5837
v 312.8303 692.3077 21.4624
v 313.7218 692.3077 21.3591
v 314.6857 692.3077 21.2736
v 315.7199 692.3077 21.2056
v 316.8225 692.3077 21.1546
v 317.9911 692.3077 21.1201
v 319.2235 692.3077 21.1016
v 320.5173 692.3077 21.0983
v 321.8700 692.3077 21.1097
v 323.2789 692.3077 21.1348
v 324.7415 692.3077 21.1728
v 326.2550 692.3077 21.2227
v 327.8166 692.3077 21.2835
v 329.4234 692.3077 21.3540
v 331.0724 692.3077 21.4332
v 332.7608 692.3077 21.5198
v 334.4852 692.3077 21.6127
v 336.2427 692.3077 21.7105
v 338.0299 692.3077 21.8121
v 339.8436 692.3077 21.9163
v 341.6877 692.3077 22.0226
v 343.5620 692.3077 22.1356
v 345.4519 692.3077 22.2556
v 347.3536 692.3077 22.3815
v 349.2633 692.3077 22.5125
v 351.1774 692.3077 22.6477
v 353.0921 692.3077 22.7862
v 355.0036 692.3077 22.9273
v 356.9080 692.3077 23.0701
v 358.8017 692.3077 23.2140
v 360.6807 692.3077 23.3582
v 362.5415 692.3077 23.5021
v 364.3845 692.3077 23.6455
v 366.2167 692.3077 23.7960
v 368.0167 692.3077 23.9566
v 369.7809 692.3077 24.1262
v 371.5059 692.3077 24.3036
v 373.1881 692.3077 24.4877
v 374.8244 692.3077 24.6771
v 376.4114 692.3077 24.8707
v 377.9460 692.3077 25.0672
v 379.4254 692.3077 25.2653
v 380.8465 692.3077 25.4636
v 382.2068 692.3077 25.6609
v 383.5035 692.3077 25.8558
v 384.7342 692.3077 26.0471
v 385.8966 692.3077 26.2334
v 386.9884 692.3077 26.4134
v 388.0077 692.3077 26.5859
v 388.9525 692.3077 26.7496
v 389.8210 692.3077 26.9035
v 390.6117 692.3077 27.0464
v 391.3230 692.3077 27.1772
v 391.9538 692.3077 27.2950
v 392.5028 692.3077 27.3990
v 392.9690 692.3077 27.4884
v 393.3516 692.3077 27.5624
v 393.6499 692.3077 27.6206
v 393.8633 692.3077 27.6625
v 393.9916 692.3077 27.6877
v 394.0343 692.3077 27.6962
v 411.0864 750.0000 29.8640
v 411.0472 750.0000 29.8658
v 410.9298 750.0000 29.8713
v 410.7343 750.0000 29.8804
v 410.4611 750.0000 29.8932
v 410.1110 750.0000 29.9097
v 409.6847 750.0000 29.9300
v 409.1830 750.0000 29.9540
v 408.6071 750.0000 29.9817
v 407.9581 750.0000 30.0133
v 407.2376 750.0000 30.0488
v 406.4471 750.0000 30.0883
v 405.5882 750.0000 30.1317
v 404.6628 750.0000 30.1794
v 403.6728 750.0000 30.2312
v 402.6204 750.0000 30.2874
v 401.5077 750.0000 30.3480
v 400.3371 750.0000 30.4132
v 399.1110 750.0000 30.4831
v 397.8321 750.0000 30.5577
v 396.5029 750.0000 30.6372
v 395.1261 750.0000 30.7217
v 393.7047 750.0000 30.8112
v 392.2416 750.0000 30.9058
v 390.7397 750.0000 31.0055
v 389.2020 750.0000 31.1101
v 387.6318 750.0000 31.2197
v 386.0321 750.0000 31.3340
v 384.4063 750.0000 31.4530
v 382.7419 750.0000 31.5726
v 381.0523 750.0000 31.6847
v 379.3448 750.0000 31.7884
v 377.6229 750.0000 31.8829
v 375.8902 750.0000 31.9675
v 374.1502 750.0000 32.0415
v 372.4064 750.0000 32.1043
v 370.6624 750.0000 32.1551
v 368.9217 750.0000 32.1935
v 367.1881 750.0000 32.2188
v 365.4650 750.0000 32.2305
v 363.7561 750.0000 32.2283
v 362.0550 750.0000 32.2100
v 360.3686 750.0000 32.1704
v 358.7071 750.0000 32.1093
v 357.0742 750.0000 32.0267
v 355.4734 750.0000 31.9231
v 353.9082 750.0000 31.7988
v 352.3819 750.0000 31.6546
v 350.8979 750.0000 31.4911
v 349.4593 750.0000 31.3091
v 348.0692 750.0000 31.1098
v 346.7306 750.0000 30.8942
v 345.4464 750.0000 30.6634
v 344.2191 750.0000 30.4188
v 343.0515 750.0000 30.1617
v 341.9458 750.0000 29.8936
v 340.9044 750.0000 29.6160
v 339.9292 750.0000 29.3304
v 339.0223 750.0000 29.0384
v 338.1854 750.0000 28.7413
v 337.4200 750.0000 28.4409
v 336.7276 750.0000 28.1384
v 336.1095 750.0000 27.8354
v 335.5667 750.0000 27.5330
v 335.1001 750.0000 27.2327
v 334.7106 750.0000 26.9353
v 334.3986 750.0000 26.6420
v 334.1647 750.0000 26.3536
v 334.0091 750.0000 26.0706
v 333.9319 750.0000 25.7937
v 333.9330 750.0000 25.5233
v 334.0117 750.0000 25.2645
v 334.1666 750.0000 25.0225
v 334.3974 750.0000 24.7975
v 334.7034 750.0000 24.5895
v 335.0837 750.0000 24.3985
v 335.5376 750.0000 24.2246
v 336.0638 750.0000 24.0675
v 336.6611 750.0000 23.9275
v 337.3283 750.0000 23.8042
v 338.0638 750.0000 23.6976
v 338.8661 750.0000 23.6074
v 339.7335 750.0000 23.5335
v 340.6641 750.0000 23.4755
v 341.6561 750.0000 23.4330
v 342.7076 750.0000 23.4055
v 343.8163 750.0000 23.3926
v 344.9802 750.0000 23.3937
v 346.1971 750.0000 23.4081
v 347.4645 750.0000 23.4350
v 348.7801 750.0000 23.4737
v 350.1415 750.0000 23.5232
v 351.5462 750.0000 23.5827
v 352.9915 750.0000 23.6511
v 354.4748 750.0000 23.7274
v 355.9933 750.0000 23.8105
v 357.5444 750.0000 23.8993
v 359.1251 750.0000 23.9928
v 360.7326 750.0000 24.0897
v 362.3640 750.0000 24.1889
v 364.0226 750.0000 24.2902
v 365.7085 750.0000 24.3977
v 367.4082 750.0000 24.5114
v 369.1186 750.0000 24.6305
v 370.8363 750.0000 24.7542
v 372.5578 750.0000 24.8817
v 374.2799 750.0000 25.0122
v 375.9990 750.0000 25.1450
v 377.7119 750.0000 25.2794
v 379.4150 750.0000 25.4146
v 381.1050 750.0000 25.5501
v 382.7785 750.0000 25.6853
v 384.4361 750.0000 25.8199
v 386.0839 750.0000 25.9610
v 387.7027 750.0000 26.1110
v 389.2893 750.0000 26.2690
v 390.8405 750.0000 26.4339
v 392.3534 750.0000 26.6046
v 393.8248 750.0000 26.7801
v 395.2519 750.0000 26.9591
v 396.6319 750.0000 27.1406
v 397.9621 750.0000 27.3233
v 399.2400 750.0000 27.5061
v 400.4631 750.0000 27.6878
v 401.6290 750.0000 27.8672
v 402.7356 750.0000 28.0430
v 403.7807 750.0000 28.2141
v 404.7624 750.0000 28.3794
v 405.6788 750.0000 28.5377
v 406.5283 750.0000 28.6879
v 407.3091 750.0000 28.8290
v 408.0200 750.0000 28.9600
v 408.6595 750.0000 29.0799
v 409.2266 750.0000 29.1878
v 409.7202 750.0000 29.2831
v 410.1393 750.0000 29.3649
v 410.4833 750.0000 29.4327
v 410.7515 750.0000 29.4859
v 410.9434 750.0000 29.5243
v 411.0586 750.0000 29.5474
v 411.0971 750.0000 29.5551
v 419.6745 756.7504 49.9654
v 419.6397 756.7504 49.9673
v 419.5352 756.7504 49.9730
v 419.3613 756.7504 49.9826
v 419.1184 756.7504 49.9959
v 418.8070 756.7504 50.0131
v 418.4278 756.7504 50.0340
v 417.9815 756.7504 50.0586
v 417.4692 756.7504 50.0870
v 416.8919 756.7504 50.1190
v 416.2509 756.7504 50.1547
v 415.5475 756.7504 50.1940
v 414.7831 756.7504 50.2370
v 413.9595 756.7504 50.2835
v 413.0784 756.7504 50.3337
v 412.1415 756.7504 50.3875
v 411.1509 756.7504 50.4448
v 410.1087 756.7504 50.5058
v 409.0169 756.7504 50.5703
v 407.8779 756.7504 50.6385
v 406.6939 756.7504 50.7102
v 405.4675 756.7504 50.7855
v 404.2012 756.7504 50.8644
v 402.8975 756.7504 50.9467
v 401.5591 756.7504 51.0324
v 400.1887 756.7504 51.1214
v 398.7891 756.7504 51.2135
v 397.3631 756.7504 51.3085
v 395.9136 756.7504 51.4063
v 394.4324 756.7504 51.5039
v 392.9296 756.7504 51.5954
v 391.4111 756.7504 51.6800
v 389.8798 756.7504 51.7572
v 388.3390 756.7504 51.8264
v 386.7918 756.7504 51.8868
v 385.2413 756.7504 51.9380
v 383.6907 756.7504 51.9795
v 382.1432 756.7504 52.0106
v 380.6020 756.7504 52.0309
v 379.0702 756.7504 52.0399
v 377.5510 756.7504 52.0373
v 376.0405 756.7504 52.0215
v 374.5442 756.7504 51.9886
v 373.0701 756.7504 51.9385
v 371.6212 756.7504 51.8711
v 370.2007 756.7504 51.7866
v 368.8116 756.7504 51.6854
v 367.4568 756.7504 51.5678
v 366.1393 756.7504 51.4344
v 364.8619 756.7504 51.2856
v 363.6272 756.7504 51.1223
v 362.4379 756.7504 50.9452
v 361.2965 756.7504 50.7553
v 360.2053 756.7504 50.5535
v 359.1667 756.7504 50.3408
v 358.1826 756.7504 50.1183
v 357.2552 756.7504 49.8873
v 356.3863 756.7504 49.6487
v 355.5775 756.7504 49.4040
v 354.8306 756.7504 49.1542
v 354.1468 756.7504 48.9005
v 353.5276 756.7504 48.6441
v 352.9740 756.7504 48.3861
v 352.4871 756.7504 48.1276
v 352.0676 756.7504 47.8695
v 351.7164 756.7504 47.6127
v 351.4340 756.7504 47.3580
v 351.2208 756.7504 47.1061
v 351.0771 756.7504 46.8576
v 351.0031 756.7504 46.6128
v 350.9987 756.7504 46.3722
v 351.0633 756.7504 46.1403
v 351.1960 756.7504 45.9219
v 351.3965 756.7504 45.7170
v 351.6642 756.7504 45.5257
v 351.9984 756.7504 45.3481
v 352.3984 756.7504 45.1844
v 352.8632 756.7504 45.0345
v 353.3917 756.7504 44.8985
v 353.9829 756.7504 44.7765
v 354.6354 756.7504 44.6683
v 355.3478 756.7504 44.5741
v 356.1187 756.7504 44.4937
v 356.9465 756.7504 44.4269
v 357.8294 756.7504 44.3736
v 358.7657 756.7504 44.3335
v 359.7536 756.7504 44.3064
v 360.7911 756.7504 44.2919
v 361.8763 756.7504 44.2896
v 363.0069 756.7504 44.2989
v 364.1808 756.7504 44.3192
v 365.3959 756.7504 44.3501
v 366.6499 756.7504 44.3908
v 367.9403 756.7504 44.4405
v 369.2648 756.7504 44.4984
v 370.6209 756.7504 44.5639
v 372.0060 756.7504 44.6359
v 373.4177 756.7504 44.7136
v 374.8532 756.7504 44.7961
v 376.3098 756.7504 44.8825
v 377.7896 756.7504 44.9725
v 379.2917 756.7504 45.0688
v 380.8061 756.7504 45.1716
v 382.3299 756.7504 45.2799
v 383.8601 756.7504 45.3930
v 385.3936 756.7504 45.5104
v 386.9274 756.7504 45.6311
v 388.4584 756.7504 45.7547
v 389.9837 756.7504 45.8804
v 391.5002 756.7504 46.0077
v 393.0049 756.7504 46.1359
v 394.4947 756.7504 46.2645
v 395.9695 756.7504 46.3932
v 397.4330 756.7504 46.5268
v 398.8710 756.7504 46.6671
v 400.2806 756.7504 46.8131
v 401.6590 756.7504 46.9639
v 403.0035 756.7504 47.1188
v 404.3114 756.7504 47.2768
v 405.5802 756.7504 47.4369
v 406.8073 756.7504 47.5982
v 407.9903 756.7504 47.7598
v 409.1270 756.7504 47.9207
v 410.2152 756.7504 48.0799
v 411.2526 756.7504 48.2365
v 412.2374 756.7504 48.3896
v 413.1676 756.7504 48.5381
v 414.0416 756.7504 48.6812
v 414.8575 756.7504 48.8179
v 415.6139 756.7504 48.9474
v 416.3093 756.7504 49.0688
v 416.9424 756.7504 49.1813
v 417.5122 756.7504 49.2841
v 418.0173 756.7504 49.3766
v 418.4571 756.7504 49.4581
v 418.8305 756.7504 49.5280
v 419.1370 756.7504 49.5860
v 419.3760 756.7504 49.6315
v 419.5470 756.7504 49.6642
v 419.6498 756.7504 49.6839
v 419.6840 756.7504 49.6905
v 428.2603 763.5007 70.1335
v 428.2298 763.5007 70.1355
v 428.1383 763.5007 70.1412
v 427.9861 763.5007 70.1509
v 427.7733 763.5007 70.1643
v 427.5006 763.5007 70.1814
v 427.1684 763.5007 70.2023
v 426.7775 763.5007 70.2268
v 426.3287 763.5007 70.2548
v 425.8230 763.5007 70.2863
v 425.2614 763.5007 70.3212
v 424.6450 763.5007 70.3593
v 423.9753 763.5007 70.4007
v 423.2535 763.5007 70.4452
v 422.4812 763.5007 70.4927
v 421.6600 763.5007 70.5431
v 420.7915 763.5007 70.5963
v 419.8777 763.5007 70.6523
v 418.9203 763.5007 70.7110
v 417.9214 763.5007 70.7723
v 416.8830 763.5007 70.8360
v 415.8072 763.5007 70.9021
v 414.6962 763.5007 70.9704
v 413.5523 763.5007 71.0409
v 412.3779 763.5007 71.1134
v 411.1752 763.5007 71.1878
v 409.9467 763.5007 71.2637
v 408.6950 763.5007 71.3411
v 407.4225 763.5007 71.4197
v 406.1245 763.5007 71.4975
v 404.8083 763.5007 71.5704
v 403.4783 763.5007 71.6379
v 402.1374 763.5007 71.6995
v 400.7882 763.5007 71.7547
v 399.4334 763.5007 71.8029
v 398.0759 763.5007 71.8438
v 396.7183 763.5007 71.8767
v 395.3635 763.5007 71.9014
v 394.0143 763.5007 71.9172
v 392.6733 763.5007 71.9239
v 391.3434 763.5007 71.9211
v 390.0227 763.5007 71.9076
v 388.7154 763.5007 71.8809
v 387.4275 763.5007 71.8406
v 386.1615 763.5007 71.7869
v 384.9202 763.5007 71.7197
v 383.7063 763.5007 71.6391
v 382.5222 763.5007 71.5454
v 381.3704 763.5007 71.4390
v 380.2535 763.5007 71.3201
v 379.1736 763.5007 71.1893
v 378.1331 763.5007 71.0470
v 377.1342 763.5007 70.8941
v 376.1788 763.5007 70.7310
v 375.2690 763.5007 70.5587
v 374.4066 763.5007 70.3778
v 373.5934 763.5007 70.1893
v 372.8309 763.5007 69.9939
v 372.1207 763.5007 69.7927
v 371.4643 763.5007 69.5865
v 370.8628 763.5007 69.3763
v 370.3175 763.5007 69.1628
v 369.8293 763.5007 68.9470
v 369.3991 763.5007 68.7297
v 369.0279 763.5007 68.5117
v 368.7161 763.5007 68.2936
v 368.4643 763.5007 68.0761
v 368.2731 763.5007 67.8597
v 368.1426 763.5007 67.6448
v 368.0730 763.5007 67.4319
v 368.0643 763.5007 67.2211
v 368.1162 763.5007 67.0166
v 368.2280 763.5007 66.8225
v 368.3994 763.5007 66.6390
v 368.6299 763.5007 66.4661
v 368.9190 763.5007 66.3039
v 369.2661 763.5007 66.1527
v 369.6703 763.5007 66.0125
v 370.1308 763.5007 65.8835
v 370.6466 763.5007 65.7657
v 371.2166 763.5007 65.6594
v 371.8396 763.5007 65.5645
v 372.5143 763.5007 65.4812
v 373.2392 763.5007 65.4094
v 374.0131 763.5007 65.3491
v 374.8342 763.5007 65.3003
v 375.7010 763.5007 65.2628
v 376.6117 763.5007 65.2365
v 377.5646 763.5007 65.2210
v 378.5578 763.5007 65.2163
v 379.5893 763.5007 65.2218
v 380.6573 763.5007 65.2372
v 381.7596 763.5007 65.2620
v 382.8941 763.5007 65.2957
v 384.0588 763.5007 65.3377
v 385.2512 763.5007 65.3875
v 386.4693 763.5007 65.4444
v 387.7107 763.5007 65.5077
v 388.9730 763.5007 65.5767
v 390.2538 763.5007 65.6508
v 391.5538 763.5007 65.7295
v 392.8717 763.5007 65.8146
v 394.2004 763.5007 65.9059
v 395.5372 763.5007 66.0028
v 396.8795 763.5007 66.1047
v 398.2246 763.5007 66.2109
v 399.5699 763.5007 66.3208
v 400.9126 763.5007 66.4339
v 402.2502 763.5007 66.5495
v 403.5799 763.5007 66.6670
v 404.8991 763.5007 66.7860
v 406.2051 763.5007 66.9060
v 407.4972 763.5007 67.0265
v 408.7771 763.5007 67.1508
v 410.0350 763.5007 67.2796
v 411.2682 763.5007 67.4122
v 412.4744 763.5007 67.5480
v 413.6510 763.5007 67.6863
v 414.7959 763.5007 67.8263
v 415.9066 763.5007 67.9673
v 416.9811 763.5007 68.1085
v 418.0172 763.5007 68.2492
v 419.0128 763.5007 68.3887
v 419.9661 763.5007 68.5261
v 420.8751 763.5007 68.6607
v 421.7381 763.5007 68.7919
v 422.5535 763.5007 68.9187
v 423.3195 763.5007 69.0406
v 424.0349 763.5007 69.1567
v 424.6981 763.5007 69.2665
v 425.3080 763.5007 69.3692
v 425.8633 763.5007 69.4642
v 426.3631 763.5007 69.5510
v 426.8062 763.5007 69.6289
v 427.1920 763.5007 69.6974
v 427.5197 763.5007 69.7562
v 427.7887 763.5007 69.8049
v 427.9984 763.5007 69.8431
v 428.1484 763.5007 69.8705
v 428.2386 763.5007 69.8871
v 428.2687 763.5007 69.8926
v 436.8438 770.2511 90.3684
v 436.8176 770.2511 90.3703
v 436.7391 770.2511 90.3759
v 436.6084 770.2511 90.3852
v 436.4258 770.2511 90.3982
v 436.1917 770.2511 90.4148
v 435.9065 770.2511 90.4349
v 435.5710 770.2511 90.4584
v 435.1856 770.2511 90.4852
v 434.7514 770.2511 90.5152
v 434.2691 770.2511 90.5483
v 433.7398 770.2511 90.5842
v 433.1646 770.2511 90.6230
v 432.5446 770.2511 90.6643
v 431.8812 770.2511 90.7081
v 431.1756 770.2511 90.7543
v 430.4294 770.2511 90.8026
v 429.6441 770.2511 90.8529
v 428.8214 770.2511 90.9051
v 427.9627 770.2511 90.9590
v 427.0701 770.2511 91.0145
v 426.1451 770.2511 91.0713
v 425.1899 770.2511 91.1294
v 424.2062 770.2511 91.1886
v 423.1960 770.2511 91.2486
v 422.1615 770.2511 91.3093
v 421.1047 770.2511 91.3705
v 420.0278 770.2511 91.4319
v 418.9329 770.2511 91.4933
v 417.8181 770.2511 91.5533
v 416.6882 770.2511 91.6097
v 415.5466 770.2511 91.6620
v 414.3957 770.2511 91.7097
v 413.2377 770.2511 91.7525
v 412.0751 770.2511 91.7899
v 410.9101 770.2511 91.8215
v 409.7452 770.2511 91.8469
v 408.5827 770.2511 91.8658
v 407.4250 770.2511 91.8778
v 406.2745 770.2511 91.8825
v 405.1335 770.2511 91.8796
v 404.0016 770.2511 91.8683
v 402.8822 770.2511 91.8471
v 401.7793 770.2511 91.8157
v 400.6952 770.2511 91.7741
v 399.6322 770.2511 91.7222
v 398.5924 770.2511 91.6599
v 397.5780 770.2511 91.5875
v 396.5912 770.2511 91.5050
v 395.6340 770.2511 91.4127
v 394.7083 770.2511 91.3108
v 393.8161 770.2511 91.1998
v 392.9593 770.2511 91.0799
v 392.1395 770.2511 90.9517
v 391.3584 770.2511 90.8157
v 390.6176 770.2511 90.6724
v 389.9187 770.2511 90.5224
v 389.2630 770.2511 90.3664
v 388.6518 770.2511 90.2049
v 388.0864 770.2511 90.0388
v 387.5678 770.2511 89.8685
v 387.0971 770.2511 89.6949
v 386.6752 770.2511 89.5184
v 386.3028 770.2511 89.3398
v 385.9807 770.2511 89.1595
v 385.7094 770.2511 88.9782
v 385.4896 770.2511 88.7963
v 385.3214 770.2511 88.6142
v 385.2054 770.2511 88.4323
v 385.1415 770.2511 88.2508
v 385.1300 770.2511 88.0700
v 385.1705 770.2511 87.8934
v 385.2625 770.2511 87.7245
v 385.4060 770.2511 87.5635
v 385.6005 770.2511 87.4105
v 385.8455 770.2511 87.2657
v 386.1407 770.2511 87.1292
v 386.4852 770.2511 87.0012
v 386.8784 770.2511 86.8820
v 387.3195 770.2511 86.7716
v 387.8075 770.2511 86.6704
v 388.3414 770.2511 86.5783
v 388.9202 770.2511 86.4957
v 389.5425 770.2511 86.4226
v 390.2073 770.2511 86.3592
v 390.9131 770.2511 86.3054
v 391.6585 770.2511 86.2614
v 392.4420 770.2511 86.2270
v 393.2621 770.2511 86.2023
v 394.1172 770.2511 86.1870
v 395.0056 770.2511 86.1811
v 395.9256 770.2511 86.1842
v 396.8753 770.2511 86.1962
v 397.8530 770.2511 86.2166
v 398.8567 770.2511 86.2452
v 399.8844 770.2511 86.2814
v 400.9343 770.2511 86.3249
v 402.0042 770.2511 86.3751
v 403.0921 770.2511 86.4316
v 404.1959 770.2511 86.4937
v 405.3152 770.2511 86.5612
v 406.4486 770.2511 86.6348
v 407.5911 770.2511 86.7144
v 408.7406 770.2511 86.7994
v 409.8946 770.2511 86.8892
v 411.0511 770.2511 86.9833
v 412.2075 770.2511 87.0813
v 413.3617 770.2511 87.1825
v 414.5113 770.2511 87.2864
v 415.6540 770.2511 87.3926
v 416.7875 770.2511 87.5006
v 417.9096 770.2511 87.6098
v 419.0191 770.2511 87.7200
v 420.1163 770.2511 87.8328
v 421.1947 770.2511 87.9485
v 422.2522 770.2511 88.0665
v 423.2866 770.2511 88.1862
v 424.2959 770.2511 88.3072
v 425.2780 770.2511 88.4288
v 426.2311 770.2511 88.5504
v 427.1532 770.2511 88.6716
v 428.0425 770.2511 88.7917
v 428.8973 770.2511 88.9101
v 429.7158 770.2511 89.0263
v 430.4965 770.2511 89.1397
v 431.2377 770.2511 89.2498
v 431.9381 770.2511 89.3559
v 432.5963 770.2511 89.4576
v 433.2110 770.2511 89.5542
v 433.7811 770.2511 89.6453
v 434.3053 770.2511 89.7304
v 434.7826 770.2511 89.8089
v 435.2123 770.2511 89.8805
v 435.5933 770.2511 89.9447
v 435.9251 770.2511 90.0012
v 436.2068 770.2511 90.0495
v 436.4381 770.2511 90.0895
v 436.6185 770.2511 90.1209
v 436.7476 770.2511 90.1434
v 436.8251 770.2511 90.1570
v 436.8510 770.2511 90.1615
v 445.4250 777.0015 110.6701
v 445.4032 777.0015 110.6718
v 445.3376 777.0015 110.6771
v 445.2284 777.0015 110.6857
v 445.0759 777.0015 110.6978
v 444.8803 777.0015 110.7132
v 444.6421 777.0015 110.7318
v 444.3618 777.0015 110.7535
v 444.0399 777.0015 110.7782
v 443.6771 777.0015 110.8058
v 443.2741 777.0015 110.8360
v 442.8318 777.0015 110.8687
v 442.3511 777.0015 110.9037
v 441.8329 777.0015 110.9409
v 441.2784 777.0015 110.9801
v 440.6885 777.0015 111.0210
v 440.0647 777.0015 111.0635
v 439.4080 777.0015 111.1075
v 438.7200 777.0015 111.1526
v 438.0018 777.0015 111.1987
v 437.2551 777.0015 111.2457
v 436.4814 777.0015 111.2933
v 435.6821 777.0015 111.3413
v 434.8589 777.0015 111.3896
v 434.0136 777.0015 111.4379
v 433.1477 777.0015 111.4859
v 432.2631 777.0015 111.5336
v 431.3616 777.0015 111.5807
v 430.4449 777.0015 111.6269
v 429.5132 777.0015 111.6715
v 428.5694 777.0015 111.7134
v 427.6159 777.0015 111.7523
v 426.6547 777.0015 111.7879
v 425.6877 777.0015 111.8198
v 424.7168 777.0015 111.8476
v 423.7440 777.0015 111.8712
v 422.7714 777.0015 111.8901
v 421.8008 777.0015 111.9040
v 420.8342 777.0015 111.9126
v 419.8737 777.0015 111.9156
v 418.9211 777.0015 111.9128
v 417.9773 777.0015 111.9037
v 417.0446 777.0015 111.8874
v 416.1256 777.0015 111.8638
v 415.2223 777.0015 111.8328
v 414.3364 777.0015 111.7942
v 413.4698 777.0015 111.7479
v 412.6243 777.0015 111.6941
v 411.8016 777.0015 111.6326
v 411.0034 777.0015 111.5636
v 410.2313 777.0015 111.4872
v 409.4869 777.0015 111.4036
v 408.7718 777.0015 111.3130
v 408.0872 777.0015 111.2157
v 407.4348 777.0015 111.1120
v 406.8157 777.0015 111.0023
v 406.2312 777.0015 110.8869
v 405.6825 777.0015 110.7663
v 405.1707 777.0015 110.6409
v 404.6968 777.0015 110.5112
v 404.2617 777.0015 110.3776
v 403.8664 777.0015 110.2405
v 403.5115 777.0015 110.1005
v 403.1979 777.0015 109.9579
v 402.9260 777.0015 109.8132
v 402.6964 777.0015 109.6668
v 402.5096 777.0015 109.5189
v 402.3659 777.0015 109.3700
v 402.2655 777.0015 109.2202
v 402.2088 777.0015 109.0698
v 402.1956 777.0015 108.9189
v 402.2260 777.0015 108.7705
v 402.2997 777.0015 108.6277
v 402.4164 777.0015 108.4904
v 402.5760 777.0015 108.3588
v 402.7781 777.0015 108.2332
v 403.0223 777.0015 108.1137
v 403.3080 777.0015 108.0005
v 403.6347 777.0015 107.8938
v 404.0017 777.0015 107.7939
v 404.4083 777.0015 107.7010
v 404.8535 777.0015 107.6153
v 405.3366 777.0015 107.5370
v 405.8565 777.0015 107.4664
v 406.4121 777.0015 107.4036
v 407.0024 777.0015 107.3487
v 407.6261 777.0015 107.3020
v 408.2821 777.0015 107.2634
v 408.9689 777.0015 107.2331
v 409.6853 777.0015 107.2110
v 410.4298 777.0015 107.1970
v 411.2009 777.0015 107.1912
v 411.9971 777.0015 107.1933
v 412.8169 777.0015 107.2033
v 413.6586 777.0015 107.2207
v 414.5205 777.0015 107.2456
v 415.4009 777.0015 107.2774
v 416.2982 777.0015 107.3158
v 417.2106 777.0015 107.3606
v 418.1361 777.0015 107.4113
v 419.0739 777.0015 107.4676
v 420.0222 777.0015 107.5296
v 420.9782 777.0015 107.5971
v 421.9399 777.0015 107.6696
v 422.9055 777.0015 107.7466
v 423.8728 777.0015 107.8277
v 424.8402 777.0015 107.9125
v 425.8055 777.0015 108.0005
v 426.7669 777.0015 108.0912
v 427.7224 777.0015 108.1844
v 428.6702 777.0015 108.2794
v 429.6084 777.0015 108.3759
v 430.5354 777.0015 108.4736
v 431.4506 777.0015 108.5730
v 432.3502 777.0015 108.6738
v 433.2325 777.0015 108.7758
v 434.0957 777.0015 108.8785
v 434.9381 777.0015 108.9814
v 435.7580 777.0015 109.0841
v 436.5537 777.0015 109.1863
v 437.3237 777.0015 109.2875
v 438.0665 777.0015 109.3872
v 438.7805 777.0015 109.4850
v 439.4644 777.0015 109.5806
v 440.1167 777.0015 109.6736
v 440.7362 777.0015 109.7634
v 441.3217 777.0015 109.8497
v 441.8720 777.0015 109.9321
v 442.3860 777.0015 110.0103
v 442.8626 777.0015 110.0837
v 443.3011 777.0015 110.1522
v 443.7004 777.0015 110.2153
v 444.0598 777.0015 110.2727
v 444.3786 777.0015 110.3241
v 444.6561 777.0015 110.3692
v 444.8919 777.0015 110.4078
v 445.0855 777.0015 110.4397
v 445.2364 777.0015 110.4647
v 445.3445 777.0015 110.4827
v 445.4094 777.0015 110.4935
v 445.4310 777.0015 110.4971
v 454.0039 783.7519 131.0385
v 453.9863 783.7519 131.0400
v 453.9337 783.7519 131.0447
v 453.8460 783.7519 131.0524
v 453.7235 783.7519 131.0630
v 453.5665 783.7519 131.0766
v 453.3752 783.7519 131.0931
v 453.1501 783.7519 131.1122
v 452.8915 783.7519 131.1339
v 452.6001 783.7519 131.1580
v 452.2764 783.7519 131.1843
v 451.9211 783.7519 131.2127
v 451.5348 783.7519 131.2430
v 451.1184 783.7519 131.2750
v 450.6728 783.7519 131.3085
v 450.1987 783.7519 131.3433
v 449.6972 783.7519 131.3792
v 449.1694 783.7519 131.4160
v 448.6161 783.7519 131.4535
v 448.0387 783.7519 131.4914
v 447.4382 783.7519 131.5297
v 446.8158 783.7519 131.5680
v 446.1729 783.7519 131.6061
v 445.5107 783.7519 131.6440
v 444.8305 783.7519 131.6812
v 444.1338 783.7519 131.7178
v 443.4219 783.7519 131.7533
v 442.6963 783.7519 131.7877
v 441.9584 783.7519 131.8207
v 441.2098 783.7519 131.8521
v 440.4519 783.7519 131.8816
v 439.6862 783.7519 131.9090
v 438.9144 783.7519 131.9341
v 438.1380 783.7519 131.9566
v 437.3586 783.7519 131.9763
v 436.5776 783.7519 131.9929
v 435.7968 783.7519 132.0061
v 435.0177 783.7519 132.0158
v 434.2419 783.7519 132.0216
v 433.4709 783.7519 132.0234
v 432.7063 783.7519 132.0208
v 431.9497 783.7519 132.0136
v 431.2025 783.7519 132.0017
v 430.4664 783.7519 131.9849
v 429.7427 783.7519 131.9630
v 429.0330 783.7519 131.9358
v 428.3386 783.7519 131.9033
v 427.6611 783.7519 131.8653
v 427.0017 783.7519 131.8218
v 426.3617 783.7519 131.7729
v 425.7426 783.7519 131.7185
v 425.1455 783.7519 131.6587
v 424.5716 783.7519 131.5935
v 424.0221 783.7519 131.5232
v 423.4981 783.7519 131.4479
v 423.0006 783.7519 131.3678
v 422.5307 783.7519 131.2831
v 422.0893 783.7519 131.1941
v 421.6772 783.7519 131.1010
v 421.2954 783.7519 131.0041
v 420.9445 783.7519 130.9037
v 420.6253 783.7519 130.8001
v 420.3384 783.7519 130.6936
v 420.0844 783.7519 130.5845
v 419.8637 783.7519 130.4730
v 419.6769 783.7519 130.3594
v 419.5244 783.7519 130.2441
v 419.4063 783.7519 130.1270
v 419.3230 783.7519 130.0086
v 419.2746 783.7519 129.8888
v 419.2613 783.7519 129.7678
v 419.2830 783.7519 129.6481
v 419.3395 783.7519 129.5319
v 419.4308 783.7519 129.4195
v 419.5566 783.7519 129.3109
v 419.7168 783.7519 129.2063
v 419.9110 783.7519 129.1059
v 420.1388 783.7519 129.0100
v 420.3997 783.7519 128.9186
v 420.6933 783.7519 128.8322
v 421.0189 783.7519 128.7509
v 421.3759 783.7519 128.6750
v 421.7635 783.7519 128.6047
v 422.1810 783.7519 128.5403
v 422.6276 783.7519 128.4819
v 423.1022 783.7519 128.4299
v 423.6040 783.7519 128.3843
v 424.1320 783.7519 128.3454
v 424.6850 783.7519 128.3132
v 425.2620 783.7519 128.2878
v 425.8618 783.7519 128.2694
v 426.4833 783.7519 128.2579
v 427.1250 783.7519 128.2532
v 427.7859 783.7519 128.2554
v 428.4644 783.7519 128.2643
v 429.1594 783.7519 128.2798
v 429.8693 783.7519 128.3017
v 430.5927 783.7519 128.3298
v 431.3283 783.7519 128.3639
v 432.0745 783.7519 128.4036
v 432.8298 783.7519 128.4488
v 433.5927 783.7519 128.4990
v 434.3618 783.7519 128.5540
v 435.1354 783.7519 128.6133
v 435.9119 783.7519 128.6768
v 436.6900 783.7519 128.7439
v 437.4679 783.7519 128.8144
v 438.2441 783.7519 128.8879
v 439.0171 783.7519 128.9640
v 439.7853 783.7519 129.0423
v 440.5472 783.7519 129.1225
v 441.3013 783.7519 129.2043
v 442.0460 783.7519 129.2873
v 442.7798 783.7519 129.3712
v 443.5014 783.7519 129.4556
v 444.2091 783.7519 129.5402
v 444.9016 783.7519 129.6248
v 445.5776 783.7519 129.7089
v 446.2356 783.7519 129.7924
v 446.8744 783.7519 129.8749
v 447.4926 783.7519 129.9561
v 448.0890 783.7519 130.0357
v 448.6625 783.7519 130.1134
v 449.2118 783.7519 130.1890
v 449.7359 783.7519 130.2622
v 450.2337 783.7519 130.3326
v 450.7042 783.7519 130.4001
v 451.1465 783.7519 130.4643
v 451.5596 783.7519 130.5249
v 451.9429 783.7519 130.5819
v 452.2954 783.7519 130.6347
v 452.6165 783.7519 130.6834
v 452.9056 783.7519 130.7275
v 453.1620 783.7519 130.7670
v 453.3853 783.7519 130.8016
v 453.5750 783.7519 130.8312
v 453.7307 783.7519 130.8556
v 453.8522 783.7519 130.8748
v 453.9391 783.7519 130.8885
v 453.9913 783.7519 130.8967
v 454.0087 783.7519 130.8995
v 95.3315 0.0000 2.8677
v 436.7570 783.7519 130.3727
v 189.3204 -0.0000 4.0983
v 189.2246 -0.0000 4.1061
v 188.9373 -0.0000 4.1294
v 188.4593 -0.0000 4.1684
v 187.7915 -0.0000 4.2229
v 186.9355 -0.0000 4.2930
v 185.8930 -0.0000 4.3787
v 184.6664 -0.0000 4.4799
v 183.2583 -0.0000 4.5966
v 181.6717 -0.0000 4.7289
v 179.9102 -0.0000 4.8769
v 177.9774 -0.0000 5.0404
v 175.8776 -0.0000 5.2196
v 173.6153 -0.0000 5.4146
v 171.1951 -0.0000 5.6254
v 168.6224 -0.0000 5.8521
v 165.9025 -0.0000 6.0948
v 163.0412 -0.0000 6.3535
v 160.0444 -0.0000 6.6284
v 156.9185 -0.0000 6.9195
v 153.6699 -0.0000 7.2268
v 150.3054 -0.0000 7.5503
v 146.8319 -0.0000 7.8899
v 143.2566 -0.0000 8.2454
v 139.5867 -0.0000 8.6166
v 135.8298 -0.0000 9.0030
v 131.9935 -0.0000 9.4043
v 128.0855 -0.0000 9.8198
v 124.1137 -0.0000 10.2488
v 120.0477 -0.0000 10.6826
v 115.9192 -0.0000 11.1003
v 111.7463 -0.0000 11.4988
v 107.5374 -0.0000 11.8761
v 103.3010 -0.0000 12.2300
v 99.0458 -0.0000 12.5586
v 94.7805 -0.0000 12.8599
v 90.5136 -0.0000 13.1321
v 86.2540 -0.0000 13.3733
v 82.0104 -0.0000 13.5821
v 77.7915 -0.0000 13.7567
v 73.6060 -0.0000 13.8959
v 69.4383 -0.0000 13.9952
v 65.3049 -0.0000 14.0411
v 61.2307 -0.0000 14.0320
v 57.2247 -0.0000 13.9680
v 53.2955 -0.0000 13.8497
v 49.4516 -0.0000 13.6780
v 45.7014 -0.0000 13.4539
v 42.0531 -0.0000 13.1791
v 38.5145 -0.0000 12.8554
v 35.0932 -0.0000 12.4849
v 31.7967 -0.0000 12.0701
v 28.6320 -0.0000 11.6136
v 25.6057 -0.0000 11.1185
v 22.7243 -0.0000 10.5878
v 19.9937 -0.0000 10.0249
v 17.4197 -0.0000 9.4332
v 15.0073 -0.0000 8.8163
v 12.7615 -0.0000 8.1778
v 10.6866 -0.0000 7.5212
v 8.7867 -0.0000 6.8502
v 7.0655 -0.0000 6.1681
v 5.5260 -0.0000 5.4782
v 4.1710 -0.0000 4.7838
v 3.0030 -0.0000 4.0876
v 2.0237 -0.0000 3.3924
v 1.2349 -0.0000 2.7005
v 0.6376 -0.0000 2.0138
v 0.2325 -0.0000 1.3341
v 0.0200 -0.0000 0.6625
v 0.0000 -0.0000 0.0000
v 0.1707 -0.0000 -0.6405
v 0.5297 -0.0000 -1.2461
v 1.0758 -0.0000 -1.8166
v 1.8076 -0.0000 -2.3520
v 2.7229 -0.0000 -2.8519
v 3.8196 -0.0000 -3.3164
v 5.0950 -0.0000 -3.7455
v 6.5461 -0.0000 -4.1392
v 8.1696 -0.0000 -4.4976
v 9.9619 -0.0000 -4.8209
v 11.9191 -0.0000 -5.1096
v 14.0371 -0.0000 -5.3641
v 16.3114 -0.0000 -5.5851
v 18.7373 -0.0000 -5.7732
v 21.3100 -0.0000 -5.9294
v 24.0243 -0.0000 -6.0548
v 26.8749 -0.0000 -6.1507
v 29.8562 -0.0000 -6.2185
v 32.9625 -0.0000 -6.2599
v 36.1878 -0.0000 -6.2766
v 39.5262 -0.0000 -6.2705
v 42.9713 -0.0000 -6.2438
v 46.5167 -0.0000 -6.1987
v 50.1558 -0.0000 -6.1374
v 53.8819 -0.0000 -6.0624
v 57.6880 -0.0000 -5.9762
v 61.5673 -0.0000 -5.8812
v 65.5123 -0.0000 -5.7800
v 69.5159 -0.0000 -5.6750
v 73.5866 -0.0000 -5.5674
v 77.7244 -0.0000 -5.4470
v 81.8969 -0.0000 -5.3124
v 86.0958 -0.0000 -5.1654
v 90.3130 -0.0000 -5.0079
v 94.5399 -0.0000 -4.8414
v 98.7684 -0.0000 -4.6675
v 102.9899 -0.0000 -4.4879
v 107.1961 -0.0000 -4.3039
v 111.3785 -0.0000 -4.1170
v 115.5289 -0.0000 -3.9282
v 119.6389 -0.0000 -3.7387
v 123.7099 -0.0000 -3.5494
v 127.7573 -0.0000 -3.3434
v 131.7346 -0.0000 -3.1131
v 135.6336 -0.0000 -2.8605
v 139.4467 -0.0000 -2.5880
v 143.1661 -0.0000 -2.2979
v 146.7845 -0.0000 -1.9928
v 150.2947 -0.0000 -1.6751
v 153.6898 -0.0000 -1.3475
v 156.9631 -0.0000 -1.0126
v 160.1082 -0.0000 -0.6731
v 163.1190 -0.0000 -0.3318
v 165.9897 -0.0000 0.0087
v 168.7146 -0.0000 0.3457
v 171.2887 -0.0000 0.6763
v 173.7069 -0.0000 0.9980
v 175.9646 -0.0000 1.3081
v 178.0576 -0.0000 1.6041
v 179.9820 -0.0000 1.8835
v 181.7340 -0.0000 2.1441
v 183.3105 -0.0000 2.3835
v 184.7084 -0.0000 2.5999
v 185.9252 -0.0000 2.7914
v 186.9586 -0.0000 2.9562
v 187.8068 -0.0000 3.0931
v 188.4681 -0.0000 3.2008
v 188.9413 -0.0000 3.2785
v 189.2256 -0.0000 3.3253
v 189.3204 -0.0000 3.3410
v 206.3815 -57.6923 6.0932
v 206.2900 -57.6923 6.1005
v 206.0159 -57.6923 6.1225
v 205.5595 -57.6923 6.1591
v 204.9221 -57.6923 6.2104
v 204.1050 -57.6923 6.2763
v 203.1098 -57.6923 6.3568
v 201.9390 -57.6923 6.4520
v 200.5948 -57.6923 6.5617
v 199.0804 -57.6923 6.6862
v 197.3989 -57.6923 6.8253
v 195.5539 -57.6923 6.9791
v 193.5495 -57.6923 7.1477
v 191.3899 -57.6923 7.3312
v 189.0798 -57.6923 7.5295
v 186.6239 -57.6923 7.7429
v 184.0276 -57.6923 7.9713
v 181.2962 -57.6923 8.2149
v 178.4356 -57.6923 8.4738
v 175.4517 -57.6923 8.7479
v 172.3506 -57.6923 9.0374
v 169.1389 -57.6923 9.3422
v 165.8232 -57.6923 9.6623
v 162.4102 -57.6923 9.9974
v 158.9070 -57.6923 10.3473
v 155.3207 -57.6923 10.7118
v 151.6586 -57.6923 11.0903
v 147.9281 -57.6923 11.4823
v 144.1367 -57.6923 11.8870
v 140.2553 -57.6923 12.2963
v 136.3143 -57.6923 12.6901
v 132.3309 -57.6923 13.0656
v 128.3132 -57.6923 13.4207
v 124.2693 -57.6923 13.7536
v 120.2075 -57.6923 14.0622
v 116.1360 -57.6923 14.3448
v 112.0631 -57.6923 14.5995
v 107.9972 -57.6923 14.8248
v 103.9465 -57.6923 15.0191
v 99.9195 -57.6923 15.1808
v 95.9244 -57.6923 15.3087
v 91.9464 -57.6923 15.3986
v 88.0011 -57.6923 15.4376
v 84.1125 -57.6923 15.4240
v 80.2890 -57.6923 15.3583
v 76.5388 -57.6923 15.2408
v 72.8701 -57.6923 15.0723
v 69.2910 -57.6923 14.8541
v 65.8091 -57.6923 14.5875
v 62.4320 -57.6923 14.2744
v 59.1669 -57.6923 13.9167
v 56.0210 -57.6923 13.5169
v 53.0009 -57.6923 13.0775
v 50.1130 -57.6923 12.6013
v 47.3634 -57.6923 12.0914
v 44.7579 -57.6923 11.5510
v 42.3017 -57.6923 10.9832
v 39.9999 -57.6923 10.3916
v 37.8571 -57.6923 9.7795
v 35.8775 -57.6923 9.1504
v 34.0649 -57.6923 8.5076
v 32.4228 -57.6923 7.8545
v 30.9542 -57.6923 7.1943
v 29.6618 -57.6923 6.5299
v 28.5477 -57.6923 5.8641
v 27.6139 -57.6923 5.1994
v 26.8618 -57.6923 4.5380
v 26.2925 -57.6923 3.8819
v 25.9066 -57.6923 3.2326
v 25.7046 -57.6923 2.5914
v 25.6863 -57.6923 1.9590
v 25.8499 -57.6923 1.3479
v 26.1933 -57.6923 0.7703
v 26.7153 -57.6923 0.2264
v 27.4143 -57.6923 -0.2837
v 28.2886 -57.6923 -0.7598
v 29.3359 -57.6923 -1.2019
v 30.5537 -57.6923 -1.6099
v 31.9392 -57.6923 -1.9840
v 33.4892 -57.6923 -2.3242
v 35.2002 -57.6923 -2.6307
v 37.0687 -57.6923 -2.9039
v 39.0905 -57.6923 -3.1444
v 41.2615 -57.6923 -3.3525
v 43.5772 -57.6923 -3.5292
v 46.0330 -57.6923 -3.6753
v 48.6238 -57.6923 -3.7918
v 51.3447 -57.6923 -3.8800
v 54.1903 -57.6923 -3.9413
v 57.1552 -57.6923 -3.9771
v 60.2338 -57.6923 -3.9892
v 63.4201 -57.6923 -3.9795
v 66.7083 -57.6923 -3.9500
v 70.0922 -57.6923 -3.9027
v 73.5655 -57.6923 -3.8400
v 77.1219 -57.6923 -3.7640
v 80.7546 -57.6923 -3.6772
v 84.4571 -57.6923 -3.5820
v 88.2224 -57.6923 -3.4808
v 92.0436 -57.6923 -3.3759
v 95.9288 -57.6923 -3.2684
v 99.8781 -57.6923 -3.1486
v 103.8604 -57.6923 -3.0152
v 107.8680 -57.6923 -2.8700
v 111.8929 -57.6923 -2.7147
v 115.9272 -57.6923 -2.5508
v 119.9629 -57.6923 -2.3799
v 123.9920 -57.6923 -2.2035
v 128.0065 -57.6923 -2.0229
v 131.9983 -57.6923 -1.8396
v 135.9594 -57.6923 -1.6545
v 139.8820 -57.6923 -1.4689
v 143.7674 -57.6923 -1.2833
v 147.6303 -57.6923 -1.0820
v 151.4262 -57.6923 -0.8575
v 155.1475 -57.6923 -0.6118
v 158.7866 -57.6923 -0.3472
v 162.3363 -57.6923 -0.0660
v 165.7896 -57.6923 0.2295
v 169.1396 -57.6923 0.5369
v 172.3797 -57.6923 0.8535
v 175.5036 -57.6923 1.1770
v 178.5051 -57.6923 1.5047
v 181.3784 -57.6923 1.8341
v 184.1179 -57.6923 2.1625
v 186.7184 -57.6923 2.4872
v 189.1748 -57.6923 2.8059
v 191.4826 -57.6923 3.1157
v 193.6371 -57.6923 3.4144
v 195.6345 -57.6923 3.6994
v 197.4709 -57.6923 3.9683
v 199.1429 -57.6923 4.2191
v 200.6472 -57.6923 4.4495
v 201.9813 -57.6923 4.6577
v 203.1425 -57.6923 4.8418
v 204.1286 -57.6923 5.0004
v 204.9380 -57.6923 5.1321
v 205.5690 -57.6923 5.2357
v 206.0206 -57.6923 5.3103
v 206.2919 -57.6923 5.3553
v 206.3824 -57.6923 5.3704
v 223.4406 -115.3846 8.1457
v 223.3535 -115.3846 8.1525
v 223.0923 -115.3846 8.1730
v 222.6577 -115.3846 8.2071
v 222.0506 -115.3846 8.2548
v 221.2723 -115.3846 8.3161
v 220.3245 -115.3846 8.3911
v 219.2093 -115.3846 8.4797
v 217.9291 -115.3846 8.5819
v 216.4867 -115.3846 8.6978
v 214.8852 -115.3846 8.8274
v 213.1280 -115.3846 8.9708
v 211.2189 -115.3846 9.1279
v 209.1621 -115.3846 9.2989
v 206.9618 -115.3846 9.4838
v 204.6227 -115.3846 9.6828
v 202.1498 -115.3846 9.8958
v 199.5484 -115.3846 10.1231
v 196.8238 -115.3846 10.3648
v 193.9817 -115.3846 10.6207
v 191.0281 -115.3846 10.8911
v 187.9691 -115.3846 11.1758
v 184.8110 -115.3846 11.4749
v 181.5603 -115.3846 11.7882
v 178.2236 -115.3846 12.1154
v 174.8078 -115.3846 12.4564
v 171.3197 -115.3846 12.8105
v 167.7665 -115.3846 13.1774
v 164.1553 -115.3846 13.5564
v 160.4584 -115.3846 13.9395
v 156.7047 -115.3846 14.3077
v 152.9107 -115.3846 14.6585
v 149.0841 -115.3846 14.9898
v 145.2325 -115.3846 15.2998
v 141.3639 -115.3846 15.5867
v 137.4862 -115.3846 15.8488
v 133.6071 -115.3846 16.0845
v 129.7348 -115.3846 16.2920
v 125.8771 -115.3846 16.4701
v 122.0419 -115.3846 16.6172
v 118.2372 -115.3846 16.7322
v 114.4488 -115.3846 16.8110
v 110.6916 -115.3846 16.8412
v 106.9885 -115.3846 16.8217
v 103.3475 -115.3846 16.7525
v 99.7765 -115.3846 16.6342
v 96.2831 -115.3846 16.4675
v 92.8751 -115.3846 16.2535
v 89.5598 -115.3846 15.9937
v 86.3443 -115.3846 15.6897
v 83.2356 -115.3846 15.3435
v 80.2405 -115.3846 14.9574
v 77.3652 -115.3846 14.5338
v 74.6159 -115.3846 14.0754
v 71.9984 -115.3846 13.5851
v 69.5180 -115.3846 13.0659
v 67.1800 -115.3846 12.5210
v 64.9890 -115.3846 11.9537
v 62.9495 -115.3846 11.3671
v 61.0654 -115.3846 10.7646
v 59.3404 -115.3846 10.1494
v 57.7778 -115.3846 9.5247
v 56.3804 -115.3846 8.8934
v 55.1507 -115.3846 8.2585
v 54.0910 -115.3846 7.6225
v 53.2028 -115.3846 6.9879
v 52.4877 -115.3846 6.3568
v 51.9467 -115.3846 5.7311
v 51.5804 -115.3846 5.1121
v 51.3891 -115.3846 4.5011
v 51.3727 -115.3846 3.8989
v 51.5296 -115.3846 3.3172
v 51.8576 -115.3846 2.7677
v 52.3556 -115.3846 2.2507
v 53.0222 -115.3846 1.7661
v 53.8555 -115.3846 1.3142
v 54.8536 -115.3846 0.8950
v 56.0140 -115.3846 0.5085
v 57.3341 -115.3846 0.1547
v 58.8107 -115.3846 -0.1666
v 60.4407 -115.3846 -0.4556
v 62.2204 -115.3846 -0.7126
v 64.1462 -115.3846 -0.9381
v 66.2140 -115.3846 -1.1326
v 68.4196 -115.3846 -1.2969
v 70.7584 -115.3846 -1.4318
v 73.2259 -115.3846 -1.5383
v 75.8171 -115.3846 -1.6176
v 78.5271 -115.3846 -1.6711
v 81.3506 -115.3846 -1.7001
v 84.2823 -115.3846 -1.7064
v 87.3166 -115.3846 -1.6917
v 90.4479 -115.3846 -1.6579
v 93.6703 -115.3846 -1.6071
v 96.9778 -115.3846 -1.5414
v 100.3643 -115.3846 -1.4629
v 103.8236 -115.3846 -1.3741
v 107.3493 -115.3846 -1.2770
v 110.9348 -115.3846 -1.1742
v 114.5735 -115.3846 -1.0677
v 118.2732 -115.3846 -0.9587
v 122.0339 -115.3846 -0.8378
v 125.8260 -115.3846 -0.7040
v 129.6421 -115.3846 -0.5589
v 133.4748 -115.3846 -0.4040
v 137.3163 -115.3846 -0.2410
v 141.1592 -115.3846 -0.0714
v 144.9958 -115.3846 0.1035
v 148.8184 -115.3846 0.2823
v 152.6195 -115.3846 0.4638
v 156.3913 -115.3846 0.6468
v 160.1265 -115.3846 0.8303
v 163.8262 -115.3846 1.0137
v 167.5045 -115.3846 1.2120
v 171.1189 -115.3846 1.4324
v 174.6622 -115.3846 1.6727
v 178.1273 -115.3846 1.9309
v 181.5072 -115.3846 2.2048
v 184.7952 -115.3846 2.4921
v 187.9849 -115.3846 2.7905
v 191.0698 -115.3846 3.0977
v 194.0441 -115.3846 3.4111
v 196.9019 -115.3846 3.7283
v 199.6375 -115.3846 4.0469
v 202.2458 -115.3846 4.3643
v 204.7217 -115.3846 4.6780
v 207.0604 -115.3846 4.9857
v 209.2575 -115.3846 5.2847
v 211.3088 -115.3846 5.5728
v 213.2104 -115.3846 5.8476
v 214.9587 -115.3846 6.1069
v 216.5505 -115.3846 6.3485
v 217.9827 -115.3846 6.5706
v 219.2527 -115.3846 6.7711
v 220.3582 -115.3846 6.9484
v 221.2970 -115.3846 7.1012
v 222.0676 -115.3846 7.2279
v 222.6683 -115.3846 7.3277
v 223.0982 -115.3846 7.3995
v 223.3565 -115.3846 7.4429
v 223.4426 -115.3846 7.4574
v 240.4987 -173.0769 10.2121
v 240.4159 -173.0769 10.2184
v 240.1678 -173.0769 10.2373
v 239.7549 -173.0769 10.2688
v 239.1781 -173.0769 10.3129
v 238.4387 -173.0769 10.3697
v 237.5383 -173.0769 10.4390
v 236.4788 -173.0769 10.5209
v 235.2625 -173.0769 10.6155
v 233.8921 -173.0769 10.7227
v 232.3706 -173.0769 10.8426
v 230.7011 -173.0769 10.9752
v 228.8874 -173.0769 11.1207
v 226.9332 -173.0769 11.2790
v 224.8427 -173.0769 11.4502
v 222.6205 -173.0769 11.6345
v 220.2711 -173.0769 11.8320
v 217.7995 -173.0769 12.0427
v 215.2109 -173.0769 12.2668
v 212.5107 -173.0769 12.5043
v 209.7045 -173.0769 12.7552
v 206.7982 -173.0769 13.0195
v 203.7977 -173.0769 13.2973
v 200.7092 -173.0769 13.5884
v 197.5390 -173.0769 13.8926
v 194.2936 -173.0769 14.2096
v 190.9796 -173.0769 14.5391
v 187.6037 -173.0769 14.8805
v 184.1726 -173.0769 15.2332
v 180.6601 -173.0769 15.5897
v 177.0937 -173.0769 15.9320
v 173.4891 -173.0769 16.2576
v 169.8535 -173.0769 16.5647
v 166.1943 -173.0769 16.8515
v 162.5189 -173.0769 17.1163
v 158.8349 -173.0769 17.3575
v 155.1497 -173.0769 17.5736
v 151.4710 -173.0769 17.7630
v 147.8062 -173.0769 17.9244
v 144.1628 -173.0769 18.0565
v 140.5485 -173.0769 18.1581
v 136.9497 -173.0769 18.2254
v 133.3807 -173.0769 18.2467
v 129.8632 -173.0769 18.2207
v 126.4047 -173.0769 18.1477
v 123.0128 -173.0769 18.0282
v 119.6948 -173.0769 17.8628
v 116.4579 -173.0769 17.6528
v 113.3092 -173.0769 17.3993
v 110.2554 -173.0769 17.1041
v 107.3032 -173.0769 16.7691
v 104.4588 -173.0769 16.3963
v 101.7284 -173.0769 15.9882
v 99.1178 -173.0769 15.5472
v 96.6323 -173.0769 15.0763
v 94.2773 -173.0769 14.5781
v 92.0575 -173.0769 14.0559
v 89.9774 -173.0769 13.5126
v 88.0412 -173.0769 12.9513
v 86.2527 -173.0769 12.3752
v 84.6154 -173.0769 11.7874
v 83.1323 -173.0769 11.1909
v 81.8061 -173.0769 10.5884
v 80.6394 -173.0769 9.9828
v 79.6340 -173.0769 9.3766
v 78.7916 -173.0769 8.7720
v 78.1136 -173.0769 8.1711
v 77.6009 -173.0769 7.5756
v 77.2542 -173.0769 6.9869
v 77.0737 -173.0769 6.4062
v 77.0594 -173.0769 5.8341
v 77.2095 -173.0769 5.2819
v 77.5222 -173.0769 4.7606
v 77.9963 -173.0769 4.2704
v 78.6304 -173.0769 3.8114
v 79.4229 -173.0769 3.3838
v 80.3719 -173.0769 2.9876
v 81.4749 -173.0769 2.6228
v 82.7295 -173.0769 2.2894
v 84.1328 -173.0769 1.9871
v 85.6817 -173.0769 1.7159
v 87.3728 -173.0769 1.4753
v 89.2026 -173.0769 1.2650
v 91.1672 -173.0769 1.0843
v 93.2626 -173.0769 0.9327
v 95.4845 -173.0769 0.8092
v 97.8286 -173.0769 0.7130
v 100.2902 -173.0769 0.6428
v 102.8645 -173.0769 0.5975
v 105.5466 -173.0769 0.5755
v 108.3314 -173.0769 0.5754
v 111.2137 -173.0769 0.5954
v 114.1881 -173.0769 0.6338
v 117.2489 -173.0769 0.6885
v 120.3906 -173.0769 0.7575
v 123.6074 -173.0769 0.8388
v 126.8932 -173.0769 0.9301
v 130.2420 -173.0769 1.0293
v 133.6477 -173.0769 1.1342
v 137.1039 -173.0769 1.2426
v 140.6181 -173.0769 1.3535
v 144.1901 -173.0769 1.4759
v 147.7919 -173.0769 1.6106
v 151.4166 -173.0769 1.7561
v 155.0569 -173.0769 1.9109
v 158.7057 -173.0769 2.0734
v 162.3558 -173.0769 2.2422
v 165.9998 -173.0769 2.4160
v 169.6306 -173.0769 2.5935
v 173.2408 -173.0769 2.7735
v 176.8234 -173.0769 2.9549
v 180.3710 -173.0769 3.1367
v 183.8851 -173.0769 3.3182
v 187.3787 -173.0769 3.5140
v 190.8116 -173.0769 3.7305
v 194.1769 -173.0769 3.9659
v 197.4678 -173.0769 4.2181
v 200.6779 -173.0769 4.4850
v 203.8006 -173.0769 4.7645
v 206.8299 -173.0769 5.0544
v 209.7597 -173.0769 5.3523
v 212.5844 -173.0769 5.6559
v 215.2983 -173.0769 5.9630
v 217.8963 -173.0769 6.2710
v 220.3733 -173.0769 6.5778
v 222.7245 -173.0769 6.8807
v 224.9454 -173.0769 7.1776
v 227.0319 -173.0769 7.4661
v 228.9798 -173.0769 7.7439
v 230.7856 -173.0769 8.0087
v 232.4458 -173.0769 8.2585
v 233.9573 -173.0769 8.4912
v 235.3174 -173.0769 8.7050
v 236.5234 -173.0769 8.8980
v 237.5731 -173.0769 9.0687
v 238.4646 -173.0769 9.2156
v 239.1963 -173.0769 9.3376
v 239.7668 -173.0769 9.4335
v 240.1750 -173.0769 9.5026
v 240.4203 -173.0769 9.5443
v 240.5020 -173.0769 9.5583
v 257.5563 -230.7692 12.2774
v 257.4778 -230.7692 12.2832
v 257.2428 -230.7692 12.3006
v 256.8516 -230.7692 12.3295
v 256.3051 -230.7692 12.3700
v 255.6046 -230.7692 12.4221
v 254.7515 -230.7692 12.4858
v 253.7477 -230.7692 12.5611
v 252.5953 -230.7692 12.6480
v 251.2970 -230.7692 12.7465
v 249.8554 -230.7692 12.8567
v 248.2737 -230.7692 12.9787
v 246.5553 -230.7692 13.1124
v 244.7038 -230.7692 13.2581
v 242.7232 -230.7692 13.4157
v 240.6178 -230.7692 13.5854
v 238.3918 -230.7692 13.7673
v 236.0501 -230.7692 13.9614
v 233.5975 -230.7692 14.1679
v 231.0392 -230.7692 14.3869
v 228.3805 -230.7692 14.6184
v 225.6269 -230.7692 14.8624
v 222.7840 -230.7692 15.1190
v 219.8578 -230.7692 15.3879
v 216.8541 -230.7692 15.6690
v 213.7792 -230.7692 15.9622
v 210.6392 -230.7692 16.2669
v 207.4405 -230.7692 16.5829
v 204.1896 -230.7692 16.9094
v 200.8616 -230.7692 17.2394
v 197.4826 -230.7692 17.5558
v 194.0673 -230.7692 17.8563
v 190.6228 -230.7692 18.1391
v 187.1559 -230.7692 18.4027
v 183.6738 -230.7692 18.6454
v 180.1836 -230.7692 18.8658
v 176.6923 -230.7692 19.0623
v 173.2071 -230.7692 19.2337
v 169.7352 -230.7692 19.3785
v 166.2837 -230.7692 19.4955
v 162.8598 -230.7692 19.5838
v 159.4506 -230.7692 19.6396
v 156.0698 -230.7692 19.6519
v 152.7378 -230.7692 19.6195
v 149.4619 -230.7692 19.5427
v 146.2491 -230.7692 19.4220
v 143.1065 -230.7692 19.2581
v 140.0408 -230.7692 19.0519
v 137.0587 -230.7692 18.8049
v 134.1666 -230.7692 18.5186
v 131.3708 -230.7692 18.1947
v 128.6773 -230.7692 17.8353
v 126.0918 -230.7692 17.4426
v 123.6198 -230.7692 17.0192
v 121.2665 -230.7692 16.5676
v 119.0368 -230.7692 16.0905
v 116.9352 -230.7692 15.5909
v 114.9660 -230.7692 15.0717
v 113.1331 -230.7692 14.5357
v 111.4402 -230.7692 13.9861
v 109.8905 -230.7692 13.4257
v 108.4870 -230.7692 12.8573
v 107.2321 -230.7692 12.2837
v 106.1282 -230.7692 11.7075
v 105.1772 -230.7692 11.1310
v 104.3806 -230.7692 10.5565
v 103.7396 -230.7692 9.9858
v 103.2553 -230.7692 9.4205
v 102.9282 -230.7692 8.8621
v 102.7585 -230.7692 8.3116
v 102.7462 -230.7692 7.7696
v 102.8896 -230.7692 7.2469
v 103.1869 -230.7692 6.7538
v 103.6371 -230.7692 6.2905
v 104.2388 -230.7692 5.8571
v 104.9905 -230.7692 5.4538
v 105.8903 -230.7692 5.0806
v 106.9359 -230.7692 4.7375
v 108.1251 -230.7692 4.4244
v 109.4551 -230.7692 4.1412
v 110.9229 -230.7692 3.8877
v 112.5254 -230.7692 3.6635
v 114.2591 -230.7692 3.4683
v 116.1205 -230.7692 3.3015
v 118.1057 -230.7692 3.1625
v 120.2107 -230.7692 3.0504
v 122.4313 -230.7692 2.9644
v 124.7633 -230.7692 2.9034
v 127.2019 -230.7692 2.8661
v 129.7426 -230.7692 2.8513
v 132.3806 -230.7692 2.8573
v 135.1108 -230.7692 2.8826
v 137.9282 -230.7692 2.9255
v 140.8275 -230.7692 2.9841
v 143.8034 -230.7692 3.0564
v 146.8503 -230.7692 3.1405
v 149.9626 -230.7692 3.2343
v 153.1347 -230.7692 3.3357
v 156.3605 -230.7692 3.4425
v 159.6342 -230.7692 3.5528
v 162.9628 -230.7692 3.6657
v 166.3461 -230.7692 3.7894
v 169.7577 -230.7692 3.9250
v 173.1909 -230.7692 4.0708
v 176.6389 -230.7692 4.2254
v 180.0949 -230.7692 4.3874
v 183.5521 -230.7692 4.5554
v 187.0035 -230.7692 4.7281
v 190.4424 -230.7692 4.9042
v 193.8619 -230.7692 5.0827
v 197.2551 -230.7692 5.2624
v 200.6153 -230.7692 5.4424
v 203.9436 -230.7692 5.6222
v 207.2525 -230.7692 5.8153
v 210.5039 -230.7692 6.0280
v 213.6912 -230.7692 6.2584
v 216.8080 -230.7692 6.5046
v 219.8482 -230.7692 6.7645
v 222.8056 -230.7692 7.0362
v 225.6745 -230.7692 7.3174
v 228.4491 -230.7692 7.6060
v 231.1241 -230.7692 7.8999
v 233.6943 -230.7692 8.1968
v 236.1546 -230.7692 8.4943
v 238.5003 -230.7692 8.7903
v 240.7268 -230.7692 9.0825
v 242.8300 -230.7692 9.3687
v 244.8057 -230.7692 9.6465
v 246.6503 -230.7692 9.9139
v 248.3603 -230.7692 10.1688
v 249.9324 -230.7692 10.4091
v 251.3637 -230.7692 10.6329
v 252.6515 -230.7692 10.8383
v 253.7935 -230.7692 11.0238
v 254.7875 -230.7692 11.1878
v 255.6317 -230.7692 11.3290
v 256.3245 -230.7692 11.4461
v 256.8647 -230.7692 11.5383
v 257.2512 -230.7692 11.6046
v 257.4834 -230.7692 11.6447
v 257.5609 -230.7692 11.6581
v 274.6135 -288.4615 14.3327
v 274.5394 -288.4615 14.3380
v 274.3174 -288.4615 14.3538
v 273.9479 -288.4615 14.3802
v 273.4318 -288.4615 14.4172
v 272.7701 -288.4615 14.4647
v 271.9644 -288.4615 14.5228
v 271.0163 -288.4615 14.5915
v 269.9279 -288.4615 14.6708
v 268.7016 -288.4615 14.7608
v 267.3400 -288.4615 14.8615
v 265.8461 -288.4615 14.9729
v 264.2230 -288.4615 15.0951
v 262.4743 -288.4615 15.2283
v 260.6036 -288.4615 15.3724
v 258.6150 -288.4615 15.5276
v 256.5125 -288.4615 15.6941
v 254.3007 -288.4615 15.8719
v 251.9842 -288.4615 16.0611
v 249.5678 -288.4615 16.2618
v 247.0566 -288.4615 16.4741
v 244.4557 -288.4615 16.6980
v 241.7705 -288.4615 16.9335
v 239.0065 -288.4615 17.1805
v 236.1694 -288.4615 17.4389
v 233.2650 -288.4615 17.7084
v 230.2991 -288.4615 17.9887
v 227.2778 -288.4615 18.2795
v 224.2071 -288.4615 18.5802
v 221.0636 -288.4615 18.8839
v 217.8719 -288.4615 19.1746
v 214.6461 -288.4615 19.4503
v 211.3927 -288.4615 19.7092
v 208.1182 -288.4615 19.9499
v 204.8294 -288.4615 20.1708
v 201.5329 -288.4615 20.3707
v 198.2355 -288.4615 20.5480
v 194.9440 -288.4615 20.7015
v 191.6650 -288.4615 20.8300
v 188.4054 -288.4615 20.9324
v 185.1719 -288.4615 21.0076
v 181.9524 -288.4615 21.0522
v 178.7598 -288.4615 21.0558
v 175.6134 -288.4615 21.0173
v 172.5201 -288.4615 20.9370
v 169.4865 -288.4615 20.8154
v 166.5192 -288.4615 20.6531
v 163.6246 -288.4615 20.4512
v 160.8091 -288.4615 20.2109
v 158.0788 -288.4615 19.9336
v 155.4394 -288.4615 19.6211
v 152.8967 -288.4615 19.2753
v 150.4561 -288.4615 18.8984
v 148.1227 -288.4615 18.4927
v 145.9015 -288.4615 18.0606
v 143.7970 -288.4615 17.6048
v 141.8136 -288.4615 17.1280
v 139.9553 -288.4615 16.6330
v 138.2258 -288.4615 16.1226
v 136.6285 -288.4615 15.5995
v 135.1664 -288.4615 15.0666
v 133.8423 -288.4615 14.5266
v 132.6587 -288.4615 13.9819
v 131.6176 -288.4615 13.4352
v 130.7209 -288.4615 12.8886
v 129.9700 -288.4615 12.3441
v 129.3661 -288.4615 11.8036
v 128.9101 -288.4615 11.2687
v 128.6024 -288.4615 10.7406
v 128.4435 -288.4615 10.2203
v 128.4332 -288.4615 9.7085
v 128.5699 -288.4615 9.2152
v 128.8518 -288.4615 8.7503
v 129.2780 -288.4615 8.3138
v 129.8473 -288.4615 7.9061
v 130.5581 -288.4615 7.5270
v 131.4086 -288.4615 7.1767
v 132.3969 -288.4615 6.8551
v 133.5206 -288.4615 6.5623
v 134.7772 -288.4615 6.2980
v 136.1639 -288.4615 6.0621
v 137.6776 -288.4615 5.8542
v 139.3153 -288.4615 5.6740
v 141.0735 -288.4615 5.5209
v 142.9485 -288.4615 5.3943
v 144.9366 -288.4615 5.2935
v 147.0338 -288.4615 5.2176
v 149.2360 -288.4615 5.1655
v 151.5390 -288.4615 5.1361
v 153.9383 -288.4615 5.1281
v 156.4294 -288.4615 5.1400
v 159.0075 -288.4615 5.1704
v 161.6680 -288.4615 5.2176
v 164.4057 -288.4615 5.2798
v 167.2157 -288.4615 5.3552
v 170.0928 -288.4615 5.4418
v 173.0316 -288.4615 5.5377
v 176.0268 -288.4615 5.6410
v 179.0728 -288.4615 5.7495
v 182.1640 -288.4615 5.8615
v 185.3070 -288.4615 5.9759
v 188.5016 -288.4615 6.1009
v 191.7230 -288.4615 6.2370
v 194.9647 -288.4615 6.3828
v 198.2204 -288.4615 6.5370
v 201.4836 -288.4615 6.6982
v 204.7478 -288.4615 6.8650
v 208.0067 -288.4615 7.0362
v 211.2537 -288.4615 7.2107
v 214.4824 -288.4615 7.3874
v 217.6863 -288.4615 7.5652
v 220.8589 -288.4615 7.7431
v 224.0015 -288.4615 7.9208
v 227.1258 -288.4615 8.1110
v 230.1956 -288.4615 8.3196
v 233.2049 -288.4615 8.5447
v 236.1476 -288.4615 8.7846
v 239.0179 -288.4615 9.0372
v 241.8100 -288.4615 9.3008
v 244.5185 -288.4615 9.5732
v 247.1380 -288.4615 9.8523
v 249.6634 -288.4615 10.1362
v 252.0897 -288.4615 10.4226
v 254.4123 -288.4615 10.7094
v 256.6267 -288.4615 10.9945
v 258.7286 -288.4615 11.2757
v 260.7140 -288.4615 11.5509
v 262.5791 -288.4615 11.8180
v 264.3204 -288.4615 12.0749
v 265.9345 -288.4615 12.3196
v 267.4185 -288.4615 12.5503
v 268.7696 -288.4615 12.7650
v 269.9853 -288.4615 12.9621
v 271.0632 -288.4615 13.1400
v 272.0015 -288.4615 13.2972
v 272.7983 -288.4615 13.4325
v 273.4523 -288.4615 13.5447
v 273.9622 -288.4615 13.6330
v 274.3270 -288.4615 13.6966
v 274.5462 -288.4615 13.7350
v 274.6193 -288.4615 13.7478
v 291.6707 -346.1538 16.3716
v 291.6009 -346.1538 16.3763
v 291.3920 -346.1538 16.3907
v 291.0442 -346.1538 16.4146
v 290.5584 -346.1538 16.4481
v 289.9356 -346.1538 16.4912
v 289.1772 -346.1538 16.5438
v 288.2849 -346.1538 16.6061
v 287.2604 -346.1538 16.6780
v 286.1062 -346.1538 16.7596
v 284.8247 -346.1538 16.8509
v 283.4185 -346.1538 16.9520
v 281.8909 -346.1538 17.0629
v 280.2449 -346.1538 17.1838
v 278.4841 -346.1538 17.3148
v 276.6123 -346.1538 17.4559
v 274.6334 -346.1538 17.6073
v 272.5516 -346.1538 17.7690
v 270.3712 -346.1538 17.9412
v 268.0968 -346.1538 18.1241
v 265.7330 -346.1538 18.3175
v 263.2849 -346.1538 18.5217
v 260.7574 -346.1538 18.7366
v 258.1558 -346.1538 18.9621
v 255.4853 -346.1538 19.1981
v 252.7515 -346.1538 19.4444
v 249.9597 -346.1538 19.7008
v 247.1158 -346.1538 19.9668
v 244.2254 -346.1538 20.2420
v 241.2665 -346.1538 20.5199
v 238.2622 -346.1538 20.7855
v 235.2259 -346.1538 21.0368
v 232.1637 -346.1538 21.2723
v 229.0816 -346.1538 21.4906
v 225.9862 -346.1538 21.6902
v 222.8835 -346.1538 21.8700
v 219.7801 -346.1538 22.0286
v 216.6823 -346.1538 22.1648
v 213.5963 -346.1538 22.2775
v 210.5286 -346.1538 22.3656
v 207.4855 -346.1538 22.4283
v 204.4558 -346.1538 22.4622
v 201.4514 -346.1538 22.4575
v 198.4906 -346.1538 22.4134
v 195.5798 -346.1538 22.3301
v 192.7254 -346.1538 22.2080
v 189.9334 -346.1538 22.0479
v 187.2101 -346.1538 21.8506
v 184.5612 -346.1538 21.6173
v 181.9925 -346.1538 21.3495
v 179.5095 -346.1538 21.0488
v 177.1176 -346.1538 20.7171
v 174.8218 -346.1538 20.3562
v 172.6270 -346.1538 19.9686
v 170.5378 -346.1538 19.5564
v 168.5586 -346.1538 19.1222
v 166.6933 -346.1538 18.6686
v 164.9458 -346.1538 18.1981
v 163.3195 -346.1538 17.7134
v 161.8177 -346.1538 17.2172
v 160.4431 -346.1538 16.7120
v 159.1985 -346.1538 16.2005
v 158.0860 -346.1538 15.6850
v 157.1077 -346.1538 15.1678
v 156.2652 -346.1538 14.6512
v 155.5599 -346.1538 14.1369
v 154.9930 -346.1538 13.6268
v 154.5652 -346.1538 13.1223
v 154.2771 -346.1538 12.6246
v 154.1288 -346.1538 12.1346
v 154.1204 -346.1538 11.6529
v 154.2503 -346.1538 11.1890
v 154.5168 -346.1538 10.7522
v 154.9189 -346.1538 10.3426
v 155.4556 -346.1538 9.9602
v 156.1255 -346.1538 9.6053
v 156.9267 -346.1538 9.2778
v 157.8576 -346.1538 8.9777
v 158.9157 -346.1538 8.7049
v 160.0989 -346.1538 8.4594
v 161.4044 -346.1538 8.2409
v 162.8295 -346.1538 8.0490
v 164.3711 -346.1538 7.8836
v 166.0259 -346.1538 7.7439
v 167.7907 -346.1538 7.6295
v 169.6619 -346.1538 7.5396
v 171.6356 -346.1538 7.4734
v 173.7081 -346.1538 7.4299
v 175.8754 -346.1538 7.4080
v 178.1333 -346.1538 7.4065
v 180.4774 -346.1538 7.4240
v 182.9035 -346.1538 7.4591
v 185.4070 -346.1538 7.5102
v 187.9832 -346.1538 7.5756
v 190.6273 -346.1538 7.6536
v 193.3346 -346.1538 7.7423
v 196.0999 -346.1538 7.8400
v 198.9182 -346.1538 7.9447
v 201.7844 -346.1538 8.0545
v 204.6930 -346.1538 8.1676
v 207.6504 -346.1538 8.2832
v 210.6564 -346.1538 8.4088
v 213.6875 -346.1538 8.5450
v 216.7377 -346.1538 8.6903
v 219.8010 -346.1538 8.8436
v 222.8714 -346.1538 9.0035
v 225.9429 -346.1538 9.1687
v 229.0092 -346.1538 9.3380
v 232.0643 -346.1538 9.5104
v 235.1022 -346.1538 9.6847
v 238.1167 -346.1538 9.8601
v 241.1019 -346.1538 10.0355
v 244.0587 -346.1538 10.2106
v 246.9983 -346.1538 10.3974
v 249.8866 -346.1538 10.6014
v 252.7180 -346.1538 10.8208
v 255.4866 -346.1538 11.0539
v 258.1870 -346.1538 11.2989
v 260.8138 -346.1538 11.5539
v 263.3620 -346.1538 11.8171
v 265.8263 -346.1538 12.0863
v 268.2021 -346.1538 12.3598
v 270.4847 -346.1538 12.6354
v 272.6696 -346.1538 12.9112
v 274.7527 -346.1538 13.1850
v 276.7300 -346.1538 13.4550
v 278.5976 -346.1538 13.7189
v 280.3521 -346.1538 13.9749
v 281.9900 -346.1538 14.2210
v 283.5084 -346.1538 14.4554
v 284.9043 -346.1538 14.6762
v 286.1752 -346.1538 14.8816
v 287.3187 -346.1538 15.0701
v 288.3327 -346.1538 15.2402
v 289.2152 -346.1538 15.3906
v 289.9648 -346.1538 15.5199
v 290.5799 -346.1538 15.6272
v 291.0595 -346.1538 15.7115
v 291.4027 -346.1538 15.7723
v 291.6088 -346.1538 15.8090
v 291.6776 -346.1538 15.8212
v 308.7279 -403.8462 18.3892
v 308.6626 -403.8462 18.3935
v 308.4667 -403.8462 18.4064
v 308.1406 -403.8462 18.4279
v 307.6852 -403.8462 18.4580
v 307.1013 -403.8462 18.4967
v 306.3903 -403.8462 18.5441
v 305.5536 -403.8462 18.6001
v 304.5932 -403.8462 18.6648
v 303.5111 -403.8462 18.7383
v 302.3096 -403.8462 18.8205
v 300.9913 -403.8462 18.9116
v 299.5590 -403.8462 19.0115
v 298.0159 -403.8462 19.1205
v 296.3651 -403.8462 19.2386
v 294.6102 -403.8462 19.3660
v 292.7549 -403.8462 19.5027
v 290.8030 -403.8462 19.6488
v 288.7588 -403.8462 19.8045
v 286.6263 -403.8462 19.9699
v 284.4102 -403.8462 20.1450
v 282.1149 -403.8462 20.3300
v 279.7452 -403.8462 20.5247
v 277.3060 -403.8462 20.7292
v 274.8022 -403.8462 20.9434
v 272.2390 -403.8462 21.1671
v 269.6215 -403.8462 21.4001
v 266.9550 -403.8462 21.6420
v 264.2450 -403.8462 21.8924
v 261.4707 -403.8462 22.1451
v 258.6540 -403.8462 22.3861
v 255.8072 -403.8462 22.6137
v 252.9362 -403.8462 22.8264
v 250.0467 -403.8462 23.0228
v 247.1446 -403.8462 23.2019
v 244.2359 -403.8462 23.3622
v 241.3265 -403.8462 23.5027
v 238.4224 -403.8462 23.6222
v 235.5295 -403.8462 23.7197
v 232.6538 -403.8462 23.7943
v 229.8012 -403.8462 23.8450
v 226.9611 -403.8462 23.8688
v 224.1450 -403.8462 23.8565
v 221.3698 -403.8462 23.8074
v 218.6416 -403.8462 23.7217
v 215.9663 -403.8462 23.5997
v 213.3497 -403.8462 23.4423
v 210.7975 -403.8462 23.2502
v 208.3152 -403.8462 23.0246
v 205.9081 -403.8462 22.7668
v 203.5815 -403.8462 22.4784
v 201.3403 -403.8462 22.1611
v 199.1893 -403.8462 21.8169
v 197.1331 -403.8462 21.4477
v 195.1759 -403.8462 21.0559
v 193.3217 -403.8462 20.6437
v 191.5745 -403.8462 20.2135
v 189.9377 -403.8462 19.7679
v 188.4146 -403.8462 19.3093
v 187.0082 -403.8462 18.8402
v 185.7211 -403.8462 18.3631
v 184.5557 -403.8462 17.8803
v 183.5143 -403.8462 17.3942
v 182.5986 -403.8462 16.9069
v 181.8103 -403.8462 16.4204
v 181.1506 -403.8462 15.9365
v 180.6205 -403.8462 15.4569
v 180.2209 -403.8462 14.9828
v 179.9521 -403.8462 14.5155
v 179.8144 -403.8462 14.0558
v 179.8077 -403.8462 13.6043
v 179.9307 -403.8462 13.1698
v 180.1817 -403.8462 12.7611
v 180.5597 -403.8462 12.3782
v 181.0638 -403.8462 12.0212
v 181.6926 -403.8462 11.6903
v 182.4445 -403.8462 11.3854
v 183.3178 -403.8462 11.1066
v 184.3104 -403.8462 10.8537
v 185.4201 -403.8462 10.6266
v 186.6444 -403.8462 10.4252
v 187.9807 -403.8462 10.2492
v 189.4261 -403.8462 10.0981
v 190.9777 -403.8462 9.9716
v 192.6322 -403.8462 9.8690
v 194.3864 -403.8462 9.7896
v 196.2366 -403.8462 9.7328
v 198.1794 -403.8462 9.6975
v 200.2110 -403.8462 9.6826
v 202.3274 -403.8462 9.6872
v 204.5246 -403.8462 9.7098
v 206.7986 -403.8462 9.7490
v 209.1451 -403.8462 9.8035
v 211.5597 -403.8462 9.8716
v 214.0380 -403.8462 9.9516
v 216.5754 -403.8462 10.0419
v 219.1672 -403.8462 10.1408
v 221.8087 -403.8462 10.2463
v 224.4950 -403.8462 10.3568
v 227.2211 -403.8462 10.4704
v 229.9929 -403.8462 10.5866
v 232.8103 -403.8462 10.7122
v 235.6511 -403.8462 10.8478
v 238.5098 -403.8462 10.9921
v 241.3808 -403.8462 11.1438
v 244.2584 -403.8462 11.3018
v 247.1370 -403.8462 11.4647
v 250.0108 -403.8462 11.6315
v 252.8740 -403.8462 11.8011
v 255.7211 -403.8462 11.9725
v 258.5463 -403.8462 12.1448
v 261.3440 -403.8462 12.3171
v 264.1151 -403.8462 12.4890
v 266.8700 -403.8462 12.6718
v 269.5769 -403.8462 12.8706
v 272.2302 -403.8462 13.0837
v 274.8248 -403.8462 13.3095
v 277.3554 -403.8462 13.5463
v 279.8170 -403.8462 13.7922
v 282.2048 -403.8462 14.0456
v 284.5140 -403.8462 14.3045
v 286.7402 -403.8462 14.5670
v 288.8791 -403.8462 14.8314
v 290.9264 -403.8462 15.0956
v 292.8783 -403.8462 15.3578
v 294.7310 -403.8462 15.6160
v 296.4809 -403.8462 15.8683
v 298.1248 -403.8462 16.1129
v 299.6595 -403.8462 16.3480
v 301.0821 -403.8462 16.5716
v 302.3900 -403.8462 16.7822
v 303.5807 -403.8462 16.9781
v 304.6521 -403.8462 17.1579
v 305.6020 -403.8462 17.3200
v 306.4289 -403.8462 17.4632
v 307.1311 -403.8462 17.5864
v 307.7074 -403.8462 17.6886
v 308.1568 -403.8462 17.7689
v 308.4783 -403.8462 17.8268
v 308.6715 -403.8462 17.8617
v 308.7359 -403.8462 17.8733
v 325.7855 -461.5385 20.3816
v 325.7245 -461.5385 20.3855
v 325.5416 -461.5385 20.3970
v 325.2373 -461.5385 20.4162
v 324.8122 -461.5385 20.4430
v 324.2673 -461.5385 20.4776
v 323.6037 -461.5385 20.5198
v 322.8228 -461.5385 20.5698
v 321.9264 -461.5385 20.6276
v 320.9164 -461.5385 20.6931
v 319.7950 -461.5385 20.7666
v 318.5645 -461.5385 20.8479
v 317.2277 -461.5385 20.9373
v 315.7874 -461.5385 21.0348
v 314.2467 -461.5385 21.1405
v 312.6087 -461.5385 21.2546
v 310.8770 -461.5385 21.3770
v 309.0552 -461.5385 21.5081
v 307.1472 -461.5385 21.6478
v 305.1568 -461.5385 21.7963
v 303.0883 -461.5385 21.9536
v 300.9460 -461.5385 22.1199
v 298.7341 -461.5385 22.2952
v 296.4574 -461.5385 22.4794
v 294.1203 -461.5385 22.6724
v 291.7278 -461.5385 22.8742
v 289.2846 -461.5385 23.0844
v 286.7958 -461.5385 23.3028
v 284.2662 -461.5385 23.5291
v 281.6766 -461.5385 23.7573
v 279.0475 -461.5385 23.9745
v 276.3904 -461.5385 24.1791
v 273.7107 -461.5385 24.3697
v 271.0138 -461.5385 24.5452
v 268.3052 -461.5385 24.7043
v 265.5905 -461.5385 24.8460
v 262.8751 -461.5385 24.9691
v 260.1648 -461.5385 25.0727
v 257.4650 -461.5385 25.1558
v 254.7813 -461.5385 25.2175
v 252.1192 -461.5385 25.2570
v 249.4689 -461.5385 25.2715
v 246.8410 -461.5385 25.2523
v 244.2515 -461.5385 25.1989
v 241.7059 -461.5385 25.1114
v 239.2097 -461.5385 24.9903
v 236.7684 -461.5385 24.8362
v 234.3873 -461.5385 24.6500
v 232.0715 -461.5385 24.4327
v 229.8260 -461.5385 24.1856
v 227.6557 -461.5385 23.9101
v 225.5652 -461.5385 23.6079
v 223.5589 -461.5385 23.2808
v 221.6411 -461.5385 22.9307
v 219.8158 -461.5385 22.5597
v 218.0867 -461.5385 22.1700
v 216.4575 -461.5385 21.7638
v 214.9313 -461.5385 21.3435
v 213.5113 -461.5385 20.9114
v 212.2001 -461.5385 20.4698
v 211.0003 -461.5385 20.0210
v 209.9142 -461.5385 19.5673
v 208.9437 -461.5385 19.1109
v 208.0906 -461.5385 18.6536
v 207.3563 -461.5385 18.1975
v 206.7420 -461.5385 17.7441
v 206.2486 -461.5385 17.2951
v 205.8770 -461.5385 16.8517
v 205.6274 -461.5385 16.4149
v 205.5002 -461.5385 15.9855
v 205.4952 -461.5385 15.5642
v 205.6112 -461.5385 15.1590
v 205.8465 -461.5385 14.7783
v 206.2003 -461.5385 14.4220
v 206.6717 -461.5385 14.0903
v 207.2593 -461.5385 13.7832
v 207.9619 -461.5385 13.5008
v 208.7775 -461.5385 13.2429
v 209.7045 -461.5385 13.0097
v 210.7406 -461.5385 12.8008
v 211.8837 -461.5385 12.6162
v 213.1311 -461.5385 12.4556
v 214.4803 -461.5385 12.3186
v 215.9286 -461.5385 12.2047
v 217.4728 -461.5385 12.1135
v 219.1099 -461.5385 12.0443
v 220.8366 -461.5385 11.9963
v 222.6497 -461.5385 11.9686
v 224.5455 -461.5385 11.9604
v 226.5204 -461.5385 11.9704
v 228.5707 -461.5385 11.9975
v 230.6926 -461.5385 12.0403
v 232.8821 -461.5385 12.0976
v 235.1352 -461.5385 12.1677
v 237.4476 -461.5385 12.2492
v 239.8151 -461.5385 12.3404
v 242.2335 -461.5385 12.4397
v 244.6981 -461.5385 12.5454
v 247.2045 -461.5385 12.6558
v 249.7481 -461.5385 12.7693
v 252.3344 -461.5385 12.8853
v 254.9631 -461.5385 13.0102
v 257.6136 -461.5385 13.1445
v 260.2809 -461.5385 13.2870
v 262.9596 -461.5385 13.4364
v 265.6444 -461.5385 13.5917
v 268.3302 -461.5385 13.7516
v 271.0114 -461.5385 13.9151
v 273.6828 -461.5385 14.0812
v 276.3391 -461.5385 14.2489
v 278.9750 -461.5385 14.4174
v 281.5853 -461.5385 14.5859
v 284.1707 -461.5385 14.7538
v 286.7410 -461.5385 14.9320
v 289.2664 -461.5385 15.1249
v 291.7418 -461.5385 15.3310
v 294.1623 -461.5385 15.5488
v 296.5231 -461.5385 15.7767
v 298.8195 -461.5385 16.0129
v 301.0470 -461.5385 16.2558
v 303.2012 -461.5385 16.5037
v 305.2779 -461.5385 16.7549
v 307.2730 -461.5385 17.0074
v 309.1828 -461.5385 17.2596
v 311.0035 -461.5385 17.5095
v 312.7317 -461.5385 17.7556
v 314.3639 -461.5385 17.9958
v 315.8973 -461.5385 18.2285
v 317.3287 -461.5385 18.4520
v 318.6557 -461.5385 18.6647
v 319.8756 -461.5385 18.8648
v 320.9862 -461.5385 19.0508
v 321.9854 -461.5385 19.2215
v 322.8715 -461.5385 19.3753
v 323.6427 -461.5385 19.5113
v 324.2976 -461.5385 19.6281
v 324.8351 -461.5385 19.7251
v 325.2542 -461.5385 19.8013
v 325.5541 -461.5385 19.8561
v 325.7343 -461.5385 19.8892
v 325.7943 -461.5385 19.9003
v 342.8436 -519.2308 22.3456
v 342.7870 -519.2308 22.3490
v 342.6172 -519.2308 22.3592
v 342.3346 -519.2308 22.3761
v 341.9399 -519.2308 22.3998
v 341.4339 -519.2308 22.4304
v 340.8177 -519.2308 22.4677
v 340.0926 -519.2308 22.5119
v 339.2602 -519.2308 22.5630
v 338.3224 -519.2308 22.6210
v 337.2811 -519.2308 22.6860
v 336.1386 -519.2308 22.7581
v 334.8972 -519.2308 22.8373
v 333.5598 -519.2308 22.9238
v 332.1291 -519.2308 23.0175
v 330.6081 -519.2308 23.1188
v 329.0001 -519.2308 23.2276
v 327.3085 -519.2308 23.3441
v 325.5367 -519.2308 23.4684
v 323.6885 -519.2308 23.6007
v 321.7677 -519.2308 23.7409
v 319.7783 -519.2308 23.8892
v 317.7244 -519.2308 24.0457
v 315.6102 -519.2308 24.2103
v 313.4400 -519.2308 24.3829
v 311.2183 -519.2308 24.5634
v 308.9495 -519.2308 24.7517
v 306.6383 -519.2308 24.9475
v 304.2893 -519.2308 25.1503
v 301.8845 -519.2308 25.3549
v 299.4431 -519.2308 25.5492
v 296.9758 -519.2308 25.7316
v 294.4874 -519.2308 25.9010
v 291.9832 -519.2308 26.0562
v 289.4682 -519.2308 26.1963
v 286.9475 -519.2308 26.3202
v 284.4263 -519.2308 26.4268
v 281.9098 -519.2308 26.5153
v 279.4031 -519.2308 26.5848
v 276.9115 -519.2308 26.6346
v 274.4399 -519.2308 26.6638
v 271.9794 -519.2308 26.6697
v 269.5398 -519.2308 26.6445
v 267.1359 -519.2308 26.5876
v 264.7729 -519.2308 26.4992
v 262.4559 -519.2308 26.3797
v 260.1899 -519.2308 26.2297
v 257.9798 -519.2308 26.0501
v 255.8305 -519.2308 25.8418
v 253.7466 -519.2308 25.6061
v 251.7325 -519.2308 25.3442
v 249.7926 -519.2308 25.0577
v 247.9309 -519.2308 24.7484
v 246.1515 -519.2308 24.4179
v 244.4579 -519.2308 24.0684
v 242.8538 -519.2308 23.7017
v 241.3424 -519.2308 23.3200
v 239.9267 -519.2308 22.9255
v 238.6096 -519.2308 22.5203
v 237.3936 -519.2308 22.1067
v 236.2810 -519.2308 21.6867
v 235.2740 -519.2308 21.2624
v 234.3743 -519.2308 20.8359
v 233.5836 -519.2308 20.4090
v 232.9031 -519.2308 19.9834
v 232.3341 -519.2308 19.5608
v 231.8774 -519.2308 19.1426
v 231.5336 -519.2308 18.7298
v 231.3032 -519.2308 18.3236
v 231.1863 -519.2308 17.9247
v 231.1828 -519.2308 17.5335
v 231.2916 -519.2308 17.1577
v 231.5111 -519.2308 16.8049
v 231.8406 -519.2308 16.4751
v 232.2792 -519.2308 16.1685
v 232.8256 -519.2308 15.8851
v 233.4786 -519.2308 15.6248
v 234.2366 -519.2308 15.3878
v 235.0978 -519.2308 15.1738
v 236.0603 -519.2308 14.9829
v 237.1220 -519.2308 14.8147
v 238.2806 -519.2308 14.6691
v 239.5335 -519.2308 14.5457
v 240.8783 -519.2308 14.4441
v 242.3122 -519.2308 14.3638
v 243.8323 -519.2308 14.3042
v 245.4355 -519.2308 14.2645
v 247.1187 -519.2308 14.2439
v 248.8788 -519.2308 14.2416
v 250.7122 -519.2308 14.2565
v 252.6156 -519.2308 14.2874
v 254.5854 -519.2308 14.3332
v 256.6179 -519.2308 14.3925
v 258.7094 -519.2308 14.4640
v 260.8560 -519.2308 14.5462
v 263.0537 -519.2308 14.6375
v 265.2985 -519.2308 14.7365
v 267.5863 -519.2308 14.8416
v 269.9129 -519.2308 14.9512
v 272.2740 -519.2308 15.0638
v 274.6746 -519.2308 15.1788
v 277.1147 -519.2308 15.3022
v 279.5750 -519.2308 15.4343
v 282.0509 -519.2308 15.5741
v 284.5373 -519.2308 15.7204
v 287.0294 -519.2308 15.8721
v 289.5223 -519.2308 16.0282
v 292.0110 -519.2308 16.1875
v 294.4906 -519.2308 16.3493
v 296.9562 -519.2308 16.5125
v 299.4028 -519.2308 16.6764
v 301.8256 -519.2308 16.8401
v 304.2254 -519.2308 17.0034
v 306.6111 -519.2308 17.1760
v 308.9550 -519.2308 17.3623
v 311.2526 -519.2308 17.5606
v 313.4991 -519.2308 17.7696
v 315.6902 -519.2308 17.9878
v 317.8214 -519.2308 18.2136
v 319.8887 -519.2308 18.4454
v 321.8879 -519.2308 18.6817
v 323.8151 -519.2308 18.9207
v 325.6667 -519.2308 19.1608
v 327.4389 -519.2308 19.4003
v 329.1285 -519.2308 19.6375
v 330.7322 -519.2308 19.8707
v 332.2469 -519.2308 20.0984
v 333.6697 -519.2308 20.3188
v 334.9980 -519.2308 20.5303
v 336.2293 -519.2308 20.7315
v 337.3613 -519.2308 20.9207
v 338.3918 -519.2308 21.0966
v 339.3190 -519.2308 21.2578
v 340.1412 -519.2308 21.4032
v 340.8567 -519.2308 21.5315
v 341.4645 -519.2308 21.6419
v 341.9632 -519.2308 21.7334
v 342.3520 -519.2308 21.8053
v 342.6303 -519.2308 21.8571
v 342.7974 -519.2308 21.8883
v 342.8532 -519.2308 21.8988
v 359.9025 -576.9231 24.2782
v 359.8502 -576.9231 24.2812
v 359.6935 -576.9231 24.2901
v 359.4327 -576.9231 24.3049
v 359.0684 -576.9231 24.3256
v 358.6013 -576.9231 24.3523
v 358.0325 -576.9231 24.3850
v 357.3633 -576.9231 24.4237
v 356.5950 -576.9231 24.4684
v 355.7293 -576.9231 24.5193
v 354.7681 -576.9231 24.5762
v 353.7136 -576.9231 24.6394
v 352.5678 -576.9231 24.7089
v 351.3333 -576.9231 24.7848
v 350.0127 -576.9231 24.8672
v 348.6088 -576.9231 24.9562
v 347.1245 -576.9231 25.0520
v 345.5630 -576.9231 25.1546
v 343.9276 -576.9231 25.2642
v 342.2216 -576.9231 25.3808
v 340.4486 -576.9231 25.5047
v 338.6123 -576.9231 25.6358
v 336.7164 -576.9231 25.7742
v 334.7648 -576.9231 25.9200
v 332.7615 -576.9231 26.0730
v 330.7107 -576.9231 26.2331
v 328.6164 -576.9231 26.4003
v 326.4829 -576.9231 26.5742
v 324.3145 -576.9231 26.7546
v 322.0947 -576.9231 26.9365
v 319.8411 -576.9231 27.1086
v 317.5636 -576.9231 27.2698
v 315.2668 -576.9231 27.4189
v 312.9553 -576.9231 27.5549
v 310.6339 -576.9231 27.6769
v 308.3073 -576.9231 27.7839
v 305.9803 -576.9231 27.8750
v 303.6577 -576.9231 27.9494
v 301.3442 -576.9231 28.0063
v 299.0447 -576.9231 28.0449
v 296.7637 -576.9231 28.0647
v 294.4931 -576.9231 28.0630
v 292.2417 -576.9231 28.0327
v 290.0235 -576.9231 27.9732
v 287.8430 -576.9231 27.8847
v 285.7051 -576.9231 27.7677
v 283.6144 -576.9231 27.6228
v 281.5753 -576.9231 27.4506
v 279.5925 -576.9231 27.2521
v 277.6700 -576.9231 27.0285
v 275.8120 -576.9231 26.7810
v 274.0226 -576.9231 26.5110
v 272.3055 -576.9231 26.2201
v 270.6643 -576.9231 25.9100
v 269.1024 -576.9231 25.5825
v 267.6231 -576.9231 25.2394
v 266.2294 -576.9231 24.8828
v 264.9241 -576.9231 24.5146
v 263.7098 -576.9231 24.1369
v 262.5888 -576.9231 23.7516
v 261.5633 -576.9231 23.3608
v 260.6352 -576.9231 22.9664
v 259.8061 -576.9231 22.5701
v 259.0776 -576.9231 22.1739
v 258.4509 -576.9231 21.7792
v 257.9270 -576.9231 21.3875
v 257.5068 -576.9231 21.0002
v 257.1907 -576.9231 20.6183
v 256.9792 -576.9231 20.2428
v 256.8725 -576.9231 19.8743
v 256.8705 -576.9231 19.5132
v 256.9720 -576.9231 19.1668
v 257.1756 -576.9231 18.8418
v 257.4806 -576.9231 18.5385
v 257.8862 -576.9231 18.2568
v 258.3913 -576.9231 17.9968
v 258.9947 -576.9231 17.7585
v 259.6949 -576.9231 17.5420
v 260.4903 -576.9231 17.3470
v 261.3791 -576.9231 17.1736
v 262.3593 -576.9231 17.0215
v 263.4289 -576.9231 16.8905
v 264.5856 -576.9231 16.7803
v 265.8269 -576.9231 16.6904
v 267.1504 -576.9231 16.6204
v 268.5534 -576.9231 16.5698
v 270.0330 -576.9231 16.5378
v 271.5864 -576.9231 16.5238
v 273.2107 -576.9231 16.5267
v 274.9026 -576.9231 16.5458
v 276.6591 -576.9231 16.5798
v 278.4768 -576.9231 16.6278
v 280.3523 -576.9231 16.6884
v 282.2822 -576.9231 16.7605
v 284.2629 -576.9231 16.8425
v 286.2908 -576.9231 16.9332
v 288.3622 -576.9231 17.0311
v 290.4732 -576.9231 17.1347
v 292.6200 -576.9231 17.2426
v 294.7985 -576.9231 17.3534
v 297.0137 -576.9231 17.4664
v 299.2651 -576.9231 17.5874
v 301.5353 -576.9231 17.7165
v 303.8197 -576.9231 17.8527
v 306.1138 -576.9231 17.9949
v 308.4132 -576.9231 18.1422
v 310.7133 -576.9231 18.2934
v 313.0096 -576.9231 18.4477
v 315.2974 -576.9231 18.6042
v 317.5723 -576.9231 18.7619
v 319.8297 -576.9231 18.9203
v 322.0651 -576.9231 19.0784
v 324.2793 -576.9231 19.2360
v 326.4804 -576.9231 19.4023
v 328.6430 -576.9231 19.5810
v 330.7627 -576.9231 19.7707
v 332.8353 -576.9231 19.9701
v 334.8566 -576.9231 20.1778
v 336.8228 -576.9231 20.3924
v 338.7299 -576.9231 20.6123
v 340.5742 -576.9231 20.8361
v 342.3520 -576.9231 21.0623
v 344.0600 -576.9231 21.2892
v 345.6949 -576.9231 21.5154
v 347.2534 -576.9231 21.7392
v 348.7327 -576.9231 21.9591
v 350.1298 -576.9231 22.1736
v 351.4423 -576.9231 22.3811
v 352.6675 -576.9231 22.5802
v 353.8032 -576.9231 22.7694
v 354.8473 -576.9231 22.9473
v 355.7978 -576.9231 23.1126
v 356.6530 -576.9231 23.2641
v 357.4113 -576.9231 23.4006
v 358.0713 -576.9231 23.5211
v 358.6318 -576.9231 23.6248
v 359.0918 -576.9231 23.7106
v 359.4504 -576.9231 23.7782
v 359.7071 -576.9231 23.8268
v 359.8612 -576.9231 23.8561
v 359.9126 -576.9231 23.8659
v 376.9624 -634.6154 26.1769
v 376.9145 -634.6154 26.1795
v 376.7709 -634.6154 26.1872
v 376.5318 -634.6154 26.2000
v 376.1979 -634.6154 26.2179
v 375.7698 -634.6154 26.2410
v 375.2485 -634.6154 26.2693
v 374.6350 -634.6154 26.3027
v 373.9308 -634.6154 26.3414
v 373.1374 -634.6154 26.3854
v 372.2564 -634.6154 26.4348
v 371.2898 -634.6154 26.4896
v 370.2396 -634.6154 26.5498
v 369.1081 -634.6154 26.6157
v 367.8977 -634.6154 26.6873
v 366.6109 -634.6154 26.7647
v 365.2504 -634.6154 26.8480
v 363.8192 -634.6154 26.9374
v 362.3201 -634.6154 27.0330
v 360.7564 -634.6154 27.1349
v 359.1312 -634.6154 27.2431
v 357.4480 -634.6154 27.3578
v 355.7102 -634.6154 27.4790
v 353.9214 -634.6154 27.6068
v 352.0851 -634.6154 27.7410
v 350.2053 -634.6154 27.8817
v 348.2856 -634.6154 28.0287
v 346.3299 -634.6154 28.1818
v 344.3423 -634.6154 28.3406
v 342.3075 -634.6154 28.5007
v 340.2418 -634.6154 28.6518
v 338.1542 -634.6154 28.7927
v 336.0489 -634.6154 28.9225
v 333.9303 -634.6154 29.0403
v 331.8026 -634.6154 29.1452
v 329.6702 -634.6154 29.2363
v 327.5375 -634.6154 29.3129
v 325.4088 -634.6154 29.3741
v 323.2886 -634.6154 29.4194
v 321.1812 -634.6154 29.4480
v 319.0909 -634.6154 29.4593
v 317.0100 -634.6154 29.4510
v 314.9470 -634.6154 29.4165
v 312.9143 -634.6154 29.3554
v 310.9164 -634.6154 29.2679
v 308.9576 -634.6154 29.1544
v 307.0421 -634.6154 29.0153
v 305.1740 -634.6154 28.8515
v 303.3575 -634.6154 28.6637
v 301.5964 -634.6154 28.4531
v 299.8945 -634.6154 28.2207
v 298.2555 -634.6154 27.9680
v 296.6828 -634.6154 27.6963
v 295.1797 -634.6154 27.4073
v 293.7494 -634.6154 27.1025
v 292.3948 -634.6154 26.7837
v 291.1187 -634.6154 26.4528
v 289.9236 -634.6154 26.1115
v 288.8119 -634.6154 25.7617
v 287.7858 -634.6154 25.4054
v 286.8472 -634.6154 25.0442
v 285.9978 -634.6154 24.6799
v 285.2393 -634.6154 24.3144
v 284.5728 -634.6154 23.9491
v 283.9997 -634.6154 23.5855
v 283.5208 -634.6154 23.2250
v 283.1368 -634.6154 22.8689
v 282.8483 -634.6154 22.5180
v 282.6556 -634.6154 22.1732
v 282.5589 -634.6154 21.8351
v 282.5581 -634.6154 21.5043
v 282.6521 -634.6154 21.1871
v 282.8397 -634.6154 20.8899
v 283.1201 -634.6154 20.6128
v 283.4926 -634.6154 20.3559
v 283.9563 -634.6154 20.1191
v 284.5099 -634.6154 19.9026
v 285.1522 -634.6154 19.7062
v 285.8817 -634.6154 19.5299
v 286.6967 -634.6154 19.3736
v 287.5955 -634.6154 19.2372
v 288.5760 -634.6154 19.1203
v 289.6363 -634.6154 19.0227
v 290.7742 -634.6154 18.9441
v 291.9872 -634.6154 18.8839
v 293.2730 -634.6154 18.8416
v 294.6291 -634.6154 18.8167
v 296.0527 -634.6154 18.8084
v 297.5411 -634.6154 18.8160
v 299.0916 -634.6154 18.8385
v 300.7011 -634.6154 18.8749
v 302.3667 -634.6154 18.9243
v 304.0852 -634.6154 18.9854
v 305.8536 -634.6154 19.0571
v 307.6685 -634.6154 19.1382
v 309.5266 -634.6154 19.2274
v 311.4245 -634.6154 19.3232
v 313.3587 -634.6154 19.4245
v 315.3256 -634.6154 19.5297
v 317.3218 -634.6154 19.6376
v 319.3514 -634.6154 19.7478
v 321.4142 -634.6154 19.8654
v 323.4942 -634.6154 19.9904
v 325.5872 -634.6154 20.1220
v 327.6892 -634.6154 20.2592
v 329.7959 -634.6154 20.4009
v 331.9033 -634.6154 20.5464
v 334.0071 -634.6154 20.6946
v 336.1032 -634.6154 20.8448
v 338.1875 -634.6154 20.9961
v 340.2557 -634.6154 21.1479
v 342.3037 -634.6154 21.2995
v 344.3323 -634.6154 21.4505
v 346.3489 -634.6154 21.6094
v 348.3301 -634.6154 21.7795
v 350.2721 -634.6154 21.9597
v 352.1708 -634.6154 22.1486
v 354.0226 -634.6154 22.3449
v 355.8238 -634.6154 22.5474
v 357.5708 -634.6154 22.7546
v 359.2602 -634.6154 22.9652
v 360.8887 -634.6154 23.1777
v 362.4533 -634.6154 23.3908
v 363.9508 -634.6154 23.6029
v 365.3784 -634.6154 23.8126
v 366.7333 -634.6154 24.0186
v 368.0130 -634.6154 24.2193
v 369.2151 -634.6154 24.4133
v 370.3373 -634.6154 24.5994
v 371.3775 -634.6154 24.7761
v 372.3338 -634.6154 24.9423
v 373.2044 -634.6154 25.0966
v 373.9876 -634.6154 25.2379
v 374.6821 -634.6154 25.3653
v 375.2866 -634.6154 25.4777
v 375.7999 -634.6154 25.5743
v 376.2212 -634.6154 25.6544
v 376.5496 -634.6154 25.7173
v 376.7847 -634.6154 25.7626
v 376.9259 -634.6154 25.7900
v 376.9730 -634.6154 25.7991
v 394.0236 -692.3077 28.0395
v 393.9801 -692.3077 28.0417
v 393.8495 -692.3077 28.0482
v 393.6323 -692.3077 28.0592
v 393.3287 -692.3077 28.0744
v 392.9396 -692.3077 28.0941
v 392.4657 -692.3077 28.1182
v 391.9082 -692.3077 28.1468
v 391.2681 -692.3077 28.1798
v 390.5469 -692.3077 28.2174
v 389.7462 -692.3077 28.2596
v 388.8676 -692.3077 28.3065
v 387.9130 -692.3077 28.3581
v 386.8845 -692.3077 28.4145
v 385.7843 -692.3077 28.4759
v 384.6146 -692.3077 28.5424
v 383.3780 -692.3077 28.6140
v 382.0771 -692.3077 28.6909
v 380.7145 -692.3077 28.7732
v 379.2931 -692.3077 28.8610
v 377.8159 -692.3077 28.9545
v 376.2859 -692.3077 29.0536
v 374.7063 -692.3077 29.1585
v 373.0802 -692.3077 29.2692
v 371.4111 -692.3077 29.3856
v 369.7023 -692.3077 29.5078
v 367.9573 -692.3077 29.6355
v 366.1796 -692.3077 29.7687
v 364.3728 -692.3077 29.9071
v 362.5232 -692.3077 30.0464
v 360.6454 -692.3077 30.1774
v 358.7478 -692.3077 30.2992
v 356.8342 -692.3077 30.4108
v 354.9085 -692.3077 30.5114
v 352.9746 -692.3077 30.6003
v 351.0365 -692.3077 30.6767
v 349.0981 -692.3077 30.7398
v 347.1634 -692.3077 30.7890
v 345.2365 -692.3077 30.8237
v 343.3212 -692.3077 30.8433
v 341.4216 -692.3077 30.8473
v 339.5306 -692.3077 30.8335
v 337.6559 -692.3077 30.7959
v 335.8088 -692.3077 30.7342
v 333.9934 -692.3077 30.6486
v 332.2136 -692.3077 30.5395
v 330.4733 -692.3077 30.4073
v 328.7762 -692.3077 30.2528
v 327.1259 -692.3077 30.0767
v 325.5261 -692.3077 29.8799
v 323.9802 -692.3077 29.6636
v 322.4915 -692.3077 29.4290
v 321.0631 -692.3077 29.1773
v 319.6980 -692.3077 28.9101
v 318.3991 -692.3077 28.6288
v 317.1690 -692.3077 28.3350
v 316.0103 -692.3077 28.0304
v 314.9253 -692.3077 27.7166
v 313.9161 -692.3077 27.3954
v 312.9846 -692.3077 27.0684
v 312.1327 -692.3077 26.7373
v 311.3619 -692.3077 26.4037
v 310.6737 -692.3077 26.0692
v 310.0692 -692.3077 25.7352
v 309.5494 -692.3077 25.4031
v 309.1153 -692.3077 25.0741
v 308.7674 -692.3077 24.7492
v 308.5063 -692.3077 24.4295
v 308.3322 -692.3077 24.1156
v 308.2454 -692.3077 23.8081
v 308.2457 -692.3077 23.5074
v 308.3321 -692.3077 23.2195
v 308.5034 -692.3077 22.9499
v 308.7591 -692.3077 22.6990
v 309.0984 -692.3077 22.4666
v 309.5205 -692.3077 22.2528
v 310.0243 -692.3077 22.0577
v 310.6086 -692.3077 21.8812
v 311.2720 -692.3077 21.7232
v 312.0132 -692.3077 21.5837
v 312.8303 -692.3077 21.4624
v 313.7218 -692.3077 21.3591
v 314.6857 -692.3077 21.2736
v 315.7199 -692.3077 21.2056
v 316.8225 -692.3077 21.1546
v 317.9911 -692.3077 21.1201
v 319.2235 -692.3077 21.1016
v 320.5173 -692.3077 21.0983
v 321.8700 -692.3077 21.1097
v 323.2789 -692.3077 21.1348
v 324.7415 -692.3077 21.1728
v 326.2550 -692.3077 21.2227
v 327.8166 -692.3077 21.2835
v 329.4234 -692.3077 21.3540
v 331.0724 -692.3077 21.4332
v 332.7608 -692.3077 21.5198
v 334.4852 -692.3077 21.6127
v 336.2427 -692.3077 21.7105
v 338.0299 -692.3077 21.8121
v 339.8436 -692.3077 21.9163
v 341.6877 -692.3077 22.0226
v 343.5620 -692.3077 22.1356
v 345.4519 -692.3077 22.2556
v 347.3536 -692.3077 22.3815
v 349.2633 -692.3077 22.5125
v 351.1774 -692.3077 22.6477
v 353.0921 -692.3077 22.7862
v 355.0036 -692.3077 22.9273
v 356.9080 -692.3077 23.0701
v 358.8017 -692.3077 23.2140
v 360.6807 -692.3077 23.3582
v 362.5415 -692.3077 23.5021
v 364.3845 -692.3077 23.6455
v 366.2167 -692.3077 23.7960
v 368.0167 -692.3077 23.9566
v 369.7809 -692.3077 24.1262
v 371.5059 -692.3077 24.3036
v 373.1881 -692.3077 24.4877
v 374.8244 -692.3077 24.6771
v 376.4114 -692.3077 24.8707
v 377.9460 -692.3077 25.0672
v 379.4254 -692.3077 25.2653
v 380.8465 -692.3077 25.4636
v 382.2068 -692.3077 25.6609
v 383.5035 -692.3077 25.8558
v 384.7342 -692.3077 26.0471
v 385.8966 -692.3077 26.2334
v 386.9884 -692.3077 26.4134
v 388.0077 -692.3077 26.5859
v 388.9525 -692.3077 26.7496
v 389.8210 -692.3077 26.9035
v 390.6117 -692.3077 27.0464
v 391.3230 -692.3077 27.1772
v 391.9538 -692.3077 27.2950
v 392.5028 -692.3077 27.3990
v 392.9690 -692.3077 27.4884
v 393.3516 -692.3077 27.5624
v 393.6499 -692.3077 27.6206
v 393.8633 -692.3077 27.6625
v 393.9916 -692.3077 27.6877
v 394.0343 -692.3077 27.6962
v 411.0864 -750.0000 29.8640
v 411.0472 -750.0000 29.8658
v 410.9298 -750.0000 29.8713
v 410.7343 -750.0000 29.8804
v 410.4611 -750.0000 29.8932
v 410.1110 -750.0000 29.9097
v 409.6847 -750.0000 29.9300
v 409.1830 -750.0000 29.9540
v 408.6071 -750.0000 29.9817
v 407.9581 -750.0000 30.0133
v 407.2376 -750.0000 30.0488
v 406.4471 -750.0000 30.0883
v 405.5882 -750.0000 30.1317
v 404.6628 -750.0000 30.1794
v 403.6728 -750.0000 30.2312
v 402.6204 -750.0000 30.2874
v 401.5077 -750.0000 30.3480
v 400.3371 -750.0000 30.4132
v 399.1110 -750.0000 30.4831
v 397.8321 -750.0000 30.5577
v 396.5029 -750.0000 30.6372
v 395.1261 -750.0000 30.7217
v 393.7047 -750.0000 30.8112
v 392.2416 -750.0000 30.9058
v 390.7397 -750.0000 31.0055
v 389.2020 -750.0000 31.1101
v 387.6318 -750.0000 31.2197
v 386.0321 -750.0000 31.3340
v 384.4063 -750.0000 31.4530
v 382.7419 -750.0000 31.5726
v 381.0523 -750.0000 31.6847
v 379.3448 -750.0000 31.7884
v 377.6229 -750.0000 31.8829
v 375.8902 -750.0000 31.9675
v 374.1502 -750.0000 32.0415
v 372.4064 -750.0000 32.1043
v 370.6624 -750.0000 32.1551
v 368.9217 -750.0000 32.1935
v 367.1881 -750.0000 32.2188
v 365.4650 -750.0000 32.2305
v 363.7561 -750.0000 32.2283
v 362.0550 -750.0000 32.2100
v 360.3686 -750.0000 32.1704
v 358.7071 -750.0000 32.1093
v 357.0742 -750.0000 32.0267
v 355.4734 -750.0000 31.9231
v 353.9082 -750.0000 31.7988
v 352.3819 -750.0000 31.6546
v 350.8979 -750.0000 31.4911
v 349.4593 -750.0000 31.3091
v 348.0692 -750.0000 31.1098
v 346.7306 -750.0000 30.8942
v 345.4464 -750.0000 30.6634
v 344.2191 -750.0000 30.4188
v 343.0515 -750.0000 30.1617
v 341.9458 -750.0000 29.8936
v 340.9044 -750.0000 29.6160
v 339.9292 -750.0000 29.3304
v 339.0223 -750.0000 29.0384
v 338.1854 -750.0000 28.7413
v 337.4200 -750.0000 28.4409
v 336.7276 -750.0000 28.1384
v 336.1095 -750.0000 27.8354
v 335.5667 -750.0000 27.5330
v 335.1001 -750.0000 27.2327
v 334.7106 -750.0000 26.9353
v 334.3986 -750.0000 26.6420
v 334.1647 -750.0000 26.3536
v 334.0091 -750.0000 26.0706
v 333.9319 -750.0000 25.7937
v 333.9330 -750.0000 25.5233
v 334.0117 -750.0000 25.2645
v 334.1666 -750.0000 25.0225
v 334.3974 -750.0000 24.7975
v 334.7034 -750.0000 24.5895
v 335.0837 -750.0000 24.3985
v 335.5376 -750.0000 24.2246
v 336.0638 -750.0000 24.0675
v 336.6611 -750.0000 23.9275
v 337.3283 -750.0000 23.8042
v 338.0638 -750.0000 23.6976
v 338.8661 -750.0000 23.6074
v 339.7335 -750.0000 23.5335
v 340.6641 -750.0000 23.4755
v 341.6561 -750.0000 23.4330
v 342.7076 -750.0000 23.4055
v 343.8163 -750.0000 23.3926
v 344.9802 -750.0000 23.3937
v 346.1971 -750.0000 23.4081
v 347.4645 -750.0000 23.4350
v 348.7801 -750.0000 23.4737
v 350.1415 -750.0000 23.5232
v 351.5462 -750.0000 23.5827
v 352.9915 -750.0000 23.6511
v 354.4748 -750.0000 23.7274
v 355.9933 -750.0000 23.8105
v 357.5444 -750.0000 23.8993
v 359.1251 -750.0000 23.9928
v 360.7326 -750.0000 24.0897
v 362.3640 -750.0000 24.1889
v 364.0226 -750.0000 24.2902
v 365.7085 -750.0000 24.3977
v 367.4082 -750.0000 24.5114
v 369.1186 -750.0000 24.6305
v 370.8363 -750.0000 24.7542
v 372.5578 -750.0000 24.8817
v 374.2799 -750.0000 25.0122
v 375.9990 -750.0000 25.1450
v 377.7119 -750.0000 25.2794
v 379.4150 -750.0000 25.4146
v 381.1050 -750.0000 25.5501
v 382.7785 -750.0000 25.6853
v 384.4361 -750.0000 25.8199
v 386.0839 -750.0000 25.9610
v 387.7027 -750.0000 26.1110
v 389.2893 -750.0000 26.2690
v 390.8405 -750.0000 26.4339
v 392.3534 -750.0000 26.6046
v 393.8248 -750.0000 26.7801
v 395.2519 -750.0000 26.9591
v 396.6319 -750.0000 27.1406
v 397.9621 -750.0000 27.3233
v 399.2400 -750.0000 27.5061
v 400.4631 -750.0000 27.6878
v 401.6290 -750.0000 27.8672
v 402.7356 -750.0000 28.0430
v 403.7807 -750.0000 28.2141
v 404.7624 -750.0000 28.3794
v 405.6788 -750.0000 28.5377
v 406.5283 -750.0000 28.6879
v 407.3091 -750.0000 28.8290
v 408.0200 -750.0000 28.9600
v 408.6595 -750.0000 29.0799
v 409.2266 -750.0000 29.1878
v 409.7202 -750.0000 29.2831
v 410.1393 -750.0000 29.3649
v 410.4833 -750.0000 29.4327
v 410.7515 -750.0000 29.4859
v 410.9434 -750.0000 29.5243
v 411.0586 -750.0000 29.5474
v 411.0971 -750.0000 29.5551
v 419.6745 -756.7504 49.9654
v 419.6397 -756.7504 49.9673
v 419.5352 -756.7504 49.9730
v 419.3613 -756.7504 49.9826
v 419.1184 -756.7504 49.9959
v 418.8070 -756.7504 50.0131
v 418.4278 -756.7504 50.0340
v 417.9815 -756.7504 50.0586
v 417.4692 -756.7504 50.0870
v 416.8919 -756.7504 50.1190
v 416.2509 -756.7504 50.1547
v 415.5475 -756.7504 50.1940
v 414.7831 -756.7504 50.2370
v 413.9595 -756.7504 50.2835
v 413.0784 -756.7504 50.3337
v 412.1415 -756.7504 50.3875
v 411.1509 -756.7504 50.4448
v 410.1087 -756.7504 50.5058
v 409.0169 -756.7504 50.5703
v 407.8779 -756.7504 50.6385
v 406.6939 -756.7504 50.7102
v 405.4675 -756.7504 50.7855
v 404.2012 -756.7504 50.8644
v 402.8975 -756.7504 50.9467
v 401.5591 -756.7504 51.0324
v 400.1887 -756.7504 51.1214
v 398.7891 -756.7504 51.2135
v 397.3631 -756.7504 51.3085
v 395.9136 -756.7504 51.4063
v 394.4324 -756.7504 51.5039
v 392.9296 -756.7504 51.5954
v 391.4111 -756.7504 51.6800
v 389.8798 -756.7504 51.7572
v 388.3390 -756.7504 51.8264
v 386.7918 -756.7504 51.8868
v 385.2413 -756.7504 51.9380
v 383.6907 -756.7504 51.9795
v 382.1432 -756.7504 52.0106
v 380.6020 -756.7504 52.0309
v 379.0702 -756.7504 52.0399
v 377.5510 -756.7504 52.0373
v 376.0405 -756.7504 52.0215
v 374.5442 -756.7504 51.9886
v 373.0701 -756.7504 51.9385
v 371.6212 -756.7504 51.8711
v 370.2007 -756.7504 51.7866
v 368.8116 -756.7504 51.6854
v 367.4568 -756.7504 51.5678
v 366.1393 -756.7504 51.4344
v 364.8619 -756.7504 51.2856
v 363.6272 -756.7504 51.1223
v 362.4379 -756.7504 50.9452
v 361.2965 -756.7504 50.7553
v 360.2053 -756.7504 50.5535
v 359.1667 -756.7504 50.3408
v 358.1826 -756.7504 50.1183
v 357.2552 -756.7504 49.8873
v 356.3863 -756.7504 49.6487
v 355.5775 -756.7504 49.4040
v 354.8306 -756.7504 49.1542
v 354.1468 -756.7504 48.9005
v 353.5276 -756.7504 48.6441
v 352.9740 -756.7504 48.3861
v 352.4871 -756.7504 48.1276
v 352.0676 -756.7504 47.8695
v 351.7164 -756.7504 47.6127
v 351.4340 -756.7504 47.3580
v 351.2208 -756.7504 47.1061
v 351.0771 -756.7504 46.8576
v 351.0031 -756.7504 46.6128
v 350.9987 -756.7504 46.3722
v 351.0633 -756.7504 46.1403
v 351.1960 -756.7504 45.9219
v 351.3965 -756.7504 45.7170
v 351.6642 -756.7504 45.5257
v 351.9984 -756.7504 45.3481
v 352.3984 -756.7504 45.1844
v 352.8632 -756.7504 45.0345
v 353.3917 -756.7504 44.8985
v 353.9829 -756.7504 44.7765
v 354.6354 -756.7504 44.6683
v 355.3478 -756.7504 44.5741
v 356.1187 -756.7504 44.4937
v 356.9465 -756.7504 44.4269
v 357.8294 -756.7504 44.3736
v 358.7657 -756.7504 44.3335
v 359.7536 -756.7504 44.3064
v 360.7911 -756.7504 44.2919
v 361.8763 -756.7504 44.2896
v 363.0069 -756.7504 44.2989
v 364.1808 -756.7504 44.3192
v 365.3959 -756.7504 44.3501
v 366.6499 -756.7504 44.3908
v 367.9403 -756.7504 44.4405
v 369.2648 -756.7504 44.4984
v 370.6209 -756.7504 44.5639
v 372.0060 -756.7504 44.6359
v 373.4177 -756.7504 44.7136
v 374.8532 -756.7504 44.7961
v 376.3098 -756.7504 44.8825
v 377.7896 -756.7504 44.9725
v 379.2917 -756.7504 45.0688
v 380.8061 -756.7504 45.1716
v 382.3299 -756.7504 45.2799
v 383.8601 -756.7504 45.3930
v 385.3936 -756.7504 45.5104
v 386.9274 -756.7504 45.6311
v 388.4584 -756.7504 45.7547
v 389.9837 -756.7504 45.8804
v 391.5002 -756.7504 46.0077
v 393.0049 -756.7504 46.1359
v 394.4947 -756.7504 46.2645
v 395.9695 -756.7504 46.3932
v 397.4330 -756.7504 46.5268
v 398.8710 -756.7504 46.6671
v 400.2806 -756.7504 46.8131
v 401.6590 -756.7504 46.9639
v 403.0035 -756.7504 47.1188
v 404.3114 -756.7504 47.2768
v 405.5802 -756.7504 47.4369
v 406.8073 -756.7504 47.5982
v 407.9903 -756.7504 47.7598
v 409.1270 -756.7504 47.9207
v 410.2152 -756.7504 48.0799
v 411.2526 -756.7504 48.2365
v 412.2374 -756.7504 48.3896
v 413.1676 -756.7504 48.5381
v 414.0416 -756.7504 48.6812
v 414.8575 -756.7504 48.8179
v 415.6139 -756.7504 48.9474
v 416.3093 -756.7504 49.0688
v 416.9424 -756.7504 49.1813
v 417.5122 -756.7504 49.2841
v 418.0173 -756.7504 49.3766
v 418.4571 -756.7504 49.4581
v 418.8305 -756.7504 49.5280
v 419.1370 -756.7504 49.5860
v 419.3760 -756.7504 49.6315
v 419.5470 -756.7504 49.6642
v 419.6498 -756.7504 49.6839
v 419.6840 -756.7504 49.6905
v 428.2603 -763.5007 70.1335
v 428.2298 -763.5007 70.1355
v 428.1383 -763.5007 70.1412
v 427.9861 -763.5007 70.1509
v 427.7733 -763.5007 70.1643
v 427.5006 -763.5007 70.1814
v 427.1684 -763.5007 70.2023
v 426.7775 -763.5007 70.2268
v 426.3287 -763.5007 70.2548
v 425.8230 -763.5007 70.2863
v 425.2614 -763.5007 70.3212
v 424.6450 -763.5007 70.3593
v 423.9753 -763.5007 70.4007
v 423.2535 -763.5007 70.4452
v 422.4812 -763.5007 70.4927
v 421.6600 -763.5007 70.5431
v 420.7915 -763.5007 70.5963
v 419.8777 -763.5007 70.6523
v 418.9203 -763.5007 70.7110
v 417.9214 -763.5007 70.7723
v 416.8830 -763.5007 70.8360
v 415.8072 -763.5007 70.9021
v 414.6962 -763.5007 70.9704
v 413.5523 -763.5007 71.0409
v 412.3779 -763.5007 71.1134
v 411.1752 -763.5007 71.1878
v 409.9467 -763.5007 71.2637
v 408.6950 -763.5007 71.3411
v 407.4225 -763.5007 71.4197
v 406.1245 -763.5007 71.4975
v 404.8083 -763.5007 71.5704
v 403.4783 -763.5007 71.6379
v 402.1374 -763.5007 71.6995
v 400.7882 -763.5007 71.7547
v 399.4334 -763.5007 71.8029
v 398.0759 -763.5007 71.8438
v 396.7183 -763.5007 71.8767
v 395.3635 -763.5007 71.9014
v 394.0143 -763.5007 71.9172
v 392.6733 -763.5007 71.9239
v 391.3434 -763.5007 71.9211
v 390.0227 -763.5007 71.9076
v 388.7154 -763.5007 71.8809
v 387.4275 -763.5007 71.8406
v 386.1615 -763.5007 71.7869
v 384.9202 -763.5007 71.7197
v 383.7063 -763.5007 71.6391
v 382.5222 -763.5007 71.5454
v 381.3704 -763.5007 71.4390
v 380.2535 -763.5007 71.3201
v 379.1736 -763.5007 71.1893
v 378.1331 -763.5007 71.0470
v 377.1342 -763.5007 70.8941
v 376.1788 -763.5007 70.7310
v 375.2690 -763.5007 70.5587
v 374.4066 -763.5007 70.3778
v 373.5934 -763.5007 70.1893
v 372.8309 -763.5007 69.9939
v 372.1207 -763.5007 69.7927
v 371.4643 -763.5007 69.5865
v 370.8628 -763.5007 69.3763
v 370.3175 -763.5007 69.1628
v 369.8293 -763.5007 68.9470
v 369.3991 -763.5007 68.7297
v 369.0279 -763.5007 68.5117
v 368.7161 -763.5007 68.2936
v 368.4643 -763.5007 68.0761
v 368.2731 -763.5007 67.8597
v 368.1426 -763.5007 67.6448
v 368.0730 -763.5007 67.4319
v 368.0643 -763.5007 67.2211
v 368.1162 -763.5007 67.0166
v 368.2280 -763.5007 66.8225
v 368.3994 -763.5007 66.6390
v 368.6299 -763.5007 66.4661
v 368.9190 -763.5007 66.3039
v 369.2661 -763.5007 66.1527
v 369.6703 -763.5007 66.0125
v 370.1308 -763.5007 65.8835
v 370.6466 -763.5007 65.7657
v 371.2166 -763.5007 65.6594
v 371.8396 -763.5007 65.5645
v 372.5143 -763.5007 65.4812
v 373.2392 -763.5007 65.4094
v 374.0131 -763.5007 65.3491
v 374.8342 -763.5007 65.3003
v 375.7010 -763.5007 65.2628
v 376.6117 -763.5007 65.2365
v 377.5646 -763.5007 65.2210
v 378.5578 -763.5007 65.2163
v 379.5893 -763.5007 65.2218
v 380.6573 -763.5007 65.2372
v 381.7596 -763.5007 65.2620
v 382.8941 -763.5007 65.2957
v 384.0588 -763.5007 65.3377
v 385.2512 -763.5007 65.3875
v 386.4693 -763.5007 65.4444
v 387.7107 -763.5007 65.5077
v 388.9730 -763.5007 65.5767
v 390.2538 -763.5007 65.6508
v 391.5538 -763.5007 65.7295
v 392.8717 -763.5007 65.8146
v 394.2004 -763.5007 65.9059
v 395.5372 -763.5007 66.0028
v 396.8795 -763.5007 66.1047
v 398.2246 -763.5007 66.2109
v 399.5699 -763.5007 66.3208
v 400.9126 -763.5007 66.4339
v 402.2502 -763.5007 66.5495
v 403.5799 -763.5007 66.6670
v 404.8991 -763.5007 66.7860
v 406.2051 -763.5007 66.9060
v 407.4972 -763.5007 67.0265
v 408.7771 -763.5007 67.1508
v 410.0350 -763.5007 67.2796
v 411.2682 -763.5007 67.4122
v 412.4744 -763.5007 67.5480
v 413.6510 -763.5007 67.6863
v 414.7959 -763.5007 67.8263
v 415.9066 -763.5007 67.9673
v 416.9811 -763.5007 68.1085
v 418.0172 -763.5007 68.2492
v 419.0128 -763.5007 68.3887
v 419.9661 -763.5007 68.5261
v 420.8751 -763.5007 68.6607
v 421.7381 -763.5007 68.7919
v 422.5535 -763.5007 68.9187
v 423.3195 -763.5007 69.0406
v 424.0349 -763.5007 69.1567
v 424.6981 -763.5007 69.2665
v 425.3080 -763.5007 69.3692
v 425.8633 -763.5007 69.4642
v 426.3631 -763.5007 69.5510
v 426.8062 -763.5007 69.6289
v 427.1920 -763.5007 69.6974
v 427.5197 -763.5007 69.7562
v 427.7887 -763.5007 69.8049
v 427.9984 -763.5007 69.8431
v 428.1484 -763.5007 69.8705
v 428.2386 -763.5007 69.8871
v 428.2687 -763.5007 69.8926
v 436.8438 -770.2511 90.3684
v 436.8176 -770.2511 90.3703
v 436.7391 -770.2511 90.3759
v 436.6084 -770.2511 90.3852
v 436.4258 -770.2511 90.3982
v 436.1917 -770.2511 90.4148
v 435.9065 -770.2511 90.4349
v 435.5710 -770.2511 90.4584
v 435.1856 -770.2511 90.4852
v 434.7514 -770.2511 90.5152
v 434.2691 -770.2511 90.5483
v 433.7398 -770.2511 90.5842
v 433.1646 -770.2511 90.6230
v 432.5446 -770.2511 90.6643
v 431.8812 -770.2511 90.7081
v 431.1756 -770.2511 90.7543
v 430.4294 -770.2511 90.8026
v 429.6441 -770.2511 90.8529
v 428.8214 -770.2511 90.9051
v 427.9627 -770.2511 90.9590
v 427.0701 -770.2511 91.0145
v 426.1451 -770.2511 91.0713
v 425.1899 -770.2511 91.1294
v 424.2062 -770.2511 91.1886
v 423.1960 -770.2511 91.2486
v 422.1615 -770.2511 91.3093
v 421.1047 -770.2511 91.3705
v 420.0278 -770.2511 91.4319
v 418.9329 -770.2511 91.4933
v 417.8181 -770.2511 91.5533
v 416.6882 -770.2511 91.6097
v 415.5466 -770.2511 91.6620
v 414.3957 -770.2511 91.7097
v 413.2377 -770.2511 91.7525
v 412.0751 -770.2511 91.7899
v 410.9101 -770.2511 91.8215
v 409.7452 -770.2511 91.8469
v 408.5827 -770.2511 91.8658
v 407.4250 -770.2511 91.8778
v 406.2745 -770.2511 91.8825
v 405.1335 -770.2511 91.8796
v 404.0016 -770.2511 91.8683
v 402.8822 -770.2511 91.8471
v 401.7793 -770.2511 91.8157
v 400.6952 -770.2511 91.7741
v 399.6322 -770.2511 91.7222
v 398.5924 -770.2511 91.6599
v 397.5780 -770.2511 91.5875
v 396.5912 -770.2511 91.5050
v 395.6340 -770.2511 91.4127
v 394.7083 -770.2511 91.3108
v 393.8161 -770.2511 91.1998
v 392.9593 -770.2511 91.0799
v 392.1395 -770.2511 90.9517
v 391.3584 -770.2511 90.8157
v 390.6176 -770.2511 90.6724
v 389.9187 -770.2511 90.5224
v 389.2630 -770.2511 90.3664
v 388.6518 -770.2511 90.2049
v 388.0864 -770.2511 90.0388
v 387.5678 -770.2511 89.8685
v 387.0971 -770.2511 89.6949
v 386.6752 -770.2511 89.5184
v 386.3028 -770.2511 89.3398
v 385.9807 -770.2511 89.1595
v 385.7094 -770.2511 88.9782
v 385.4896 -770.2511 88.7963
v 385.3214 -770.2511 88.6142
v 385.2054 -770.2511 88.4323
v 385.1415 -770.2511 88.2508
v 385.1300 -770.2511 88.0700
v 385.1705 -770.2511 87.8934
v 385.2625 -770.2511 87.7245
v 385.4060 -770.2511 87.5635
v 385.6005 -770.2511 87.4105
v 385.8455 -770.2511 87.2657
v 386.1407 -770.2511 87.1292
v 386.4852 -770.2511 87.0012
v 386.8784 -770.2511 86.8820
v 387.3195 -770.2511 86.7716
v 387.8075 -770.2511 86.6704
v 388.3414 -770.2511 86.5783
v 388.9202 -770.2511 86.4957
v 389.5425 -770.2511 86.4226
v 390.2073 -770.2511 86.3592
v 390.9131 -770.2511 86.3054
v 391.6585 -770.2511 86.2614
v 392.4420 -770.2511 86.2270
v 393.2621 -770.2511 86.2023
v 394.1172 -770.2511 86.1870
v 395.0056 -770.2511 86.1811
v 395.9256 -770.2511 86.1842
v 396.8753 -770.2511 86.1962
v 397.8530 -770.2511 86.2166
v 398.8567 -770.2511 86.2452
v 399.8844 -770.2511 86.2814
v 400.9343 -770.2511 86.3249
v 402.0042 -770.2511 86.3751
v 403.0921 -770.2511 86.4316
v 404.1959 -770.2511 86.4937
v 405.3152 -770.2511 86.5612
v 406.4486 -770.2511 86.6348
v 407.5911 -770.2511 86.7144
v 408.7406 -770.2511 86.7994
v 409.8946 -770.2511 86.8892
v 411.0511 -770.2511 86.9833
v 412.2075 -770.2511 87.0813
v 413.3617 -770.2511 87.1825
v 414.5113 -770.2511 87.2864
v 415.6540 -770.2511 87.3926
v 416.7875 -770.2511 87.5006
v 417.9096 -770.2511 87.6098
v 419.0191 -770.2511 87.7200
v 420.1163 -770.2511 87.8328
v 421.1947 -770.2511 87.9485
v 422.2522 -770.2511 88.0665
v 423.2866 -770.2511 88.1862
v 424.2959 -770.2511 88.3072
v 425.2780 -770.2511 88.4288
v 426.2311 -770.2511 88.5504
v 427.1532 -770.2511 88.6716
v 428.0425 -770.2511 88.7917
v 428.8973 -770.2511 88.9101
v 429.7158 -770.2511 89.0263
v 430.4965 -770.2511 89.1397
v 431.2377 -770.2511 89.2498
v 431.9381 -770.2511 89.3559
v 432.5963 -770.2511 89.4576
v 433.2110 -770.2511 89.5542
v 433.7811 -770.2511 89.6453
v 434.3053 -770.2511 89.7304
v 434.7826 -770.2511 89.8089
v 435.2123 -770.2511 89.8805
v 435.5933 -770.2511 89.9447
v 435.9251 -770.2511 90.0012
v 436.2068 -770.2511 90.0495
v 436.4381 -770.2511 90.0895
v 436.6185 -770.2511 90.1209
v 436.7476 -770.2511 90.1434
v 436.8251 -770.2511 90.1570
v 436.8510 -770.2511 90.1615
v 445.4250 -777.0015 110.6701
v 445.4032 -777.0015 110.6718
v 445.3376 -777.0015 110.6771
v 445.2284 -777.0015 110.6857
v 445.0759 -777.0015 110.6978
v 444.8803 -777.0015 110.7132
v 444.6421 -777.0015 110.7318
v 444.3618 -777.0015 110.7535
v 444.0399 -777.0015 110.7782
v 443.6771 -777.0015 110.8058
v 443.2741 -777.0015 110.8360
v 442.8318 -777.0015 110.8687
v 442.3511 -777.0015 110.9037
v 441.8329 -777.0015 110.9409
v 441.2784 -777.0015 110.9801
v 440.6885 -777.0015 111.0210
v 440.0647 -777.0015 111.0635
v 439.4080 -777.0015 111.1075
v 438.7200 -777.0015 111.1526
v 438.0018 -777.0015 111.1987
v 437.2551 -777.0015 111.2457
v 436.4814 -777.0015 111.2933
v 435.6821 -777.0015 111.3413
v 434.8589 -777.0015 111.3896
v 434.0136 -777.0015 111.4379
v 433.1477 -777.0015 111.4859
v 432.2631 -777.0015 111.5336
v 431.3616 -777.0015 111.5807
v 430.4449 -777.0015 111.6269
v 429.5132 -777.0015 111.6715
v 428.5694 -777.0015 111.7134
v 427.6159 -777.0015 111.7523
v 426.6547 -777.0015 111.7879
v 425.6877 -777.0015 111.8198
v 424.7168 -777.0015 111.8476
v 423.7440 -777.0015 111.8712
v 422.7714 -777.0015 111.8901
v 421.8008 -777.0015 111.9040
v 420.8342 -777.0015 111.9126
v 419.8737 -777.0015 111.9156
v 418.9211 -777.0015 111.9128
v 417.9773 -777.0015 111.9037
v 417.0446 -777.0015 111.8874
v 416.1256 -777.0015 111.8638
v 415.2223 -777.0015 111.8328
v 414.3364 -777.0015 111.7942
v 413.4698 -777.0015 111.7479
v 412.6243 -777.0015 111.6941
v 411.8016 -777.0015 111.6326
v 411.0034 -777.0015 111.5636
v 410.2313 -777.0015 111.4872
v 409.4869 -777.0015 111.4036
v 408.7718 -777.0015 111.3130
v 408.0872 -777.0015 111.2157
v 407.4348 -777.0015 111.1120
v 406.8157 -777.0015 111.0023
v 406.2312 -777.0015 110.8869
v 405.6825 -777.0015 110.7663
v 405.1707 -777.0015 110.6409
v 404.6968 -777.0015 110.5112
v 404.2617 -777.0015 110.3776
v 403.8664 -777.0015 110.2405
v 403.5115 -777.0015 110.1005
v 403.1979 -777.0015 109.9579
v 402.9260 -777.0015 109.8132
v 402.6964 -777.0015 109.6668
v 402.5096 -777.0015 109.5189
v 402.3659 -777.0015 109.3700
v 402.2655 -777.0015 109.2202
v 402.2088 -777.0015 109.0698
v 402.1956 -777.0015 108.9189
v 402.2260 -777.0015 108.7705
v 402.2997 -777.0015 108.6277
v 402.4164 -777.0015 108.4904
v 402.5760 -777.0015 108.3588
v 402.7781 -777.0015 108.2332
v 403.0223 -777.0015 108.1137
v 403.3080 -777.0015 108.0005
v 403.6347 -777.0015 107.8938
v 404.0017 -777.0015 107.7939
v 404.4083 -777.0015 107.7010
v 404.8535 -777.0015 107.6153
v 405.3366 -777.0015 107.5370
v 405.8565 -777.0015 107.4664
v 406.4121 -777.0015 107.4036
v 407.0024 -777.0015 107.3487
v 407.6261 -777.0015 107.3020
v 408.2821 -777.0015 107.2634
v 408.9689 -777.0015 107.2331
v 409.6853 -777.0015 107.2110
v 410.4298 -777.0015 107.1970
v 411.2009 -777.0015 107.1912
v 411.9971 -777.0015 107.1933
v 412.8169 -777.0015 107.2033
v 413.6586 -777.0015 107.2207
v 414.5205 -777.0015 107.2456
v 415.4009 -777.0015 107.2774
v 416.2982 -777.0015 107.3158
v 417.2106 -777.0015 107.3606
v 418.1361 -777.0015 107.4113
v 419.0739 -777.0015 107.4676
v 420.0222 -777.0015 107.5296
v 420.9782 -777.0015 107.5971
v 421.9399 -777.0015 107.6696
v 422.9055 -777.0015 107.7466
v 423.8728 -777.0015 107.8277
v 424.8402 -777.0015 107.9125
v 425.8055 -777.0015 108.0005
v 426.7669 -777.0015 108.0912
v 427.7224 -777.0015 108.1844
v 428.6702 -777.0015 108.2794
v 429.6084 -777.0015 108.3759
v 430.5354 -777.0015 108.4736
v 431.4506 -777.0015 108.5730
v 432.3502 -777.0015 108.6738
v 433.2325 -777.0015 108.7758
v 434.0957 -777.0015 108.8785
v 434.9381 -777.0015 108.9814
v 435.7580 -777.0015 109.0841
v 436.5537 -777.0015 109.1863
v 437.3237 -777.0015 109.2875
v 438.0665 -777.0015 109.3872
v 438.7805 -777.0015 109.4850
v 439.4644 -777.0015 109.5806
v 440.1167 -777.0015 109.6736
v 440.7362 -777.0015 109.7634
v 441.3217 -777.0015 109.8497
v 441.8720 -777.0015 109.9321
v 442.3860 -777.0015 110.0103
v 442.8626 -777.0015 110.0837
v 443.3011 -777.0015 110.1522
v 443.7004 -777.0015 110.2153
v 444.0598 -777.0015 110.2727
v 444.3786 -777.0015 110.3241
v 444.6561 -777.0015 110.3692
v 444.8919 -777.0015 110.4078
v 445.0855 -777.0015 110.4397
v 445.2364 -777.0015 110.4647
v 445.3445 -777.0015 110.4827
v 445.4094 -777.0015 110.4935
v 445.4310 -777.0015 110.4971
v 454.0039 -783.7519 131.0385
v 453.9863 -783.7519 131.0400
v 453.9337 -783.7519 131.0447
v 453.8460 -783.7519 131.0524
v 453.7235 -783.7519 131.0630
v 453.5665 -783.7519 131.0766
v 453.3752 -783.7519 131.0931
v 453.1501 -783.7519 131.1122
v 452.8915 -783.7519 131.1339
v 452.6001 -783.7519 131.1580
v 452.2764 -783.7519 131.1843
v 451.9211 -783.7519 131.2127
v 451.5348 -783.7519 131.2430
v 451.1184 -783.7519 131.2750
v 450.6728 -783.7519 131.3085
v 450.1987 -783.7519 131.3433
v 449.6972 -783.7519 131.3792
v 449.1694 -783.7519 131.4160
v 448.6161 -783.7519 131.4535
v 448.0387 -783.7519 131.4914
v 447.4382 -783.7519 131.5297
v 446.8158 -783.7519 131.5680
v 446.1729 -783.7519 131.6061
v 445.5107 -783.7519 131.6440
v 444.8305 -783.7519 131.6812
v 444.1338 -783.7519 131.7178
v 443.4219 -783.7519 131.7533
v 442.6963 -783.7519 131.7877
v 441.9584 -783.7519 131.8207
v 441.2098 -783.7519 131.8521
v 440.4519 -783.7519 131.8816
v 439.6862 -783.7519 131.9090
v 438.9144 -783.7519 131.9341
v 438.1380 -783.7519 131.9566
v 437.3586 -783.7519 131.9763
v 436.5776 -783.7519 131.9929
v 435.7968 -783.7519 132.0061
v 435.0177 -783.7519 132.0158
v 434.2419 -783.7519 132.0216
v 433.4709 -783.7519 132.0234
v 432.7063 -783.7519 132.0208
v 431.9497 -783.7519 132.0136
v 431.2025 -783.7519 132.0017
v 430.4664 -783.7519 131.9849
v 429.7427 -783.7519 131.9630
v 429.0330 -783.7519 131.9358
v 428.3386 -783.7519 131.9033
v 427.6611 -783.7519 131.8653
v 427.0017 -783.7519 131.8218
v 426.3617 -783.7519 131.7729
v 425.7426 -783.7519 131.7185
v 425.1455 -783.7519 131.6587
v 424.5716 -783.7519 131.5935
v 424.0221 -783.7519 131.5232
v 423.4981 -783.7519 131.4479
v 423.0006 -783.7519 131.3678
v 422.5307 -783.7519 131.2831
v 422.0893 -783.7519 131.1941
v 421.6772 -783.7519 131.1010
v 421.2954 -783.7519 131.0041
v 420.9445 -783.7519 130.9037
v 420.6253 -783.7519 130.8001
v 420.3384 -783.7519 130.6936
v 420.0844 -783.7519 130.5845
v 419.8637 -783.7519 130.4730
v 419.6769 -783.7519 130.3594
v 419.5244 -783.7519 130.2441
v 419.4063 -783.7519 130.1270
v 419.3230 -783.7519 130.0086
v 419.2746 -783.7519 129.8888
v 419.2613 -783.7519 129.7678
v 419.2830 -783.7519 129.6481
v 419.3395 -783.7519 129.5319
v 419.4308 -783.7519 129.4195
v 419.5566 -783.7519 129.3109
v 419.7168 -783.7519 129.2063
v 419.9110 -783.7519 129.1059
v 420.1388 -783.7519 129.0100
v 420.3997 -783.7519 128.9186
v 420.6933 -783.7519 128.8322
v 421.0189 -783.7519 128.7509
v 421.3759 -783.7519 128.6750
v 421.7635 -783.7519 128.6047
v 422.1810 -783.7519 128.5403
v 422.6276 -783.7519 128.4819
v 423.1022 -783.7519 128.4299
v 423.6040 -783.7519 128.3843
v 424.1320 -783.7519 128.3454
v 424.6850 -783.7519 128.3132
v 425.2620 -783.7519 128.2878
v 425.8618 -783.7519 128.2694
v 426.4833 -783.7519 128.2579
v 427.1250 -783.7519 128.2532
v 427.7859 -783.7519 128.2554
v 428.4644 -783.7519 128.2643
v 429.1594 -783.7519 128.2798
v 429.8693 -783.7519 128.3017
v 430.5927 -783.7519 128.3298
v 431.3283 -783.7519 128.3639
v 432.0745 -783.7519 128.4036
v 432.8298 -783.7519 128.4488
v 433.5927 -783.7519 128.4990
v 434.3618 -783.7519 128.5540
v 435.1354 -783.7519 128.6133
v 435.9119 -783.7519 128.6768
v 436.6900 -783.7519 128.7439
v 437.4679 -783.7519 128.8144
v 438.2441 -783.7519 128.8879
v 439.0171 -783.7519 128.9640
v 439.7853 -783.7519 129.0423
v 440.5472 -783.7519 129.1225
v 441.3013 -783.7519 129.2043
v 442.0460 -783.7519 129.2873
v 442.7798 -783.7519 129.3712
v 443.5014 -783.7519 129.4556
v 444.2091 -783.7519 129.5402
v 444.9016 -783.7519 129.6248
v 445.5776 -783.7519 129.7089
v 446.2356 -783.7519 129.7924
v 446.8744 -783.7519 129.8749
v 447.4926 -783.7519 129.9561
v 448.0890 -783.7519 130.0357
v 448.6625 -783.7519 130.1134
v 449.2118 -783.7519 130.1890
v 449.7359 -783.7519 130.2622
v 450.2337 -783.7519 130.3326
v 450.7042 -783.7519 130.4001
v 451.1465 -783.7519 130.4643
v 451.5596 -783.7519 130.5249
v 451.9429 -783.7519 130.5819
v 452.2954 -783.7519 130.6347
v 452.6165 -783.7519 130.6834
v 452.9056 -783.7519 130.7275
v 453.1620 -783.7519 130.7670
v 453.3853 -783.7519 130.8016
v 453.5750 -783.7519 130.8312
v 453.7307 -783.7519 130.8556
v 453.8522 -783.7519 130.8748
v 453.9391 -783.7519 130.8885
v 453.9913 -783.7519 130.8967
v 454.0087 -783.7519 130.8995
v 95.3315 -0.0000 2.8677
v 436.7570 -783.7519 130.3727
v -62.9634 3.4951 -5.5086
v -63.0895 3.4137 -4.0667
v -63.1779 3.1710 -3.0567
v -63.2485 2.7722 -2.2500
v -63.3022 2.2232 -1.6354
v -63.3387 1.5250 -1.2191
v -63.3571 0.6432 -1.0086
v -63.3571 -0.6432 -1.0086
v -63.3387 -1.5250 -1.2191
v -63.3022 -2.2232 -1.6354
v -63.2485 -2.7722 -2.2500
v -63.1779 -3.1710 -3.0567
v -63.0895 -3.4137 -4.0667
v -62.9634 -3.4951 -5.5086
v -62.8372 -3.4137 -6.9505
v -62.7489 -3.1710 -7.9605
v -62.6783 -2.7722 -8.7672
v -62.6245 -2.2232 -9.3817
v -62.5881 -1.5250 -9.7981
v -62.5697 -0.6432 -10.0086
v -62.5697 0.6432 -10.0086
v -62.5881 1.5250 -9.7981
v -62.6245 2.2232 -9.3817
v -62.6783 2.7722 -8.7672
v -62.7489 3.1710 -7.9605
v -62.8372 3.4137 -6.9505
v -27.1163 14.6796 -0.8520
v -27.5999 14.3374 4.6752
v -27.9386 13.3183 8.5470
v -28.2091 11.6432 11.6392
v -28.4153 9.3375 13.9951
v -28.5549 6.4049 15.5911
v -28.6255 2.7015 16.3979
v -28.6255 -2.7015 16.3979
v -28.5549 -6.4049 15.5911
v -28.4153 -9.3375 13.9951
v -28.2091 -11.6432 11.6392
v -27.9386 -13.3183 8.5470
v -27.5999 -14.3374 4.6752
v -27.1163 -14.6796 -0.8520
v -26.6327 -14.3374 -6.3792
v -26.2940 -13.3183 -10.2511
v -26.0235 -11.6432 -13.3432
v -25.8174 -9.3375 -15.6992
v -25.6777 -6.4049 -17.2952
v -25.6071 -2.7015 -18.1019
v -25.6071 2.7015 -18.1019
v -25.6777 6.4049 -17.2952
v -25.8174 9.3375 -15.6992
v -26.0235 11.6432 -13.3432
v -26.2940 13.3183 -10.2511
v -26.6327 14.3374 -6.3792
v 17.7915 25.8641 3.8371
v 16.9295 25.2611 13.6899
v 16.3257 23.4655 20.5919
v 15.8434 20.5142 26.1040
v 15.4760 16.4519 30.3037
v 15.2271 11.2848 33.1488
v 15.1013 4.7598 34.5869
v 15.1013 -4.7598 34.5869
v 15.2271 -11.2848 33.1488
v 15.4760 -16.4519 30.3037
v 15.8434 -20.5142 26.1040
v 16.3257 -23.4655 20.5919
v 16.9295 -25.2611 13.6899
v 17.7915 -25.8641 3.8371
v 18.6535 -25.2611 -6.0158
v 19.2574 -23.4655 -12.9178
v 19.7396 -20.5142 -18.4299
v 20.1071 -16.4519 -22.6295
v 20.3560 -11.2848 -25.4746
v 20.4818 -4.7598 -26.9128
v 20.4818 4.7598 -26.9128
v 20.3560 11.2848 -25.4746
v 20.1071 16.4519 -22.6295
v 19.7396 20.5142 -18.4299
v 19.2574 23.4655 -12.9178
v 18.6535 25.2611 -6.0158
v 80.8209 34.9515 8.5913
v 79.7697 34.1366 20.6069
v 79.0333 31.7102 29.0240
v 78.4452 27.7219 35.7461
v 77.9971 22.2323 40.8676
v 77.6935 15.2497 44.3372
v 77.5401 6.4322 46.0911
v 77.5401 -6.4322 46.0911
v 77.6935 -15.2497 44.3372
v 77.9971 -22.2323 40.8676
v 78.4452 -27.7219 35.7461
v 79.0333 -31.7102 29.0240
v 79.7697 -34.1366 20.6069
v 80.8209 -34.9515 8.5913
v 81.8721 -34.1366 -3.4244
v 82.6085 -31.7102 -11.8415
v 83.1966 -27.7219 -18.5635
v 83.6447 -22.2323 -23.6851
v 83.9483 -15.2497 -27.1547
v 84.1017 -6.4322 -28.9086
v 84.1017 6.4322 -28.9086
v 83.9483 15.2497 -27.1547
v 83.6447 22.2323 -23.6851
v 83.1966 27.7219 -18.5635
v 82.6085 31.7102 -11.8415
v 81.8721 34.1366 -3.4244
v 161.9058 34.2524 14.1649
v 160.9071 33.4538 25.5798
v 160.2076 31.0760 33.5760
v 159.6489 27.1675 39.9620
v 159.2232 21.7876 44.8275
v 158.9348 14.9447 48.1236
v 158.7890 6.3036 49.7897
v 158.7890 -6.3036 49.7897
v 158.9348 -14.9447 48.1236
v 159.2232 -21.7876 44.8275
v 159.6489 -27.1675 39.9620
v 160.2076 -31.0760 33.5760
v 160.9071 -33.4538 25.5798
v 161.9058 -34.2524 14.1649
v 162.9045 -33.4538 2.7500
v 163.6041 -31.0760 -5.2462
v 164.1628 -27.1675 -11.6321
v 164.5884 -21.7876 -16.4976
v 164.8768 -14.9447 -19.7937
v 165.0226 -6.3036 -21.4599
v 165.0226 6.3036 -21.4599
v 164.8768 14.9447 -19.7937
v 164.5884 21.7876 -16.4976
v 164.1628 27.1675 -11.6321
v 163.6041 31.0760 -5.2462
v 162.9045 33.4538 2.7500
v 251.9855 29.3592 20.5255
v 251.1445 28.6747 30.1381
v 250.5554 26.6366 36.8717
v 250.0849 23.2864 42.2494
v 249.7264 18.6751 46.3466
v 249.4836 12.8097 49.1223
v 249.3609 5.4031 50.5254
v 249.3609 -5.4031 50.5254
v 249.4836 -12.8097 49.1223
v 249.7264 -18.6751 46.3466
v 250.0849 -23.2864 42.2494
v 250.5554 -26.6366 36.8717
v 251.1445 -28.6747 30.1381
v 251.9855 -29.3592 20.5255
v 252.8265 -28.6747 10.9130
v 253.4156 -26.6366 4.1793
v 253.8861 -23.2864 -1.1983
v 254.2446 -18.6751 -5.2956
v 254.4874 -12.8097 -8.0712
v 254.6101 -5.4031 -9.4743
v 254.6101 5.4031 -9.4743
v 254.4874 12.8097 -8.0712
v 254.2446 18.6751 -5.2956
v 253.8861 23.2864 -1.1983
v 253.4156 26.6366 4.1793
v 252.8265 28.6747 10.9130
v 333.0044 21.6699 26.8536
v 332.3947 21.1647 33.8227
v 331.9676 19.6603 38.7046
v 331.6265 17.1876 42.6034
v 331.3666 13.7840 45.5739
v 331.1905 9.4548 47.5862
v 331.1015 3.9880 48.6035
v 331.1015 -3.9880 48.6035
v 331.1905 -9.4548 47.5862
v 331.3666 -13.7840 45.5739
v 331.6265 -17.1876 42.6034
v 331.9676 -19.6603 38.7046
v 332.3947 -21.1647 33.8227
v 333.0044 -21.6699 26.8536
v 333.6141 -21.1647 19.8845
v 334.0412 -19.6603 15.0026
v 334.3823 -17.1876 11.1038
v 334.6422 -13.7840 8.1333
v 334.8183 -9.4548 6.1209
v 334.9073 -3.9880 5.1037
v 334.9073 3.9880 5.1037
v 334.8183 9.4548 6.1209
v 334.6422 13.7840 8.1333
v 334.3823 17.1876 11.1038
v 334.0412 19.6603 15.0026
v 333.6141 21.1647 19.8845
v 395.9678 13.9806 32.3622
v 395.5893 13.6546 36.6878
v 395.3242 12.6841 39.7180
v 395.1125 11.0888 42.1379
v 394.9512 8.8929 43.9817
v 394.8419 6.0999 45.2307
v 394.7867 2.5729 45.8621
v 394.7867 -2.5729 45.8621
v 394.8419 -6.0999 45.2307
v 394.9512 -8.8929 43.9817
v 395.1125 -11.0888 42.1379
v 395.3242 -12.6841 39.7180
v 395.5893 -13.6546 36.6878
v 395.9678 -13.9806 32.3622
v 396.3462 -13.6546 28.0365
v 396.6113 -12.6841 25.0064
v 396.8230 -11.0888 22.5864
v 396.9844 -8.8929 20.7427
v 397.0936 -6.0999 19.4936
v 397.1489 -2.5729 18.8622
v 397.1489 2.5729 18.8622
v 397.0936 6.0999 19.4936
v 396.9844 8.8929 20.7427
v 396.8230 11.0888 22.5864
v 396.6113 12.6841 25.0064
v 396.3462 13.6546 28.0365
v 436.3782 6.9903 36.6578
v 436.1890 6.8273 38.8206
v 436.0565 6.3420 40.3357
v 435.9506 5.5444 41.5457
v 435.8699 4.4465 42.4675
v 435.8153 3.0499 43.0921
v 435.7877 1.2864 43.4078
v 435.7877 -1.2864 43.4078
v 435.8153 -3.0499 43.0921
v 435.8699 -4.4465 42.4675
v 435.9506 -5.5444 41.5457
v 436.0565 -6.3420 40.3357
v 436.1890 -6.8273 38.8206
v 436.3782 -6.9903 36.6578
v 436.5675 -6.8273 34.4950
v 436.7000 -6.3420 32.9799
v 436.8059 -5.5444 31.7699
v 436.8865 -4.4465 30.8481
v 436.9412 -3.0499 30.2235
v 436.9688 -1.2864 29.9078
v 436.9688 1.2864 29.9078
v 436.9412 3.0499 30.2235
v 436.8865 4.4465 30.8481
v 436.8059 5.5444 31.7699
v 436.7000 6.3420 32.9799
v 436.5675 6.8273 34.4950
v -62.9634 -0.0000 -5.5086
v 436.3782 -0.0000 36.6578
v 491.5049 0.3714 20.0000
v 491.0536 0.4123 20.0000
v 489.7064 0.5333 20.0000
v 487.4828 0.7293 20.0000
v 484.4154 0.9924 20.0000
v 480.5488 1.3126 20.0000
v 475.9394 1.6784 20.0000
v 470.6544 2.0778 20.0000
v 464.7710 2.4982 20.0000
v 458.3749 2.9271 20.0000
v 451.5593 3.3513 20.0000
v 444.4237 3.7573 20.0000
v 437.0721 4.1304 20.0000
v 429.6117 4.4552 20.0000
v 422.1512 4.7157 20.0000
v 414.7996 4.8959 20.0000
v 407.6640 4.9810 20.0000
v 400.8484 4.9587 20.0000
v 394.4523 4.8204 20.0000
v 388.5689 4.5623 20.0000
v 383.2839 4.1858 20.0000
v 378.6745 3.6973 20.0000
v 374.8079 3.1075 20.0000
v 371.7405 2.4297 20.0000
v 369.5170 1.6778 20.0000
v 368.1697 0.8646 20.0000
v 367.7184 0.0000 20.0000
v 368.1697 -0.8646 20.0000
v 369.5170 -1.6778 20.0000
v 371.7405 -2.4297 20.0000
v 374.8079 -3.1075 20.0000
v 378.6745 -3.6973 20.0000
v 383.2839 -4.1858 20.0000
v 388.5689 -4.5623 20.0000
v 394.4523 -4.8204 20.0000
v 400.8484 -4.9587 20.0000
v 407.6640 -4.9810 20.0000
v 414.7996 -4.8959 20.0000
v 422.1512 -4.7157 20.0000
v 429.6117 -4.4552 20.0000
v 437.0721 -4.1304 20.0000
v 444.4237 -3.7573 20.0000
v 451.5593 -3.3513 20.0000
v 458.3749 -2.9271 20.0000
v 464.7710 -2.4982 20.0000
v 470.6544 -2.0778 20.0000
v 475.9394 -1.6784 20.0000
v 480.5488 -1.3126 20.0000
v 484.4154 -0.9924 20.0000
v 487.4828 -0.7293 20.0000
v 489.7064 -0.5333 20.0000
v 491.0536 -0.4123 20.0000
v 491.5049 -0.3714 20.0000
v 498.0825 0.3426 39.2441
v 497.6662 0.3804 39.2441
v 496.4231 0.4921 39.2441
v 494.3714 0.6729 39.2441
v 491.5411 0.9157 39.2441
v 487.9735 1.2111 39.2441
v 483.7204 1.5487 39.2441
v 478.8441 1.9172 39.2441
v 473.4155 2.3051 39.2441
v 467.5138 2.7008 39.2441
v 461.2252 3.0922 39.2441
v 454.6412 3.4668 39.2441
v 447.8580 3.8110 39.2441
v 440.9744 4.1108 39.2441
v 434.0907 4.3511 39.2441
v 427.3075 4.5174 39.2441
v 420.7235 4.5959 39.2441
v 414.4349 4.5753 39.2441
v 408.5332 4.4477 39.2441
v 403.1046 4.2096 39.2441
v 398.2283 3.8622 39.2441
v 393.9752 3.4115 39.2441
v 390.4076 2.8673 39.2441
v 387.5773 2.2418 39.2441
v 385.5256 1.5481 39.2441
v 384.2826 0.7978 39.2441
v 383.8662 0.0000 39.2441
v 384.2826 -0.7978 39.2441
v 385.5256 -1.5481 39.2441
v 387.5773 -2.2418 39.2441
v 390.4076 -2.8673 39.2441
v 393.9752 -3.4115 39.2441
v 398.2283 -3.8622 39.2441
v 403.1046 -4.2096 39.2441
v 408.5332 -4.4477 39.2441
v 414.4349 -4.5753 39.2441
v 420.7235 -4.5959 39.2441
v 427.3075 -4.5174 39.2441
v 434.0907 -4.3511 39.2441
v 440.9744 -4.1108 39.2441
v 447.8580 -3.8110 39.2441
v 454.6412 -3.4668 39.2441
v 461.2252 -3.0922 39.2441
v 467.5138 -2.7008 39.2441
v 473.4155 -2.3051 39.2441
v 478.8441 -1.9172 39.2441
v 483.7204 -1.5487 39.2441
v 487.9735 -1.2111 39.2441
v 491.5411 -0.9157 39.2441
v 494.3714 -0.6729 39.2441
v 496.4231 -0.4921 39.2441
v 497.6662 -0.3804 39.2441
v 498.0825 -0.3426 39.2441
v 504.6602 0.3139 58.4882
v 504.2787 0.3485 58.4882
v 503.1398 0.4508 58.4882
v 501.2601 0.6165 58.4882
v 498.6669 0.8390 58.4882
v 495.3982 1.1096 58.4882
v 491.5015 1.4189 58.4882
v 487.0337 1.7565 58.4882
v 482.0600 2.1120 58.4882
v 476.6528 2.4745 58.4882
v 470.8911 2.8331 58.4882
v 464.8588 3.1763 58.4882
v 458.6439 3.4917 58.4882
v 452.3371 3.7663 58.4882
v 446.0302 3.9865 58.4882
v 439.8153 4.1389 58.4882
v 433.7830 4.2108 58.4882
v 428.0213 4.1920 58.4882
v 422.6141 4.0751 58.4882
v 417.6404 3.8569 58.4882
v 413.1726 3.5386 58.4882
v 409.2759 3.1257 58.4882
v 406.0072 2.6270 58.4882
v 403.4140 2.0540 58.4882
v 401.5343 1.4184 58.4882
v 400.3954 0.7310 58.4882
v 400.0139 0.0000 58.4882
v 400.3954 -0.7310 58.4882
v 401.5343 -1.4184 58.4882
v 403.4140 -2.0540 58.4882
v 406.0072 -2.6270 58.4882
v 409.2759 -3.1257 58.4882
v 413.1726 -3.5386 58.4882
v 417.6404 -3.8569 58.4882
v 422.6141 -4.0751 58.4882
v 428.0213 -4.1920 58.4882
v 433.7830 -4.2108 58.4882
v 439.8153 -4.1389 58.4882
v 446.0302 -3.9865 58.4882
v 452.3371 -3.7663 58.4882
v 458.6439 -3.4917 58.4882
v 464.8588 -3.1763 58.4882
v 470.8911 -2.8331 58.4882
v 476.6528 -2.4745 58.4882
v 482.0600 -2.1120 58.4882
v 487.0337 -1.7565 58.4882
v 491.5015 -1.4189 58.4882
v 495.3982 -1.1096 58.4882
v 498.6669 -0.8390 58.4882
v 501.2601 -0.6165 58.4882
v 503.1398 -0.4508 58.4882
v 504.2787 -0.3485 58.4882
v 504.6602 -0.3139 58.4882
v 511.2379 0.2852 77.7323
v 510.8913 0.3167 77.7323
v 509.8565 0.4096 77.7323
v 508.1487 0.5602 77.7323
v 505.7927 0.7622 77.7323
v 502.8229 1.0082 77.7323
v 499.2826 1.2892 77.7323
v 495.2234 1.5959 77.7323
v 490.7045 1.9188 77.7323
v 485.7918 2.2482 77.7323
v 480.5570 2.5740 77.7323
v 475.0764 2.8858 77.7323
v 469.4298 3.1724 77.7323
v 463.6998 3.4219 77.7323
v 457.9697 3.6220 77.7323
v 452.3231 3.7604 77.7323
v 446.8425 3.8257 77.7323
v 441.6077 3.8086 77.7323
v 436.6950 3.7024 77.7323
v 432.1761 3.5042 77.7323
v 428.1169 3.2150 77.7323
v 424.5766 2.8398 77.7323
v 421.6068 2.3868 77.7323
v 419.2508 1.8662 77.7323
v 417.5430 1.2887 77.7323
v 416.5082 0.6641 77.7323
v 416.1616 0.0000 77.7323
v 416.5082 -0.6641 77.7323
v 417.5430 -1.2887 77.7323
v 419.2508 -1.8662 77.7323
v 421.6068 -2.3868 77.7323
v 424.5766 -2.8398 77.7323
v 428.1169 -3.2150 77.7323
v 432.1761 -3.5042 77.7323
v 436.6950 -3.7024 77.7323
v 441.6077 -3.8086 77.7323
v 446.8425 -3.8257 77.7323
v 452.3231 -3.7604 77.7323
v 457.9697 -3.6220 77.7323
v 463.6998 -3.4219 77.7323
v 469.4298 -3.1724 77.7323
v 475.0764 -2.8858 77.7323
v 480.5570 -2.5740 77.7323
v 485.7918 -2.2482 77.7323
v 490.7045 -1.9188 77.7323
v 495.2234 -1.5959 77.7323
v 499.2826 -1.2892 77.7323
v 502.8229 -1.0082 77.7323
v 505.7927 -0.7622 77.7323
v 508.1487 -0.5602 77.7323
v 509.8565 -0.4096 77.7323
v 510.8913 -0.3167 77.7323
v 511.2379 -0.2852 77.7323
v 517.8156 0.2565 96.9764
v 517.5039 0.2848 96.9764
v 516.5732 0.3684 96.9764
v 515.0373 0.5038 96.9764
v 512.9185 0.6855 96.9764
v 510.2476 0.9067 96.9764
v 507.0636 1.1594 96.9764
v 503.4130 1.4353 96.9764
v 499.3490 1.7257 96.9764
v 494.9308 2.0219 96.9764
v 490.2229 2.3149 96.9764
v 485.2939 2.5953 96.9764
v 480.2158 2.8531 96.9764
v 475.0625 3.0775 96.9764
v 469.9091 3.2574 96.9764
v 464.8310 3.3819 96.9764
v 459.9020 3.4406 96.9764
v 455.1941 3.4252 96.9764
v 450.7759 3.3297 96.9764
v 446.7119 3.1514 96.9764
v 443.0613 2.8914 96.9764
v 439.8773 2.5540 96.9764
v 437.2064 2.1466 96.9764
v 435.0876 1.6783 96.9764
v 433.5517 1.1589 96.9764
v 432.6211 0.5973 96.9764
v 432.3093 0.0000 96.9764
v 432.6211 -0.5973 96.9764
v 433.5517 -1.1589 96.9764
v 435.0876 -1.6783 96.9764
v 437.2064 -2.1466 96.9764
v 439.8773 -2.5540 96.9764
v 443.0613 -2.8914 96.9764
v 446.7119 -3.1514 96.9764
v 450.7759 -3.3297 96.9764
v 455.1941 -3.4252 96.9764
v 459.9020 -3.4406 96.9764
v 464.8310 -3.3819 96.9764
v 469.9091 -3.2574 96.9764
v 475.0625 -3.0775 96.9764
v 480.2158 -2.8531 96.9764
v 485.2939 -2.5953 96.9764
v 490.2229 -2.3149 96.9764
v 494.9308 -2.0219 96.9764
v 499.3490 -1.7257 96.9764
v 503.4130 -1.4353 96.9764
v 507.0636 -1.1594 96.9764
v 510.2476 -0.9067 96.9764
v 512.9185 -0.6855 96.9764
v 515.0373 -0.5038 96.9764
v 516.5732 -0.3684 96.9764
v 517.5039 -0.2848 96.9764
v 517.8156 -0.2565 96.9764
v 524.3933 0.2278 116.2205
v 524.1164 0.2529 116.2205
v 523.2900 0.3271 116.2205
v 521.9259 0.4474 116.2205
v 520.0442 0.6088 116.2205
v 517.6723 0.8052 116.2205
v 514.8447 1.0296 116.2205
v 511.6027 1.2746 116.2205
v 507.9935 1.5325 116.2205
v 504.0698 1.7956 116.2205
v 499.8888 2.0559 116.2205
v 495.5115 2.3049 116.2205
v 491.0017 2.5338 116.2205
v 486.4252 2.7330 116.2205
v 481.8486 2.8928 116.2205
v 477.3388 3.0034 116.2205
v 472.9615 3.0556 116.2205
v 468.7805 3.0419 116.2205
v 464.8568 2.9571 116.2205
v 461.2476 2.7987 116.2205
v 458.0056 2.5678 116.2205
v 455.1780 2.2681 116.2205
v 452.8061 1.9063 116.2205
v 450.9244 1.4905 116.2205
v 449.5603 1.0292 116.2205
v 448.7339 0.5304 116.2205
v 448.4571 0.0000 116.2205
v 448.7339 -0.5304 116.2205
v 449.5603 -1.0292 116.2205
v 450.9244 -1.4905 116.2205
v 452.8061 -1.9063 116.2205
v 455.1780 -2.2681 116.2205
v 458.0056 -2.5678 116.2205
v 461.2476 -2.7987 116.2205
v 464.8568 -2.9571 116.2205
v 468.7805 -3.0419 116.2205
v 472.9615 -3.0556 116.2205
v 477.3388 -3.0034 116.2205
v 481.8486 -2.8928 116.2205
v 486.4252 -2.7330 116.2205
v 491.0017 -2.5338 116.2205
v 495.5115 -2.3049 116.2205
v 499.8888 -2.0559 116.2205
v 504.0698 -1.7956 116.2205
v 507.9935 -1.5325 116.2205
v 511.6027 -1.2746 116.2205
v 514.8447 -1.0296 116.2205
v 517.6723 -0.8052 116.2205
v 520.0442 -0.6088 116.2205
v 521.9259 -0.4474 116.2205
v 523.2900 -0.3271 116.2205
v 524.1164 -0.2529 116.2205
v 524.3933 -0.2278 116.2205
v 530.9709 0.1991 135.4646
v 530.7290 0.2210 135.4646
v 530.0067 0.2859 135.4646
v 528.8146 0.3910 135.4646
v 527.1700 0.5321 135.4646
v 525.0970 0.7037 135.4646
v 522.6257 0.8999 135.4646
v 519.7923 1.1140 135.4646
v 516.6380 1.3394 135.4646
v 513.2088 1.5693 135.4646
v 509.5547 1.7968 135.4646
v 505.7291 2.0144 135.4646
v 501.7876 2.2144 135.4646
v 497.7879 2.3886 135.4646
v 493.7881 2.5282 135.4646
v 489.8466 2.6248 135.4646
v 486.0210 2.6705 135.4646
v 482.3669 2.6585 135.4646
v 478.9377 2.5844 135.4646
v 475.7834 2.4460 135.4646
v 472.9500 2.2442 135.4646
v 470.4787 1.9823 135.4646
v 468.4057 1.6661 135.4646
v 466.7611 1.3026 135.4646
v 465.5690 0.8995 135.4646
v 464.8467 0.4636 135.4646
v 464.6048 0.0000 135.4646
v 464.8467 -0.4636 135.4646
v 465.5690 -0.8995 135.4646
v 466.7611 -1.3026 135.4646
v 468.4057 -1.6661 135.4646
v 470.4787 -1.9823 135.4646
v 472.9500 -2.2442 135.4646
v 475.7834 -2.4460 135.4646
v 478.9377 -2.5844 135.4646
v 482.3669 -2.6585 135.4646
v 486.0210 -2.6705 135.4646
v 489.8466 -2.6248 135.4646
v 493.7881 -2.5282 135.4646
v 497.7879 -2.3886 135.4646
v 501.7876 -2.2144 135.4646
v 505.7291 -2.0144 135.4646
v 509.5547 -1.7968 135.4646
v 513.2088 -1.5693 135.4646
v 516.6380 -1.3394 135.4646
v 519.7923 -1.1140 135.4646
v 522.6257 -0.8999 135.4646
v 525.0970 -0.7037 135.4646
v 527.1700 -0.5321 135.4646
v 528.8146 -0.3910 135.4646
v 530.0067 -0.2859 135.4646
v 530.7290 -0.2210 135.4646
v 530.9709 -0.1991 135.4646
v 537.5486 0.1704 154.7087
v 537.3416 0.1892 154.7087
v 536.7234 0.2447 154.7087
v 535.7032 0.3346 154.7087
v 534.2958 0.4553 154.7087
v 532.5217 0.6023 154.7087
v 530.4068 0.7701 154.7087
v 527.9820 0.9533 154.7087
v 525.2825 1.1463 154.7087
v 522.3478 1.3430 154.7087
v 519.2206 1.5377 154.7087
v 515.9467 1.7239 154.7087
v 512.5736 1.8951 154.7087
v 509.1506 2.0441 154.7087
v 505.7275 2.1637 154.7087
v 502.3545 2.2463 154.7087
v 499.0805 2.2854 154.7087
v 495.9533 2.2752 154.7087
v 493.0186 2.2117 154.7087
v 490.3192 2.0933 154.7087
v 487.8943 1.9205 154.7087
v 485.7794 1.6964 154.7087
v 484.0053 1.4258 154.7087
v 482.5979 1.1148 154.7087
v 481.5777 0.7698 154.7087
v 480.9596 0.3967 154.7087
v 480.7525 0.0000 154.7087
v 480.9596 -0.3967 154.7087
v 481.5777 -0.7698 154.7087
v 482.5979 -1.1148 154.7087
v 484.0053 -1.4258 154.7087
v 485.7794 -1.6964 154.7087
v 487.8943 -1.9205 154.7087
v 490.3192 -2.0933 154.7087
v 493.0186 -2.2117 154.7087
v 495.9533 -2.2752 154.7087
v 499.0805 -2.2854 154.7087
v 502.3545 -2.2463 154.7087
v 505.7275 -2.1637 154.7087
v 509.1506 -2.0441 154.7087
v 512.5736 -1.8951 154.7087
v 515.9467 -1.7239 154.7087
v 519.2206 -1.5377 154.7087
v 522.3478 -1.3430 154.7087
v 525.2825 -1.1463 154.7087
v 527.9820 -0.9533 154.7087
v 530.4068 -0.7701 154.7087
v 532.5217 -0.6023 154.7087
v 534.2958 -0.4553 154.7087
v 535.7032 -0.3346 154.7087
v 536.7234 -0.2447 154.7087
v 537.3416 -0.1892 154.7087
v 537.5486 -0.1704 154.7087
v 430.7794 0.0000 20.0000
v 509.6864 0.0000 154.7087
v 179.0313 120.0000 12.5968
v 181.4321 120.0000 12.3534
v 190.3174 153.7500 13.6423
v 192.7184 153.7500 13.4017
v 201.6032 187.5000 14.6882
v 204.0046 187.5000 14.4508
v 212.8890 221.2500 15.7332
v 215.2907 221.2500 15.4990
v 224.1749 255.0000 16.7761
v 226.5769 255.0000 16.5453
v 235.4608 288.7500 17.8160
v 237.8632 288.7500 17.5887
v 246.7470 322.5000 18.8521
v 249.1497 322.5000 18.6285
v 258.0334 356.2500 19.8838
v 260.4365 356.2500 19.6641
v 269.3202 390.0000 20.9105
v 271.7237 390.0000 20.6947
v 179.0629 120.0000 1.8023
v 181.4622 120.0000 2.0003
v 190.3597 153.7500 3.1326
v 192.7588 153.7500 3.3333
v 201.6564 187.5000 4.4634
v 204.0552 187.5000 4.6671
v 212.9529 221.2500 5.7932
v 215.3515 221.2500 6.0001
v 224.2493 255.0000 7.1209
v 226.6476 255.0000 7.3311
v 235.5455 288.7500 8.4457
v 237.9435 288.7500 8.6594
v 246.8414 322.5000 9.7667
v 249.2391 322.5000 9.9840
v 258.1372 356.2500 11.0833
v 260.5345 356.2500 11.3043
v 269.4327 390.0000 12.3949
v 271.8296 390.0000 12.6197
v 179.0313 -120.0000 12.5968
v 181.4321 -120.0000 12.3534
v 190.3174 -153.7500 13.6423
v 192.7184 -153.7500 13.4017
v 201.6032 -187.5000 14.6882
v 204.0046 -187.5000 14.4508
v 212.8890 -221.2500 15.7332
v 215.2907 -221.2500 15.4990
v 224.1749 -255.0000 16.7761
v 226.5769 -255.0000 16.5453
v 235.4608 -288.7500 17.8160
v 237.8632 -288.7500 17.5887
v 246.7470 -322.5000 18.8521
v 249.1497 -322.5000 18.6285
v 258.0334 -356.2500 19.8838
v 260.4365 -356.2500 19.6641
v 269.3202 -390.0000 20.9105
v 271.7237 -390.0000 20.6947
v 179.0629 -120.0000 1.8023
v 181.4622 -120.0000 2.0003
v 190.3597 -153.7500 3.1326
v 192.7588 -153.7500 3.3333
v 201.6564 -187.5000 4.4634
v 204.0552 -187.5000 4.6671
v 212.9529 -221.2500 5.7932
v 215.3515 -221.2500 6.0001
v 224.2493 -255.0000 7.1209
v 226.6476 -255.0000 7.3311
v 235.5455 -288.7500 8.4457
v 237.9435 -288.7500 8.6594
v 246.8414 -322.5000 9.7667
v 249.2391 -322.5000 9.9840
v 258.1372 -356.2500 11.0833
v 260.5345 -356.2500 11.3043
v 269.4327 -390.0000 12.3949
v 271.8296 -390.0000 12.6197
v 276.8449 412.5000 21.5920
v 279.2486 412.5000 21.3788
v 289.3866 450.0000 22.7219
v 291.7907 450.0000 22.5133
v 301.9288 487.5000 23.8441
v 304.3333 487.5000 23.6402
v 314.4718 525.0000 24.9580
v 316.8767 525.0000 24.7588
v 327.0155 562.5000 26.0631
v 329.4208 562.5000 25.8688
v 339.5600 600.0000 27.1590
v 341.9657 600.0000 26.9697
v 352.1054 637.5000 28.2452
v 354.5115 637.5000 28.0610
v 364.6518 675.0000 29.3213
v 367.0583 675.0000 29.1423
v 377.1992 712.5000 30.3871
v 379.6061 712.5000 30.2133
v 276.9629 412.5000 13.2663
v 279.3596 412.5000 13.4938
v 289.5131 450.0000 14.7129
v 291.9093 450.0000 14.9447
v 302.0629 487.5000 16.1517
v 304.4587 487.5000 16.3881
v 314.6126 525.0000 17.5822
v 317.0079 525.0000 17.8232
v 327.1619 562.5000 19.0039
v 329.5568 562.5000 19.2497
v 339.7111 600.0000 20.4164
v 342.1054 600.0000 20.6671
v 352.2601 637.5000 21.8192
v 354.6538 637.5000 22.0748
v 364.8088 675.0000 23.2120
v 367.2021 675.0000 23.4726
v 377.3575 712.5000 24.5943
v 379.7501 712.5000 24.8601
v 276.8449 -412.5000 21.5920
v 279.2486 -412.5000 21.3788
v 289.3866 -450.0000 22.7219
v 291.7907 -450.0000 22.5133
v 301.9288 -487.5000 23.8441
v 304.3333 -487.5000 23.6402
v 314.4718 -525.0000 24.9580
v 316.8767 -525.0000 24.7588
v 327.0155 -562.5000 26.0631
v 329.4208 -562.5000 25.8688
v 339.5600 -600.0000 27.1590
v 341.9657 -600.0000 26.9697
v 352.1054 -637.5000 28.2452
v 354.5115 -637.5000 28.0610
v 364.6518 -675.0000 29.3213
v 367.0583 -675.0000 29.1423
v 377.1992 -712.5000 30.3871
v 379.6061 -712.5000 30.2133
v 276.9629 -412.5000 13.2663
v 279.3596 -412.5000 13.4938
v 289.5131 -450.0000 14.7129
v 291.9093 -450.0000 14.9447
v 302.0629 -487.5000 16.1517
v 304.4587 -487.5000 16.3881
v 314.6126 -525.0000 17.5822
v 317.0079 -525.0000 17.8232
v 327.1619 -562.5000 19.0039
v 329.5568 -562.5000 19.2497
v 339.7111 -600.0000 20.4164
v 342.1054 -600.0000 20.6671
v 352.2601 -637.5000 21.8192
v 354.6538 -637.5000 22.0748
v 364.8088 -675.0000 23.2120
v 367.2021 -675.0000 23.4726
v 377.3575 -712.5000 24.5943
v 379.7501 -712.5000 24.8601
g wing_stbd
f 1 142 143
f 1 143 2
f 2 143 144
f 2 144 3
f 3 144 145
f 3 145 4
f 4 145 146
f 4 146 5
f 5 146 147
f 5 147 6
f 6 147 148
f 6 148 7
f 7 148 149
f 7 149 8
f 8 149 150
f 8 150 9
f 9 150 151
f 9 151 10
f 10 151 152
f 10 152 11
f 11 152 153
f 11 153 12
f 12 153 154
f 12 154 13
f 13 154 155
f 13 155 14
f 14 155 156
f 14 156 15
f 15 156 157
f 15 157 16
f 16 157 158
f 16 158 17
f 17 158 159
f 17 159 18
f 18 159 160
f 18 160 19
f 19 160 161
f 19 161 20
f 20 161 162
f 20 162 21
f 21 162 163
f 21 163 22
f 22 163 164
f 22 164 23
f 23 164 165
f 23 165 24
f 24 165 166
f 24 166 25
f 25 166 167
f 25 167 26
f 26 167 168
f 26 168 27
f 27 168 169
f 27 169 28
f 28 169 170
f 28 170 29
f 29 170 171
f 29 171 30
f 30 171 172
f 30 172 31
f 31 172 173
f 31 173 32
f 32 173 174
f 32 174 33
f 33 174 175
f 33 175 34
f 34 175 176
f 34 176 35
f 35 176 177
f 35 177 36
f 36 177 178
f 36 178 37
f 37 178 179
f 37 179 38
f 38 179 180
f 38 180 39
f 39 180 181
f 39 181 40
f 40 181 182
f 40 182 41
f 41 182 183
f 41 183 42
f 42 183 184
f 42 184 43
f 43 184 185
f 43 185 44
f 44 185 186
f 44 186 45
f 45 186 187
f 45 187 46
f 46 187 188
f 46 188 47
f 47 188 189
f 47 189 48
f 48 189 190
f 48 190 49
f 49 190 191
f 49 191 50
f 50 191 192
f 50 192 51
f 51 192 193
f 51 193 52
f 52 193 194
f 52 194 53
f 53 194 195
f 53 195 54
f 54 195 196
f 54 196 55
f 55 196 197
f 55 197 56
f 56 197 198
f 56 198 57
f 57 198 199
f 57 199 58
f 58 199 200
f 58 200 59
f 59 200 201
f 59 201 60
f 60 201 202
f 60 202 61
f 61 202 203
f 61 203 62
f 62 203 204
f 62 204 63
f 63 204 205
f 63 205 64
f 64 205 206
f 64 206 65
f 65 206 207
f 65 207 66
f 66 207 208
f 66 208 67
f 67 208 209
f 67 209 68
f 68 209 210
f 68 210 69
f 69 210 211
f 69 211 70
f 70 211 212
f 70 212 71
f 71 212 213
f 71 213 72
f 72 213 214
f 72 214 73
f 73 214 215
f 73 215 74
f 74 215 216
f 74 216 75
f 75 216 217
f 75 217 76
f 76 217 218
f 76 218 77
f 77 218 219
f 77 219 78
f 78 219 220
f 78 220 79
f 79 220 221
f 79 221 80
f 80 221 222
f 80 222 81
f 81 222 223
f 81 223 82
f 82 223 224
f 82 224 83
f 83 224 225
f 83 225 84
f 84 225 226
f 84 226 85
f 85 226 227
f 85 227 86
f 86 227 228
f 86 228 87
f 87 228 229
f 87 229 88
f 88 229 230
f 88 230 89
f 89 230 231
f 89 231 90
f 90 231 232
f 90 232 91
f 91 232 233
f 91 233 92
f 92 233 234
f 92 234 93
f 93 234 235
f 93 235 94
f 94 235 236
f 94 236 95
f 95 236 237
f 95 237 96
f 96 237 238
f 96 238 97
f 97 238 239
f 97 239 98
f 98 239 240
f 98 240 99
f 99 240 241
f 99 241 100
f 100 241 242
f 100 242 101
f 101 242 243
f 101 243 102
f 102 243 244
f 102 244 103
f 103 244 245
f 103 245 104
f 104 245 246
f 104 246 105
f 105 246 247
f 105 247 106
f 106 247 248
f 106 248 107
f 107 248 249
f 107 249 108
f 108 249 250
f 108 250 109
f 109 250 251
f 109 251 110
f 110 251 252
f 110 252 111
f 111 252 253
f 111 253 112
f 112 253 254
f 112 254 113
f 113 254 255
f 113 255 114
f 114 255 256
f 114 256 115
f 115 256 257
f 115 257 116
f 116 257 258
f 116 258 117
f 117 258 259
f 117 259 118
f 118 259 260
f 118 260 119
f 119 260 261
f 119 261 120
f 120 261 262
f 120 262 121
f 121 262 263
f 121 263 122
f 122 263 264
f 122 264 123
f 123 264 265
f 123 265 124
f 124 265 266
f 124 266 125
f 125 266 267
f 125 267 126
f 126 267 268
f 126 268 127
f 127 268 269
f 127 269 128
f 128 269 270
f 128 270 129
f 129 270 271
f 129 271 130
f 130 271 272
f 130 272 131
f 131 272 273
f 131 273 132
f 132 273 274
f 132 274 133
f 133 274 275
f 133 275 134
f 134 275 276
f 134 276 135
f 135 276 277
f 135 277 136
f 136 277 278
f 136 278 137
f 137 278 279
f 137 279 138
f 138 279 280
f 138 280 139
f 139 280 281
f 139 281 140
f 140 281 282
f 140 282 141
f 141 282 142
f 141 142 1
f 142 283 284
f 142 284 143
f 143 284 285
f 143 285 144
f 144 285 286
f 144 286 145
f 145 286 287
f 145 287 146
f 146 287 288
f 146 288 147
f 147 288 289
f 147 289 148
f 148 289 290
f 148 290 149
f 149 290 291
f 149 291 150
f 150 291 292
f 150 292 151
f 151 292 293
f 151 293 152
f 152 293 294
f 152 294 153
f 153 294 295
f 153 295 154
f 154 295 296
f 154 296 155
f 155 296 297
f 155 297 156
f 156 297 298
f 156 298 157
f 157 298 299
f 157 299 158
f 158 299 300
f 158 300 159
f 159 300 301
f 159 301 160
f 160 301 302
f 160 302 161
f 161 302 303
f 161 303 162
f 162 303 304
f 162 304 163
f 163 304 305
f 163 305 164
f 164 305 306
f 164 306 165
f 165 306 307
f 165 307 166
f 166 307 308
f 166 308 167
f 167 308 309
f 167 309 168
f 168 309 310
f 168 310 169
f 169 310 311
f 169 311 170
f 170 311 312
f 170 312 171
f 171 312 313
f 171 313 172
f 172 313 314
f 172 314 173
f 173 314 315
f 173 315 174
f 174 315 316
f 174 316 175
f 175 316 317
f 175 317 176
f 176 317 318
f 176 318 177
f 177 318 319
f 177 319 178
f 178 319 320
f 178 320 179
f 179 320 321
f 179 321 180
f 180 321 322
f 180 322 181
f 181 322 323
f 181 323 182
f 182 323 324
f 182 324 183
f 183 324 325
f 183 325 184
f 184 325 326
f 184 326 185
f 185 326 327
f 185 327 186
f 186 327 328
f 186 328 187
f 187 328 329
f 187 329 188
f 188 329 330
f 188 330 189
f 189 330 331
f 189 331 190
f 190 331 332
f 190 332 191
f 191 332 333
f 191 333 192
f 192 333 334
f 192 334 193
f 193 334 335
f 193 335 194
f 194 335 336
f 194 336 195
f 195 336 337
f 195 337 196
f 196 337 338
f 196 338 197
f 197 338 339
f 197 339 198
f 198 339 340
f 198 340 199
f 199 340 341
f 199 341 200
f 200 341 342
f 200 342 201
f 201 342 343
f 201 343 202
f 202 343 344
f 202 344 203
f 203 344 345
f 203 345 204
f 204 345 346
f 204 346 205
f 205 346 347
f 205 347 206
f 206 347 348
f 206 348 207
f 207 348 349
f 207 349 208
f 208 349 350
f 208 350 209
f 209 350 351
f 209 351 210
f 210 351 352
f 210 352 211
f 211 352 353
f 211 353 212
f 212 353 354
f 212 354 213
f 213 354 355
f 213 355 214
f 214 355 356
f 214 356 215
f 215 356 357
f 215 357 216
f 216 357 358
f 216 358 217
f 217 358 359
f 217 359 218
f 218 359 360
f 218 360 219
f 219 360 361
f 219 361 220
f 220 361 362
f 220 362 221
f 221 362 363
f 221 363 222
f 222 363 364
f 222 364 223
f 223 364 365
f 223 365 224
f 224 365 366
f 224 366 225
f 225 366 367
f 225 367 226
f 226 367 368
f 226 368 227
f 227 368 369
f 227 369 228
f 228 369 370
f 228 370 229
f 229 370 371
f 229 371 230
f 230 371 372
f 230 372 231
f 231 372 373
f 231 373 232
f 232 373 374
f 232 374 233
f 233 374 375
f 233 375 234
f 234 375 376
f 234 376 235
f 235 376 377
f 235 377 236
f 236 377 378
f 236 378 237
f 237 378 379
f 237 379 238
f 238 379 380
f 238 380 239
f 239 380 381
f 239 381 240
f 240 381 382
f 240 382 241
f 241 382 383
f 241 383 242
f 242 383 384
f 242 384 243
f 243 384 385
f 243 385 244
f 244 385 386
f 244 386 245
f 245 386 387
f 245 387 246
f 246 387 388
f 246 388 247
f 247 388 389
f 247 389 248
f 248 389 390
f 248 390 249
f 249 390 391
f 249 391 250
f 250 391 392
f 250 392 251
f 251 392 393
f 251 393 252
f 252 393 394
f 252 394 253
f 253 394 395
f 253 395 254
f 254 395 396
f 254 396 255
f 255 396 397
f 255 397 256
f 256 397 398
f 256 398 257
f 257 398 399
f 257 399 258
f 258 399 400
f 258 400 259
f 259 400 401
f 259 401 260
f 260 401 402
f 260 402 261
f 261 402 403
f 261 403 262
f 262 403 404
f 262 404 263
f 263 404 405
f 263 405 264
f 264 405 406
f 264 406 265
f 265 406 407
f 265 407 266
f 266 407 408
f 266 408 267
f 267 408 409
f 267 409 268
f 268 409 410
f 268 410 269
f 269 410 411
f 269 411 270
f 270 411 412
f 270 412 271
f 271 412 413
f 271 413 272
f 272 413 414
f 272 414 273
f 273 414 415
f 273 415 274
f 274 415 416
f 274 416 275
f 275 416 417
f 275 417 276
f 276 417 418
f 276 418 277
f 277 418 419
f 277 419 278
f 278 419 420
f 278 420 279
f 279 420 421
f 279 421 280
f 280 421 422
f 280 422 281
f 281 422 423
f 281 423 282
f 282 423 283
f 282 283 142
f 283 424 425
f 283 425 284
f 284 425 426
f 284 426 285
f 285 426 427
f 285 427 286
f 286 427 428
f 286 428 287
f 287 428 429
f 287 429 288
f 288 429 430
f 288 430 289
f 289 430 431
f 289 431 290
f 290 431 432
f 290 432 291
f 291 432 433
f 291 433 292
f 292 433 434
f 292 434 293
f 293 434 435
f 293 435 294
f 294 435 436
f 294 436 295
f 295 436 437
f 295 437 296
f 296 437 438
f 296 438 297
f 297 438 439
f 297 439 298
f 298 439 440
f 298 440 299
f 299 440 441
f 299 441 300
f 300 441 442
f 300 442 301
f 301 442 443
f 301 443 302
f 302 443 444
f 302 444 303
f 303 444 445
f 303 445 304
f 304 445 446
f 304 446 305
f 305 446 447
f 305 447 306
f 306 447 448
f 306 448 307
f 307 448 449
f 307 449 308
f 308 449 450
f 308 450 309
f 309 450 451
f 309 451 310
f 310 451 452
f 310 452 311
f 311 452 453
f 311 453 312
f 312 453 454
f 312 454 313
f 313 454 455
f 313 455 314
f 314 455 456
f 314 456 315
f 315 456 457
f 315 457 316
f 316 457 458
f 316 458 317
f 317 458 459
f 317 459 318
f 318 459 460
f 318 460 319
f 319 460 461
f 319 461 320
f 320 461 462
f 320 462 321
f 321 462 463
f 321 463 322
f 322 463 464
f 322 464 323
f 323 464 465
f 323 465 324
f 324 465 466
f 324 466 325
f 325 466 467
f 325 467 326
f 326 467 468
f 326 468 327
f 327 468 469
f 327 469 328
f 328 469 470
f 328 470 329
f 329 470 471
f 329 471 330
f 330 471 472
f 330 472 331
f 331 472 473
f 331 473 332
f 332 473 474
f 332 474 333
f 333 474 475
f 333 475 334
f 334 475 476
f 334 476 335
f 335 476 477
f 335 477 336
f 336 477 478
f 336 478 337
f 337 478 479
f 337 479 338
f 338 479 480
f 338 480 339
f 339 480 481
f 339 481 340
f 340 481 482
f 340 482 341
f 341 482 483
f 341 483 342
f 342 483 484
f 342 484 343
f 343 484 485
f 343 485 344
f 344 485 486
f 344 486 345
f 345 486 487
f 345 487 346
f 346 487 488
f 346 488 347
f 347 488 489
f 347 489 348
f 348 489 490
f 348 490 349
f 349 490 491
f 349 491 350
f 350 491 492
f 350 492 351
f 351 492 493
f 351 493 352
f 352 493 494
f 352 494 353
f 353 494 495
f 353 495 354
f 354 495 496
f 354 496 355
f 355 496 497
f 355 497 356
f 356 497 498
f 356 498 357
f 357 498 499
f 357 499 358
f 358 499 500
f 358 500 359
f 359 500 501
f 359 501 360
f 360 501 502
f 360 502 361
f 361 502 503
f 361 503 362
f 362 503 504
f 362 504 363
f 363 504 505
f 363 505 364
f 364 505 506
f 364 506 365
f 365 506 507
f 365 507 366
f 366 507 508
f 366 508 367
f 367 508 509
f 367 509 368
f 368 509 510
f 368 510 369
f 369 510 511
f 369 511 370
f 370 511 512
f 370 512 371
f 371 512 513
f 371 513 372
f 372 513 514
f 372 514 373
f 373 514 515
f 373 515 374
f 374 515 516
f 374 516 375
f 375 516 517
f 375 517 376
f 376 517 518
f 376 518 377
f 377 518 519
f 377 519 378
f 378 519 520
f 378 520 379
f 379 520 521
f 379 521 380
f 380 521 522
f 380 522 381
f 381 522 523
f 381 523 382
f 382 523 524
f 382 524 383
f 383 524 525
f 383 525 384
f 384 525 526
f 384 526 385
f 385 526 527
f 385 527 386
f 386 527 528
f 386 528 387
f 387 528 529
f 387 529 388
f 388 529 530
f 388 530 389
f 389 530 531
f 389 531 390
f 390 531 532
f 390 532 391
f 391 532 533
f 391 533 392
f 392 533 534
f 392 534 393
f 393 534 535
f 393 535 394
f 394 535 536
f 394 536 395
f 395 536 537
f 395 537 396
f 396 537 538
f 396 538 397
f 397 538 539
f 397 539 398
f 398 539 540
f 398 540 399
f 399 540 541
f 399 541 400
f 400 541 542
f 400 542 401
f 401 542 543
f 401 543 402
f 402 543 544
f 402 544 403
f 403 544 545
f 403 545 404
f 404 545 546
f 404 546 405
f 405 546 547
f 405 547 406
f 406 547 548
f 406 548 407
f 407 548 549
f 407 549 408
f 408 549 550
f 408 550 409
f 409 550 551
f 409 551 410
f 410 551 552
f 410 552 411
f 411 552 553
f 411 553 412
f 412 553 554
f 412 554 413
f 413 554 555
f 413 555 414
f 414 555 556
f 414 556 415
f 415 556 557
f 415 557 416
f 416 557 558
f 416 558 417
f 417 558 559
f 417 559 418
f 418 559 560
f 418 560 419
f 419 560 561
f 419 561 420
f 420 561 562
f 420 562 421
f 421 562 563
f 421 563 422
f 422 563 564
f 422 564 423
f 423 564 424
f 423 424 283
f 424 565 566
f 424 566 425
f 425 566 567
f 425 567 426
f 426 567 568
f 426 568 427
f 427 568 569
f 427 569 428
f 428 569 570
f 428 570 429
f 429 570 571
f 429 571 430
f 430 571 572
f 430 572 431
f 431 572 573
f 431 573 432
f 432 573 574
f 432 574 433
f 433 574 575
f 433 575 434
f 434 575 576
f 434 576 435
f 435 576 577
f 435 577 436
f 436 577 578
f 436 578 437
f 437 578 579
f 437 579 438
f 438 579 580
f 438 580 439
f 439 580 581
f 439 581 440
f 440 581 582
f 440 582 441
f 441 582 583
f 441 583 442
f 442 583 584
f 442 584 443
f 443 584 585
f 443 585 444
f 444 585 586
f 444 586 445
f 445 586 587
f 445 587 446
f 446 587 588
f 446 588 447
f 447 588 589
f 447 589 448
f 448 589 590
f 448 590 449
f 449 590 591
f 449 591 450
f 450 591 592
f 450 592 451
f 451 592 593
f 451 593 452
f 452 593 594
f 452 594 453
f 453 594 595
f 453 595 454
f 454 595 596
f 454 596 455
f 455 596 597
f 455 597 456
f 456 597 598
f 456 598 457
f 457 598 599
f 457 599 458
f 458 599 600
f 458 600 459
f 459 600 601
f 459 601 460
f 460 601 602
f 460 602 461
f 461 602 603
f 461 603 462
f 462 603 604
f 462 604 463
f 463 604 605
f 463 605 464
f 464 605 606
f 464 606 465
f 465 606 607
f 465 607 466
f 466 607 608
f 466 608 467
f 467 608 609
f 467 609 468
f 468 609 610
f 468 610 469
f 469 610 611
f 469 611 470
f 470 611 612
f 470 612 471
f 471 612 613
f 471 613 472
f 472 613 614
f 472 614 473
f 473 614 615
f 473 615 474
f 474 615 616
f 474 616 475
f 475 616 617
f 475 617 476
f 476 617 618
f 476 618 477
f 477 618 619
f 477 619 478
f 478 619 620
f 478 620 479
f 479 620 621
f 479 621 480
f 480 621 622
f 480 622 481
f 481 622 623
f 481 623 482
f 482 623 624
f 482 624 483
f 483 624 625
f 483 625 484
f 484 625 626
f 484 626 485
f 485 626 627
f 485 627 486
f 486 627 628
f 486 628 487
f 487 628 629
f 487 629 488
f 488 629 630
f 488 630 489
f 489 630 631
f 489 631 490
f 490 631 632
f 490 632 491
f 491 632 633
f 491 633 492
f 492 633 634
f 492 634 493
f 493 634 635
f 493 635 494
f 494 635 636
f 494 636 495
f 495 636 637
f 495 637 496
f 496 637 638
f 496 638 497
f 497 638 639
f 497 639 498
f 498 639 640
f 498 640 499
f 499 640 641
f 499 641 500
f 500 641 642
f 500 642 501
f 501 642 643
f 501 643 502
f 502 643 644
f 502 644 503
f 503 644 645
f 503 645 504
f 504 645 646
f 504 646 505
f 505 646 647
f 505 647 506
f 506 647 648
f 506 648 507
f 507 648 649
f 507 649 508
f 508 649 650
f 508 650 509
f 509 650 651
f 509 651 510
f 510 651 652
f 510 652 511
f 511 652 653
f 511 653 512
f 512 653 654
f 512 654 513
f 513 654 655
f 513 655 514
f 514 655 656
f 514 656 515
f 515 656 657
f 515 657 516
f 516 657 658
f 516 658 517
f 517 658 659
f 517 659 518
f 518 659 660
f 518 660 519
f 519 660 661
f 519 661 520
f 520 661 662
f 520 662 521
f 521 662 663
f 521 663 522
f 522 663 664
f 522 664 523
f 523 664 665
f 523 665 524
f 524 665 666
f 524 666 525
f 525 666 667
f 525 667 526
f 526 667 668
f 526 668 527
f 527 668 669
f 527 669 528
f 528 669 670
f 528 670 529
f 529 670 671
f 529 671 530
f 530 671 672
f 530 672 531
f 531 672 673
f 531 673 532
f 532 673 674
f 532 674 533
f 533 674 675
f 533 675 534
f 534 675 676
f 534 676 535
f 535 676 677
f 535 677 536
f 536 677 678
f 536 678 537
f 537 678 679
f 537 679 538
f 538 679 680
f 538 680 539
f 539 680 681
f 539 681 540
f 540 681 682
f 540 682 541
f 541 682 683
f 541 683 542
f 542 683 684
f 542 684 543
f 543 684 685
f 543 685 544
f 544 685 686
f 544 686 545
f 545 686 687
f 545 687 546
f 546 687 688
f 546 688 547
f 547 688 689
f 547 689 548
f 548 689 690
f 548 690 549
f 549 690 691
f 549 691 550
f 550 691 692
f 550 692 551
f 551 692 693
f 551 693 552
f 552 693 694
f 552 694 553
f 553 694 695
f 553 695 554
f 554 695 696
f 554 696 555
f 555 696 697
f 555 697 556
f 556 697 698
f 556 698 557
f 557 698 699
f 557 699 558
f 558 699 700
f 558 700 559
f 559 700 701
f 559 701 560
f 560 701 702
f 560 702 561
f 561 702 703
f 561 703 562
f 562 703 704
f 562 704 563
f 563 704 705
f 563 705 564
f 564 705 565
f 564 565 424
f 565 706 707
f 565 707 566
f 566 707 708
f 566 708 567
f 567 708 709
f 567 709 568
f 568 709 710
f 568 710 569
f 569 710 711
f 569 711 570
f 570 711 712
f 570 712 571
f 571 712 713
f 571 713 572
f 572 713 714
f 572 714 573
f 573 714 715
f 573 715 574
f 574 715 716
f 574 716 575
f 575 716 717
f 575 717 576
f 576 717 718
f 576 718 577
f 577 718 719
f 577 719 578
f 578 719 720
f 578 720 579
f 579 720 721
f 579 721 580
f 580 721 722
f 580 722 581
f 581 722 723
f 581 723 582
f 582 723 724
f 582 724 583
f 583 724 725
f 583 725 584
f 584 725 726
f 584 726 585
f 585 726 727
f 585 727 586
f 586 727 728
f 586 728 587
f 587 728 729
f 587 729 588
f 588 729 730
f 588 730 589
f 589 730 731
f 589 731 590
f 590 731 732
f 590 732 591
f 591 732 733
f 591 733 592
f 592 733 734
f 592 734 593
f 593 734 735
f 593 735 594
f 594 735 736
f 594 736 595
f 595 736 737
f 595 737 596
f 596 737 738
f 596 738 597
f 597 738 739
f 597 739 598
f 598 739 740
f 598 740 599
f 599 740 741
f 599 741 600
f 600 741 742
f 600 742 601
f 601 742 743
f 601 743 602
f 602 743 744
f 602 744 603
f 603 744 745
f 603 745 604
f 604 745 746
f 604 746 605
f 605 746 747
f 605 747 606
f 606 747 748
f 606 748 607
f 607 748 749
f 607 749 608
f 608 749 750
f 608 750 609
f 609 750 751
f 609 751 610
f 610 751 752
f 610 752 611
f 611 752 753
f 611 753 612
f 612 753 754
f 612 754 613
f 613 754 755
f 613 755 614
f 614 755 756
f 614 756 615
f 615 756 757
f 615 757 616
f 616 757 758
f 616 758 617
f 617 758 759
f 617 759 618
f 618 759 760
f 618 760 619
f 619 760 761
f 619 761 620
f 620 761 762
f 620 762 621
f 621 762 763
f 621 763 622
f 622 763 764
f 622 764 623
f 623 764 765
f 623 765 624
f 624 765 766
f 624 766 625
f 625 766 767
f 625 767 626
f 626 767 768
f 626 768 627
f 627 768 769
f 627 769 628
f 628 769 770
f 628 770 629
f 629 770 771
f 629 771 630
f 630 771 772
f 630 772 631
f 631 772 773
f 631 773 632
f 632 773 774
f 632 774 633
f 633 774 775
f 633 775 634
f 634 775 776
f 634 776 635
f 635 776 777
f 635 777 636
f 636 777 778
f 636 778 637
f 637 778 779
f 637 779 638
f 638 779 780
f 638 780 639
f 639 780 781
f 639 781 640
f 640 781 782
f 640 782 641
f 641 782 783
f 641 783 642
f 642 783 784
f 642 784 643
f 643 784 785
f 643 785 644
f 644 785 786
f 644 786 645
f 645 786 787
f 645 787 646
f 646 787 788
f 646 788 647
f 647 788 789
f 647 789 648
f 648 789 790
f 648 790 649
f 649 790 791
f 649 791 650
f 650 791 792
f 650 792 651
f 651 792 793
f 651 793 652
f 652 793 794
f 652 794 653
f 653 794 795
f 653 795 654
f 654 795 796
f 654 796 655
f 655 796 797
f 655 797 656
f 656 797 798
f 656 798 657
f 657 798 799
f 657 799 658
f 658 799 800
f 658 800 659
f 659 800 801
f 659 801 660
f 660 801 802
f 660 802 661
f 661 802 803
f 661 803 662
f 662 803 804
f 662 804 663
f 663 804 805
f 663 805 664
f 664 805 806
f 664 806 665
f 665 806 807
f 665 807 666
f 666 807 808
f 666 808 667
f 667 808 809
f 667 809 668
f 668 809 810
f 668 810 669
f 669 810 811
f 669 811 670
f 670 811 812
f 670 812 671
f 671 812 813
f 671 813 672
f 672 813 814
f 672 814 673
f 673 814 815
f 673 815 674
f 674 815 816
f 674 816 675
f 675 816 817
f 675 817 676
f 676 817 818
f 676 818 677
f 677 818 819
f 677 819 678
f 678 819 820
f 678 820 679
f 679 820 821
f 679 821 680
f 680 821 822
f 680 822 681
f 681 822 823
f 681 823 682
f 682 823 824
f 682 824 683
f 683 824 825
f 683 825 684
f 684 825 826
f 684 826 685
f 685 826 827
f 685 827 686
f 686 827 828
f 686 828 687
f 687 828 829
f 687 829 688
f 688 829 830
f 688 830 689
f 689 830 831
f 689 831 690
f 690 831 832
f 690 832 691
f 691 832 833
f 691 833 692
f 692 833 834
f 692 834 693
f 693 834 835
f 693 835 694
f 694 835 836
f 694 836 695
f 695 836 837
f 695 837 696
f 696 837 838
f 696 838 697
f 697 838 839
f 697 839 698
f 698 839 840
f 698 840 699
f 699 840 841
f 699 841 700
f 700 841 842
f 700 842 701
f 701 842 843
f 701 843 702
f 702 843 844
f 702 844 703
f 703 844 845
f 703 845 704
f 704 845 846
f 704 846 705
f 705 846 706
f 705 706 565
f 706 847 848
f 706 848 707
f 707 848 849
f 707 849 708
f 708 849 850
f 708 850 709
f 709 850 851
f 709 851 710
f 710 851 852
f 710 852 711
f 711 852 853
f 711 853 712
f 712 853 854
f 712 854 713
f 713 854 855
f 713 855 714
f 714 855 856
f 714 856 715
f 715 856 857
f 715 857 716
f 716 857 858
f 716 858 717
f 717 858 859
f 717 859 718
f 718 859 860
f 718 860 719
f 719 860 861
f 719 861 720
f 720 861 862
f 720 862 721
f 721 862 863
f 721 863 722
f 722 863 864
f 722 864 723
f 723 864 865
f 723 865 724
f 724 865 866
f 724 866 725
f 725 866 867
f 725 867 726
f 726 867 868
f 726 868 727
f 727 868 869
f 727 869 728
f 728 869 870
f 728 870 729
f 729 870 871
f 729 871 730
f 730 871 872
f 730 872 731
f 731 872 873
f 731 873 732
f 732 873 874
f 732 874 733
f 733 874 875
f 733 875 734
f 734 875 876
f 734 876 735
f 735 876 877
f 735 877 736
f 736 877 878
f 736 878 737
f 737 878 879
f 737 879 738
f 738 879 880
f 738 880 739
f 739 880 881
f 739 881 740
f 740 881 882
f 740 882 741
f 741 882 883
f 741 883 742
f 742 883 884
f 742 884 743
f 743 884 885
f 743 885 744
f 744 885 886
f 744 886 745
f 745 886 887
f 745 887 746
f 746 887 888
f 746 888 747
f 747 888 889
f 747 889 748
f 748 889 890
f 748 890 749
f 749 890 891
f 749 891 750
f 750 891 892
f 750 892 751
f 751 892 893
f 751 893 752
f 752 893 894
f 752 894 753
f 753 894 895
f 753 895 754
f 754 895 896
f 754 896 755
f 755 896 897
f 755 897 756
f 756 897 898
f 756 898 757
f 757 898 899
f 757 899 758
f 758 899 900
f 758 900 759
f 759 900 901
f 759 901 760
f 760 901 902
f 760 902 761
f 761 902 903
f 761 903 762
f 762 903 904
f 762 904 763
f 763 904 905
f 763 905 764
f 764 905 906
f 764 906 765
f 765 906 907
f 765 907 766
f 766 907 908
f 766 908 767
f 767 908 909
f 767 909 768
f 768 909 910
f 768 910 769
f 769 910 911
f 769 911 770
f 770 911 912
f 770 912 771
f 771 912 913
f 771 913 772
f 772 913 914
f 772 914 773
f 773 914 915
f 773 915 774
f 774 915 916
f 774 916 775
f 775 916 917
f 775 917 776
f 776 917 918
f 776 918 777
f 777 918 919
f 777 919 778
f 778 919 920
f 778 920 779
f 779 920 921
f 779 921 780
f 780 921 922
f 780 922 781
f 781 922 923
f 781 923 782
f 782 923 924
f 782 924 783
f 783 924 925
f 783 925 784
f 784 925 926
f 784 926 785
f 785 926 927
f 785 927 786
f 786 927 928
f 786 928 787
f 787 928 929
f 787 929 788
f 788 929 930
f 788 930 789
f 789 930 931
f 789 931 790
f 790 931 932
f 790 932 791
f 791 932 933
f 791 933 792
f 792 933 934
f 792 934 793
f 793 934 935
f 793 935 794
f 794 935 936
f 794 936 795
f 795 936 937
f 795 937 796
f 796 937 938
f 796 938 797
f 797 938 939
f 797 939 798
f 798 939 940
f 798 940 799
f 799 940 941
f 799 941 800
f 800 941 942
f 800 942 801
f 801 942 943
f 801 943 802
f 802 943 944
f 802 944 803
f 803 944 945
f 803 945 804
f 804 945 946
f 804 946 805
f 805 946 947
f 805 947 806
f 806 947 948
f 806 948 807
f 807 948 949
f 807 949 808
f 808 949 950
f 808 950 809
f 809 950 951
f 809 951 810
f 810 951 952
f 810 952 811
f 811 952 953
f 811 953 812
f 812 953 954
f 812 954 813
f 813 954 955
f 813 955 814
f 814 955 956
f 814 956 815
f 815 956 957
f 815 957 816
f 816 957 958
f 816 958 817
f 817 958 959
f 817 959 818
f 818 959 960
f 818 960 819
f 819 960 961
f 819 961 820
f 820 961 962
f 820 962 821
f 821 962 963
f 821 963 822
f 822 963 964
f 822 964 823
f 823 964 965
f 823 965 824
f 824 965 966
f 824 966 825
f 825 966 967
f 825 967 826
f 826 967 968
f 826 968 827
f 827 968 969
f 827 969 828
f 828 969 970
f 828 970 829
f 829 970 971
f 829 971 830
f 830 971 972
f 830 972 831
f 831 972 973
f 831 973 832
f 832 973 974
f 832 974 833
f 833 974 975
f 833 975 834
f 834 975 976
f 834 976 835
f 835 976 977
f 835 977 836
f 836 977 978
f 836 978 837
f 837 978 979
f 837 979 838
f 838 979 980
f 838 980 839
f 839 980 981
f 839 981 840
f 840 981 982
f 840 982 841
f 841 982 983
f 841 983 842
f 842 983 984
f 842 984 843
f 843 984 985
f 843 985 844
f 844 985 986
f 844 986 845
f 845 986 987
f 845 987 846
f 846 987 847
f 846 847 706
f 847 988 989
f 847 989 848
f 848 989 990
f 848 990 849
f 849 990 991
f 849 991 850
f 850 991 992
f 850 992 851
f 851 992 993
f 851 993 852
f 852 993 994
f 852 994 853
f 853 994 995
f 853 995 854
f 854 995 996
f 854 996 855
f 855 996 997
f 855 997 856
f 856 997 998
f 856 998 857
f 857 998 999
f 857 999 858
f 858 999 1000
f 858 1000 859
f 859 1000 1001
f 859 1001 860
f 860 1001 1002
f 860 1002 861
f 861 1002 1003
f 861 1003 862
f 862 1003 1004
f 862 1004 863
f 863 1004 1005
f 863 1005 864
f 864 1005 1006
f 864 1006 865
f 865 1006 1007
f 865 1007 866
f 866 1007 1008
f 866 1008 867
f 867 1008 1009
f 867 1009 868
f 868 1009 1010
f 868 1010 869
f 869 1010 1011
f 869 1011 870
f 870 1011 1012
f 870 1012 871
f 871 1012 1013
f 871 1013 872
f 872 1013 1014
f 872 1014 873
f 873 1014 1015
f 873 1015 874
f 874 1015 1016
f 874 1016 875
f 875 1016 1017
f 875 1017 876
f 876 1017 1018
f 876 1018 877
f 877 1018 1019
f 877 1019 878
f 878 1019 1020
f 878 1020 879
f 879 1020 1021
f 879 1021 880
f 880 1021 1022
f 880 1022 881
f 881 1022 1023
f 881 1023 882
f 882 1023 1024
f 882 1024 883
f 883 1024 1025
f 883 1025 884
f 884 1025 1026
f 884 1026 885
f 885 1026 1027
f 885 1027 886
f 886 1027 1028
f 886 1028 887
f 887 1028 1029
f 887 1029 888
f 888 1029 1030
f 888 1030 889
f 889 1030 1031
f 889 1031 890
f 890 1031 1032
f 890 1032 891
f 891 1032 1033
f 891 1033 892
f 892 1033 1034
f 892 1034 893
f 893 1034 1035
f 893 1035 894
f 894 1035 1036
f 894 1036 895
f 895 1036 1037
f 895 1037 896
f 896 1037 1038
f 896 1038 897
f 897 1038 1039
f 897 1039 898
f 898 1039 1040
f 898 1040 899
f 899 1040 1041
f 899 1041 900
f 900 1041 1042
f 900 1042 901
f 901 1042 1043
f 901 1043 902
f 902 1043 1044
f 902 1044 903
f 903 1044 1045
f 903 1045 904
f 904 1045 1046
f 904 1046 905
f 905 1046 1047
f 905 1047 906
f 906 1047 1048
f 906 1048 907
f 907 1048 1049
f 907 1049 908
f 908 1049 1050
f 908 1050 909
f 909 1050 1051
f 909 1051 910
f 910 1051 1052
f 910 1052 911
f 911 1052 1053
f 911 1053 912
f 912 1053 1054
f 912 1054 913
f 913 1054 1055
f 913 1055 914
f 914 1055 1056
f 914 1056 915
f 915 1056 1057
f 915 1057 916
f 916 1057 1058
f 916 1058 917
f 917 1058 1059
f 917 1059 918
f 918 1059 1060
f 918 1060 919
f 919 1060 1061
f 919 1061 920
f 920 1061 1062
f 920 1062 921
f 921 1062 1063
f 921 1063 922
f 922 1063 1064
f 922 1064 923
f 923 1064 1065
f 923 1065 924
f 924 1065 1066
f 924 1066 925
f 925 1066 1067
f 925 1067 926
f 926 1067 1068
f 926 1068 927
f 927 1068 1069
f 927 1069 928
f 928 1069 1070
f 928 1070 929
f 929 1070 1071
f 929 1071 930
f 930 1071 1072
f 930 1072 931
f 931 1072 1073
f 931 1073 932
f 932 1073 1074
f 932 1074 933
f 933 1074 1075
f 933 1075 934
f 934 1075 1076
f 934 1076 935
f 935 1076 1077
f 935 1077 936
f 936 1077 1078
f 936 1078 937
f 937 1078 1079
f 937 1079 938
f 938 1079 1080
f 938 1080 939
f 939 1080 1081
f 939 1081 940
f 940 1081 1082
f 940 1082 941
f 941 1082 1083
f 941 1083 942
f 942 1083 1084
f 942 1084 943
f 943 1084 1085
f 943 1085 944
f 944 1085 1086
f 944 1086 945
f 945 1086 1087
f 945 1087 946
f 946 1087 1088
f 946 1088 947
f 947 1088 1089
f 947 1089 948
f 948 1089 1090
f 948 1090 949
f 949 1090 1091
f 949 1091 950
f 950 1091 1092
f 950 1092 951
f 951 1092 1093
f 951 1093 952
f 952 1093 1094
f 952 1094 953
f 953 1094 1095
f 953 1095 954
f 954 1095 1096
f 954 1096 955
f 955 1096 1097
f 955 1097 956
f 956 1097 1098
f 956 1098 957
f 957 1098 1099
f 957 1099 958
f 958 1099 1100
f 958 1100 959
f 959 1100 1101
f 959 1101 960
f 960 1101 1102
f 960 1102 961
f 961 1102 1103
f 961 1103 962
f 962 1103 1104
f 962 1104 963
f 963 1104 1105
f 963 1105 964
f 964 1105 1106
f 964 1106 965
f 965 1106 1107
f 965 1107 966
f 966 1107 1108
f 966 1108 967
f 967 1108 1109
f 967 1109 968
f 968 1109 1110
f 968 1110 969
f 969 1110 1111
f 969 1111 970
f 970 1111 1112
f 970 1112 971
f 971 1112 1113
f 971 1113 972
f 972 1113 1114
f 972 1114 973
f 973 1114 1115
f 973 1115 974
f 974 1115 1116
f 974 1116 975
f 975 1116 1117
f 975 1117 976
f 976 1117 1118
f 976 1118 977
f 977 1118 1119
f 977 1119 978
f 978 1119 1120
f 978 1120 979
f 979 1120 1121
f 979 1121 980
f 980 1121 1122
f 980 1122 981
f 981 1122 1123
f 981 1123 982
f 982 1123 1124
f 982 1124 983
f 983 1124 1125
f 983 1125 984
f 984 1125 1126
f 984 1126 985
f 985 1126 1127
f 985 1127 986
f 986 1127 1128
f 986 1128 987
f 987 1128 988
f 987 988 847
f 988 1129 1130
f 988 1130 989
f 989 1130 1131
f 989 1131 990
f 990 1131 1132
f 990 1132 991
f 991 1132 1133
f 991 1133 992
f 992 1133 1134
f 992 1134 993
f 993 1134 1135
f 993 1135 994
f 994 1135 1136
f 994 1136 995
f 995 1136 1137
f 995 1137 996
f 996 1137 1138
f 996 1138 997
f 997 1138 1139
f 997 1139 998
f 998 1139 1140
f 998 1140 999
f 999 1140 1141
f 999 1141 1000
f 1000 1141 1142
f 1000 1142 1001
f 1001 1142 1143
f 1001 1143 1002
f 1002 1143 1144
f 1002 1144 1003
f 1003 1144 1145
f 1003 1145 1004
f 1004 1145 1146
f 1004 1146 1005
f 1005 1146 1147
f 1005 1147 1006
f 1006 1147 1148
f 1006 1148 1007
f 1007 1148 1149
f 1007 1149 1008
f 1008 1149 1150
f 1008 1150 1009
f 1009 1150 1151
f 1009 1151 1010
f 1010 1151 1152
f 1010 1152 1011
f 1011 1152 1153
f 1011 1153 1012
f 1012 1153 1154
f 1012 1154 1013
f 1013 1154 1155
f 1013 1155 1014
f 1014 1155 1156
f 1014 1156 1015
f 1015 1156 1157
f 1015 1157 1016
f 1016 1157 1158
f 1016 1158 1017
f 1017 1158 1159
f 1017 1159 1018
f 1018 1159 1160
f 1018 1160 1019
f 1019 1160 1161
f 1019 1161 1020
f 1020 1161 1162
f 1020 1162 1021
f 1021 1162 1163
f 1021 1163 1022
f 1022 1163 1164
f 1022 1164 1023
f 1023 1164 1165
f 1023 1165 1024
f 1024 1165 1166
f 1024 1166 1025
f 1025 1166 1167
f 1025 1167 1026
f 1026 1167 1168
f 1026 1168 1027
f 1027 1168 1169
f 1027 1169 1028
f 1028 1169 1170
f 1028 1170 1029
f 1029 1170 1171
f 1029 1171 1030
f 1030 1171 1172
f 1030 1172 1031
f 1031 1172 1173
f 1031 1173 1032
f 1032 1173 1174
f 1032 1174 1033
f 1033 1174 1175
f 1033 1175 1034
f 1034 1175 1176
f 1034 1176 1035
f 1035 1176 1177
f 1035 1177 1036
f 1036 1177 1178
f 1036 1178 1037
f 1037 1178 1179
f 1037 1179 1038
f 1038 1179 1180
f 1038 1180 1039
f 1039 1180 1181
f 1039 1181 1040
f 1040 1181 1182
f 1040 1182 1041
f 1041 1182 1183
f 1041 1183 1042
f 1042 1183 1184
f 1042 1184 1043
f 1043 1184 1185
f 1043 1185 1044
f 1044 1185 1186
f 1044 1186 1045
f 1045 1186 1187
f 1045 1187 1046
f 1046 1187 1188
f 1046 1188 1047
f 1047 1188 1189
f 1047 1189 1048
f 1048 1189 1190
f 1048 1190 1049
f 1049 1190 1191
f 1049 1191 1050
f 1050 1191 1192
f 1050 1192 1051
f 1051 1192 1193
f 1051 1193 1052
f 1052 1193 1194
f 1052 1194 1053
f 1053 1194 1195
f 1053 1195 1054
f 1054 1195 1196
f 1054 1196 1055
f 1055 1196 1197
f 1055 1197 1056
f 1056 1197 1198
f 1056 1198 1057
f 1057 1198 1199
f 1057 1199 1058
f 1058 1199 1200
f 1058 1200 1059
f 1059 1200 1201
f 1059 1201 1060
f 1060 1201 1202
f 1060 1202 1061
f 1061 1202 1203
f 1061 1203 1062
f 1062 1203 1204
f 1062 1204 1063
f 1063 1204 1205
f 1063 1205 1064
f 1064 1205 1206
f 1064 1206 1065
f 1065 1206 1207
f 1065 1207 1066
f 1066 1207 1208
f 1066 1208 1067
f 1067 1208 1209
f 1067 1209 1068
f 1068 1209 1210
f 1068 1210 1069
f 1069 1210 1211
f 1069 1211 1070
f 1070 1211 1212
f 1070 1212 1071
f 1071 1212 1213
f 1071 1213 1072
f 1072 1213 1214
f 1072 1214 1073
f 1073 1214 1215
f 1073 1215 1074
f 1074 1215 1216
f 1074 1216 1075
f 1075 1216 1217
f 1075 1217 1076
f 1076 1217 1218
f 1076 1218 1077
f 1077 1218 1219
f 1077 1219 1078
f 1078 1219 1220
f 1078 1220 1079
f 1079 1220 1221
f 1079 1221 1080
f 1080 1221 1222
f 1080 1222 1081
f 1081 1222 1223
f 1081 1223 1082
f 1082 1223 1224
f 1082 1224 1083
f 1083 1224 1225
f 1083 1225 1084
f 1084 1225 1226
f 1084 1226 1085
f 1085 1226 1227
f 1085 1227 1086
f 1086 1227 1228
f 1086 1228 1087
f 1087 1228 1229
f 1087 1229 1088
f 1088 1229 1230
f 1088 1230 1089
f 1089 1230 1231
f 1089 1231 1090
f 1090 1231 1232
f 1090 1232 1091
f 1091 1232 1233
f 1091 1233 1092
f 1092 1233 1234
f 1092 1234 1093
f 1093 1234 1235
f 1093 1235 1094
f 1094 1235 1236
f 1094 1236 1095
f 1095 1236 1237
f 1095 1237 1096
f 1096 1237 1238
f 1096 1238 1097
f 1097 1238 1239
f 1097 1239 1098
f 1098 1239 1240
f 1098 1240 1099
f 1099 1240 1241
f 1099 1241 1100
f 1100 1241 1242
f 1100 1242 1101
f 1101 1242 1243
f 1101 1243 1102
f 1102 1243 1244
f 1102 1244 1103
f 1103 1244 1245
f 1103 1245 1104
f 1104 1245 1246
f 1104 1246 1105
f 1105 1246 1247
f 1105 1247 1106
f 1106 1247 1248
f 1106 1248 1107
f 1107 1248 1249
f 1107 1249 1108
f 1108 1249 1250
f 1108 1250 1109
f 1109 1250 1251
f 1109 1251 1110
f 1110 1251 1252
f 1110 1252 1111
f 1111 1252 1253
f 1111 1253 1112
f 1112 1253 1254
f 1112 1254 1113
f 1113 1254 1255
f 1113 1255 1114
f 1114 1255 1256
f 1114 1256 1115
f 1115 1256 1257
f 1115 1257 1116
f 1116 1257 1258
f 1116 1258 1117
f 1117 1258 1259
f 1117 1259 1118
f 1118 1259 1260
f 1118 1260 1119
f 1119 1260 1261
f 1119 1261 1120
f 1120 1261 1262
f 1120 1262 1121
f 1121 1262 1263
f 1121 1263 1122
f 1122 1263 1264
f 1122 1264 1123
f 1123 1264 1265
f 1123 1265 1124
f 1124 1265 1266
f 1124 1266 1125
f 1125 1266 1267
f 1125 1267 1126
f 1126 1267 1268
f 1126 1268 1127
f 1127 1268 1269
f 1127 1269 1128
f 1128 1269 1129
f 1128 1129 988
f 1129 1270 1271
f 1129 1271 1130
f 1130 1271 1272
f 1130 1272 1131
f 1131 1272 1273
f 1131 1273 1132
f 1132 1273 1274
f 1132 1274 1133
f 1133 1274 1275
f 1133 1275 1134
f 1134 1275 1276
f 1134 1276 1135
f 1135 1276 1277
f 1135 1277 1136
f 1136 1277 1278
f 1136 1278 1137
f 1137 1278 1279
f 1137 1279 1138
f 1138 1279 1280
f 1138 1280 1139
f 1139 1280 1281
f 1139 1281 1140
f 1140 1281 1282
f 1140 1282 1141
f 1141 1282 1283
f 1141 1283 1142
f 1142 1283 1284
f 1142 1284 1143
f 1143 1284 1285
f 1143 1285 1144
f 1144 1285 1286
f 1144 1286 1145
f 1145 1286 1287
f 1145 1287 1146
f 1146 1287 1288
f 1146 1288 1147
f 1147 1288 1289
f 1147 1289 1148
f 1148 1289 1290
f 1148 1290 1149
f 1149 1290 1291
f 1149 1291 1150
f 1150 1291 1292
f 1150 1292 1151
f 1151 1292 1293
f 1151 1293 1152
f 1152 1293 1294
f 1152 1294 1153
f 1153 1294 1295
f 1153 1295 1154
f 1154 1295 1296
f 1154 1296 1155
f 1155 1296 1297
f 1155 1297 1156
f 1156 1297 1298
f 1156 1298 1157
f 1157 1298 1299
f 1157 1299 1158
f 1158 1299 1300
f 1158 1300 1159
f 1159 1300 1301
f 1159 1301 1160
f 1160 1301 1302
f 1160 1302 1161
f 1161 1302 1303
f 1161 1303 1162
f 1162 1303 1304
f 1162 1304 1163
f 1163 1304 1305
f 1163 1305 1164
f 1164 1305 1306
f 1164 1306 1165
f 1165 1306 1307
f 1165 1307 1166
f 1166 1307 1308
f 1166 1308 1167
f 1167 1308 1309
f 1167 1309 1168
f 1168 1309 1310
f 1168 1310 1169
f 1169 1310 1311
f 1169 1311 1170
f 1170 1311 1312
f 1170 1312 1171
f 1171 1312 1313
f 1171 1313 1172
f 1172 1313 1314
f 1172 1314 1173
f 1173 1314 1315
f 1173 1315 1174
f 1174 1315 1316
f 1174 1316 1175
f 1175 1316 1317
f 1175 1317 1176
f 1176 1317 1318
f 1176 1318 1177
f 1177 1318 1319
f 1177 1319 1178
f 1178 1319 1320
f 1178 1320 1179
f 1179 1320 1321
f 1179 1321 1180
f 1180 1321 1322
f 1180 1322 1181
f 1181 1322 1323
f 1181 1323 1182
f 1182 1323 1324
f 1182 1324 1183
f 1183 1324 1325
f 1183 1325 1184
f 1184 1325 1326
f 1184 1326 1185
f 1185 1326 1327
f 1185 1327 1186
f 1186 1327 1328
f 1186 1328 1187
f 1187 1328 1329
f 1187 1329 1188
f 1188 1329 1330
f 1188 1330 1189
f 1189 1330 1331
f 1189 1331 1190
f 1190 1331 1332
f 1190 1332 1191
f 1191 1332 1333
f 1191 1333 1192
f 1192 1333 1334
f 1192 1334 1193
f 1193 1334 1335
f 1193 1335 1194
f 1194 1335 1336
f 1194 1336 1195
f 1195 1336 1337
f 1195 1337 1196
f 1196 1337 1338
f 1196 1338 1197
f 1197 1338 1339
f 1197 1339 1198
f 1198 1339 1340
f 1198 1340 1199
f 1199 1340 1341
f 1199 1341 1200
f 1200 1341 1342
f 1200 1342 1201
f 1201 1342 1343
f 1201 1343 1202
f 1202 1343 1344
f 1202 1344 1203
f 1203 1344 1345
f 1203 1345 1204
f 1204 1345 1346
f 1204 1346 1205
f 1205 1346 1347
f 1205 1347 1206
f 1206 1347 1348
f 1206 1348 1207
f 1207 1348 1349
f 1207 1349 1208
f 1208 1349 1350
f 1208 1350 1209
f 1209 1350 1351
f 1209 1351 1210
f 1210 1351 1352
f 1210 1352 1211
f 1211 1352 1353
f 1211 1353 1212
f 1212 1353 1354
f 1212 1354 1213
f 1213 1354 1355
f 1213 1355 1214
f 1214 1355 1356
f 1214 1356 1215
f 1215 1356 1357
f 1215 1357 1216
f 1216 1357 1358
f 1216 1358 1217
f 1217 1358 1359
f 1217 1359 1218
f 1218 1359 1360
f 1218 1360 1219
f 1219 1360 1361
f 1219 1361 1220
f 1220 1361 1362
f 1220 1362 1221
f 1221 1362 1363
f 1221 1363 1222
f 1222 1363 1364
f 1222 1364 1223
f 1223 1364 1365
f 1223 1365 1224
f 1224 1365 1366
f 1224 1366 1225
f 1225 1366 1367
f 1225 1367 1226
f 1226 1367 1368
f 1226 1368 1227
f 1227 1368 1369
f 1227 1369 1228
f 1228 1369 1370
f 1228 1370 1229
f 1229 1370 1371
f 1229 1371 1230
f 1230 1371 1372
f 1230 1372 1231
f 1231 1372 1373
f 1231 1373 1232
f 1232 1373 1374
f 1232 1374 1233
f 1233 1374 1375
f 1233 1375 1234
f 1234 1375 1376
f 1234 1376 1235
f 1235 1376 1377
f 1235 1377 1236
f 1236 1377 1378
f 1236 1378 1237
f 1237 1378 1379
f 1237 1379 1238
f 1238 1379 1380
f 1238 1380 1239
f 1239 1380 1381
f 1239 1381 1240
f 1240 1381 1382
f 1240 1382 1241
f 1241 1382 1383
f 1241 1383 1242
f 1242 1383 1384
f 1242 1384 1243
f 1243 1384 1385
f 1243 1385 1244
f 1244 1385 1386
f 1244 1386 1245
f 1245 1386 1387
f 1245 1387 1246
f 1246 1387 1388
f 1246 1388 1247
f 1247 1388 1389
f 1247 1389 1248
f 1248 1389 1390
f 1248 1390 1249
f 1249 1390 1391
f 1249 1391 1250
f 1250 1391 1392
f 1250 1392 1251
f 1251 1392 1393
f 1251 1393 1252
f 1252 1393 1394
f 1252 1394 1253
f 1253 1394 1395
f 1253 1395 1254
f 1254 1395 1396
f 1254 1396 1255
f 1255 1396 1397
f 1255 1397 1256
f 1256 1397 1398
f 1256 1398 1257
f 1257 1398 1399
f 1257 1399 1258
f 1258 1399 1400
f 1258 1400 1259
f 1259 1400 1401
f 1259 1401 1260
f 1260 1401 1402
f 1260 1402 1261
f 1261 1402 1403
f 1261 1403 1262
f 1262 1403 1404
f 1262 1404 1263
f 1263 1404 1405
f 1263 1405 1264
f 1264 1405 1406
f 1264 1406 1265
f 1265 1406 1407
f 1265 1407 1266
f 1266 1407 1408
f 1266 1408 1267
f 1267 1408 1409
f 1267 1409 1268
f 1268 1409 1410
f 1268 1410 1269
f 1269 1410 1270
f 1269 1270 1129
f 1270 1411 1412
f 1270 1412 1271
f 1271 1412 1413
f 1271 1413 1272
f 1272 1413 1414
f 1272 1414 1273
f 1273 1414 1415
f 1273 1415 1274
f 1274 1415 1416
f 1274 1416 1275
f 1275 1416 1417
f 1275 1417 1276
f 1276 1417 1418
f 1276 1418 1277
f 1277 1418 1419
f 1277 1419 1278
f 1278 1419 1420
f 1278 1420 1279
f 1279 1420 1421
f 1279 1421 1280
f 1280 1421 1422
f 1280 1422 1281
f 1281 1422 1423
f 1281 1423 1282
f 1282 1423 1424
f 1282 1424 1283
f 1283 1424 1425
f 1283 1425 1284
f 1284 1425 1426
f 1284 1426 1285
f 1285 1426 1427
f 1285 1427 1286
f 1286 1427 1428
f 1286 1428 1287
f 1287 1428 1429
f 1287 1429 1288
f 1288 1429 1430
f 1288 1430 1289
f 1289 1430 1431
f 1289 1431 1290
f 1290 1431 1432
f 1290 1432 1291
f 1291 1432 1433
f 1291 1433 1292
f 1292 1433 1434
f 1292 1434 1293
f 1293 1434 1435
f 1293 1435 1294
f 1294 1435 1436
f 1294 1436 1295
f 1295 1436 1437
f 1295 1437 1296
f 1296 1437 1438
f 1296 1438 1297
f 1297 1438 1439
f 1297 1439 1298
f 1298 1439 1440
f 1298 1440 1299
f 1299 1440 1441
f 1299 1441 1300
f 1300 1441 1442
f 1300 1442 1301
f 1301 1442 1443
f 1301 1443 1302
f 1302 1443 1444
f 1302 1444 1303
f 1303 1444 1445
f 1303 1445 1304
f 1304 1445 1446
f 1304 1446 1305
f 1305 1446 1447
f 1305 1447 1306
f 1306 1447 1448
f 1306 1448 1307
f 1307 1448 1449
f 1307 1449 1308
f 1308 1449 1450
f 1308 1450 1309
f 1309 1450 1451
f 1309 1451 1310
f 1310 1451 1452
f 1310 1452 1311
f 1311 1452 1453
f 1311 1453 1312
f 1312 1453 1454
f 1312 1454 1313
f 1313 1454 1455
f 1313 1455 1314
f 1314 1455 1456
f 1314 1456 1315
f 1315 1456 1457
f 1315 1457 1316
f 1316 1457 1458
f 1316 1458 1317
f 1317 1458 1459
f 1317 1459 1318
f 1318 1459 1460
f 1318 1460 1319
f 1319 1460 1461
f 1319 1461 1320
f 1320 1461 1462
f 1320 1462 1321
f 1321 1462 1463
f 1321 1463 1322
f 1322 1463 1464
f 1322 1464 1323
f 1323 1464 1465
f 1323 1465 1324
f 1324 1465 1466
f 1324 1466 1325
f 1325 1466 1467
f 1325 1467 1326
f 1326 1467 1468
f 1326 1468 1327
f 1327 1468 1469
f 1327 1469 1328
f 1328 1469 1470
f 1328 1470 1329
f 1329 1470 1471
f 1329 1471 1330
f 1330 1471 1472
f 1330 1472 1331
f 1331 1472 1473
f 1331 1473 1332
f 1332 1473 1474
f 1332 1474 1333
f 1333 1474 1475
f 1333 1475 1334
f 1334 1475 1476
f 1334 1476 1335
f 1335 1476 1477
f 1335 1477 1336
f 1336 1477 1478
f 1336 1478 1337
f 1337 1478 1479
f 1337 1479 1338
f 1338 1479 1480
f 1338 1480 1339
f 1339 1480 1481
f 1339 1481 1340
f 1340 1481 1482
f 1340 1482 1341
f 1341 1482 1483
f 1341 1483 1342
f 1342 1483 1484
f 1342 1484 1343
f 1343 1484 1485
f 1343 1485 1344
f 1344 1485 1486
f 1344 1486 1345
f 1345 1486 1487
f 1345 1487 1346
f 1346 1487 1488
f 1346 1488 1347
f 1347 1488 1489
f 1347 1489 1348
f 1348 1489 1490
f 1348 1490 1349
f 1349 1490 1491
f 1349 1491 1350
f 1350 1491 1492
f 1350 1492 1351
f 1351 1492 1493
f 1351 1493 1352
f 1352 1493 1494
f 1352 1494 1353
f 1353 1494 1495
f 1353 1495 1354
f 1354 1495 1496
f 1354 1496 1355
f 1355 1496 1497
f 1355 1497 1356
f 1356 1497 1498
f 1356 1498 1357
f 1357 1498 1499
f 1357 1499 1358
f 1358 1499 1500
f 1358 1500 1359
f 1359 1500 1501
f 1359 1501 1360
f 1360 1501 1502
f 1360 1502 1361
f 1361 1502 1503
f 1361 1503 1362
f 1362 1503 1504
f 1362 1504 1363
f 1363 1504 1505
f 1363 1505 1364
f 1364 1505 1506
f 1364 1506 1365
f 1365 1506 1507
f 1365 1507 1366
f 1366 1507 1508
f 1366 1508 1367
f 1367 1508 1509
f 1367 1509 1368
f 1368 1509 1510
f 1368 1510 1369
f 1369 1510 1511
f 1369 1511 1370
f 1370 1511 1512
f 1370 1512 1371
f 1371 1512 1513
f 1371 1513 1372
f 1372 1513 1514
f 1372 1514 1373
f 1373 1514 1515
f 1373 1515 1374
f 1374 1515 1516
f 1374 1516 1375
f 1375 1516 1517
f 1375 1517 1376
f 1376 1517 1518
f 1376 1518 1377
f 1377 1518 1519
f 1377 1519 1378
f 1378 1519 1520
f 1378 1520 1379
f 1379 1520 1521
f 1379 1521 1380
f 1380 1521 1522
f 1380 1522 1381
f 1381 1522 1523
f 1381 1523 1382
f 1382 1523 1524
f 1382 1524 1383
f 1383 1524 1525
f 1383 1525 1384
f 1384 1525 1526
f 1384 1526 1385
f 1385 1526 1527
f 1385 1527 1386
f 1386 1527 1528
f 1386 1528 1387
f 1387 1528 1529
f 1387 1529 1388
f 1388 1529 1530
f 1388 1530 1389
f 1389 1530 1531
f 1389 1531 1390
f 1390 1531 1532
f 1390 1532 1391
f 1391 1532 1533
f 1391 1533 1392
f 1392 1533 1534
f 1392 1534 1393
f 1393 1534 1535
f 1393 1535 1394
f 1394 1535 1536
f 1394 1536 1395
f 1395 1536 1537
f 1395 1537 1396
f 1396 1537 1538
f 1396 1538 1397
f 1397 1538 1539
f 1397 1539 1398
f 1398 1539 1540
f 1398 1540 1399
f 1399 1540 1541
f 1399 1541 1400
f 1400 1541 1542
f 1400 1542 1401
f 1401 1542 1543
f 1401 1543 1402
f 1402 1543 1544
f 1402 1544 1403
f 1403 1544 1545
f 1403 1545 1404
f 1404 1545 1546
f 1404 1546 1405
f 1405 1546 1547
f 1405 1547 1406
f 1406 1547 1548
f 1406 1548 1407
f 1407 1548 1549
f 1407 1549 1408
f 1408 1549 1550
f 1408 1550 1409
f 1409 1550 1551
f 1409 1551 1410
f 1410 1551 1411
f 1410 1411 1270
f 1411 1552 1553
f 1411 1553 1412
f 1412 1553 1554
f 1412 1554 1413
f 1413 1554 1555
f 1413 1555 1414
f 1414 1555 1556
f 1414 1556 1415
f 1415 1556 1557
f 1415 1557 1416
f 1416 1557 1558
f 1416 1558 1417
f 1417 1558 1559
f 1417 1559 1418
f 1418 1559 1560
f 1418 1560 1419
f 1419 1560 1561
f 1419 1561 1420
f 1420 1561 1562
f 1420 1562 1421
f 1421 1562 1563
f 1421 1563 1422
f 1422 1563 1564
f 1422 1564 1423
f 1423 1564 1565
f 1423 1565 1424
f 1424 1565 1566
f 1424 1566 1425
f 1425 1566 1567
f 1425 1567 1426
f 1426 1567 1568
f 1426 1568 1427
f 1427 1568 1569
f 1427 1569 1428
f 1428 1569 1570
f 1428 1570 1429
f 1429 1570 1571
f 1429 1571 1430
f 1430 1571 1572
f 1430 1572 1431
f 1431 1572 1573
f 1431 1573 1432
f 1432 1573 1574
f 1432 1574 1433
f 1433 1574 1575
f 1433 1575 1434
f 1434 1575 1576
f 1434 1576 1435
f 1435 1576 1577
f 1435 1577 1436
f 1436 1577 1578
f 1436 1578 1437
f 1437 1578 1579
f 1437 1579 1438
f 1438 1579 1580
f 1438 1580 1439
f 1439 1580 1581
f 1439 1581 1440
f 1440 1581 1582
f 1440 1582 1441
f 1441 1582 1583
f 1441 1583 1442
f 1442 1583 1584
f 1442 1584 1443
f 1443 1584 1585
f 1443 1585 1444
f 1444 1585 1586
f 1444 1586 1445
f 1445 1586 1587
f 1445 1587 1446
f 1446 1587 1588
f 1446 1588 1447
f 1447 1588 1589
f 1447 1589 1448
f 1448 1589 1590
f 1448 1590 1449
f 1449 1590 1591
f 1449 1591 1450
f 1450 1591 1592
f 1450 1592 1451
f 1451 1592 1593
f 1451 1593 1452
f 1452 1593 1594
f 1452 1594 1453
f 1453 1594 1595
f 1453 1595 1454
f 1454 1595 1596
f 1454 1596 1455
f 1455 1596 1597
f 1455 1597 1456
f 1456 1597 1598
f 1456 1598 1457
f 1457 1598 1599
f 1457 1599 1458
f 1458 1599 1600
f 1458 1600 1459
f 1459 1600 1601
f 1459 1601 1460
f 1460 1601 1602
f 1460 1602 1461
f 1461 1602 1603
f 1461 1603 1462
f 1462 1603 1604
f 1462 1604 1463
f 1463 1604 1605
f 1463 1605 1464
f 1464 1605 1606
f 1464 1606 1465
f 1465 1606 1607
f 1465 1607 1466
f 1466 1607 1608
f 1466 1608 1467
f 1467 1608 1609
f 1467 1609 1468
f 1468 1609 1610
f 1468 1610 1469
f 1469 1610 1611
f 1469 1611 1470
f 1470 1611 1612
f 1470 1612 1471
f 1471 1612 1613
f 1471 1613 1472
f 1472 1613 1614
f 1472 1614 1473
f 1473 1614 1615
f 1473 1615 1474
f 1474 1615 1616
f 1474 1616 1475
f 1475 1616 1617
f 1475 1617 1476
f 1476 1617 1618
f 1476 1618 1477
f 1477 1618 1619
f 1477 1619 1478
f 1478 1619 1620
f 1478 1620 1479
f 1479 1620 1621
f 1479 1621 1480
f 1480 1621 1622
f 1480 1622 1481
f 1481 1622 1623
f 1481 1623 1482
f 1482 1623 1624
f 1482 1624 1483
f 1483 1624 1625
f 1483 1625 1484
f 1484 1625 1626
f 1484 1626 1485
f 1485 1626 1627
f 1485 1627 1486
f 1486 1627 1628
f 1486 1628 1487
f 1487 1628 1629
f 1487 1629 1488
f 1488 1629 1630
f 1488 1630 1489
f 1489 1630 1631
f 1489 1631 1490
f 1490 1631 1632
f 1490 1632 1491
f 1491 1632 1633
f 1491 1633 1492
f 1492 1633 1634
f 1492 1634 1493
f 1493 1634 1635
f 1493 1635 1494
f 1494 1635 1636
f 1494 1636 1495
f 1495 1636 1637
f 1495 1637 1496
f 1496 1637 1638
f 1496 1638 1497
f 1497 1638 1639
f 1497 1639 1498
f 1498 1639 1640
f 1498 1640 1499
f 1499 1640 1641
f 1499 1641 1500
f 1500 1641 1642
f 1500 1642 1501
f 1501 1642 1643
f 1501 1643 1502
f 1502 1643 1644
f 1502 1644 1503
f 1503 1644 1645
f 1503 1645 1504
f 1504 1645 1646
f 1504 1646 1505
f 1505 1646 1647
f 1505 1647 1506
f 1506 1647 1648
f 1506 1648 1507
f 1507 1648 1649
f 1507 1649 1508
f 1508 1649 1650
f 1508 1650 1509
f 1509 1650 1651
f 1509 1651 1510
f 1510 1651 1652
f 1510 1652 1511
f 1511 1652 1653
f 1511 1653 1512
f 1512 1653 1654
f 1512 1654 1513
f 1513 1654 1655
f 1513 1655 1514
f 1514 1655 1656
f 1514 1656 1515
f 1515 1656 1657
f 1515 1657 1516
f 1516 1657 1658
f 1516 1658 1517
f 1517 1658 1659
f 1517 1659 1518
f 1518 1659 1660
f 1518 1660 1519
f 1519 1660 1661
f 1519 1661 1520
f 1520 1661 1662
f 1520 1662 1521
f 1521 1662 1663
f 1521 1663 1522
f 1522 1663 1664
f 1522 1664 1523
f 1523 1664 1665
f 1523 1665 1524
f 1524 1665 1666
f 1524 1666 1525
f 1525 1666 1667
f 1525 1667 1526
f 1526 1667 1668
f 1526 1668 1527
f 1527 1668 1669
f 1527 1669 1528
f 1528 1669 1670
f 1528 1670 1529
f 1529 1670 1671
f 1529 1671 1530
f 1530 1671 1672
f 1530 1672 1531
f 1531 1672 1673
f 1531 1673 1532
f 1532 1673 1674
f 1532 1674 1533
f 1533 1674 1675
f 1533 1675 1534
f 1534 1675 1676
f 1534 1676 1535
f 1535 1676 1677
f 1535 1677 1536
f 1536 1677 1678
f 1536 1678 1537
f 1537 1678 1679
f 1537 1679 1538
f 1538 1679 1680
f 1538 1680 1539
f 1539 1680 1681
f 1539 1681 1540
f 1540 1681 1682
f 1540 1682 1541
f 1541 1682 1683
f 1541 1683 1542
f 1542 1683 1684
f 1542 1684 1543
f 1543 1684 1685
f 1543 1685 1544
f 1544 1685 1686
f 1544 1686 1545
f 1545 1686 1687
f 1545 1687 1546
f 1546 1687 1688
f 1546 1688 1547
f 1547 1688 1689
f 1547 1689 1548
f 1548 1689 1690
f 1548 1690 1549
f 1549 1690 1691
f 1549 1691 1550
f 1550 1691 1692
f 1550 1692 1551
f 1551 1692 1552
f 1551 1552 1411
f 1552 1693 1694
f 1552 1694 1553
f 1553 1694 1695
f 1553 1695 1554
f 1554 1695 1696
f 1554 1696 1555
f 1555 1696 1697
f 1555 1697 1556
f 1556 1697 1698
f 1556 1698 1557
f 1557 1698 1699
f 1557 1699 1558
f 1558 1699 1700
f 1558 1700 1559
f 1559 1700 1701
f 1559 1701 1560
f 1560 1701 1702
f 1560 1702 1561
f 1561 1702 1703
f 1561 1703 1562
f 1562 1703 1704
f 1562 1704 1563
f 1563 1704 1705
f 1563 1705 1564
f 1564 1705 1706
f 1564 1706 1565
f 1565 1706 1707
f 1565 1707 1566
f 1566 1707 1708
f 1566 1708 1567
f 1567 1708 1709
f 1567 1709 1568
f 1568 1709 1710
f 1568 1710 1569
f 1569 1710 1711
f 1569 1711 1570
f 1570 1711 1712
f 1570 1712 1571
f 1571 1712 1713
f 1571 1713 1572
f 1572 1713 1714
f 1572 1714 1573
f 1573 1714 1715
f 1573 1715 1574
f 1574 1715 1716
f 1574 1716 1575
f 1575 1716 1717
f 1575 1717 1576
f 1576 1717 1718
f 1576 1718 1577
f 1577 1718 1719
f 1577 1719 1578
f 1578 1719 1720
f 1578 1720 1579
f 1579 1720 1721
f 1579 1721 1580
f 1580 1721 1722
f 1580 1722 1581
f 1581 1722 1723
f 1581 1723 1582
f 1582 1723 1724
f 1582 1724 1583
f 1583 1724 1725
f 1583 1725 1584
f 1584 1725 1726
f 1584 1726 1585
f 1585 1726 1727
f 1585 1727 1586
f 1586 1727 1728
f 1586 1728 1587
f 1587 1728 1729
f 1587 1729 1588
f 1588 1729 1730
f 1588 1730 1589
f 1589 1730 1731
f 1589 1731 1590
f 1590 1731 1732
f 1590 1732 1591
f 1591 1732 1733
f 1591 1733 1592
f 1592 1733 1734
f 1592 1734 1593
f 1593 1734 1735
f 1593 1735 1594
f 1594 1735 1736
f 1594 1736 1595
f 1595 1736 1737
f 1595 1737 1596
f 1596 1737 1738
f 1596 1738 1597
f 1597 1738 1739
f 1597 1739 1598
f 1598 1739 1740
f 1598 1740 1599
f 1599 1740 1741
f 1599 1741 1600
f 1600 1741 1742
f 1600 1742 1601
f 1601 1742 1743
f 1601 1743 1602
f 1602 1743 1744
f 1602 1744 1603
f 1603 1744 1745
f 1603 1745 1604
f 1604 1745 1746
f 1604 1746 1605
f 1605 1746 1747
f 1605 1747 1606
f 1606 1747 1748
f 1606 1748 1607
f 1607 1748 1749
f 1607 1749 1608
f 1608 1749 1750
f 1608 1750 1609
f 1609 1750 1751
f 1609 1751 1610
f 1610 1751 1752
f 1610 1752 1611
f 1611 1752 1753
f 1611 1753 1612
f 1612 1753 1754
f 1612 1754 1613
f 1613 1754 1755
f 1613 1755 1614
f 1614 1755 1756
f 1614 1756 1615
f 1615 1756 1757
f 1615 1757 1616
f 1616 1757 1758
f 1616 1758 1617
f 1617 1758 1759
f 1617 1759 1618
f 1618 1759 1760
f 1618 1760 1619
f 1619 1760 1761
f 1619 1761 1620
f 1620 1761 1762
f 1620 1762 1621
f 1621 1762 1763
f 1621 1763 1622
f 1622 1763 1764
f 1622 1764 1623
f 1623 1764 1765
f 1623 1765 1624
f 1624 1765 1766
f 1624 1766 1625
f 1625 1766 1767
f 1625 1767 1626
f 1626 1767 1768
f 1626 1768 1627
f 1627 1768 1769
f 1627 1769 1628
f 1628 1769 1770
f 1628 1770 1629
f 1629 1770 1771
f 1629 1771 1630
f 1630 1771 1772
f 1630 1772 1631
f 1631 1772 1773
f 1631 1773 1632
f 1632 1773 1774
f 1632 1774 1633
f 1633 1774 1775
f 1633 1775 1634
f 1634 1775 1776
f 1634 1776 1635
f 1635 1776 1777
f 1635 1777 1636
f 1636 1777 1778
f 1636 1778 1637
f 1637 1778 1779
f 1637 1779 1638
f 1638 1779 1780
f 1638 1780 1639
f 1639 1780 1781
f 1639 1781 1640
f 1640 1781 1782
f 1640 1782 1641
f 1641 1782 1783
f 1641 1783 1642
f 1642 1783 1784
f 1642 1784 1643
f 1643 1784 1785
f 1643 1785 1644
f 1644 1785 1786
f 1644 1786 1645
f 1645 1786 1787
f 1645 1787 1646
f 1646 1787 1788
f 1646 1788 1647
f 1647 1788 1789
f 1647 1789 1648
f 1648 1789 1790
f 1648 1790 1649
f 1649 1790 1791
f 1649 1791 1650
f 1650 1791 1792
f 1650 1792 1651
f 1651 1792 1793
f 1651 1793 1652
f 1652 1793 1794
f 1652 1794 1653
f 1653 1794 1795
f 1653 1795 1654
f 1654 1795 1796
f 1654 1796 1655
f 1655 1796 1797
f 1655 1797 1656
f 1656 1797 1798
f 1656 1798 1657
f 1657 1798 1799
f 1657 1799 1658
f 1658 1799 1800
f 1658 1800 1659
f 1659 1800 1801
f 1659 1801 1660
f 1660 1801 1802
f 1660 1802 1661
f 1661 1802 1803
f 1661 1803 1662
f 1662 1803 1804
f 1662 1804 1663
f 1663 1804 1805
f 1663 1805 1664
f 1664 1805 1806
f 1664 1806 1665
f 1665 1806 1807
f 1665 1807 1666
f 1666 1807 1808
f 1666 1808 1667
f 1667 1808 1809
f 1667 1809 1668
f 1668 1809 1810
f 1668 1810 1669
f 1669 1810 1811
f 1669 1811 1670
f 1670 1811 1812
f 1670 1812 1671
f 1671 1812 1813
f 1671 1813 1672
f 1672 1813 1814
f 1672 1814 1673
f 1673 1814 1815
f 1673 1815 1674
f 1674 1815 1816
f 1674 1816 1675
f 1675 1816 1817
f 1675 1817 1676
f 1676 1817 1818
f 1676 1818 1677
f 1677 1818 1819
f 1677 1819 1678
f 1678 1819 1820
f 1678 1820 1679
f 1679 1820 1821
f 1679 1821 1680
f 1680 1821 1822
f 1680 1822 1681
f 1681 1822 1823
f 1681 1823 1682
f 1682 1823 1824
f 1682 1824 1683
f 1683 1824 1825
f 1683 1825 1684
f 1684 1825 1826
f 1684 1826 1685
f 1685 1826 1827
f 1685 1827 1686
f 1686 1827 1828
f 1686 1828 1687
f 1687 1828 1829
f 1687 1829 1688
f 1688 1829 1830
f 1688 1830 1689
f 1689 1830 1831
f 1689 1831 1690
f 1690 1831 1832
f 1690 1832 1691
f 1691 1832 1833
f 1691 1833 1692
f 1692 1833 1693
f 1692 1693 1552
f 1693 1834 1835
f 1693 1835 1694
f 1694 1835 1836
f 1694 1836 1695
f 1695 1836 1837
f 1695 1837 1696
f 1696 1837 1838
f 1696 1838 1697
f 1697 1838 1839
f 1697 1839 1698
f 1698 1839 1840
f 1698 1840 1699
f 1699 1840 1841
f 1699 1841 1700
f 1700 1841 1842
f 1700 1842 1701
f 1701 1842 1843
f 1701 1843 1702
f 1702 1843 1844
f 1702 1844 1703
f 1703 1844 1845
f 1703 1845 1704
f 1704 1845 1846
f 1704 1846 1705
f 1705 1846 1847
f 1705 1847 1706
f 1706 1847 1848
f 1706 1848 1707
f 1707 1848 1849
f 1707 1849 1708
f 1708 1849 1850
f 1708 1850 1709
f 1709 1850 1851
f 1709 1851 1710
f 1710 1851 1852
f 1710 1852 1711
f 1711 1852 1853
f 1711 1853 1712
f 1712 1853 1854
f 1712 1854 1713
f 1713 1854 1855
f 1713 1855 1714
f 1714 1855 1856
f 1714 1856 1715
f 1715 1856 1857
f 1715 1857 1716
f 1716 1857 1858
f 1716 1858 1717
f 1717 1858 1859
f 1717 1859 1718
f 1718 1859 1860
f 1718 1860 1719
f 1719 1860 1861
f 1719 1861 1720
f 1720 1861 1862
f 1720 1862 1721
f 1721 1862 1863
f 1721 1863 1722
f 1722 1863 1864
f 1722 1864 1723
f 1723 1864 1865
f 1723 1865 1724
f 1724 1865 1866
f 1724 1866 1725
f 1725 1866 1867
f 1725 1867 1726
f 1726 1867 1868
f 1726 1868 1727
f 1727 1868 1869
f 1727 1869 1728
f 1728 1869 1870
f 1728 1870 1729
f 1729 1870 1871
f 1729 1871 1730
f 1730 1871 1872
f 1730 1872 1731
f 1731 1872 1873
f 1731 1873 1732
f 1732 1873 1874
f 1732 1874 1733
f 1733 1874 1875
f 1733 1875 1734
f 1734 1875 1876
f 1734 1876 1735
f 1735 1876 1877
f 1735 1877 1736
f 1736 1877 1878
f 1736 1878 1737
f 1737 1878 1879
f 1737 1879 1738
f 1738 1879 1880
f 1738 1880 1739
f 1739 1880 1881
f 1739 1881 1740
f 1740 1881 1882
f 1740 1882 1741
f 1741 1882 1883
f 1741 1883 1742
f 1742 1883 1884
f 1742 1884 1743
f 1743 1884 1885
f 1743 1885 1744
f 1744 1885 1886
f 1744 1886 1745
f 1745 1886 1887
f 1745 1887 1746
f 1746 1887 1888
f 1746 1888 1747
f 1747 1888 1889
f 1747 1889 1748
f 1748 1889 1890
f 1748 1890 1749
f 1749 1890 1891
f 1749 1891 1750
f 1750 1891 1892
f 1750 1892 1751
f 1751 1892 1893
f 1751 1893 1752
f 1752 1893 1894
f 1752 1894 1753
f 1753 1894 1895
f 1753 1895 1754
f 1754 1895 1896
f 1754 1896 1755
f 1755 1896 1897
f 1755 1897 1756
f 1756 1897 1898
f 1756 1898 1757
f 1757 1898 1899
f 1757 1899 1758
f 1758 1899 1900
f 1758 1900 1759
f 1759 1900 1901
f 1759 1901 1760
f 1760 1901 1902
f 1760 1902 1761
f 1761 1902 1903
f 1761 1903 1762
f 1762 1903 1904
f 1762 1904 1763
f 1763 1904 1905
f 1763 1905 1764
f 1764 1905 1906
f 1764 1906 1765
f 1765 1906 1907
f 1765 1907 1766
f 1766 1907 1908
f 1766 1908 1767
f 1767 1908 1909
f 1767 1909 1768
f 1768 1909 1910
f 1768 1910 1769
f 1769 1910 1911
f 1769 1911 1770
f 1770 1911 1912
f 1770 1912 1771
f 1771 1912 1913
f 1771 1913 1772
f 1772 1913 1914
f 1772 1914 1773
f 1773 1914 1915
f 1773 1915 1774
f 1774 1915 1916
f 1774 1916 1775
f 1775 1916 1917
f 1775 1917 1776
f 1776 1917 1918
f 1776 1918 1777
f 1777 1918 1919
f 1777 1919 1778
f 1778 1919 1920
f 1778 1920 1779
f 1779 1920 1921
f 1779 1921 1780
f 1780 1921 1922
f 1780 1922 1781
f 1781 1922 1923
f 1781 1923 1782
f 1782 1923 1924
f 1782 1924 1783
f 1783 1924 1925
f 1783 1925 1784
f 1784 1925 1926
f 1784 1926 1785
f 1785 1926 1927
f 1785 1927 1786
f 1786 1927 1928
f 1786 1928 1787
f 1787 1928 1929
f 1787 1929 1788
f 1788 1929 1930
f 1788 1930 1789
f 1789 1930 1931
f 1789 1931 1790
f 1790 1931 1932
f 1790 1932 1791
f 1791 1932 1933
f 1791 1933 1792
f 1792 1933 1934
f 1792 1934 1793
f 1793 1934 1935
f 1793 1935 1794
f 1794 1935 1936
f 1794 1936 1795
f 1795 1936 1937
f 1795 1937 1796
f 1796 1937 1938
f 1796 1938 1797
f 1797 1938 1939
f 1797 1939 1798
f 1798 1939 1940
f 1798 1940 1799
f 1799 1940 1941
f 1799 1941 1800
f 1800 1941 1942
f 1800 1942 1801
f 1801 1942 1943
f 1801 1943 1802
f 1802 1943 1944
f 1802 1944 1803
f 1803 1944 1945
f 1803 1945 1804
f 1804 1945 1946
f 1804 1946 1805
f 1805 1946 1947
f 1805 1947 1806
f 1806 1947 1948
f 1806 1948 1807
f 1807 1948 1949
f 1807 1949 1808
f 1808 1949 1950
f 1808 1950 1809
f 1809 1950 1951
f 1809 1951 1810
f 1810 1951 1952
f 1810 1952 1811
f 1811 1952 1953
f 1811 1953 1812
f 1812 1953 1954
f 1812 1954 1813
f 1813 1954 1955
f 1813 1955 1814
f 1814 1955 1956
f 1814 1956 1815
f 1815 1956 1957
f 1815 1957 1816
f 1816 1957 1958
f 1816 1958 1817
f 1817 1958 1959
f 1817 1959 1818
f 1818 1959 1960
f 1818 1960 1819
f 1819 1960 1961
f 1819 1961 1820
f 1820 1961 1962
f 1820 1962 1821
f 1821 1962 1963
f 1821 1963 1822
f 1822 1963 1964
f 1822 1964 1823
f 1823 1964 1965
f 1823 1965 1824
f 1824 1965 1966
f 1824 1966 1825
f 1825 1966 1967
f 1825 1967 1826
f 1826 1967 1968
f 1826 1968 1827
f 1827 1968 1969
f 1827 1969 1828
f 1828 1969 1970
f 1828 1970 1829
f 1829 1970 1971
f 1829 1971 1830
f 1830 1971 1972
f 1830 1972 1831
f 1831 1972 1973
f 1831 1973 1832
f 1832 1973 1974
f 1832 1974 1833
f 1833 1974 1834
f 1833 1834 1693
f 1834 1975 1976
f 1834 1976 1835
f 1835 1976 1977
f 1835 1977 1836
f 1836 1977 1978
f 1836 1978 1837
f 1837 1978 1979
f 1837 1979 1838
f 1838 1979 1980
f 1838 1980 1839
f 1839 1980 1981
f 1839 1981 1840
f 1840 1981 1982
f 1840 1982 1841
f 1841 1982 1983
f 1841 1983 1842
f 1842 1983 1984
f 1842 1984 1843
f 1843 1984 1985
f 1843 1985 1844
f 1844 1985 1986
f 1844 1986 1845
f 1845 1986 1987
f 1845 1987 1846
f 1846 1987 1988
f 1846 1988 1847
f 1847 1988 1989
f 1847 1989 1848
f 1848 1989 1990
f 1848 1990 1849
f 1849 1990 1991
f 1849 1991 1850
f 1850 1991 1992
f 1850 1992 1851
f 1851 1992 1993
f 1851 1993 1852
f 1852 1993 1994
f 1852 1994 1853
f 1853 1994 1995
f 1853 1995 1854
f 1854 1995 1996
f 1854 1996 1855
f 1855 1996 1997
f 1855 1997 1856
f 1856 1997 1998
f 1856 1998 1857
f 1857 1998 1999
f 1857 1999 1858
f 1858 1999 2000
f 1858 2000 1859
f 1859 2000 2001
f 1859 2001 1860
f 1860 2001 2002
f 1860 2002 1861
f 1861 2002 2003
f 1861 2003 1862
f 1862 2003 2004
f 1862 2004 1863
f 1863 2004 2005
f 1863 2005 1864
f 1864 2005 2006
f 1864 2006 1865
f 1865 2006 2007
f 1865 2007 1866
f 1866 2007 2008
f 1866 2008 1867
f 1867 2008 2009
f 1867 2009 1868
f 1868 2009 2010
f 1868 2010 1869
f 1869 2010 2011
f 1869 2011 1870
f 1870 2011 2012
f 1870 2012 1871
f 1871 2012 2013
f 1871 2013 1872
f 1872 2013 2014
f 1872 2014 1873
f 1873 2014 2015
f 1873 2015 1874
f 1874 2015 2016
f 1874 2016 1875
f 1875 2016 2017
f 1875 2017 1876
f 1876 2017 2018
f 1876 2018 1877
f 1877 2018 2019
f 1877 2019 1878
f 1878 2019 2020
f 1878 2020 1879
f 1879 2020 2021
f 1879 2021 1880
f 1880 2021 2022
f 1880 2022 1881
f 1881 2022 2023
f 1881 2023 1882
f 1882 2023 2024
f 1882 2024 1883
f 1883 2024 2025
f 1883 2025 1884
f 1884 2025 2026
f 1884 2026 1885
f 1885 2026 2027
f 1885 2027 1886
f 1886 2027 2028
f 1886 2028 1887
f 1887 2028 2029
f 1887 2029 1888
f 1888 2029 2030
f 1888 2030 1889
f 1889 2030 2031
f 1889 2031 1890
f 1890 2031 2032
f 1890 2032 1891
f 1891 2032 2033
f 1891 2033 1892
f 1892 2033 2034
f 1892 2034 1893
f 1893 2034 2035
f 1893 2035 1894
f 1894 2035 2036
f 1894 2036 1895
f 1895 2036 2037
f 1895 2037 1896
f 1896 2037 2038
f 1896 2038 1897
f 1897 2038 2039
f 1897 2039 1898
f 1898 2039 2040
f 1898 2040 1899
f 1899 2040 2041
f 1899 2041 1900
f 1900 2041 2042
f 1900 2042 1901
f 1901 2042 2043
f 1901 2043 1902
f 1902 2043 2044
f 1902 2044 1903
f 1903 2044 2045
f 1903 2045 1904
f 1904 2045 2046
f 1904 2046 1905
f 1905 2046 2047
f 1905 2047 1906
f 1906 2047 2048
f 1906 2048 1907
f 1907 2048 2049
f 1907 2049 1908
f 1908 2049 2050
f 1908 2050 1909
f 1909 2050 2051
f 1909 2051 1910
f 1910 2051 2052
f 1910 2052 1911
f 1911 2052 2053
f 1911 2053 1912
f 1912 2053 2054
f 1912 2054 1913
f 1913 2054 2055
f 1913 2055 1914
f 1914 2055 2056
f 1914 2056 1915
f 1915 2056 2057
f 1915 2057 1916
f 1916 2057 2058
f 1916 2058 1917
f 1917 2058 2059
f 1917 2059 1918
f 1918 2059 2060
f 1918 2060 1919
f 1919 2060 2061
f 1919 2061 1920
f 1920 2061 2062
f 1920 2062 1921
f 1921 2062 2063
f 1921 2063 1922
f 1922 2063 2064
f 1922 2064 1923
f 1923 2064 2065
f 1923 2065 1924
f 1924 2065 2066
f 1924 2066 1925
f 1925 2066 2067
f 1925 2067 1926
f 1926 2067 2068
f 1926 2068 1927
f 1927 2068 2069
f 1927 2069 1928
f 1928 2069 2070
f 1928 2070 1929
f 1929 2070 2071
f 1929 2071 1930
f 1930 2071 2072
f 1930 2072 1931
f 1931 2072 2073
f 1931 2073 1932
f 1932 2073 2074
f 1932 2074 1933
f 1933 2074 2075
f 1933 2075 1934
f 1934 2075 2076
f 1934 2076 1935
f 1935 2076 2077
f 1935 2077 1936
f 1936 2077 2078
f 1936 2078 1937
f 1937 2078 2079
f 1937 2079 1938
f 1938 2079 2080
f 1938 2080 1939
f 1939 2080 2081
f 1939 2081 1940
f 1940 2081 2082
f 1940 2082 1941
f 1941 2082 2083
f 1941 2083 1942
f 1942 2083 2084
f 1942 2084 1943
f 1943 2084 2085
f 1943 2085 1944
f 1944 2085 2086
f 1944 2086 1945
f 1945 2086 2087
f 1945 2087 1946
f 1946 2087 2088
f 1946 2088 1947
f 1947 2088 2089
f 1947 2089 1948
f 1948 2089 2090
f 1948 2090 1949
f 1949 2090 2091
f 1949 2091 1950
f 1950 2091 2092
f 1950 2092 1951
f 1951 2092 2093
f 1951 2093 1952
f 1952 2093 2094
f 1952 2094 1953
f 1953 2094 2095
f 1953 2095 1954
f 1954 2095 2096
f 1954 2096 1955
f 1955 2096 2097
f 1955 2097 1956
f 1956 2097 2098
f 1956 2098 1957
f 1957 2098 2099
f 1957 2099 1958
f 1958 2099 2100
f 1958 2100 1959
f 1959 2100 2101
f 1959 2101 1960
f 1960 2101 2102
f 1960 2102 1961
f 1961 2102 2103
f 1961 2103 1962
f 1962 2103 2104
f 1962 2104 1963
f 1963 2104 2105
f 1963 2105 1964
f 1964 2105 2106
f 1964 2106 1965
f 1965 2106 2107
f 1965 2107 1966
f 1966 2107 2108
f 1966 2108 1967
f 1967 2108 2109
f 1967 2109 1968
f 1968 2109 2110
f 1968 2110 1969
f 1969 2110 2111
f 1969 2111 1970
f 1970 2111 2112
f 1970 2112 1971
f 1971 2112 2113
f 1971 2113 1972
f 1972 2113 2114
f 1972 2114 1973
f 1973 2114 2115
f 1973 2115 1974
f 1974 2115 1975
f 1974 1975 1834
f 1975 2116 2117
f 1975 2117 1976
f 1976 2117 2118
f 1976 2118 1977
f 1977 2118 2119
f 1977 2119 1978
f 1978 2119 2120
f 1978 2120 1979
f 1979 2120 2121
f 1979 2121 1980
f 1980 2121 2122
f 1980 2122 1981
f 1981 2122 2123
f 1981 2123 1982
f 1982 2123 2124
f 1982 2124 1983
f 1983 2124 2125
f 1983 2125 1984
f 1984 2125 2126
f 1984 2126 1985
f 1985 2126 2127
f 1985 2127 1986
f 1986 2127 2128
f 1986 2128 1987
f 1987 2128 2129
f 1987 2129 1988
f 1988 2129 2130
f 1988 2130 1989
f 1989 2130 2131
f 1989 2131 1990
f 1990 2131 2132
f 1990 2132 1991
f 1991 2132 2133
f 1991 2133 1992
f 1992 2133 2134
f 1992 2134 1993
f 1993 2134 2135
f 1993 2135 1994
f 1994 2135 2136
f 1994 2136 1995
f 1995 2136 2137
f 1995 2137 1996
f 1996 2137 2138
f 1996 2138 1997
f 1997 2138 2139
f 1997 2139 1998
f 1998 2139 2140
f 1998 2140 1999
f 1999 2140 2141
f 1999 2141 2000
f 2000 2141 2142
f 2000 2142 2001
f 2001 2142 2143
f 2001 2143 2002
f 2002 2143 2144
f 2002 2144 2003
f 2003 2144 2145
f 2003 2145 2004
f 2004 2145 2146
f 2004 2146 2005
f 2005 2146 2147
f 2005 2147 2006
f 2006 2147 2148
f 2006 2148 2007
f 2007 2148 2149
f 2007 2149 2008
f 2008 2149 2150
f 2008 2150 2009
f 2009 2150 2151
f 2009 2151 2010
f 2010 2151 2152
f 2010 2152 2011
f 2011 2152 2153
f 2011 2153 2012
f 2012 2153 2154
f 2012 2154 2013
f 2013 2154 2155
f 2013 2155 2014
f 2014 2155 2156
f 2014 2156 2015
f 2015 2156 2157
f 2015 2157 2016
f 2016 2157 2158
f 2016 2158 2017
f 2017 2158 2159
f 2017 2159 2018
f 2018 2159 2160
f 2018 2160 2019
f 2019 2160 2161
f 2019 2161 2020
f 2020 2161 2162
f 2020 2162 2021
f 2021 2162 2163
f 2021 2163 2022
f 2022 2163 2164
f 2022 2164 2023
f 2023 2164 2165
f 2023 2165 2024
f 2024 2165 2166
f 2024 2166 2025
f 2025 2166 2167
f 2025 2167 2026
f 2026 2167 2168
f 2026 2168 2027
f 2027 2168 2169
f 2027 2169 2028
f 2028 2169 2170
f 2028 2170 2029
f 2029 2170 2171
f 2029 2171 2030
f 2030 2171 2172
f 2030 2172 2031
f 2031 2172 2173
f 2031 2173 2032
f 2032 2173 2174
f 2032 2174 2033
f 2033 2174 2175
f 2033 2175 2034
f 2034 2175 2176
f 2034 2176 2035
f 2035 2176 2177
f 2035 2177 2036
f 2036 2177 2178
f 2036 2178 2037
f 2037 2178 2179
f 2037 2179 2038
f 2038 2179 2180
f 2038 2180 2039
f 2039 2180 2181
f 2039 2181 2040
f 2040 2181 2182
f 2040 2182 2041
f 2041 2182 2183
f 2041 2183 2042
f 2042 2183 2184
f 2042 2184 2043
f 2043 2184 2185
f 2043 2185 2044
f 2044 2185 2186
f 2044 2186 2045
f 2045 2186 2187
f 2045 2187 2046
f 2046 2187 2188
f 2046 2188 2047
f 2047 2188 2189
f 2047 2189 2048
f 2048 2189 2190
f 2048 2190 2049
f 2049 2190 2191
f 2049 2191 2050
f 2050 2191 2192
f 2050 2192 2051
f 2051 2192 2193
f 2051 2193 2052
f 2052 2193 2194
f 2052 2194 2053
f 2053 2194 2195
f 2053 2195 2054
f 2054 2195 2196
f 2054 2196 2055
f 2055 2196 2197
f 2055 2197 2056
f 2056 2197 2198
f 2056 2198 2057
f 2057 2198 2199
f 2057 2199 2058
f 2058 2199 2200
f 2058 2200 2059
f 2059 2200 2201
f 2059 2201 2060
f 2060 2201 2202
f 2060 2202 2061
f 2061 2202 2203
f 2061 2203 2062
f 2062 2203 2204
f 2062 2204 2063
f 2063 2204 2205
f 2063 2205 2064
f 2064 2205 2206
f 2064 2206 2065
f 2065 2206 2207
f 2065 2207 2066
f 2066 2207 2208
f 2066 2208 2067
f 2067 2208 2209
f 2067 2209 2068
f 2068 2209 2210
f 2068 2210 2069
f 2069 2210 2211
f 2069 2211 2070
f 2070 2211 2212
f 2070 2212 2071
f 2071 2212 2213
f 2071 2213 2072
f 2072 2213 2214
f 2072 2214 2073
f 2073 2214 2215
f 2073 2215 2074
f 2074 2215 2216
f 2074 2216 2075
f 2075 2216 2217
f 2075 2217 2076
f 2076 2217 2218
f 2076 2218 2077
f 2077 2218 2219
f 2077 2219 2078
f 2078 2219 2220
f 2078 2220 2079
f 2079 2220 2221
f 2079 2221 2080
f 2080 2221 2222
f 2080 2222 2081
f 2081 2222 2223
f 2081 2223 2082
f 2082 2223 2224
f 2082 2224 2083
f 2083 2224 2225
f 2083 2225 2084
f 2084 2225 2226
f 2084 2226 2085
f 2085 2226 2227
f 2085 2227 2086
f 2086 2227 2228
f 2086 2228 2087
f 2087 2228 2229
f 2087 2229 2088
f 2088 2229 2230
f 2088 2230 2089
f 2089 2230 2231
f 2089 2231 2090
f 2090 2231 2232
f 2090 2232 2091
f 2091 2232 2233
f 2091 2233 2092
f 2092 2233 2234
f 2092 2234 2093
f 2093 2234 2235
f 2093 2235 2094
f 2094 2235 2236
f 2094 2236 2095
f 2095 2236 2237
f 2095 2237 2096
f 2096 2237 2238
f 2096 2238 2097
f 2097 2238 2239
f 2097 2239 2098
f 2098 2239 2240
f 2098 2240 2099
f 2099 2240 2241
f 2099 2241 2100
f 2100 2241 2242
f 2100 2242 2101
f 2101 2242 2243
f 2101 2243 2102
f 2102 2243 2244
f 2102 2244 2103
f 2103 2244 2245
f 2103 2245 2104
f 2104 2245 2246
f 2104 2246 2105
f 2105 2246 2247
f 2105 2247 2106
f 2106 2247 2248
f 2106 2248 2107
f 2107 2248 2249
f 2107 2249 2108
f 2108 2249 2250
f 2108 2250 2109
f 2109 2250 2251
f 2109 2251 2110
f 2110 2251 2252
f 2110 2252 2111
f 2111 2252 2253
f 2111 2253 2112
f 2112 2253 2254
f 2112 2254 2113
f 2113 2254 2255
f 2113 2255 2114
f 2114 2255 2256
f 2114 2256 2115
f 2115 2256 2116
f 2115 2116 1975
f 2116 2257 2258
f 2116 2258 2117
f 2117 2258 2259
f 2117 2259 2118
f 2118 2259 2260
f 2118 2260 2119
f 2119 2260 2261
f 2119 2261 2120
f 2120 2261 2262
f 2120 2262 2121
f 2121 2262 2263
f 2121 2263 2122
f 2122 2263 2264
f 2122 2264 2123
f 2123 2264 2265
f 2123 2265 2124
f 2124 2265 2266
f 2124 2266 2125
f 2125 2266 2267
f 2125 2267 2126
f 2126 2267 2268
f 2126 2268 2127
f 2127 2268 2269
f 2127 2269 2128
f 2128 2269 2270
f 2128 2270 2129
f 2129 2270 2271
f 2129 2271 2130
f 2130 2271 2272
f 2130 2272 2131
f 2131 2272 2273
f 2131 2273 2132
f 2132 2273 2274
f 2132 2274 2133
f 2133 2274 2275
f 2133 2275 2134
f 2134 2275 2276
f 2134 2276 2135
f 2135 2276 2277
f 2135 2277 2136
f 2136 2277 2278
f 2136 2278 2137
f 2137 2278 2279
f 2137 2279 2138
f 2138 2279 2280
f 2138 2280 2139
f 2139 2280 2281
f 2139 2281 2140
f 2140 2281 2282
f 2140 2282 2141
f 2141 2282 2283
f 2141 2283 2142
f 2142 2283 2284
f 2142 2284 2143
f 2143 2284 2285
f 2143 2285 2144
f 2144 2285 2286
f 2144 2286 2145
f 2145 2286 2287
f 2145 2287 2146
f 2146 2287 2288
f 2146 2288 2147
f 2147 2288 2289
f 2147 2289 2148
f 2148 2289 2290
f 2148 2290 2149
f 2149 2290 2291
f 2149 2291 2150
f 2150 2291 2292
f 2150 2292 2151
f 2151 2292 2293
f 2151 2293 2152
f 2152 2293 2294
f 2152 2294 2153
f 2153 2294 2295
f 2153 2295 2154
f 2154 2295 2296
f 2154 2296 2155
f 2155 2296 2297
f 2155 2297 2156
f 2156 2297 2298
f 2156 2298 2157
f 2157 2298 2299
f 2157 2299 2158
f 2158 2299 2300
f 2158 2300 2159
f 2159 2300 2301
f 2159 2301 2160
f 2160 2301 2302
f 2160 2302 2161
f 2161 2302 2303
f 2161 2303 2162
f 2162 2303 2304
f 2162 2304 2163
f 2163 2304 2305
f 2163 2305 2164
f 2164 2305 2306
f 2164 2306 2165
f 2165 2306 2307
f 2165 2307 2166
f 2166 2307 2308
f 2166 2308 2167
f 2167 2308 2309
f 2167 2309 2168
f 2168 2309 2310
f 2168 2310 2169
f 2169 2310 2311
f 2169 2311 2170
f 2170 2311 2312
f 2170 2312 2171
f 2171 2312 2313
f 2171 2313 2172
f 2172 2313 2314
f 2172 2314 2173
f 2173 2314 2315
f 2173 2315 2174
f 2174 2315 2316
f 2174 2316 2175
f 2175 2316 2317
f 2175 2317 2176
f 2176 2317 2318
f 2176 2318 2177
f 2177 2318 2319
f 2177 2319 2178
f 2178 2319 2320
f 2178 2320 2179
f 2179 2320 2321
f 2179 2321 2180
f 2180 2321 2322
f 2180 2322 2181
f 2181 2322 2323
f 2181 2323 2182
f 2182 2323 2324
f 2182 2324 2183
f 2183 2324 2325
f 2183 2325 2184
f 2184 2325 2326
f 2184 2326 2185
f 2185 2326 2327
f 2185 2327 2186
f 2186 2327 2328
f 2186 2328 2187
f 2187 2328 2329
f 2187 2329 2188
f 2188 2329 2330
f 2188 2330 2189
f 2189 2330 2331
f 2189 2331 2190
f 2190 2331 2332
f 2190 2332 2191
f 2191 2332 2333
f 2191 2333 2192
f 2192 2333 2334
f 2192 2334 2193
f 2193 2334 2335
f 2193 2335 2194
f 2194 2335 2336
f 2194 2336 2195
f 2195 2336 2337
f 2195 2337 2196
f 2196 2337 2338
f 2196 2338 2197
f 2197 2338 2339
f 2197 2339 2198
f 2198 2339 2340
f 2198 2340 2199
f 2199 2340 2341
f 2199 2341 2200
f 2200 2341 2342
f 2200 2342 2201
f 2201 2342 2343
f 2201 2343 2202
f 2202 2343 2344
f 2202 2344 2203
f 2203 2344 2345
f 2203 2345 2204
f 2204 2345 2346
f 2204 2346 2205
f 2205 2346 2347
f 2205 2347 2206
f 2206 2347 2348
f 2206 2348 2207
f 2207 2348 2349
f 2207 2349 2208
f 2208 2349 2350
f 2208 2350 2209
f 2209 2350 2351
f 2209 2351 2210
f 2210 2351 2352
f 2210 2352 2211
f 2211 2352 2353
f 2211 2353 2212
f 2212 2353 2354
f 2212 2354 2213
f 2213 2354 2355
f 2213 2355 2214
f 2214 2355 2356
f 2214 2356 2215
f 2215 2356 2357
f 2215 2357 2216
f 2216 2357 2358
f 2216 2358 2217
f 2217 2358 2359
f 2217 2359 2218
f 2218 2359 2360
f 2218 2360 2219
f 2219 2360 2361
f 2219 2361 2220
f 2220 2361 2362
f 2220 2362 2221
f 2221 2362 2363
f 2221 2363 2222
f 2222 2363 2364
f 2222 2364 2223
f 2223 2364 2365
f 2223 2365 2224
f 2224 2365 2366
f 2224 2366 2225
f 2225 2366 2367
f 2225 2367 2226
f 2226 2367 2368
f 2226 2368 2227
f 2227 2368 2369
f 2227 2369 2228
f 2228 2369 2370
f 2228 2370 2229
f 2229 2370 2371
f 2229 2371 2230
f 2230 2371 2372
f 2230 2372 2231
f 2231 2372 2373
f 2231 2373 2232
f 2232 2373 2374
f 2232 2374 2233
f 2233 2374 2375
f 2233 2375 2234
f 2234 2375 2376
f 2234 2376 2235
f 2235 2376 2377
f 2235 2377 2236
f 2236 2377 2378
f 2236 2378 2237
f 2237 2378 2379
f 2237 2379 2238
f 2238 2379 2380
f 2238 2380 2239
f 2239 2380 2381
f 2239 2381 2240
f 2240 2381 2382
f 2240 2382 2241
f 2241 2382 2383
f 2241 2383 2242
f 2242 2383 2384
f 2242 2384 2243
f 2243 2384 2385
f 2243 2385 2244
f 2244 2385 2386
f 2244 2386 2245
f 2245 2386 2387
f 2245 2387 2246
f 2246 2387 2388
f 2246 2388 2247
f 2247 2388 2389
f 2247 2389 2248
f 2248 2389 2390
f 2248 2390 2249
f 2249 2390 2391
f 2249 2391 2250
f 2250 2391 2392
f 2250 2392 2251
f 2251 2392 2393
f 2251 2393 2252
f 2252 2393 2394
f 2252 2394 2253
f 2253 2394 2395
f 2253 2395 2254
f 2254 2395 2396
f 2254 2396 2255
f 2255 2396 2397
f 2255 2397 2256
f 2256 2397 2257
f 2256 2257 2116
f 2257 2398 2399
f 2257 2399 2258
f 2258 2399 2400
f 2258 2400 2259
f 2259 2400 2401
f 2259 2401 2260
f 2260 2401 2402
f 2260 2402 2261
f 2261 2402 2403
f 2261 2403 2262
f 2262 2403 2404
f 2262 2404 2263
f 2263 2404 2405
f 2263 2405 2264
f 2264 2405 2406
f 2264 2406 2265
f 2265 2406 2407
f 2265 2407 2266
f 2266 2407 2408
f 2266 2408 2267
f 2267 2408 2409
f 2267 2409 2268
f 2268 2409 2410
f 2268 2410 2269
f 2269 2410 2411
f 2269 2411 2270
f 2270 2411 2412
f 2270 2412 2271
f 2271 2412 2413
f 2271 2413 2272
f 2272 2413 2414
f 2272 2414 2273
f 2273 2414 2415
f 2273 2415 2274
f 2274 2415 2416
f 2274 2416 2275
f 2275 2416 2417
f 2275 2417 2276
f 2276 2417 2418
f 2276 2418 2277
f 2277 2418 2419
f 2277 2419 2278
f 2278 2419 2420
f 2278 2420 2279
f 2279 2420 2421
f 2279 2421 2280
f 2280 2421 2422
f 2280 2422 2281
f 2281 2422 2423
f 2281 2423 2282
f 2282 2423 2424
f 2282 2424 2283
f 2283 2424 2425
f 2283 2425 2284
f 2284 2425 2426
f 2284 2426 2285
f 2285 2426 2427
f 2285 2427 2286
f 2286 2427 2428
f 2286 2428 2287
f 2287 2428 2429
f 2287 2429 2288
f 2288 2429 2430
f 2288 2430 2289
f 2289 2430 2431
f 2289 2431 2290
f 2290 2431 2432
f 2290 2432 2291
f 2291 2432 2433
f 2291 2433 2292
f 2292 2433 2434
f 2292 2434 2293
f 2293 2434 2435
f 2293 2435 2294
f 2294 2435 2436
f 2294 2436 2295
f 2295 2436 2437
f 2295 2437 2296
f 2296 2437 2438
f 2296 2438 2297
f 2297 2438 2439
f 2297 2439 2298
f 2298 2439 2440
f 2298 2440 2299
f 2299 2440 2441
f 2299 2441 2300
f 2300 2441 2442
f 2300 2442 2301
f 2301 2442 2443
f 2301 2443 2302
f 2302 2443 2444
f 2302 2444 2303
f 2303 2444 2445
f 2303 2445 2304
f 2304 2445 2446
f 2304 2446 2305
f 2305 2446 2447
f 2305 2447 2306
f 2306 2447 2448
f 2306 2448 2307
f 2307 2448 2449
f 2307 2449 2308
f 2308 2449 2450
f 2308 2450 2309
f 2309 2450 2451
f 2309 2451 2310
f 2310 2451 2452
f 2310 2452 2311
f 2311 2452 2453
f 2311 2453 2312
f 2312 2453 2454
f 2312 2454 2313
f 2313 2454 2455
f 2313 2455 2314
f 2314 2455 2456
f 2314 2456 2315
f 2315 2456 2457
f 2315 2457 2316
f 2316 2457 2458
f 2316 2458 2317
f 2317 2458 2459
f 2317 2459 2318
f 2318 2459 2460
f 2318 2460 2319
f 2319 2460 2461
f 2319 2461 2320
f 2320 2461 2462
f 2320 2462 2321
f 2321 2462 2463
f 2321 2463 2322
f 2322 2463 2464
f 2322 2464 2323
f 2323 2464 2465
f 2323 2465 2324
f 2324 2465 2466
f 2324 2466 2325
f 2325 2466 2467
f 2325 2467 2326
f 2326 2467 2468
f 2326 2468 2327
f 2327 2468 2469
f 2327 2469 2328
f 2328 2469 2470
f 2328 2470 2329
f 2329 2470 2471
f 2329 2471 2330
f 2330 2471 2472
f 2330 2472 2331
f 2331 2472 2473
f 2331 2473 2332
f 2332 2473 2474
f 2332 2474 2333
f 2333 2474 2475
f 2333 2475 2334
f 2334 2475 2476
f 2334 2476 2335
f 2335 2476 2477
f 2335 2477 2336
f 2336 2477 2478
f 2336 2478 2337
f 2337 2478 2479
f 2337 2479 2338
f 2338 2479 2480
f 2338 2480 2339
f 2339 2480 2481
f 2339 2481 2340
f 2340 2481 2482
f 2340 2482 2341
f 2341 2482 2483
f 2341 2483 2342
f 2342 2483 2484
f 2342 2484 2343
f 2343 2484 2485
f 2343 2485 2344
f 2344 2485 2486
f 2344 2486 2345
f 2345 2486 2487
f 2345 2487 2346
f 2346 2487 2488
f 2346 2488 2347
f 2347 2488 2489
f 2347 2489 2348
f 2348 2489 2490
f 2348 2490 2349
f 2349 2490 2491
f 2349 2491 2350
f 2350 2491 2492
f 2350 2492 2351
f 2351 2492 2493
f 2351 2493 2352
f 2352 2493 2494
f 2352 2494 2353
f 2353 2494 2495
f 2353 2495 2354
f 2354 2495 2496
f 2354 2496 2355
f 2355 2496 2497
f 2355 2497 2356
f 2356 2497 2498
f 2356 2498 2357
f 2357 2498 2499
f 2357 2499 2358
f 2358 2499 2500
f 2358 2500 2359
f 2359 2500 2501
f 2359 2501 2360
f 2360 2501 2502
f 2360 2502 2361
f 2361 2502 2503
f 2361 2503 2362
f 2362 2503 2504
f 2362 2504 2363
f 2363 2504 2505
f 2363 2505 2364
f 2364 2505 2506
f 2364 2506 2365
f 2365 2506 2507
f 2365 2507 2366
f 2366 2507 2508
f 2366 2508 2367
f 2367 2508 2509
f 2367 2509 2368
f 2368 2509 2510
f 2368 2510 2369
f 2369 2510 2511
f 2369 2511 2370
f 2370 2511 2512
f 2370 2512 2371
f 2371 2512 2513
f 2371 2513 2372
f 2372 2513 2514
f 2372 2514 2373
f 2373 2514 2515
f 2373 2515 2374
f 2374 2515 2516
f 2374 2516 2375
f 2375 2516 2517
f 2375 2517 2376
f 2376 2517 2518
f 2376 2518 2377
f 2377 2518 2519
f 2377 2519 2378
f 2378 2519 2520
f 2378 2520 2379
f 2379 2520 2521
f 2379 2521 2380
f 2380 2521 2522
f 2380 2522 2381
f 2381 2522 2523
f 2381 2523 2382
f 2382 2523 2524
f 2382 2524 2383
f 2383 2524 2525
f 2383 2525 2384
f 2384 2525 2526
f 2384 2526 2385
f 2385 2526 2527
f 2385 2527 2386
f 2386 2527 2528
f 2386 2528 2387
f 2387 2528 2529
f 2387 2529 2388
f 2388 2529 2530
f 2388 2530 2389
f 2389 2530 2531
f 2389 2531 2390
f 2390 2531 2532
f 2390 2532 2391
f 2391 2532 2533
f 2391 2533 2392
f 2392 2533 2534
f 2392 2534 2393
f 2393 2534 2535
f 2393 2535 2394
f 2394 2535 2536
f 2394 2536 2395
f 2395 2536 2537
f 2395 2537 2396
f 2396 2537 2538
f 2396 2538 2397
f 2397 2538 2398
f 2397 2398 2257
f 2398 2539 2540
f 2398 2540 2399
f 2399 2540 2541
f 2399 2541 2400
f 2400 2541 2542
f 2400 2542 2401
f 2401 2542 2543
f 2401 2543 2402
f 2402 2543 2544
f 2402 2544 2403
f 2403 2544 2545
f 2403 2545 2404
f 2404 2545 2546
f 2404 2546 2405
f 2405 2546 2547
f 2405 2547 2406
f 2406 2547 2548
f 2406 2548 2407
f 2407 2548 2549
f 2407 2549 2408
f 2408 2549 2550
f 2408 2550 2409
f 2409 2550 2551
f 2409 2551 2410
f 2410 2551 2552
f 2410 2552 2411
f 2411 2552 2553
f 2411 2553 2412
f 2412 2553 2554
f 2412 2554 2413
f 2413 2554 2555
f 2413 2555 2414
f 2414 2555 2556
f 2414 2556 2415
f 2415 2556 2557
f 2415 2557 2416
f 2416 2557 2558
f 2416 2558 2417
f 2417 2558 2559
f 2417 2559 2418
f 2418 2559 2560
f 2418 2560 2419
f 2419 2560 2561
f 2419 2561 2420
f 2420 2561 2562
f 2420 2562 2421
f 2421 2562 2563
f 2421 2563 2422
f 2422 2563 2564
f 2422 2564 2423
f 2423 2564 2565
f 2423 2565 2424
f 2424 2565 2566
f 2424 2566 2425
f 2425 2566 2567
f 2425 2567 2426
f 2426 2567 2568
f 2426 2568 2427
f 2427 2568 2569
f 2427 2569 2428
f 2428 2569 2570
f 2428 2570 2429
f 2429 2570 2571
f 2429 2571 2430
f 2430 2571 2572
f 2430 2572 2431
f 2431 2572 2573
f 2431 2573 2432
f 2432 2573 2574
f 2432 2574 2433
f 2433 2574 2575
f 2433 2575 2434
f 2434 2575 2576
f 2434 2576 2435
f 2435 2576 2577
f 2435 2577 2436
f 2436 2577 2578
f 2436 2578 2437
f 2437 2578 2579
f 2437 2579 2438
f 2438 2579 2580
f 2438 2580 2439
f 2439 2580 2581
f 2439 2581 2440
f 2440 2581 2582
f 2440 2582 2441
f 2441 2582 2583
f 2441 2583 2442
f 2442 2583 2584
f 2442 2584 2443
f 2443 2584 2585
f 2443 2585 2444
f 2444 2585 2586
f 2444 2586 2445
f 2445 2586 2587
f 2445 2587 2446
f 2446 2587 2588
f 2446 2588 2447
f 2447 2588 2589
f 2447 2589 2448
f 2448 2589 2590
f 2448 2590 2449
f 2449 2590 2591
f 2449 2591 2450
f 2450 2591 2592
f 2450 2592 2451
f 2451 2592 2593
f 2451 2593 2452
f 2452 2593 2594
f 2452 2594 2453
f 2453 2594 2595
f 2453 2595 2454
f 2454 2595 2596
f 2454 2596 2455
f 2455 2596 2597
f 2455 2597 2456
f 2456 2597 2598
f 2456 2598 2457
f 2457 2598 2599
f 2457 2599 2458
f 2458 2599 2600
f 2458 2600 2459
f 2459 2600 2601
f 2459 2601 2460
f 2460 2601 2602
f 2460 2602 2461
f 2461 2602 2603
f 2461 2603 2462
f 2462 2603 2604
f 2462 2604 2463
f 2463 2604 2605
f 2463 2605 2464
f 2464 2605 2606
f 2464 2606 2465
f 2465 2606 2607
f 2465 2607 2466
f 2466 2607 2608
f 2466 2608 2467
f 2467 2608 2609
f 2467 2609 2468
f 2468 2609 2610
f 2468 2610 2469
f 2469 2610 2611
f 2469 2611 2470
f 2470 2611 2612
f 2470 2612 2471
f 2471 2612 2613
f 2471 2613 2472
f 2472 2613 2614
f 2472 2614 2473
f 2473 2614 2615
f 2473 2615 2474
f 2474 2615 2616
f 2474 2616 2475
f 2475 2616 2617
f 2475 2617 2476
f 2476 2617 2618
f 2476 2618 2477
f 2477 2618 2619
f 2477 2619 2478
f 2478 2619 2620
f 2478 2620 2479
f 2479 2620 2621
f 2479 2621 2480
f 2480 2621 2622
f 2480 2622 2481
f 2481 2622 2623
f 2481 2623 2482
f 2482 2623 2624
f 2482 2624 2483
f 2483 2624 2625
f 2483 2625 2484
f 2484 2625 2626
f 2484 2626 2485
f 2485 2626 2627
f 2485 2627 2486
f 2486 2627 2628
f 2486 2628 2487
f 2487 2628 2629
f 2487 2629 2488
f 2488 2629 2630
f 2488 2630 2489
f 2489 2630 2631
f 2489 2631 2490
f 2490 2631 2632
f 2490 2632 2491
f 2491 2632 2633
f 2491 2633 2492
f 2492 2633 2634
f 2492 2634 2493
f 2493 2634 2635
f 2493 2635 2494
f 2494 2635 2636
f 2494 2636 2495
f 2495 2636 2637
f 2495 2637 2496
f 2496 2637 2638
f 2496 2638 2497
f 2497 2638 2639
f 2497 2639 2498
f 2498 2639 2640
f 2498 2640 2499
f 2499 2640 2641
f 2499 2641 2500
f 2500 2641 2642
f 2500 2642 2501
f 2501 2642 2643
f 2501 2643 2502
f 2502 2643 2644
f 2502 2644 2503
f 2503 2644 2645
f 2503 2645 2504
f 2504 2645 2646
f 2504 2646 2505
f 2505 2646 2647
f 2505 2647 2506
f 2506 2647 2648
f 2506 2648 2507
f 2507 2648 2649
f 2507 2649 2508
f 2508 2649 2650
f 2508 2650 2509
f 2509 2650 2651
f 2509 2651 2510
f 2510 2651 2652
f 2510 2652 2511
f 2511 2652 2653
f 2511 2653 2512
f 2512 2653 2654
f 2512 2654 2513
f 2513 2654 2655
f 2513 2655 2514
f 2514 2655 2656
f 2514 2656 2515
f 2515 2656 2657
f 2515 2657 2516
f 2516 2657 2658
f 2516 2658 2517
f 2517 2658 2659
f 2517 2659 2518
f 2518 2659 2660
f 2518 2660 2519
f 2519 2660 2661
f 2519 2661 2520
f 2520 2661 2662
f 2520 2662 2521
f 2521 2662 2663
f 2521 2663 2522
f 2522 2663 2664
f 2522 2664 2523
f 2523 2664 2665
f 2523 2665 2524
f 2524 2665 2666
f 2524 2666 2525
f 2525 2666 2667
f 2525 2667 2526
f 2526 2667 2668
f 2526 2668 2527
f 2527 2668 2669
f 2527 2669 2528
f 2528 2669 2670
f 2528 2670 2529
f 2529 2670 2671
f 2529 2671 2530
f 2530 2671 2672
f 2530 2672 2531
f 2531 2672 2673
f 2531 2673 2532
f 2532 2673 2674
f 2532 2674 2533
f 2533 2674 2675
f 2533 2675 2534
f 2534 2675 2676
f 2534 2676 2535
f 2535 2676 2677
f 2535 2677 2536
f 2536 2677 2678
f 2536 2678 2537
f 2537 2678 2679
f 2537 2679 2538
f 2538 2679 2539
f 2538 2539 2398
f 2680 2 1
f 2680 3 2
f 2680 4 3
f 2680 5 4
f 2680 6 5
f 2680 7 6
f 2680 8 7
f 2680 9 8
f 2680 10 9
f 2680 11 10
f 2680 12 11
f 2680 13 12
f 2680 14 13
f 2680 15 14
f 2680 16 15
f 2680 17 16
f 2680 18 17
f 2680 19 18
f 2680 20 19
f 2680 21 20
f 2680 22 21
f 2680 23 22
f 2680 24 23
f 2680 25 24
f 2680 26 25
f 2680 27 26
f 2680 28 27
f 2680 29 28
f 2680 30 29
f 2680 31 30
f 2680 32 31
f 2680 33 32
f 2680 34 33
f 2680 35 34
f 2680 36 35
f 2680 37 36
f 2680 38 37
f 2680 39 38
f 2680 40 39
f 2680 41 40
f 2680 42 41
f 2680 43 42
f 2680 44 43
f 2680 45 44
f 2680 46 45
f 2680 47 46
f 2680 48 47
f 2680 49 48
f 2680 50 49
f 2680 51 50
f 2680 52 51
f 2680 53 52
f 2680 54 53
f 2680 55 54
f 2680 56 55
f 2680 57 56
f 2680 58 57
f 2680 59 58
f 2680 60 59
f 2680 61 60
f 2680 62 61
f 2680 63 62
f 2680 64 63
f 2680 65 64
f 2680 66 65
f 2680 67 66
f 2680 68 67
f 2680 69 68
f 2680 70 69
f 2680 71 70
f 2680 72 71
f 2680 73 72
f 2680 74 73
f 2680 75 74
f 2680 76 75
f 2680 77 76
f 2680 78 77
f 2680 79 78
f 2680 80 79
f 2680 81 80
f 2680 82 81
f 2680 83 82
f 2680 84 83
f 2680 85 84
f 2680 86 85
f 2680 87 86
f 2680 88 87
f 2680 89 88
f 2680 90 89
f 2680 91 90
f 2680 92 91
f 2680 93 92
f 2680 94 93
f 2680 95 94
f 2680 96 95
f 2680 97 96
f 2680 98 97
f 2680 99 98
f 2680 100 99
f 2680 101 100
f 2680 102 101
f 2680 103 102
f 2680 104 103
f 2680 105 104
f 2680 106 105
f 2680 107 106
f 2680 108 107
f 2680 109 108
f 2680 110 109
f 2680 111 110
f 2680 112 111
f 2680 113 112
f 2680 114 113
f 2680 115 114
f 2680 116 115
f 2680 117 116
f 2680 118 117
f 2680 119 118
f 2680 120 119
f 2680 121 120
f 2680 122 121
f 2680 123 122
f 2680 124 123
f 2680 125 124
f 2680 126 125
f 2680 127 126
f 2680 128 127
f 2680 129 128
f 2680 130 129
f 2680 131 130
f 2680 132 131
f 2680 133 132
f 2680 134 133
f 2680 135 134
f 2680 136 135
f 2680 137 136
f 2680 138 137
f 2680 139 138
f 2680 140 139
f 2680 141 140
f 2680 1 141
f 2681 2539 2540
f 2681 2540 2541
f 2681 2541 2542
f 2681 2542 2543
f 2681 2543 2544
f 2681 2544 2545
f 2681 2545 2546
f 2681 2546 2547
f 2681 2547 2548
f 2681 2548 2549
f 2681 2549 2550
f 2681 2550 2551
f 2681 2551 2552
f 2681 2552 2553
f 2681 2553 2554
f 2681 2554 2555
f 2681 2555 2556
f 2681 2556 2557
f 2681 2557 2558
f 2681 2558 2559
f 2681 2559 2560
f 2681 2560 2561
f 2681 2561 2562
f 2681 2562 2563
f 2681 2563 2564
f 2681 2564 2565
f 2681 2565 2566
f 2681 2566 2567
f 2681 2567 2568
f 2681 2568 2569
f 2681 2569 2570
f 2681 2570 2571
f 2681 2571 2572
f 2681 2572 2573
f 2681 2573 2574
f 2681 2574 2575
f 2681 2575 2576
f 2681 2576 2577
f 2681 2577 2578
f 2681 2578 2579
f 2681 2579 2580
f 2681 2580 2581
f 2681 2581 2582
f 2681 2582 2583
f 2681 2583 2584
f 2681 2584 2585
f 2681 2585 2586
f 2681 2586 2587
f 2681 2587 2588
f 2681 2588 2589
f 2681 2589 2590
f 2681 2590 2591
f 2681 2591 2592
f 2681 2592 2593
f 2681 2593 2594
f 2681 2594 2595
f 2681 2595 2596
f 2681 2596 2597
f 2681 2597 2598
f 2681 2598 2599
f 2681 2599 2600
f 2681 2600 2601
f 2681 2601 2602
f 2681 2602 2603
f 2681 2603 2604
f 2681 2604 2605
f 2681 2605 2606
f 2681 2606 2607
f 2681 2607 2608
f 2681 2608 2609
f 2681 2609 2610
f 2681 2610 2611
f 2681 2611 2612
f 2681 2612 2613
f 2681 2613 2614
f 2681 2614 2615
f 2681 2615 2616
f 2681 2616 2617
f 2681 2617 2618
f 2681 2618 2619
f 2681 2619 2620
f 2681 2620 2621
f 2681 2621 2622
f 2681 2622 2623
f 2681 2623 2624
f 2681 2624 2625
f 2681 2625 2626
f 2681 2626 2627
f 2681 2627 2628
f 2681 2628 2629
f 2681 2629 2630
f 2681 2630 2631
f 2681 2631 2632
f 2681 2632 2633
f 2681 2633 2634
f 2681 2634 2635
f 2681 2635 2636
f 2681 2636 2637
f 2681 2637 2638
f 2681 2638 2639
f 2681 2639 2640
f 2681 2640 2641
f 2681 2641 2642
f 2681 2642 2643
f 2681 2643 2644
f 2681 2644 2645
f 2681 2645 2646
f 2681 2646 2647
f 2681 2647 2648
f 2681 2648 2649
f 2681 2649 2650
f 2681 2650 2651
f 2681 2651 2652
f 2681 2652 2653
f 2681 2653 2654
f 2681 2654 2655
f 2681 2655 2656
f 2681 2656 2657
f 2681 2657 2658
f 2681 2658 2659
f 2681 2659 2660
f 2681 2660 2661
f 2681 2661 2662
f 2681 2662 2663
f 2681 2663 2664
f 2681 2664 2665
f 2681 2665 2666
f 2681 2666 2667
f 2681 2667 2668
f 2681 2668 2669
f 2681 2669 2670
f 2681 2670 2671
f 2681 2671 2672
f 2681 2672 2673
f 2681 2673 2674
f 2681 2674 2675
f 2681 2675 2676
f 2681 2676 2677
f 2681 2677 2678
f 2681 2678 2679
f 2681 2679 2539
g wing_port
f 2682 2824 2823
f 2682 2683 2824
f 2683 2825 2824
f 2683 2684 2825
f 2684 2826 2825
f 2684 2685 2826
f 2685 2827 2826
f 2685 2686 2827
f 2686 2828 2827
f 2686 2687 2828
f 2687 2829 2828
f 2687 2688 2829
f 2688 2830 2829
f 2688 2689 2830
f 2689 2831 2830
f 2689 2690 2831
f 2690 2832 2831
f 2690 2691 2832
f 2691 2833 2832
f 2691 2692 2833
f 2692 2834 2833
f 2692 2693 2834
f 2693 2835 2834
f 2693 2694 2835
f 2694 2836 2835
f 2694 2695 2836
f 2695 2837 2836
f 2695 2696 2837
f 2696 2838 2837
f 2696 2697 2838
f 2697 2839 2838
f 2697 2698 2839
f 2698 2840 2839
f 2698 2699 2840
f 2699 2841 2840
f 2699 2700 2841
f 2700 2842 2841
f 2700 2701 2842
f 2701 2843 2842
f 2701 2702 2843
f 2702 2844 2843
f 2702 2703 2844
f 2703 2845 2844
f 2703 2704 2845
f 2704 2846 2845
f 2704 2705 2846
f 2705 2847 2846
f 2705 2706 2847
f 2706 2848 2847
f 2706 2707 2848
f 2707 2849 2848
f 2707 2708 2849
f 2708 2850 2849
f 2708 2709 2850
f 2709 2851 2850
f 2709 2710 2851
f 2710 2852 2851
f 2710 2711 2852
f 2711 2853 2852
f 2711 2712 2853
f 2712 2854 2853
f 2712 2713 2854
f 2713 2855 2854
f 2713 2714 2855
f 2714 2856 2855
f 2714 2715 2856
f 2715 2857 2856
f 2715 2716 2857
f 2716 2858 2857
f 2716 2717 2858
f 2717 2859 2858
f 2717 2718 2859
f 2718 2860 2859
f 2718 2719 2860
f 2719 2861 2860
f 2719 2720 2861
f 2720 2862 2861
f 2720 2721 2862
f 2721 2863 2862
f 2721 2722 2863
f 2722 2864 2863
f 2722 2723 2864
f 2723 2865 2864
f 2723 2724 2865
f 2724 2866 2865
f 2724 2725 2866
f 2725 2867 2866
f 2725 2726 2867
f 2726 2868 2867
f 2726 2727 2868
f 2727 2869 2868
f 2727 2728 2869
f 2728 2870 2869
f 2728 2729 2870
f 2729 2871 2870
f 2729 2730 2871
f 2730 2872 2871
f 2730 2731 2872
f 2731 2873 2872
f 2731 2732 2873
f 2732 2874 2873
f 2732 2733 2874
f 2733 2875 2874
f 2733 2734 2875
f 2734 2876 2875
f 2734 2735 2876
f 2735 2877 2876
f 2735 2736 2877
f 2736 2878 2877
f 2736 2737 2878
f 2737 2879 2878
f 2737 2738 2879
f 2738 2880 2879
f 2738 2739 2880
f 2739 2881 2880
f 2739 2740 2881
f 2740 2882 2881
f 2740 2741 2882
f 2741 2883 2882
f 2741 2742 2883
f 2742 2884 2883
f 2742 2743 2884
f 2743 2885 2884
f 2743 2744 2885
f 2744 2886 2885
f 2744 2745 2886
f 2745 2887 2886
f 2745 2746 2887
f 2746 2888 2887
f 2746 2747 2888
f 2747 2889 2888
f 2747 2748 2889
f 2748 2890 2889
f 2748 2749 2890
f 2749 2891 2890
f 2749 2750 2891
f 2750 2892 2891
f 2750 2751 2892
f 2751 2893 2892
f 2751 2752 2893
f 2752 2894 2893
f 2752 2753 2894
f 2753 2895 2894
f 2753 2754 2895
f 2754 2896 2895
f 2754 2755 2896
f 2755 2897 2896
f 2755 2756 2897
f 2756 2898 2897
f 2756 2757 2898
f 2757 2899 2898
f 2757 2758 2899
f 2758 2900 2899
f 2758 2759 2900
f 2759 2901 2900
f 2759 2760 2901
f 2760 2902 2901
f 2760 2761 2902
f 2761 2903 2902
f 2761 2762 2903
f 2762 2904 2903
f 2762 2763 2904
f 2763 2905 2904
f 2763 2764 2905
f 2764 2906 2905
f 2764 2765 2906
f 2765 2907 2906
f 2765 2766 2907
f 2766 2908 2907
f 2766 2767 2908
f 2767 2909 2908
f 2767 2768 2909
f 2768 2910 2909
f 2768 2769 2910
f 2769 2911 2910
f 2769 2770 2911
f 2770 2912 2911
f 2770 2771 2912
f 2771 2913 2912
f 2771 2772 2913
f 2772 2914 2913
f 2772 2773 2914
f 2773 2915 2914
f 2773 2774 2915
f 2774 2916 2915
f 2774 2775 2916
f 2775 2917 2916
f 2775 2776 2917
f 2776 2918 2917
f 2776 2777 2918
f 2777 2919 2918
f 2777 2778 2919
f 2778 2920 2919
f 2778 2779 2920
f 2779 2921 2920
f 2779 2780 2921
f 2780 2922 2921
f 2780 2781 2922
f 2781 2923 2922
f 2781 2782 2923
f 2782 2924 2923
f 2782 2783 2924
f 2783 2925 2924
f 2783 2784 2925
f 2784 2926 2925
f 2784 2785 2926
f 2785 2927 2926
f 2785 2786 2927
f 2786 2928 2927
f 2786 2787 2928
f 2787 2929 2928
f 2787 2788 2929
f 2788 2930 2929
f 2788 2789 2930
f 2789 2931 2930
f 2789 2790 2931
f 2790 2932 2931
f 2790 2791 2932
f 2791 2933 2932
f 2791 2792 2933
f 2792 2934 2933
f 2792 2793 2934
f 2793 2935 2934
f 2793 2794 2935
f 2794 2936 2935
f 2794 2795 2936
f 2795 2937 2936
f 2795 2796 2937
f 2796 2938 2937
f 2796 2797 2938
f 2797 2939 2938
f 2797 2798 2939
f 2798 2940 2939
f 2798 2799 2940
f 2799 2941 2940
f 2799 2800 2941
f 2800 2942 2941
f 2800 2801 2942
f 2801 2943 2942
f 2801 2802 2943
f 2802 2944 2943
f 2802 2803 2944
f 2803 2945 2944
f 2803 2804 2945
f 2804 2946 2945
f 2804 2805 2946
f 2805 2947 2946
f 2805 2806 2947
f 2806 2948 2947
f 2806 2807 2948
f 2807 2949 2948
f 2807 2808 2949
f 2808 2950 2949
f 2808 2809 2950
f 2809 2951 2950
f 2809 2810 2951
f 2810 2952 2951
f 2810 2811 2952
f 2811 2953 2952
f 2811 2812 2953
f 2812 2954 2953
f 2812 2813 2954
f 2813 2955 2954
f 2813 2814 2955
f 2814 2956 2955
f 2814 2815 2956
f 2815 2957 2956
f 2815 2816 2957
f 2816 2958 2957
f 2816 2817 2958
f 2817 2959 2958
f 2817 2818 2959
f 2818 2960 2959
f 2818 2819 2960
f 2819 2961 2960
f 2819 2820 2961
f 2820 2962 2961
f 2820 2821 2962
f 2821 2963 2962
f 2821 2822 2963
f 2822 2823 2963
f 2822 2682 2823
f 2823 2965 2964
f 2823 2824 2965
f 2824 2966 2965
f 2824 2825 2966
f 2825 2967 2966
f 2825 2826 2967
f 2826 2968 2967
f 2826 2827 2968
f 2827 2969 2968
f 2827 2828 2969
f 2828 2970 2969
f 2828 2829 2970
f 2829 2971 2970
f 2829 2830 2971
f 2830 2972 2971
f 2830 2831 2972
f 2831 2973 2972
f 2831 2832 2973
f 2832 2974 2973
f 2832 2833 2974
f 2833 2975 2974
f 2833 2834 2975
f 2834 2976 2975
f 2834 2835 2976
f 2835 2977 2976
f 2835 2836 2977
f 2836 2978 2977
f 2836 2837 2978
f 2837 2979 2978
f 2837 2838 2979
f 2838 2980 2979
f 2838 2839 2980
f 2839 2981 2980
f 2839 2840 2981
f 2840 2982 2981
f 2840 2841 2982
f 2841 2983 2982
f 2841 2842 2983
f 2842 2984 2983
f 2842 2843 2984
f 2843 2985 2984
f 2843 2844 2985
f 2844 2986 2985
f 2844 2845 2986
f 2845 2987 2986
f 2845 2846 2987
f 2846 2988 2987
f 2846 2847 2988
f 2847 2989 2988
f 2847 2848 2989
f 2848 2990 2989
f 2848 2849 2990
f 2849 2991 2990
f 2849 2850 2991
f 2850 2992 2991
f 2850 2851 2992
f 2851 2993 2992
f 2851 2852 2993
f 2852 2994 2993
f 2852 2853 2994
f 2853 2995 2994
f 2853 2854 2995
f 2854 2996 2995
f 2854 2855 2996
f 2855 2997 2996
f 2855 2856 2997
f 2856 2998 2997
f 2856 2857 2998
f 2857 2999 2998
f 2857 2858 2999
f 2858 3000 2999
f 2858 2859 3000
f 2859 3001 3000
f 2859 2860 3001
f 2860 3002 3001
f 2860 2861 3002
f 2861 3003 3002
f 2861 2862 3003
f 2862 3004 3003
f 2862 2863 3004
f 2863 3005 3004
f 2863 2864 3005
f 2864 3006 3005
f 2864 2865 3006
f 2865 3007 3006
f 2865 2866 3007
f 2866 3008 3007
f 2866 2867 3008
f 2867 3009 3008
f 2867 2868 3009
f 2868 3010 3009
f 2868 2869 3010
f 2869 3011 3010
f 2869 2870 3011
f 2870 3012 3011
f 2870 2871 3012
f 2871 3013 3012
f 2871 2872 3013
f 2872 3014 3013
f 2872 2873 3014
f 2873 3015 3014
f 2873 2874 3015
f 2874 3016 3015
f 2874 2875 3016
f 2875 3017 3016
f 2875 2876 3017
f 2876 3018 3017
f 2876 2877 3018
f 2877 3019 3018
f 2877 2878 3019
f 2878 3020 3019
f 2878 2879 3020
f 2879 3021 3020
f 2879 2880 3021
f 2880 3022 3021
f 2880 2881 3022
f 2881 3023 3022
f 2881 2882 3023
f 2882 3024 3023
f 2882 2883 3024
f 2883 3025 3024
f 2883 2884 3025
f 2884 3026 3025
f 2884 2885 3026
f 2885 3027 3026
f 2885 2886 3027
f 2886 3028 3027
f 2886 2887 3028
f 2887 3029 3028
f 2887 2888 3029
f 2888 3030 3029
f 2888 2889 3030
f 2889 3031 3030
f 2889 2890 3031
f 2890 3032 3031
f 2890 2891 3032
f 2891 3033 3032
f 2891 2892 3033
f 2892 3034 3033
f 2892 2893 3034
f 2893 3035 3034
f 2893 2894 3035
f 2894 3036 3035
f 2894 2895 3036
f 2895 3037 3036
f 2895 2896 3037
f 2896 3038 3037
f 2896 2897 3038
f 2897 3039 3038
f 2897 2898 3039
f 2898 3040 3039
f 2898 2899 3040
f 2899 3041 3040
f 2899 2900 3041
f 2900 3042 3041
f 2900 2901 3042
f 2901 3043 3042
f 2901 2902 3043
f 2902 3044 3043
f 2902 2903 3044
f 2903 3045 3044
f 2903 2904 3045
f 2904 3046 3045
f 2904 2905 3046
f 2905 3047 3046
f 2905 2906 3047
f 2906 3048 3047
f 2906 2907 3048
f 2907 3049 3048
f 2907 2908 3049
f 2908 3050 3049
f 2908 2909 3050
f 2909 3051 3050
f 2909 2910 3051
f 2910 3052 3051
f 2910 2911 3052
f 2911 3053 3052
f 2911 2912 3053
f 2912 3054 3053
f 2912 2913 3054
f 2913 3055 3054
f 2913 2914 3055
f 2914 3056 3055
f 2914 2915 3056
f 2915 3057 3056
f 2915 2916 3057
f 2916 3058 3057
f 2916 2917 3058
f 2917 3059 3058
f 2917 2918 3059
f 2918 3060 3059
f 2918 2919 3060
f 2919 3061 3060
f 2919 2920 3061
f 2920 3062 3061
f 2920 2921 3062
f 2921 3063 3062
f 2921 2922 3063
f 2922 3064 3063
f 2922 2923 3064
f 2923 3065 3064
f 2923 2924 3065
f 2924 3066 3065
f 2924 2925 3066
f 2925 3067 3066
f 2925 2926 3067
f 2926 3068 3067
f 2926 2927 3068
f 2927 3069 3068
f 2927 2928 3069
f 2928 3070 3069
f 2928 2929 3070
f 2929 3071 3070
f 2929 2930 3071
f 2930 3072 3071
f 2930 2931 3072
f 2931 3073 3072
f 2931 2932 3073
f 2932 3074 3073
f 2932 2933 3074
f 2933 3075 3074
f 2933 2934 3075
f 2934 3076 3075
f 2934 2935 3076
f 2935 3077 3076
f 2935 2936 3077
f 2936 3078 3077
f 2936 2937 3078
f 2937 3079 3078
f 2937 2938 3079
f 2938 3080 3079
f 2938 2939 3080
f 2939 3081 3080
f 2939 2940 3081
f 2940 3082 3081
f 2940 2941 3082
f 2941 3083 3082
f 2941 2942 3083
f 2942 3084 3083
f 2942 2943 3084
f 2943 3085 3084
f 2943 2944 3085
f 2944 3086 3085
f 2944 2945 3086
f 2945 3087 3086
f 2945 2946 3087
f 2946 3088 3087
f 2946 2947 3088
f 2947 3089 3088
f 2947 2948 3089
f 2948 3090 3089
f 2948 2949 3090
f 2949 3091 3090
f 2949 2950 3091
f 2950 3092 3091
f 2950 2951 3092
f 2951 3093 3092
f 2951 2952 3093
f 2952 3094 3093
f 2952 2953 3094
f 2953 3095 3094
f 2953 2954 3095
f 2954 3096 3095
f 2954 2955 3096
f 2955 3097 3096
f 2955 2956 3097
f 2956 3098 3097
f 2956 2957 3098
f 2957 3099 3098
f 2957 2958 3099
f 2958 3100 3099
f 2958 2959 3100
f 2959 3101 3100
f 2959 2960 3101
f 2960 3102 3101
f 2960 2961 3102
f 2961 3103 3102
f 2961 2962 3103
f 2962 3104 3103
f 2962 2963 3104
f 2963 2964 3104
f 2963 2823 2964
f 2964 3106 3105
f 2964 2965 3106
f 2965 3107 3106
f 2965 2966 3107
f 2966 3108 3107
f 2966 2967 3108
f 2967 3109 3108
f 2967 2968 3109
f 2968 3110 3109
f 2968 2969 3110
f 2969 3111 3110
f 2969 2970 3111
f 2970 3112 3111
f 2970 2971 3112
f 2971 3113 3112
f 2971 2972 3113
f 2972 3114 3113
f 2972 2973 3114
f 2973 3115 3114
f 2973 2974 3115
f 2974 3116 3115
f 2974 2975 3116
f 2975 3117 3116
f 2975 2976 3117
f 2976 3118 3117
f 2976 2977 3118
f 2977 3119 3118
f 2977 2978 3119
f 2978 3120 3119
f 2978 2979 3120
f 2979 3121 3120
f 2979 2980 3121
f 2980 3122 3121
f 2980 2981 3122
f 2981 3123 3122
f 2981 2982 3123
f 2982 3124 3123
f 2982 2983 3124
f 2983 3125 3124
f 2983 2984 3125
f 2984 3126 3125
f 2984 2985 3126
f 2985 3127 3126
f 2985 2986 3127
f 2986 3128 3127
f 2986 2987 3128
f 2987 3129 3128
f 2987 2988 3129
f 2988 3130 3129
f 2988 2989 3130
f 2989 3131 3130
f 2989 2990 3131
f 2990 3132 3131
f 2990 2991 3132
f 2991 3133 3132
f 2991 2992 3133
f 2992 3134 3133
f 2992 2993 3134
f 2993 3135 3134
f 2993 2994 3135
f 2994 3136 3135
f 2994 2995 3136
f 2995 3137 3136
f 2995 2996 3137
f 2996 3138 3137
f 2996 2997 3138
f 2997 3139 3138
f 2997 2998 3139
f 2998 3140 3139
f 2998 2999 3140
f 2999 3141 3140
f 2999 3000 3141
f 3000 3142 3141
f 3000 3001 3142
f 3001 3143 3142
f 3001 3002 3143
f 3002 3144 3143
f 3002 3003 3144
f 3003 3145 3144
f 3003 3004 3145
f 3004 3146 3145
f 3004 3005 3146
f 3005 3147 3146
f 3005 3006 3147
f 3006 3148 3147
f 3006 3007 3148
f 3007 3149 3148
f 3007 3008 3149
f 3008 3150 3149
f 3008 3009 3150
f 3009 3151 3150
f 3009 3010 3151
f 3010 3152 3151
f 3010 3011 3152
f 3011 3153 3152
f 3011 3012 3153
f 3012 3154 3153
f 3012 3013 3154
f 3013 3155 3154
f 3013 3014 3155
f 3014 3156 3155
f 3014 3015 3156
f 3015 3157 3156
f 3015 3016 3157
f 3016 3158 3157
f 3016 3017 3158
f 3017 3159 3158
f 3017 3018 3159
f 3018 3160 3159
f 3018 3019 3160
f 3019 3161 3160
f 3019 3020 3161
f 3020 3162 3161
f 3020 3021 3162
f 3021 3163 3162
f 3021 3022 3163
f 3022 3164 3163
f 3022 3023 3164
f 3023 3165 3164
f 3023 3024 3165
f 3024 3166 3165
f 3024 3025 3166
f 3025 3167 3166
f 3025 3026 3167
f 3026 3168 3167
f 3026 3027 3168
f 3027 3169 3168
f 3027 3028 3169
f 3028 3170 3169
f 3028 3029 3170
f 3029 3171 3170
f 3029 3030 3171
f 3030 3172 3171
f 3030 3031 3172
f 3031 3173 3172
f 3031 3032 3173
f 3032 3174 3173
f 3032 3033 3174
f 3033 3175 3174
f 3033 3034 3175
f 3034 3176 3175
f 3034 3035 3176
f 3035 3177 3176
f 3035 3036 3177
f 3036 3178 3177
f 3036 3037 3178
f 3037 3179 3178
f 3037 3038 3179
f 3038 3180 3179
f 3038 3039 3180
f 3039 3181 3180
f 3039 3040 3181
f 3040 3182 3181
f 3040 3041 3182
f 3041 3183 3182
f 3041 3042 3183
f 3042 3184 3183
f 3042 3043 3184
f 3043 3185 3184
f 3043 3044 3185
f 3044 3186 3185
f 3044 3045 3186
f 3045 3187 3186
f 3045 3046 3187
f 3046 3188 3187
f 3046 3047 3188
f 3047 3189 3188
f 3047 3048 3189
f 3048 3190 3189
f 3048 3049 3190
f 3049 3191 3190
f 3049 3050 3191
f 3050 3192 3191
f 3050 3051 3192
f 3051 3193 3192
f 3051 3052 3193
f 3052 3194 3193
f 3052 3053 3194
f 3053 3195 3194
f 3053 3054 3195
f 3054 3196 3195
f 3054 3055 3196
f 3055 3197 3196
f 3055 3056 3197
f 3056 3198 3197
f 3056 3057 3198
f 3057 3199 3198
f 3057 3058 3199
f 3058 3200 3199
f 3058 3059 3200
f 3059 3201 3200
f 3059 3060 3201
f 3060 3202 3201
f 3060 3061 3202
f 3061 3203 3202
f 3061 3062 3203
f 3062 3204 3203
f 3062 3063 3204
f 3063 3205 3204
f 3063 3064 3205
f 3064 3206 3205
f 3064 3065 3206
f 3065 3207 3206
f 3065 3066 3207
f 3066 3208 3207
f 3066 3067 3208
f 3067 3209 3208
f 3067 3068 3209
f 3068 3210 3209
f 3068 3069 3210
f 3069 3211 3210
f 3069 3070 3211
f 3070 3212 3211
f 3070 3071 3212
f 3071 3213 3212
f 3071 3072 3213
f 3072 3214 3213
f 3072 3073 3214
f 3073 3215 3214
f 3073 3074 3215
f 3074 3216 3215
f 3074 3075 3216
f 3075 3217 3216
f 3075 3076 3217
f 3076 3218 3217
f 3076 3077 3218
f 3077 3219 3218
f 3077 3078 3219
f 3078 3220 3219
f 3078 3079 3220
f 3079 3221 3220
f 3079 3080 3221
f 3080 3222 3221
f 3080 3081 3222
f 3081 3223 3222
f 3081 3082 3223
f 3082 3224 3223
f 3082 3083 3224
f 3083 3225 3224
f 3083 3084 3225
f 3084 3226 3225
f 3084 3085 3226
f 3085 3227 3226
f 3085 3086 3227
f 3086 3228 3227
f 3086 3087 3228
f 3087 3229 3228
f 3087 3088 3229
f 3088 3230 3229
f 3088 3089 3230
f 3089 3231 3230
f 3089 3090 3231
f 3090 3232 3231
f 3090 3091 3232
f 3091 3233 3232
f 3091 3092 3233
f 3092 3234 3233
f 3092 3093 3234
f 3093 3235 3234
f 3093 3094 3235
f 3094 3236 3235
f 3094 3095 3236
f 3095 3237 3236
f 3095 3096 3237
f 3096 3238 3237
f 3096 3097 3238
f 3097 3239 3238
f 3097 3098 3239
f 3098 3240 3239
f 3098 3099 3240
f 3099 3241 3240
f 3099 3100 3241
f 3100 3242 3241
f 3100 3101 3242
f 3101 3243 3242
f 3101 3102 3243
f 3102 3244 3243
f 3102 3103 3244
f 3103 3245 3244
f 3103 3104 3245
f 3104 3105 3245
f 3104 2964 3105
f 3105 3247 3246
f 3105 3106 3247
f 3106 3248 3247
f 3106 3107 3248
f 3107 3249 3248
f 3107 3108 3249
f 3108 3250 3249
f 3108 3109 3250
f 3109 3251 3250
f 3109 3110 3251
f 3110 3252 3251
f 3110 3111 3252
f 3111 3253 3252
f 3111 3112 3253
f 3112 3254 3253
f 3112 3113 3254
f 3113 3255 3254
f 3113 3114 3255
f 3114 3256 3255
f 3114 3115 3256
f 3115 3257 3256
f 3115 3116 3257
f 3116 3258 3257
f 3116 3117 3258
f 3117 3259 3258
f 3117 3118 3259
f 3118 3260 3259
f 3118 3119 3260
f 3119 3261 3260
f 3119 3120 3261
f 3120 3262 3261
f 3120 3121 3262
f 3121 3263 3262
f 3121 3122 3263
f 3122 3264 3263
f 3122 3123 3264
f 3123 3265 3264
f 3123 3124 3265
f 3124 3266 3265
f 3124 3125 3266
f 3125 3267 3266
f 3125 3126 3267
f 3126 3268 3267
f 3126 3127 3268
f 3127 3269 3268
f 3127 3128 3269
f 3128 3270 3269
f 3128 3129 3270
f 3129 3271 3270
f 3129 3130 3271
f 3130 3272 3271
f 3130 3131 3272
f 3131 3273 3272
f 3131 3132 3273
f 3132 3274 3273
f 3132 3133 3274
f 3133 3275 3274
f 3133 3134 3275
f 3134 3276 3275
f 3134 3135 3276
f 3135 3277 3276
f 3135 3136 3277
f 3136 3278 3277
f 3136 3137 3278
f 3137 3279 3278
f 3137 3138 3279
f 3138 3280 3279
f 3138 3139 3280
f 3139 3281 3280
f 3139 3140 3281
f 3140 3282 3281
f 3140 3141 3282
f 3141 3283 3282
f 3141 3142 3283
f 3142 3284 3283
f 3142 3143 3284
f 3143 3285 3284
f 3143 3144 3285
f 3144 3286 3285
f 3144 3145 3286
f 3145 3287 3286
f 3145 3146 3287
f 3146 3288 3287
f 3146 3147 3288
f 3147 3289 3288
f 3147 3148 3289
f 3148 3290 3289
f 3148 3149 3290
f 3149 3291 3290
f 3149 3150 3291
f 3150 3292 3291
f 3150 3151 3292
f 3151 3293 3292
f 3151 3152 3293
f 3152 3294 3293
f 3152 3153 3294
f 3153 3295 3294
f 3153 3154 3295
f 3154 3296 3295
f 3154 3155 3296
f 3155 3297 3296
f 3155 3156 3297
f 3156 3298 3297
f 3156 3157 3298
f 3157 3299 3298
f 3157 3158 3299
f 3158 3300 3299
f 3158 3159 3300
f 3159 3301 3300
f 3159 3160 3301
f 3160 3302 3301
f 3160 3161 3302
f 3161 3303 3302
f 3161 3162 3303
f 3162 3304 3303
f 3162 3163 3304
f 3163 3305 3304
f 3163 3164 3305
f 3164 3306 3305
f 3164 3165 3306
f 3165 3307 3306
f 3165 3166 3307
f 3166 3308 3307
f 3166 3167 3308
f 3167 3309 3308
f 3167 3168 3309
f 3168 3310 3309
f 3168 3169 3310
f 3169 3311 3310
f 3169 3170 3311
f 3170 3312 3311
f 3170 3171 3312
f 3171 3313 3312
f 3171 3172 3313
f 3172 3314 3313
f 3172 3173 3314
f 3173 3315 3314
f 3173 3174 3315
f 3174 3316 3315
f 3174 3175 3316
f 3175 3317 3316
f 3175 3176 3317
f 3176 3318 3317
f 3176 3177 3318
f 3177 3319 3318
f 3177 3178 3319
f 3178 3320 3319
f 3178 3179 3320
f 3179 3321 3320
f 3179 3180 3321
f 3180 3322 3321
f 3180 3181 3322
f 3181 3323 3322
f 3181 3182 3323
f 3182 3324 3323
f 3182 3183 3324
f 3183 3325 3324
f 3183 3184 3325
f 3184 3326 3325
f 3184 3185 3326
f 3185 3327 3326
f 3185 3186 3327
f 3186 3328 3327
f 3186 3187 3328
f 3187 3329 3328
f 3187 3188 3329
f 3188 3330 3329
f 3188 3189 3330
f 3189 3331 3330
f 3189 3190 3331
f 3190 3332 3331
f 3190 3191 3332
f 3191 3333 3332
f 3191 3192 3333
f 3192 3334 3333
f 3192 3193 3334
f 3193 3335 3334
f 3193 3194 3335
f 3194 3336 3335
f 3194 3195 3336
f 3195 3337 3336
f 3195 3196 3337
f 3196 3338 3337
f 3196 3197 3338
f 3197 3339 3338
f 3197 3198 3339
f 3198 3340 3339
f 3198 3199 3340
f 3199 3341 3340
f 3199 3200 3341
f 3200 3342 3341
f 3200 3201 3342
f 3201 3343 3342
f 3201 3202 3343
f 3202 3344 3343
f 3202 3203 3344
f 3203 3345 3344
f 3203 3204 3345
f 3204 3346 3345
f 3204 3205 3346
f 3205 3347 3346
f 3205 3206 3347
f 3206 3348 3347
f 3206 3207 3348
f 3207 3349 3348
f 3207 3208 3349
f 3208 3350 3349
f 3208 3209 3350
f 3209 3351 3350
f 3209 3210 3351
f 3210 3352 3351
f 3210 3211 3352
f 3211 3353 3352
f 3211 3212 3353
f 3212 3354 3353
f 3212 3213 3354
f 3213 3355 3354
f 3213 3214 3355
f 3214 3356 3355
f 3214 3215 3356
f 3215 3357 3356
f 3215 3216 3357
f 3216 3358 3357
f 3216 3217 3358
f 3217 3359 3358
f 3217 3218 3359
f 3218 3360 3359
f 3218 3219 3360
f 3219 3361 3360
f 3219 3220 3361
f 3220 3362 3361
f 3220 3221 3362
f 3221 3363 3362
f 3221 3222 3363
f 3222 3364 3363
f 3222 3223 3364
f 3223 3365 3364
f 3223 3224 3365
f 3224 3366 3365
f 3224 3225 3366
f 3225 3367 3366
f 3225 3226 3367
f 3226 3368 3367
f 3226 3227 3368
f 3227 3369 3368
f 3227 3228 3369
f 3228 3370 3369
f 3228 3229 3370
f 3229 3371 3370
f 3229 3230 3371
f 3230 3372 3371
f 3230 3231 3372
f 3231 3373 3372
f 3231 3232 3373
f 3232 3374 3373
f 3232 3233 3374
f 3233 3375 3374
f 3233 3234 3375
f 3234 3376 3375
f 3234 3235 3376
f 3235 3377 3376
f 3235 3236 3377
f 3236 3378 3377
f 3236 3237 3378
f 3237 3379 3378
f 3237 3238 3379
f 3238 3380 3379
f 3238 3239 3380
f 3239 3381 3380
f 3239 3240 3381
f 3240 3382 3381
f 3240 3241 3382
f 3241 3383 3382
f 3241 3242 3383
f 3242 3384 3383
f 3242 3243 3384
f 3243 3385 3384
f 3243 3244 3385
f 3244 3386 3385
f 3244 3245 3386
f 3245 3246 3386
f 3245 3105 3246
f 3246 3388 3387
f 3246 3247 3388
f 3247 3389 3388
f 3247 3248 3389
f 3248 3390 3389
f 3248 3249 3390
f 3249 3391 3390
f 3249 3250 3391
f 3250 3392 3391
f 3250 3251 3392
f 3251 3393 3392
f 3251 3252 3393
f 3252 3394 3393
f 3252 3253 3394
f 3253 3395 3394
f 3253 3254 3395
f 3254 3396 3395
f 3254 3255 3396
f 3255 3397 3396
f 3255 3256 3397
f 3256 3398 3397
f 3256 3257 3398
f 3257 3399 3398
f 3257 3258 3399
f 3258 3400 3399
f 3258 3259 3400
f 3259 3401 3400
f 3259 3260 3401
f 3260 3402 3401
f 3260 3261 3402
f 3261 3403 3402
f 3261 3262 3403
f 3262 3404 3403
f 3262 3263 3404
f 3263 3405 3404
f 3263 3264 3405
f 3264 3406 3405
f 3264 3265 3406
f 3265 3407 3406
f 3265 3266 3407
f 3266 3408 3407
f 3266 3267 3408
f 3267 3409 3408
f 3267 3268 3409
f 3268 3410 3409
f 3268 3269 3410
f 3269 3411 3410
f 3269 3270 3411
f 3270 3412 3411
f 3270 3271 3412
f 3271 3413 3412
f 3271 3272 3413
f 3272 3414 3413
f 3272 3273 3414
f 3273 3415 3414
f 3273 3274 3415
f 3274 3416 3415
f 3274 3275 3416
f 3275 3417 3416
f 3275 3276 3417
f 3276 3418 3417
f 3276 3277 3418
f 3277 3419 3418
f 3277 3278 3419
f 3278 3420 3419
f 3278 3279 3420
f 3279 3421 3420
f 3279 3280 3421
f 3280 3422 3421
f 3280 3281 3422
f 3281 3423 3422
f 3281 3282 3423
f 3282 3424 3423
f 3282 3283 3424
f 3283 3425 3424
f 3283 3284 3425
f 3284 3426 3425
f 3284 3285 3426
f 3285 3427 3426
f 3285 3286 3427
f 3286 3428 3427
f 3286 3287 3428
f 3287 3429 3428
f 3287 3288 3429
f 3288 3430 3429
f 3288 3289 3430
f 3289 3431 3430
f 3289 3290 3431
f 3290 3432 3431
f 3290 3291 3432
f 3291 3433 3432
f 3291 3292 3433
f 3292 3434 3433
f 3292 3293 3434
f 3293 3435 3434
f 3293 3294 3435
f 3294 3436 3435
f 3294 3295 3436
f 3295 3437 3436
f 3295 3296 3437
f 3296 3438 3437
f 3296 3297 3438
f 3297 3439 3438
f 3297 3298 3439
f 3298 3440 3439
f 3298 3299 3440
f 3299 3441 3440
f 3299 3300 3441
f 3300 3442 3441
f 3300 3301 3442
f 3301 3443 3442
f 3301 3302 3443
f 3302 3444 3443
f 3302 3303 3444
f 3303 3445 3444
f 3303 3304 3445
f 3304 3446 3445
f 3304 3305 3446
f 3305 3447 3446
f 3305 3306 3447
f 3306 3448 3447
f 3306 3307 3448
f 3307 3449 3448
f 3307 3308 3449
f 3308 3450 3449
f 3308 3309 3450
f 3309 3451 3450
f 3309 3310 3451
f 3310 3452 3451
f 3310 3311 3452
f 3311 3453 3452
f 3311 3312 3453
f 3312 3454 3453
f 3312 3313 3454
f 3313 3455 3454
f 3313 3314 3455
f 3314 3456 3455
f 3314 3315 3456
f 3315 3457 3456
f 3315 3316 3457
f 3316 3458 3457
f 3316 3317 3458
f 3317 3459 3458
f 3317 3318 3459
f 3318 3460 3459
f 3318 3319 3460
f 3319 3461 3460
f 3319 3320 3461
f 3320 3462 3461
f 3320 3321 3462
f 3321 3463 3462
f 3321 3322 3463
f 3322 3464 3463
f 3322 3323 3464
f 3323 3465 3464
f 3323 3324 3465
f 3324 3466 3465
f 3324 3325 3466
f 3325 3467 3466
f 3325 3326 3467
f 3326 3468 3467
f 3326 3327 3468
f 3327 3469 3468
f 3327 3328 3469
f 3328 3470 3469
f 3328 3329 3470
f 3329 3471 3470
f 3329 3330 3471
f 3330 3472 3471
f 3330 3331 3472
f 3331 3473 3472
f 3331 3332 3473
f 3332 3474 3473
f 3332 3333 3474
f 3333 3475 3474
f 3333 3334 3475
f 3334 3476 3475
f 3334 3335 3476
f 3335 3477 3476
f 3335 3336 3477
f 3336 3478 3477
f 3336 3337 3478
f 3337 3479 3478
f 3337 3338 3479
f 3338 3480 3479
f 3338 3339 3480
f 3339 3481 3480
f 3339 3340 3481
f 3340 3482 3481
f 3340 3341 3482
f 3341 3483 3482
f 3341 3342 3483
f 3342 3484 3483
f 3342 3343 3484
f 3343 3485 3484
f 3343 3344 3485
f 3344 3486 3485
f 3344 3345 3486
f 3345 3487 3486
f 3345 3346 3487
f 3346 3488 3487
f 3346 3347 3488
f 3347 3489 3488
f 3347 3348 3489
f 3348 3490 3489
f 3348 3349 3490
f 3349 3491 3490
f 3349 3350 3491
f 3350 3492 3491
f 3350 3351 3492
f 3351 3493 3492
f 3351 3352 3493
f 3352 3494 3493
f 3352 3353 3494
f 3353 3495 3494
f 3353 3354 3495
f 3354 3496 3495
f 3354 3355 3496
f 3355 3497 3496
f 3355 3356 3497
f 3356 3498 3497
f 3356 3357 3498
f 3357 3499 3498
f 3357 3358 3499
f 3358 3500 3499
f 3358 3359 3500
f 3359 3501 3500
f 3359 3360 3501
f 3360 3502 3501
f 3360 3361 3502
f 3361 3503 3502
f 3361 3362 3503
f 3362 3504 3503
f 3362 3363 3504
f 3363 3505 3504
f 3363 3364 3505
f 3364 3506 3505
f 3364 3365 3506
f 3365 3507 3506
f 3365 3366 3507
f 3366 3508 3507
f 3366 3367 3508
f 3367 3509 3508
f 3367 3368 3509
f 3368 3510 3509
f 3368 3369 3510
f 3369 3511 3510
f 3369 3370 3511
f 3370 3512 3511
f 3370 3371 3512
f 3371 3513 3512
f 3371 3372 3513
f 3372 3514 3513
f 3372 3373 3514
f 3373 3515 3514
f 3373 3374 3515
f 3374 3516 3515
f 3374 3375 3516
f 3375 3517 3516
f 3375 3376 3517
f 3376 3518 3517
f 3376 3377 3518
f 3377 3519 3518
f 3377 3378 3519
f 3378 3520 3519
f 3378 3379 3520
f 3379 3521 3520
f 3379 3380 3521
f 3380 3522 3521
f 3380 3381 3522
f 3381 3523 3522
f 3381 3382 3523
f 3382 3524 3523
f 3382 3383 3524
f 3383 3525 3524
f 3383 3384 3525
f 3384 3526 3525
f 3384 3385 3526
f 3385 3527 3526
f 3385 3386 3527
f 3386 3387 3527
f 3386 3246 3387
f 3387 3529 3528
f 3387 3388 3529
f 3388 3530 3529
f 3388 3389 3530
f 3389 3531 3530
f 3389 3390 3531
f 3390 3532 3531
f 3390 3391 3532
f 3391 3533 3532
f 3391 3392 3533
f 3392 3534 3533
f 3392 3393 3534
f 3393 3535 3534
f 3393 3394 3535
f 3394 3536 3535
f 3394 3395 3536
f 3395 3537 3536
f 3395 3396 3537
f 3396 3538 3537
f 3396 3397 3538
f 3397 3539 3538
f 3397 3398 3539
f 3398 3540 3539
f 3398 3399 3540
f 3399 3541 3540
f 3399 3400 3541
f 3400 3542 3541
f 3400 3401 3542
f 3401 3543 3542
f 3401 3402 3543
f 3402 3544 3543
f 3402 3403 3544
f 3403 3545 3544
f 3403 3404 3545
f 3404 3546 3545
f 3404 3405 3546
f 3405 3547 3546
f 3405 3406 3547
f 3406 3548 3547
f 3406 3407 3548
f 3407 3549 3548
f 3407 3408 3549
f 3408 3550 3549
f 3408 3409 3550
f 3409 3551 3550
f 3409 3410 3551
f 3410 3552 3551
f 3410 3411 3552
f 3411 3553 3552
f 3411 3412 3553
f 3412 3554 3553
f 3412 3413 3554
f 3413 3555 3554
f 3413 3414 3555
f 3414 3556 3555
f 3414 3415 3556
f 3415 3557 3556
f 3415 3416 3557
f 3416 3558 3557
f 3416 3417 3558
f 3417 3559 3558
f 3417 3418 3559
f 3418 3560 3559
f 3418 3419 3560
f 3419 3561 3560
f 3419 3420 3561
f 3420 3562 3561
f 3420 3421 3562
f 3421 3563 3562
f 3421 3422 3563
f 3422 3564 3563
f 3422 3423 3564
f 3423 3565 3564
f 3423 3424 3565
f 3424 3566 3565
f 3424 3425 3566
f 3425 3567 3566
f 3425 3426 3567
f 3426 3568 3567
f 3426 3427 3568
f 3427 3569 3568
f 3427 3428 3569
f 3428 3570 3569
f 3428 3429 3570
f 3429 3571 3570
f 3429 3430 3571
f 3430 3572 3571
f 3430 3431 3572
f 3431 3573 3572
f 3431 3432 3573
f 3432 3574 3573
f 3432 3433 3574
f 3433 3575 3574
f 3433 3434 3575
f 3434 3576 3575
f 3434 3435 3576
f 3435 3577 3576
f 3435 3436 3577
f 3436 3578 3577
f 3436 3437 3578
f 3437 3579 3578
f 3437 3438 3579
f 3438 3580 3579
f 3438 3439 3580
f 3439 3581 3580
f 3439 3440 3581
f 3440 3582 3581
f 3440 3441 3582
f 3441 3583 3582
f 3441 3442 3583
f 3442 3584 3583
f 3442 3443 3584
f 3443 3585 3584
f 3443 3444 3585
f 3444 3586 3585
f 3444 3445 3586
f 3445 3587 3586
f 3445 3446 3587
f 3446 3588 3587
f 3446 3447 3588
f 3447 3589 3588
f 3447 3448 3589
f 3448 3590 3589
f 3448 3449 3590
f 3449 3591 3590
f 3449 3450 3591
f 3450 3592 3591
f 3450 3451 3592
f 3451 3593 3592
f 3451 3452 3593
f 3452 3594 3593
f 3452 3453 3594
f 3453 3595 3594
f 3453 3454 3595
f 3454 3596 3595
f 3454 3455 3596
f 3455 3597 3596
f 3455 3456 3597
f 3456 3598 3597
f 3456 3457 3598
f 3457 3599 3598
f 3457 3458 3599
f 3458 3600 3599
f 3458 3459 3600
f 3459 3601 3600
f 3459 3460 3601
f 3460 3602 3601
f 3460 3461 3602
f 3461 3603 3602
f 3461 3462 3603
f 3462 3604 3603
f 3462 3463 3604
f 3463 3605 3604
f 3463 3464 3605
f 3464 3606 3605
f 3464 3465 3606
f 3465 3607 3606
f 3465 3466 3607
f 3466 3608 3607
f 3466 3467 3608
f 3467 3609 3608
f 3467 3468 3609
f 3468 3610 3609
f 3468 3469 3610
f 3469 3611 3610
f 3469 3470 3611
f 3470 3612 3611
f 3470 3471 3612
f 3471 3613 3612
f 3471 3472 3613
f 3472 3614 3613
f 3472 3473 3614
f 3473 3615 3614
f 3473 3474 3615
f 3474 3616 3615
f 3474 3475 3616
f 3475 3617 3616
f 3475 3476 3617
f 3476 3618 3617
f 3476 3477 3618
f 3477 3619 3618
f 3477 3478 3619
f 3478 3620 3619
f 3478 3479 3620
f 3479 3621 3620
f 3479 3480 3621
f 3480 3622 3621
f 3480 3481 3622
f 3481 3623 3622
f 3481 3482 3623
f 3482 3624 3623
f 3482 3483 3624
f 3483 3625 3624
f 3483 3484 3625
f 3484 3626 3625
f 3484 3485 3626
f 3485 3627 3626
f 3485 3486 3627
f 3486 3628 3627
f 3486 3487 3628
f 3487 3629 3628
f 3487 3488 3629
f 3488 3630 3629
f 3488 3489 3630
f 3489 3631 3630
f 3489 3490 3631
f 3490 3632 3631
f 3490 3491 3632
f 3491 3633 3632
f 3491 3492 3633
f 3492 3634 3633
f 3492 3493 3634
f 3493 3635 3634
f 3493 3494 3635
f 3494 3636 3635
f 3494 3495 3636
f 3495 3637 3636
f 3495 3496 3637
f 3496 3638 3637
f 3496 3497 3638
f 3497 3639 3638
f 3497 3498 3639
f 3498 3640 3639
f 3498 3499 3640
f 3499 3641 3640
f 3499 3500 3641
f 3500 3642 3641
f 3500 3501 3642
f 3501 3643 3642
f 3501 3502 3643
f 3502 3644 3643
f 3502 3503 3644
f 3503 3645 3644
f 3503 3504 3645
f 3504 3646 3645
f 3504 3505 3646
f 3505 3647 3646
f 3505 3506 3647
f 3506 3648 3647
f 3506 3507 3648
f 3507 3649 3648
f 3507 3508 3649
f 3508 3650 3649
f 3508 3509 3650
f 3509 3651 3650
f 3509 3510 3651
f 3510 3652 3651
f 3510 3511 3652
f 3511 3653 3652
f 3511 3512 3653
f 3512 3654 3653
f 3512 3513 3654
f 3513 3655 3654
f 3513 3514 3655
f 3514 3656 3655
f 3514 3515 3656
f 3515 3657 3656
f 3515 3516 3657
f 3516 3658 3657
f 3516 3517 3658
f 3517 3659 3658
f 3517 3518 3659
f 3518 3660 3659
f 3518 3519 3660
f 3519 3661 3660
f 3519 3520 3661
f 3520 3662 3661
f 3520 3521 3662
f 3521 3663 3662
f 3521 3522 3663
f 3522 3664 3663
f 3522 3523 3664
f 3523 3665 3664
f 3523 3524 3665
f 3524 3666 3665
f 3524 3525 3666
f 3525 3667 3666
f 3525 3526 3667
f 3526 3668 3667
f 3526 3527 3668
f 3527 3528 3668
f 3527 3387 3528
f 3528 3670 3669
f 3528 3529 3670
f 3529 3671 3670
f 3529 3530 3671
f 3530 3672 3671
f 3530 3531 3672
f 3531 3673 3672
f 3531 3532 3673
f 3532 3674 3673
f 3532 3533 3674
f 3533 3675 3674
f 3533 3534 3675
f 3534 3676 3675
f 3534 3535 3676
f 3535 3677 3676
f 3535 3536 3677
f 3536 3678 3677
f 3536 3537 3678
f 3537 3679 3678
f 3537 3538 3679
f 3538 3680 3679
f 3538 3539 3680
f 3539 3681 3680
f 3539 3540 3681
f 3540 3682 3681
f 3540 3541 3682
f 3541 3683 3682
f 3541 3542 3683
f 3542 3684 3683
f 3542 3543 3684
f 3543 3685 3684
f 3543 3544 3685
f 3544 3686 3685
f 3544 3545 3686
f 3545 3687 3686
f 3545 3546 3687
f 3546 3688 3687
f 3546 3547 3688
f 3547 3689 3688
f 3547 3548 3689
f 3548 3690 3689
f 3548 3549 3690
f 3549 3691 3690
f 3549 3550 3691
f 3550 3692 3691
f 3550 3551 3692
f 3551 3693 3692
f 3551 3552 3693
f 3552 3694 3693
f 3552 3553 3694
f 3553 3695 3694
f 3553 3554 3695
f 3554 3696 3695
f 3554 3555 3696
f 3555 3697 3696
f 3555 3556 3697
f 3556 3698 3697
f 3556 3557 3698
f 3557 3699 3698
f 3557 3558 3699
f 3558 3700 3699
f 3558 3559 3700
f 3559 3701 3700
f 3559 3560 3701
f 3560 3702 3701
f 3560 3561 3702
f 3561 3703 3702
f 3561 3562 3703
f 3562 3704 3703
f 3562 3563 3704
f 3563 3705 3704
f 3563 3564 3705
f 3564 3706 3705
f 3564 3565 3706
f 3565 3707 3706
f 3565 3566 3707
f 3566 3708 3707
f 3566 3567 3708
f 3567 3709 3708
f 3567 3568 3709
f 3568 3710 3709
f 3568 3569 3710
f 3569 3711 3710
f 3569 3570 3711
f 3570 3712 3711
f 3570 3571 3712
f 3571 3713 3712
f 3571 3572 3713
f 3572 3714 3713
f 3572 3573 3714
f 3573 3715 3714
f 3573 3574 3715
f 3574 3716 3715
f 3574 3575 3716
f 3575 3717 3716
f 3575 3576 3717
f 3576 3718 3717
f 3576 3577 3718
f 3577 3719 3718
f 3577 3578 3719
f 3578 3720 3719
f 3578 3579 3720
f 3579 3721 3720
f 3579 3580 3721
f 3580 3722 3721
f 3580 3581 3722
f 3581 3723 3722
f 3581 3582 3723
f 3582 3724 3723
f 3582 3583 3724
f 3583 3725 3724
f 3583 3584 3725
f 3584 3726 3725
f 3584 3585 3726
f 3585 3727 3726
f 3585 3586 3727
f 3586 3728 3727
f 3586 3587 3728
f 3587 3729 3728
f 3587 3588 3729
f 3588 3730 3729
f 3588 3589 3730
f 3589 3731 3730
f 3589 3590 3731
f 3590 3732 3731
f 3590 3591 3732
f 3591 3733 3732
f 3591 3592 3733
f 3592 3734 3733
f 3592 3593 3734
f 3593 3735 3734
f 3593 3594 3735
f 3594 3736 3735
f 3594 3595 3736
f 3595 3737 3736
f 3595 3596 3737
f 3596 3738 3737
f 3596 3597 3738
f 3597 3739 3738
f 3597 3598 3739
f 3598 3740 3739
f 3598 3599 3740
f 3599 3741 3740
f 3599 3600 3741
f 3600 3742 3741
f 3600 3601 3742
f 3601 3743 3742
f 3601 3602 3743
f 3602 3744 3743
f 3602 3603 3744
f 3603 3745 3744
f 3603 3604 3745
f 3604 3746 3745
f 3604 3605 3746
f 3605 3747 3746
f 3605 3606 3747
f 3606 3748 3747
f 3606 3607 3748
f 3607 3749 3748
f 3607 3608 3749
f 3608 3750 3749
f 3608 3609 3750
f 3609 3751 3750
f 3609 3610 3751
f 3610 3752 3751
f 3610 3611 3752
f 3611 3753 3752
f 3611 3612 3753
f 3612 3754 3753
f 3612 3613 3754
f 3613 3755 3754
f 3613 3614 3755
f 3614 3756 3755
f 3614 3615 3756
f 3615 3757 3756
f 3615 3616 3757
f 3616 3758 3757
f 3616 3617 3758
f 3617 3759 3758
f 3617 3618 3759
f 3618 3760 3759
f 3618 3619 3760
f 3619 3761 3760
f 3619 3620 3761
f 3620 3762 3761
f 3620 3621 3762
f 3621 3763 3762
f 3621 3622 3763
f 3622 3764 3763
f 3622 3623 3764
f 3623 3765 3764
f 3623 3624 3765
f 3624 3766 3765
f 3624 3625 3766
f 3625 3767 3766
f 3625 3626 3767
f 3626 3768 3767
f 3626 3627 3768
f 3627 3769 3768
f 3627 3628 3769
f 3628 3770 3769
f 3628 3629 3770
f 3629 3771 3770
f 3629 3630 3771
f 3630 3772 3771
f 3630 3631 3772
f 3631 3773 3772
f 3631 3632 3773
f 3632 3774 3773
f 3632 3633 3774
f 3633 3775 3774
f 3633 3634 3775
f 3634 3776 3775
f 3634 3635 3776
f 3635 3777 3776
f 3635 3636 3777
f 3636 3778 3777
f 3636 3637 3778
f 3637 3779 3778
f 3637 3638 3779
f 3638 3780 3779
f 3638 3639 3780
f 3639 3781 3780
f 3639 3640 3781
f 3640 3782 3781
f 3640 3641 3782
f 3641 3783 3782
f 3641 3642 3783
f 3642 3784 3783
f 3642 3643 3784
f 3643 3785 3784
f 3643 3644 3785
f 3644 3786 3785
f 3644 3645 3786
f 3645 3787 3786
f 3645 3646 3787
f 3646 3788 3787
f 3646 3647 3788
f 3647 3789 3788
f 3647 3648 3789
f 3648 3790 3789
f 3648 3649 3790
f 3649 3791 3790
f 3649 3650 3791
f 3650 3792 3791
f 3650 3651 3792
f 3651 3793 3792
f 3651 3652 3793
f 3652 3794 3793
f 3652 3653 3794
f 3653 3795 3794
f 3653 3654 3795
f 3654 3796 3795
f 3654 3655 3796
f 3655 3797 3796
f 3655 3656 3797
f 3656 3798 3797
f 3656 3657 3798
f 3657 3799 3798
f 3657 3658 3799
f 3658 3800 3799
f 3658 3659 3800
f 3659 3801 3800
f 3659 3660 3801
f 3660 3802 3801
f 3660 3661 3802
f 3661 3803 3802
f 3661 3662 3803
f 3662 3804 3803
f 3662 3663 3804
f 3663 3805 3804
f 3663 3664 3805
f 3664 3806 3805
f 3664 3665 3806
f 3665 3807 3806
f 3665 3666 3807
f 3666 3808 3807
f 3666 3667 3808
f 3667 3809 3808
f 3667 3668 3809
f 3668 3669 3809
f 3668 3528 3669
f 3669 3811 3810
f 3669 3670 3811
f 3670 3812 3811
f 3670 3671 3812
f 3671 3813 3812
f 3671 3672 3813
f 3672 3814 3813
f 3672 3673 3814
f 3673 3815 3814
f 3673 3674 3815
f 3674 3816 3815
f 3674 3675 3816
f 3675 3817 3816
f 3675 3676 3817
f 3676 3818 3817
f 3676 3677 3818
f 3677 3819 3818
f 3677 3678 3819
f 3678 3820 3819
f 3678 3679 3820
f 3679 3821 3820
f 3679 3680 3821
f 3680 3822 3821
f 3680 3681 3822
f 3681 3823 3822
f 3681 3682 3823
f 3682 3824 3823
f 3682 3683 3824
f 3683 3825 3824
f 3683 3684 3825
f 3684 3826 3825
f 3684 3685 3826
f 3685 3827 3826
f 3685 3686 3827
f 3686 3828 3827
f 3686 3687 3828
f 3687 3829 3828
f 3687 3688 3829
f 3688 3830 3829
f 3688 3689 3830
f 3689 3831 3830
f 3689 3690 3831
f 3690 3832 3831
f 3690 3691 3832
f 3691 3833 3832
f 3691 3692 3833
f 3692 3834 3833
f 3692 3693 3834
f 3693 3835 3834
f 3693 3694 3835
f 3694 3836 3835
f 3694 3695 3836
f 3695 3837 3836
f 3695 3696 3837
f 3696 3838 3837
f 3696 3697 3838
f 3697 3839 3838
f 3697 3698 3839
f 3698 3840 3839
f 3698 3699 3840
f 3699 3841 3840
f 3699 3700 3841
f 3700 3842 3841
f 3700 3701 3842
f 3701 3843 3842
f 3701 3702 3843
f 3702 3844 3843
f 3702 3703 3844
f 3703 3845 3844
f 3703 3704 3845
f 3704 3846 3845
f 3704 3705 3846
f 3705 3847 3846
f 3705 3706 3847
f 3706 3848 3847
f 3706 3707 3848
f 3707 3849 3848
f 3707 3708 3849
f 3708 3850 3849
f 3708 3709 3850
f 3709 3851 3850
f 3709 3710 3851
f 3710 3852 3851
f 3710 3711 3852
f 3711 3853 3852
f 3711 3712 3853
f 3712 3854 3853
f 3712 3713 3854
f 3713 3855 3854
f 3713 3714 3855
f 3714 3856 3855
f 3714 3715 3856
f 3715 3857 3856
f 3715 3716 3857
f 3716 3858 3857
f 3716 3717 3858
f 3717 3859 3858
f 3717 3718 3859
f 3718 3860 3859
f 3718 3719 3860
f 3719 3861 3860
f 3719 3720 3861
f 3720 3862 3861
f 3720 3721 3862
f 3721 3863 3862
f 3721 3722 3863
f 3722 3864 3863
f 3722 3723 3864
f 3723 3865 3864
f 3723 3724 3865
f 3724 3866 3865
f 3724 3725 3866
f 3725 3867 3866
f 3725 3726 3867
f 3726 3868 3867
f 3726 3727 3868
f 3727 3869 3868
f 3727 3728 3869
f 3728 3870 3869
f 3728 3729 3870
f 3729 3871 3870
f 3729 3730 3871
f 3730 3872 3871
f 3730 3731 3872
f 3731 3873 3872
f 3731 3732 3873
f 3732 3874 3873
f 3732 3733 3874
f 3733 3875 3874
f 3733 3734 3875
f 3734 3876 3875
f 3734 3735 3876
f 3735 3877 3876
f 3735 3736 3877
f 3736 3878 3877
f 3736 3737 3878
f 3737 3879 3878
f 3737 3738 3879
f 3738 3880 3879
f 3738 3739 3880
f 3739 3881 3880
f 3739 3740 3881
f 3740 3882 3881
f 3740 3741 3882
f 3741 3883 3882
f 3741 3742 3883
f 3742 3884 3883
f 3742 3743 3884
f 3743 3885 3884
f 3743 3744 3885
f 3744 3886 3885
f 3744 3745 3886
f 3745 3887 3886
f 3745 3746 3887
f 3746 3888 3887
f 3746 3747 3888
f 3747 3889 3888
f 3747 3748 3889
f 3748 3890 3889
f 3748 3749 3890
f 3749 3891 3890
f 3749 3750 3891
f 3750 3892 3891
f 3750 3751 3892
f 3751 3893 3892
f 3751 3752 3893
f 3752 3894 3893
f 3752 3753 3894
f 3753 3895 3894
f 3753 3754 3895
f 3754 3896 3895
f 3754 3755 3896
f 3755 3897 3896
f 3755 3756 3897
f 3756 3898 3897
f 3756 3757 3898
f 3757 3899 3898
f 3757 3758 3899
f 3758 3900 3899
f 3758 3759 3900
f 3759 3901 3900
f 3759 3760 3901
f 3760 3902 3901
f 3760 3761 3902
f 3761 3903 3902
f 3761 3762 3903
f 3762 3904 3903
f 3762 3763 3904
f 3763 3905 3904
f 3763 3764 3905
f 3764 3906 3905
f 3764 3765 3906
f 3765 3907 3906
f 3765 3766 3907
f 3766 3908 3907
f 3766 3767 3908
f 3767 3909 3908
f 3767 3768 3909
f 3768 3910 3909
f 3768 3769 3910
f 3769 3911 3910
f 3769 3770 3911
f 3770 3912 3911
f 3770 3771 3912
f 3771 3913 3912
f 3771 3772 3913
f 3772 3914 3913
f 3772 3773 3914
f 3773 3915 3914
f 3773 3774 3915
f 3774 3916 3915
f 3774 3775 3916
f 3775 3917 3916
f 3775 3776 3917
f 3776 3918 3917
f 3776 3777 3918
f 3777 3919 3918
f 3777 3778 3919
f 3778 3920 3919
f 3778 3779 3920
f 3779 3921 3920
f 3779 3780 3921
f 3780 3922 3921
f 3780 3781 3922
f 3781 3923 3922
f 3781 3782 3923
f 3782 3924 3923
f 3782 3783 3924
f 3783 3925 3924
f 3783 3784 3925
f 3784 3926 3925
f 3784 3785 3926
f 3785 3927 3926
f 3785 3786 3927
f 3786 3928 3927
f 3786 3787 3928
f 3787 3929 3928
f 3787 3788 3929
f 3788 3930 3929
f 3788 3789 3930
f 3789 3931 3930
f 3789 3790 3931
f 3790 3932 3931
f 3790 3791 3932
f 3791 3933 3932
f 3791 3792 3933
f 3792 3934 3933
f 3792 3793 3934
f 3793 3935 3934
f 3793 3794 3935
f 3794 3936 3935
f 3794 3795 3936
f 3795 3937 3936
f 3795 3796 3937
f 3796 3938 3937
f 3796 3797 3938
f 3797 3939 3938
f 3797 3798 3939
f 3798 3940 3939
f 3798 3799 3940
f 3799 3941 3940
f 3799 3800 3941
f 3800 3942 3941
f 3800 3801 3942
f 3801 3943 3942
f 3801 3802 3943
f 3802 3944 3943
f 3802 3803 3944
f 3803 3945 3944
f 3803 3804 3945
f 3804 3946 3945
f 3804 3805 3946
f 3805 3947 3946
f 3805 3806 3947
f 3806 3948 3947
f 3806 3807 3948
f 3807 3949 3948
f 3807 3808 3949
f 3808 3950 3949
f 3808 3809 3950
f 3809 3810 3950
f 3809 3669 3810
f 3810 3952 3951
f 3810 3811 3952
f 3811 3953 3952
f 3811 3812 3953
f 3812 3954 3953
f 3812 3813 3954
f 3813 3955 3954
f 3813 3814 3955
f 3814 3956 3955
f 3814 3815 3956
f 3815 3957 3956
f 3815 3816 3957
f 3816 3958 3957
f 3816 3817 3958
f 3817 3959 3958
f 3817 3818 3959
f 3818 3960 3959
f 3818 3819 3960
f 3819 3961 3960
f 3819 3820 3961
f 3820 3962 3961
f 3820 3821 3962
f 3821 3963 3962
f 3821 3822 3963
f 3822 3964 3963
f 3822 3823 3964
f 3823 3965 3964
f 3823 3824 3965
f 3824 3966 3965
f 3824 3825 3966
f 3825 3967 3966
f 3825 3826 3967
f 3826 3968 3967
f 3826 3827 3968
f 3827 3969 3968
f 3827 3828 3969
f 3828 3970 3969
f 3828 3829 3970
f 3829 3971 3970
f 3829 3830 3971
f 3830 3972 3971
f 3830 3831 3972
f 3831 3973 3972
f 3831 3832 3973
f 3832 3974 3973
f 3832 3833 3974
f 3833 3975 3974
f 3833 3834 3975
f 3834 3976 3975
f 3834 3835 3976
f 3835 3977 3976
f 3835 3836 3977
f 3836 3978 3977
f 3836 3837 3978
f 3837 3979 3978
f 3837 3838 3979
f 3838 3980 3979
f 3838 3839 3980
f 3839 3981 3980
f 3839 3840 3981
f 3840 3982 3981
f 3840 3841 3982
f 3841 3983 3982
f 3841 3842 3983
f 3842 3984 3983
f 3842 3843 3984
f 3843 3985 3984
f 3843 3844 3985
f 3844 3986 3985
f 3844 3845 3986
f 3845 3987 3986
f 3845 3846 3987
f 3846 3988 3987
f 3846 3847 3988
f 3847 3989 3988
f 3847 3848 3989
f 3848 3990 3989
f 3848 3849 3990
f 3849 3991 3990
f 3849 3850 3991
f 3850 3992 3991
f 3850 3851 3992
f 3851 3993 3992
f 3851 3852 3993
f 3852 3994 3993
f 3852 3853 3994
f 3853 3995 3994
f 3853 3854 3995
f 3854 3996 3995
f 3854 3855 3996
f 3855 3997 3996
f 3855 3856 3997
f 3856 3998 3997
f 3856 3857 3998
f 3857 3999 3998
f 3857 3858 3999
f 3858 4000 3999
f 3858 3859 4000
f 3859 4001 4000
f 3859 3860 4001
f 3860 4002 4001
f 3860 3861 4002
f 3861 4003 4002
f 3861 3862 4003
f 3862 4004 4003
f 3862 3863 4004
f 3863 4005 4004
f 3863 3864 4005
f 3864 4006 4005
f 3864 3865 4006
f 3865 4007 4006
f 3865 3866 4007
f 3866 4008 4007
f 3866 3867 4008
f 3867 4009 4008
f 3867 3868 4009
f 3868 4010 4009
f 3868 3869 4010
f 3869 4011 4010
f 3869 3870 4011
f 3870 4012 4011
f 3870 3871 4012
f 3871 4013 4012
f 3871 3872 4013
f 3872 4014 4013
f 3872 3873 4014
f 3873 4015 4014
f 3873 3874 4015
f 3874 4016 4015
f 3874 3875 4016
f 3875 4017 4016
f 3875 3876 4017
f 3876 4018 4017
f 3876 3877 4018
f 3877 4019 4018
f 3877 3878 4019
f 3878 4020 4019
f 3878 3879 4020
f 3879 4021 4020
f 3879 3880 4021
f 3880 4022 4021
f 3880 3881 4022
f 3881 4023 4022
f 3881 3882 4023
f 3882 4024 4023
f 3882 3883 4024
f 3883 4025 4024
f 3883 3884 4025
f 3884 4026 4025
f 3884 3885 4026
f 3885 4027 4026
f 3885 3886 4027
f 3886 4028 4027
f 3886 3887 4028
f 3887 4029 4028
f 3887 3888 4029
f 3888 4030 4029
f 3888 3889 4030
f 3889 4031 4030
f 3889 3890 4031
f 3890 4032 4031
f 3890 3891 4032
f 3891 4033 4032
f 3891 3892 4033
f 3892 4034 4033
f 3892 3893 4034
f 3893 4035 4034
f 3893 3894 4035
f 3894 4036 4035
f 3894 3895 4036
f 3895 4037 4036
f 3895 3896 4037
f 3896 4038 4037
f 3896 3897 4038
f 3897 4039 4038
f 3897 3898 4039
f 3898 4040 4039
f 3898 3899 4040
f 3899 4041 4040
f 3899 3900 4041
f 3900 4042 4041
f 3900 3901 4042
f 3901 4043 4042
f 3901 3902 4043
f 3902 4044 4043
f 3902 3903 4044
f 3903 4045 4044
f 3903 3904 4045
f 3904 4046 4045
f 3904 3905 4046
f 3905 4047 4046
f 3905 3906 4047
f 3906 4048 4047
f 3906 3907 4048
f 3907 4049 4048
f 3907 3908 4049
f 3908 4050 4049
f 3908 3909 4050
f 3909 4051 4050
f 3909 3910 4051
f 3910 4052 4051
f 3910 3911 4052
f 3911 4053 4052
f 3911 3912 4053
f 3912 4054 4053
f 3912 3913 4054
f 3913 4055 4054
f 3913 3914 4055
f 3914 4056 4055
f 3914 3915 4056
f 3915 4057 4056
f 3915 3916 4057
f 3916 4058 4057
f 3916 3917 4058
f 3917 4059 4058
f 3917 3918 4059
f 3918 4060 4059
f 3918 3919 4060
f 3919 4061 4060
f 3919 3920 4061
f 3920 4062 4061
f 3920 3921 4062
f 3921 4063 4062
f 3921 3922 4063
f 3922 4064 4063
f 3922 3923 4064
f 3923 4065 4064
f 3923 3924 4065
f 3924 4066 4065
f 3924 3925 4066
f 3925 4067 4066
f 3925 3926 4067
f 3926 4068 4067
f 3926 3927 4068
f 3927 4069 4068
f 3927 3928 4069
f 3928 4070 4069
f 3928 3929 4070
f 3929 4071 4070
f 3929 3930 4071
f 3930 4072 4071
f 3930 3931 4072
f 3931 4073 4072
f 3931 3932 4073
f 3932 4074 4073
f 3932 3933 4074
f 3933 4075 4074
f 3933 3934 4075
f 3934 4076 4075
f 3934 3935 4076
f 3935 4077 4076
f 3935 3936 4077
f 3936 4078 4077
f 3936 3937 4078
f 3937 4079 4078
f 3937 3938 4079
f 3938 4080 4079
f 3938 3939 4080
f 3939 4081 4080
f 3939 3940 4081
f 3940 4082 4081
f 3940 3941 4082
f 3941 4083 4082
f 3941 3942 4083
f 3942 4084 4083
f 3942 3943 4084
f 3943 4085 4084
f 3943 3944 4085
f 3944 4086 4085
f 3944 3945 4086
f 3945 4087 4086
f 3945 3946 4087
f 3946 4088 4087
f 3946 3947 4088
f 3947 4089 4088
f 3947 3948 4089
f 3948 4090 4089
f 3948 3949 4090
f 3949 4091 4090
f 3949 3950 4091
f 3950 3951 4091
f 3950 3810 3951
f 3951 4093 4092
f 3951 3952 4093
f 3952 4094 4093
f 3952 3953 4094
f 3953 4095 4094
f 3953 3954 4095
f 3954 4096 4095
f 3954 3955 4096
f 3955 4097 4096
f 3955 3956 4097
f 3956 4098 4097
f 3956 3957 4098
f 3957 4099 4098
f 3957 3958 4099
f 3958 4100 4099
f 3958 3959 4100
f 3959 4101 4100
f 3959 3960 4101
f 3960 4102 4101
f 3960 3961 4102
f 3961 4103 4102
f 3961 3962 4103
f 3962 4104 4103
f 3962 3963 4104
f 3963 4105 4104
f 3963 3964 4105
f 3964 4106 4105
f 3964 3965 4106
f 3965 4107 4106
f 3965 3966 4107
f 3966 4108 4107
f 3966 3967 4108
f 3967 4109 4108
f 3967 3968 4109
f 3968 4110 4109
f 3968 3969 4110
f 3969 4111 4110
f 3969 3970 4111
f 3970 4112 4111
f 3970 3971 4112
f 3971 4113 4112
f 3971 3972 4113
f 3972 4114 4113
f 3972 3973 4114
f 3973 4115 4114
f 3973 3974 4115
f 3974 4116 4115
f 3974 3975 4116
f 3975 4117 4116
f 3975 3976 4117
f 3976 4118 4117
f 3976 3977 4118
f 3977 4119 4118
f 3977 3978 4119
f 3978 4120 4119
f 3978 3979 4120
f 3979 4121 4120
f 3979 3980 4121
f 3980 4122 4121
f 3980 3981 4122
f 3981 4123 4122
f 3981 3982 4123
f 3982 4124 4123
f 3982 3983 4124
f 3983 4125 4124
f 3983 3984 4125
f 3984 4126 4125
f 3984 3985 4126
f 3985 4127 4126
f 3985 3986 4127
f 3986 4128 4127
f 3986 3987 4128
f 3987 4129 4128
f 3987 3988 4129
f 3988 4130 4129
f 3988 3989 4130
f 3989 4131 4130
f 3989 3990 4131
f 3990 4132 4131
f 3990 3991 4132
f 3991 4133 4132
f 3991 3992 4133
f 3992 4134 4133
f 3992 3993 4134
f 3993 4135 4134
f 3993 3994 4135
f 3994 4136 4135
f 3994 3995 4136
f 3995 4137 4136
f 3995 3996 4137
f 3996 4138 4137
f 3996 3997 4138
f 3997 4139 4138
f 3997 3998 4139
f 3998 4140 4139
f 3998 3999 4140
f 3999 4141 4140
f 3999 4000 4141
f 4000 4142 4141
f 4000 4001 4142
f 4001 4143 4142
f 4001 4002 4143
f 4002 4144 4143
f 4002 4003 4144
f 4003 4145 4144
f 4003 4004 4145
f 4004 4146 4145
f 4004 4005 4146
f 4005 4147 4146
f 4005 4006 4147
f 4006 4148 4147
f 4006 4007 4148
f 4007 4149 4148
f 4007 4008 4149
f 4008 4150 4149
f 4008 4009 4150
f 4009 4151 4150
f 4009 4010 4151
f 4010 4152 4151
f 4010 4011 4152
f 4011 4153 4152
f 4011 4012 4153
f 4012 4154 4153
f 4012 4013 4154
f 4013 4155 4154
f 4013 4014 4155
f 4014 4156 4155
f 4014 4015 4156
f 4015 4157 4156
f 4015 4016 4157
f 4016 4158 4157
f 4016 4017 4158
f 4017 4159 4158
f 4017 4018 4159
f 4018 4160 4159
f 4018 4019 4160
f 4019 4161 4160
f 4019 4020 4161
f 4020 4162 4161
f 4020 4021 4162
f 4021 4163 4162
f 4021 4022 4163
f 4022 4164 4163
f 4022 4023 4164
f 4023 4165 4164
f 4023 4024 4165
f 4024 4166 4165
f 4024 4025 4166
f 4025 4167 4166
f 4025 4026 4167
f 4026 4168 4167
f 4026 4027 4168
f 4027 4169 4168
f 4027 4028 4169
f 4028 4170 4169
f 4028 4029 4170
f 4029 4171 4170
f 4029 4030 4171
f 4030 4172 4171
f 4030 4031 4172
f 4031 4173 4172
f 4031 4032 4173
f 4032 4174 4173
f 4032 4033 4174
f 4033 4175 4174
f 4033 4034 4175
f 4034 4176 4175
f 4034 4035 4176
f 4035 4177 4176
f 4035 4036 4177
f 4036 4178 4177
f 4036 4037 4178
f 4037 4179 4178
f 4037 4038 4179
f 4038 4180 4179
f 4038 4039 4180
f 4039 4181 4180
f 4039 4040 4181
f 4040 4182 4181
f 4040 4041 4182
f 4041 4183 4182
f 4041 4042 4183
f 4042 4184 4183
f 4042 4043 4184
f 4043 4185 4184
f 4043 4044 4185
f 4044 4186 4185
f 4044 4045 4186
f 4045 4187 4186
f 4045 4046 4187
f 4046 4188 4187
f 4046 4047 4188
f 4047 4189 4188
f 4047 4048 4189
f 4048 4190 4189
f 4048 4049 4190
f 4049 4191 4190
f 4049 4050 4191
f 4050 4192 4191
f 4050 4051 4192
f 4051 4193 4192
f 4051 4052 4193
f 4052 4194 4193
f 4052 4053 4194
f 4053 4195 4194
f 4053 4054 4195
f 4054 4196 4195
f 4054 4055 4196
f 4055 4197 4196
f 4055 4056 4197
f 4056 4198 4197
f 4056 4057 4198
f 4057 4199 4198
f 4057 4058 4199
f 4058 4200 4199
f 4058 4059 4200
f 4059 4201 4200
f 4059 4060 4201
f 4060 4202 4201
f 4060 4061 4202
f 4061 4203 4202
f 4061 4062 4203
f 4062 4204 4203
f 4062 4063 4204
f 4063 4205 4204
f 4063 4064 4205
f 4064 4206 4205
f 4064 4065 4206
f 4065 4207 4206
f 4065 4066 4207
f 4066 4208 4207
f 4066 4067 4208
f 4067 4209 4208
f 4067 4068 4209
f 4068 4210 4209
f 4068 4069 4210
f 4069 4211 4210
f 4069 4070 4211
f 4070 4212 4211
f 4070 4071 4212
f 4071 4213 4212
f 4071 4072 4213
f 4072 4214 4213
f 4072 4073 4214
f 4073 4215 4214
f 4073 4074 4215
f 4074 4216 4215
f 4074 4075 4216
f 4075 4217 4216
f 4075 4076 4217
f 4076 4218 4217
f 4076 4077 4218
f 4077 4219 4218
f 4077 4078 4219
f 4078 4220 4219
f 4078 4079 4220
f 4079 4221 4220
f 4079 4080 4221
f 4080 4222 4221
f 4080 4081 4222
f 4081 4223 4222
f 4081 4082 4223
f 4082 4224 4223
f 4082 4083 4224
f 4083 4225 4224
f 4083 4084 4225
f 4084 4226 4225
f 4084 4085 4226
f 4085 4227 4226
f 4085 4086 4227
f 4086 4228 4227
f 4086 4087 4228
f 4087 4229 4228
f 4087 4088 4229
f 4088 4230 4229
f 4088 4089 4230
f 4089 4231 4230
f 4089 4090 4231
f 4090 4232 4231
f 4090 4091 4232
f 4091 4092 4232
f 4091 3951 4092
f 4092 4234 4233
f 4092 4093 4234
f 4093 4235 4234
f 4093 4094 4235
f 4094 4236 4235
f 4094 4095 4236
f 4095 4237 4236
f 4095 4096 4237
f 4096 4238 4237
f 4096 4097 4238
f 4097 4239 4238
f 4097 4098 4239
f 4098 4240 4239
f 4098 4099 4240
f 4099 4241 4240
f 4099 4100 4241
f 4100 4242 4241
f 4100 4101 4242
f 4101 4243 4242
f 4101 4102 4243
f 4102 4244 4243
f 4102 4103 4244
f 4103 4245 4244
f 4103 4104 4245
f 4104 4246 4245
f 4104 4105 4246
f 4105 4247 4246
f 4105 4106 4247
f 4106 4248 4247
f 4106 4107 4248
f 4107 4249 4248
f 4107 4108 4249
f 4108 4250 4249
f 4108 4109 4250
f 4109 4251 4250
f 4109 4110 4251
f 4110 4252 4251
f 4110 4111 4252
f 4111 4253 4252
f 4111 4112 4253
f 4112 4254 4253
f 4112 4113 4254
f 4113 4255 4254
f 4113 4114 4255
f 4114 4256 4255
f 4114 4115 4256
f 4115 4257 4256
f 4115 4116 4257
f 4116 4258 4257
f 4116 4117 4258
f 4117 4259 4258
f 4117 4118 4259
f 4118 4260 4259
f 4118 4119 4260
f 4119 4261 4260
f 4119 4120 4261
f 4120 4262 4261
f 4120 4121 4262
f 4121 4263 4262
f 4121 4122 4263
f 4122 4264 4263
f 4122 4123 4264
f 4123 4265 4264
f 4123 4124 4265
f 4124 4266 4265
f 4124 4125 4266
f 4125 4267 4266
f 4125 4126 4267
f 4126 4268 4267
f 4126 4127 4268
f 4127 4269 4268
f 4127 4128 4269
f 4128 4270 4269
f 4128 4129 4270
f 4129 4271 4270
f 4129 4130 4271
f 4130 4272 4271
f 4130 4131 4272
f 4131 4273 4272
f 4131 4132 4273
f 4132 4274 4273
f 4132 4133 4274
f 4133 4275 4274
f 4133 4134 4275
f 4134 4276 4275
f 4134 4135 4276
f 4135 4277 4276
f 4135 4136 4277
f 4136 4278 4277
f 4136 4137 4278
f 4137 4279 4278
f 4137 4138 4279
f 4138 4280 4279
f 4138 4139 4280
f 4139 4281 4280
f 4139 4140 4281
f 4140 4282 4281
f 4140 4141 4282
f 4141 4283 4282
f 4141 4142 4283
f 4142 4284 4283
f 4142 4143 4284
f 4143 4285 4284
f 4143 4144 4285
f 4144 4286 4285
f 4144 4145 4286
f 4145 4287 4286
f 4145 4146 4287
f 4146 4288 4287
f 4146 4147 4288
f 4147 4289 4288
f 4147 4148 4289
f 4148 4290 4289
f 4148 4149 4290
f 4149 4291 4290
f 4149 4150 4291
f 4150 4292 4291
f 4150 4151 4292
f 4151 4293 4292
f 4151 4152 4293
f 4152 4294 4293
f 4152 4153 4294
f 4153 4295 4294
f 4153 4154 4295
f 4154 4296 4295
f 4154 4155 4296
f 4155 4297 4296
f 4155 4156 4297
f 4156 4298 4297
f 4156 4157 4298
f 4157 4299 4298
f 4157 4158 4299
f 4158 4300 4299
f 4158 4159 4300
f 4159 4301 4300
f 4159 4160 4301
f 4160 4302 4301
f 4160 4161 4302
f 4161 4303 4302
f 4161 4162 4303
f 4162 4304 4303
f 4162 4163 4304
f 4163 4305 4304
f 4163 4164 4305
f 4164 4306 4305
f 4164 4165 4306
f 4165 4307 4306
f 4165 4166 4307
f 4166 4308 4307
f 4166 4167 4308
f 4167 4309 4308
f 4167 4168 4309
f 4168 4310 4309
f 4168 4169 4310
f 4169 4311 4310
f 4169 4170 4311
f 4170 4312 4311
f 4170 4171 4312
f 4171 4313 4312
f 4171 4172 4313
f 4172 4314 4313
f 4172 4173 4314
f 4173 4315 4314
f 4173 4174 4315
f 4174 4316 4315
f 4174 4175 4316
f 4175 4317 4316
f 4175 4176 4317
f 4176 4318 4317
f 4176 4177 4318
f 4177 4319 4318
f 4177 4178 4319
f 4178 4320 4319
f 4178 4179 4320
f 4179 4321 4320
f 4179 4180 4321
f 4180 4322 4321
f 4180 4181 4322
f 4181 4323 4322
f 4181 4182 4323
f 4182 4324 4323
f 4182 4183 4324
f 4183 4325 4324
f 4183 4184 4325
f 4184 4326 4325
f 4184 4185 4326
f 4185 4327 4326
f 4185 4186 4327
f 4186 4328 4327
f 4186 4187 4328
f 4187 4329 4328
f 4187 4188 4329
f 4188 4330 4329
f 4188 4189 4330
f 4189 4331 4330
f 4189 4190 4331
f 4190 4332 4331
f 4190 4191 4332
f 4191 4333 4332
f 4191 4192 4333
f 4192 4334 4333
f 4192 4193 4334
f 4193 4335 4334
f 4193 4194 4335
f 4194 4336 4335
f 4194 4195 4336
f 4195 4337 4336
f 4195 4196 4337
f 4196 4338 4337
f 4196 4197 4338
f 4197 4339 4338
f 4197 4198 4339
f 4198 4340 4339
f 4198 4199 4340
f 4199 4341 4340
f 4199 4200 4341
f 4200 4342 4341
f 4200 4201 4342
f 4201 4343 4342
f 4201 4202 4343
f 4202 4344 4343
f 4202 4203 4344
f 4203 4345 4344
f 4203 4204 4345
f 4204 4346 4345
f 4204 4205 4346
f 4205 4347 4346
f 4205 4206 4347
f 4206 4348 4347
f 4206 4207 4348
f 4207 4349 4348
f 4207 4208 4349
f 4208 4350 4349
f 4208 4209 4350
f 4209 4351 4350
f 4209 4210 4351
f 4210 4352 4351
f 4210 4211 4352
f 4211 4353 4352
f 4211 4212 4353
f 4212 4354 4353
f 4212 4213 4354
f 4213 4355 4354
f 4213 4214 4355
f 4214 4356 4355
f 4214 4215 4356
f 4215 4357 4356
f 4215 4216 4357
f 4216 4358 4357
f 4216 4217 4358
f 4217 4359 4358
f 4217 4218 4359
f 4218 4360 4359
f 4218 4219 4360
f 4219 4361 4360
f 4219 4220 4361
f 4220 4362 4361
f 4220 4221 4362
f 4221 4363 4362
f 4221 4222 4363
f 4222 4364 4363
f 4222 4223 4364
f 4223 4365 4364
f 4223 4224 4365
f 4224 4366 4365
f 4224 4225 4366
f 4225 4367 4366
f 4225 4226 4367
f 4226 4368 4367
f 4226 4227 4368
f 4227 4369 4368
f 4227 4228 4369
f 4228 4370 4369
f 4228 4229 4370
f 4229 4371 4370
f 4229 4230 4371
f 4230 4372 4371
f 4230 4231 4372
f 4231 4373 4372
f 4231 4232 4373
f 4232 4233 4373
f 4232 4092 4233
f 4233 4375 4374
f 4233 4234 4375
f 4234 4376 4375
f 4234 4235 4376
f 4235 4377 4376
f 4235 4236 4377
f 4236 4378 4377
f 4236 4237 4378
f 4237 4379 4378
f 4237 4238 4379
f 4238 4380 4379
f 4238 4239 4380
f 4239 4381 4380
f 4239 4240 4381
f 4240 4382 4381
f 4240 4241 4382
f 4241 4383 4382
f 4241 4242 4383
f 4242 4384 4383
f 4242 4243 4384
f 4243 4385 4384
f 4243 4244 4385
f 4244 4386 4385
f 4244 4245 4386
f 4245 4387 4386
f 4245 4246 4387
f 4246 4388 4387
f 4246 4247 4388
f 4247 4389 4388
f 4247 4248 4389
f 4248 4390 4389
f 4248 4249 4390
f 4249 4391 4390
f 4249 4250 4391
f 4250 4392 4391
f 4250 4251 4392
f 4251 4393 4392
f 4251 4252 4393
f 4252 4394 4393
f 4252 4253 4394
f 4253 4395 4394
f 4253 4254 4395
f 4254 4396 4395
f 4254 4255 4396
f 4255 4397 4396
f 4255 4256 4397
f 4256 4398 4397
f 4256 4257 4398
f 4257 4399 4398
f 4257 4258 4399
f 4258 4400 4399
f 4258 4259 4400
f 4259 4401 4400
f 4259 4260 4401
f 4260 4402 4401
f 4260 4261 4402
f 4261 4403 4402
f 4261 4262 4403
f 4262 4404 4403
f 4262 4263 4404
f 4263 4405 4404
f 4263 4264 4405
f 4264 4406 4405
f 4264 4265 4406
f 4265 4407 4406
f 4265 4266 4407
f 4266 4408 4407
f 4266 4267 4408
f 4267 4409 4408
f 4267 4268 4409
f 4268 4410 4409
f 4268 4269 4410
f 4269 4411 4410
f 4269 4270 4411
f 4270 4412 4411
f 4270 4271 4412
f 4271 4413 4412
f 4271 4272 4413
f 4272 4414 4413
f 4272 4273 4414
f 4273 4415 4414
f 4273 4274 4415
f 4274 4416 4415
f 4274 4275 4416
f 4275 4417 4416
f 4275 4276 4417
f 4276 4418 4417
f 4276 4277 4418
f 4277 4419 4418
f 4277 4278 4419
f 4278 4420 4419
f 4278 4279 4420
f 4279 4421 4420
f 4279 4280 4421
f 4280 4422 4421
f 4280 4281 4422
f 4281 4423 4422
f 4281 4282 4423
f 4282 4424 4423
f 4282 4283 4424
f 4283 4425 4424
f 4283 4284 4425
f 4284 4426 4425
f 4284 4285 4426
f 4285 4427 4426
f 4285 4286 4427
f 4286 4428 4427
f 4286 4287 4428
f 4287 4429 4428
f 4287 4288 4429
f 4288 4430 4429
f 4288 4289 4430
f 4289 4431 4430
f 4289 4290 4431
f 4290 4432 4431
f 4290 4291 4432
f 4291 4433 4432
f 4291 4292 4433
f 4292 4434 4433
f 4292 4293 4434
f 4293 4435 4434
f 4293 4294 4435
f 4294 4436 4435
f 4294 4295 4436
f 4295 4437 4436
f 4295 4296 4437
f 4296 4438 4437
f 4296 4297 4438
f 4297 4439 4438
f 4297 4298 4439
f 4298 4440 4439
f 4298 4299 4440
f 4299 4441 4440
f 4299 4300 4441
f 4300 4442 4441
f 4300 4301 4442
f 4301 4443 4442
f 4301 4302 4443
f 4302 4444 4443
f 4302 4303 4444
f 4303 4445 4444
f 4303 4304 4445
f 4304 4446 4445
f 4304 4305 4446
f 4305 4447 4446
f 4305 4306 4447
f 4306 4448 4447
f 4306 4307 4448
f 4307 4449 4448
f 4307 4308 4449
f 4308 4450 4449
f 4308 4309 4450
f 4309 4451 4450
f 4309 4310 4451
f 4310 4452 4451
f 4310 4311 4452
f 4311 4453 4452
f 4311 4312 4453
f 4312 4454 4453
f 4312 4313 4454
f 4313 4455 4454
f 4313 4314 4455
f 4314 4456 4455
f 4314 4315 4456
f 4315 4457 4456
f 4315 4316 4457
f 4316 4458 4457
f 4316 4317 4458
f 4317 4459 4458
f 4317 4318 4459
f 4318 4460 4459
f 4318 4319 4460
f 4319 4461 4460
f 4319 4320 4461
f 4320 4462 4461
f 4320 4321 4462
f 4321 4463 4462
f 4321 4322 4463
f 4322 4464 4463
f 4322 4323 4464
f 4323 4465 4464
f 4323 4324 4465
f 4324 4466 4465
f 4324 4325 4466
f 4325 4467 4466
f 4325 4326 4467
f 4326 4468 4467
f 4326 4327 4468
f 4327 4469 4468
f 4327 4328 4469
f 4328 4470 4469
f 4328 4329 4470
f 4329 4471 4470
f 4329 4330 4471
f 4330 4472 4471
f 4330 4331 4472
f 4331 4473 4472
f 4331 4332 4473
f 4332 4474 4473
f 4332 4333 4474
f 4333 4475 4474
f 4333 4334 4475
f 4334 4476 4475
f 4334 4335 4476
f 4335 4477 4476
f 4335 4336 4477
f 4336 4478 4477
f 4336 4337 4478
f 4337 4479 4478
f 4337 4338 4479
f 4338 4480 4479
f 4338 4339 4480
f 4339 4481 4480
f 4339 4340 4481
f 4340 4482 4481
f 4340 4341 4482
f 4341 4483 4482
f 4341 4342 4483
f 4342 4484 4483
f 4342 4343 4484
f 4343 4485 4484
f 4343 4344 4485
f 4344 4486 4485
f 4344 4345 4486
f 4345 4487 4486
f 4345 4346 4487
f 4346 4488 4487
f 4346 4347 4488
f 4347 4489 4488
f 4347 4348 4489
f 4348 4490 4489
f 4348 4349 4490
f 4349 4491 4490
f 4349 4350 4491
f 4350 4492 4491
f 4350 4351 4492
f 4351 4493 4492
f 4351 4352 4493
f 4352 4494 4493
f 4352 4353 4494
f 4353 4495 4494
f 4353 4354 4495
f 4354 4496 4495
f 4354 4355 4496
f 4355 4497 4496
f 4355 4356 4497
f 4356 4498 4497
f 4356 4357 4498
f 4357 4499 4498
f 4357 4358 4499
f 4358 4500 4499
f 4358 4359 4500
f 4359 4501 4500
f 4359 4360 4501
f 4360 4502 4501
f 4360 4361 4502
f 4361 4503 4502
f 4361 4362 4503
f 4362 4504 4503
f 4362 4363 4504
f 4363 4505 4504
f 4363 4364 4505
f 4364 4506 4505
f 4364 4365 4506
f 4365 4507 4506
f 4365 4366 4507
f 4366 4508 4507
f 4366 4367 4508
f 4367 4509 4508
f 4367 4368 4509
f 4368 4510 4509
f 4368 4369 4510
f 4369 4511 4510
f 4369 4370 4511
f 4370 4512 4511
f 4370 4371 4512
f 4371 4513 4512
f 4371 4372 4513
f 4372 4514 4513
f 4372 4373 4514
f 4373 4374 4514
f 4373 4233 4374
f 4374 4516 4515
f 4374 4375 4516
f 4375 4517 4516
f 4375 4376 4517
f 4376 4518 4517
f 4376 4377 4518
f 4377 4519 4518
f 4377 4378 4519
f 4378 4520 4519
f 4378 4379 4520
f 4379 4521 4520
f 4379 4380 4521
f 4380 4522 4521
f 4380 4381 4522
f 4381 4523 4522
f 4381 4382 4523
f 4382 4524 4523
f 4382 4383 4524
f 4383 4525 4524
f 4383 4384 4525
f 4384 4526 4525
f 4384 4385 4526
f 4385 4527 4526
f 4385 4386 4527
f 4386 4528 4527
f 4386 4387 4528
f 4387 4529 4528
f 4387 4388 4529
f 4388 4530 4529
f 4388 4389 4530
f 4389 4531 4530
f 4389 4390 4531
f 4390 4532 4531
f 4390 4391 4532
f 4391 4533 4532
f 4391 4392 4533
f 4392 4534 4533
f 4392 4393 4534
f 4393 4535 4534
f 4393 4394 4535
f 4394 4536 4535
f 4394 4395 4536
f 4395 4537 4536
f 4395 4396 4537
f 4396 4538 4537
f 4396 4397 4538
f 4397 4539 4538
f 4397 4398 4539
f 4398 4540 4539
f 4398 4399 4540
f 4399 4541 4540
f 4399 4400 4541
f 4400 4542 4541
f 4400 4401 4542
f 4401 4543 4542
f 4401 4402 4543
f 4402 4544 4543
f 4402 4403 4544
f 4403 4545 4544
f 4403 4404 4545
f 4404 4546 4545
f 4404 4405 4546
f 4405 4547 4546
f 4405 4406 4547
f 4406 4548 4547
f 4406 4407 4548
f 4407 4549 4548
f 4407 4408 4549
f 4408 4550 4549
f 4408 4409 4550
f 4409 4551 4550
f 4409 4410 4551
f 4410 4552 4551
f 4410 4411 4552
f 4411 4553 4552
f 4411 4412 4553
f 4412 4554 4553
f 4412 4413 4554
f 4413 4555 4554
f 4413 4414 4555
f 4414 4556 4555
f 4414 4415 4556
f 4415 4557 4556
f 4415 4416 4557
f 4416 4558 4557
f 4416 4417 4558
f 4417 4559 4558
f 4417 4418 4559
f 4418 4560 4559
f 4418 4419 4560
f 4419 4561 4560
f 4419 4420 4561
f 4420 4562 4561
f 4420 4421 4562
f 4421 4563 4562
f 4421 4422 4563
f 4422 4564 4563
f 4422 4423 4564
f 4423 4565 4564
f 4423 4424 4565
f 4424 4566 4565
f 4424 4425 4566
f 4425 4567 4566
f 4425 4426 4567
f 4426 4568 4567
f 4426 4427 4568
f 4427 4569 4568
f 4427 4428 4569
f 4428 4570 4569
f 4428 4429 4570
f 4429 4571 4570
f 4429 4430 4571
f 4430 4572 4571
f 4430 4431 4572
f 4431 4573 4572
f 4431 4432 4573
f 4432 4574 4573
f 4432 4433 4574
f 4433 4575 4574
f 4433 4434 4575
f 4434 4576 4575
f 4434 4435 4576
f 4435 4577 4576
f 4435 4436 4577
f 4436 4578 4577
f 4436 4437 4578
f 4437 4579 4578
f 4437 4438 4579
f 4438 4580 4579
f 4438 4439 4580
f 4439 4581 4580
f 4439 4440 4581
f 4440 4582 4581
f 4440 4441 4582
f 4441 4583 4582
f 4441 4442 4583
f 4442 4584 4583
f 4442 4443 4584
f 4443 4585 4584
f 4443 4444 4585
f 4444 4586 4585
f 4444 4445 4586
f 4445 4587 4586
f 4445 4446 4587
f 4446 4588 4587
f 4446 4447 4588
f 4447 4589 4588
f 4447 4448 4589
f 4448 4590 4589
f 4448 4449 4590
f 4449 4591 4590
f 4449 4450 4591
f 4450 4592 4591
f 4450 4451 4592
f 4451 4593 4592
f 4451 4452 4593
f 4452 4594 4593
f 4452 4453 4594
f 4453 4595 4594
f 4453 4454 4595
f 4454 4596 4595
f 4454 4455 4596
f 4455 4597 4596
f 4455 4456 4597
f 4456 4598 4597
f 4456 4457 4598
f 4457 4599 4598
f 4457 4458 4599
f 4458 4600 4599
f 4458 4459 4600
f 4459 4601 4600
f 4459 4460 4601
f 4460 4602 4601
f 4460 4461 4602
f 4461 4603 4602
f 4461 4462 4603
f 4462 4604 4603
f 4462 4463 4604
f 4463 4605 4604
f 4463 4464 4605
f 4464 4606 4605
f 4464 4465 4606
f 4465 4607 4606
f 4465 4466 4607
f 4466 4608 4607
f 4466 4467 4608
f 4467 4609 4608
f 4467 4468 4609
f 4468 4610 4609
f 4468 4469 4610
f 4469 4611 4610
f 4469 4470 4611
f 4470 4612 4611
f 4470 4471 4612
f 4471 4613 4612
f 4471 4472 4613
f 4472 4614 4613
f 4472 4473 4614
f 4473 4615 4614
f 4473 4474 4615
f 4474 4616 4615
f 4474 4475 4616
f 4475 4617 4616
f 4475 4476 4617
f 4476 4618 4617
f 4476 4477 4618
f 4477 4619 4618
f 4477 4478 4619
f 4478 4620 4619
f 4478 4479 4620
f 4479 4621 4620
f 4479 4480 4621
f 4480 4622 4621
f 4480 4481 4622
f 4481 4623 4622
f 4481 4482 4623
f 4482 4624 4623
f 4482 4483 4624
f 4483 4625 4624
f 4483 4484 4625
f 4484 4626 4625
f 4484 4485 4626
f 4485 4627 4626
f 4485 4486 4627
f 4486 4628 4627
f 4486 4487 4628
f 4487 4629 4628
f 4487 4488 4629
f 4488 4630 4629
f 4488 4489 4630
f 4489 4631 4630
f 4489 4490 4631
f 4490 4632 4631
f 4490 4491 4632
f 4491 4633 4632
f 4491 4492 4633
f 4492 4634 4633
f 4492 4493 4634
f 4493 4635 4634
f 4493 4494 4635
f 4494 4636 4635
f 4494 4495 4636
f 4495 4637 4636
f 4495 4496 4637
f 4496 4638 4637
f 4496 4497 4638
f 4497 4639 4638
f 4497 4498 4639
f 4498 4640 4639
f 4498 4499 4640
f 4499 4641 4640
f 4499 4500 4641
f 4500 4642 4641
f 4500 4501 4642
f 4501 4643 4642
f 4501 4502 4643
f 4502 4644 4643
f 4502 4503 4644
f 4503 4645 4644
f 4503 4504 4645
f 4504 4646 4645
f 4504 4505 4646
f 4505 4647 4646
f 4505 4506 4647
f 4506 4648 4647
f 4506 4507 4648
f 4507 4649 4648
f 4507 4508 4649
f 4508 4650 4649
f 4508 4509 4650
f 4509 4651 4650
f 4509 4510 4651
f 4510 4652 4651
f 4510 4511 4652
f 4511 4653 4652
f 4511 4512 4653
f 4512 4654 4653
f 4512 4513 4654
f 4513 4655 4654
f 4513 4514 4655
f 4514 4515 4655
f 4514 4374 4515
f 4515 4657 4656
f 4515 4516 4657
f 4516 4658 4657
f 4516 4517 4658
f 4517 4659 4658
f 4517 4518 4659
f 4518 4660 4659
f 4518 4519 4660
f 4519 4661 4660
f 4519 4520 4661
f 4520 4662 4661
f 4520 4521 4662
f 4521 4663 4662
f 4521 4522 4663
f 4522 4664 4663
f 4522 4523 4664
f 4523 4665 4664
f 4523 4524 4665
f 4524 4666 4665
f 4524 4525 4666
f 4525 4667 4666
f 4525 4526 4667
f 4526 4668 4667
f 4526 4527 4668
f 4527 4669 4668
f 4527 4528 4669
f 4528 4670 4669
f 4528 4529 4670
f 4529 4671 4670
f 4529 4530 4671
f 4530 4672 4671
f 4530 4531 4672
f 4531 4673 4672
f 4531 4532 4673
f 4532 4674 4673
f 4532 4533 4674
f 4533 4675 4674
f 4533 4534 4675
f 4534 4676 4675
f 4534 4535 4676
f 4535 4677 4676
f 4535 4536 4677
f 4536 4678 4677
f 4536 4537 4678
f 4537 4679 4678
f 4537 4538 4679
f 4538 4680 4679
f 4538 4539 4680
f 4539 4681 4680
f 4539 4540 4681
f 4540 4682 4681
f 4540 4541 4682
f 4541 4683 4682
f 4541 4542 4683
f 4542 4684 4683
f 4542 4543 4684
f 4543 4685 4684
f 4543 4544 4685
f 4544 4686 4685
f 4544 4545 4686
f 4545 4687 4686
f 4545 4546 4687
f 4546 4688 4687
f 4546 4547 4688
f 4547 4689 4688
f 4547 4548 4689
f 4548 4690 4689
f 4548 4549 4690
f 4549 4691 4690
f 4549 4550 4691
f 4550 4692 4691
f 4550 4551 4692
f 4551 4693 4692
f 4551 4552 4693
f 4552 4694 4693
f 4552 4553 4694
f 4553 4695 4694
f 4553 4554 4695
f 4554 4696 4695
f 4554 4555 4696
f 4555 4697 4696
f 4555 4556 4697
f 4556 4698 4697
f 4556 4557 4698
f 4557 4699 4698
f 4557 4558 4699
f 4558 4700 4699
f 4558 4559 4700
f 4559 4701 4700
f 4559 4560 4701
f 4560 4702 4701
f 4560 4561 4702
f 4561 4703 4702
f 4561 4562 4703
f 4562 4704 4703
f 4562 4563 4704
f 4563 4705 4704
f 4563 4564 4705
f 4564 4706 4705
f 4564 4565 4706
f 4565 4707 4706
f 4565 4566 4707
f 4566 4708 4707
f 4566 4567 4708
f 4567 4709 4708
f 4567 4568 4709
f 4568 4710 4709
f 4568 4569 4710
f 4569 4711 4710
f 4569 4570 4711
f 4570 4712 4711
f 4570 4571 4712
f 4571 4713 4712
f 4571 4572 4713
f 4572 4714 4713
f 4572 4573 4714
f 4573 4715 4714
f 4573 4574 4715
f 4574 4716 4715
f 4574 4575 4716
f 4575 4717 4716
f 4575 4576 4717
f 4576 4718 4717
f 4576 4577 4718
f 4577 4719 4718
f 4577 4578 4719
f 4578 4720 4719
f 4578 4579 4720
f 4579 4721 4720
f 4579 4580 4721
f 4580 4722 4721
f 4580 4581 4722
f 4581 4723 4722
f 4581 4582 4723
f 4582 4724 4723
f 4582 4583 4724
f 4583 4725 4724
f 4583 4584 4725
f 4584 4726 4725
f 4584 4585 4726
f 4585 4727 4726
f 4585 4586 4727
f 4586 4728 4727
f 4586 4587 4728
f 4587 4729 4728
f 4587 4588 4729
f 4588 4730 4729
f 4588 4589 4730
f 4589 4731 4730
f 4589 4590 4731
f 4590 4732 4731
f 4590 4591 4732
f 4591 4733 4732
f 4591 4592 4733
f 4592 4734 4733
f 4592 4593 4734
f 4593 4735 4734
f 4593 4594 4735
f 4594 4736 4735
f 4594 4595 4736
f 4595 4737 4736
f 4595 4596 4737
f 4596 4738 4737
f 4596 4597 4738
f 4597 4739 4738
f 4597 4598 4739
f 4598 4740 4739
f 4598 4599 4740
f 4599 4741 4740
f 4599 4600 4741
f 4600 4742 4741
f 4600 4601 4742
f 4601 4743 4742
f 4601 4602 4743
f 4602 4744 4743
f 4602 4603 4744
f 4603 4745 4744
f 4603 4604 4745
f 4604 4746 4745
f 4604 4605 4746
f 4605 4747 4746
f 4605 4606 4747
f 4606 4748 4747
f 4606 4607 4748
f 4607 4749 4748
f 4607 4608 4749
f 4608 4750 4749
f 4608 4609 4750
f 4609 4751 4750
f 4609 4610 4751
f 4610 4752 4751
f 4610 4611 4752
f 4611 4753 4752
f 4611 4612 4753
f 4612 4754 4753
f 4612 4613 4754
f 4613 4755 4754
f 4613 4614 4755
f 4614 4756 4755
f 4614 4615 4756
f 4615 4757 4756
f 4615 4616 4757
f 4616 4758 4757
f 4616 4617 4758
f 4617 4759 4758
f 4617 4618 4759
f 4618 4760 4759
f 4618 4619 4760
f 4619 4761 4760
f 4619 4620 4761
f 4620 4762 4761
f 4620 4621 4762
f 4621 4763 4762
f 4621 4622 4763
f 4622 4764 4763
f 4622 4623 4764
f 4623 4765 4764
f 4623 4624 4765
f 4624 4766 4765
f 4624 4625 4766
f 4625 4767 4766
f 4625 4626 4767
f 4626 4768 4767
f 4626 4627 4768
f 4627 4769 4768
f 4627 4628 4769
f 4628 4770 4769
f 4628 4629 4770
f 4629 4771 4770
f 4629 4630 4771
f 4630 4772 4771
f 4630 4631 4772
f 4631 4773 4772
f 4631 4632 4773
f 4632 4774 4773
f 4632 4633 4774
f 4633 4775 4774
f 4633 4634 4775
f 4634 4776 4775
f 4634 4635 4776
f 4635 4777 4776
f 4635 4636 4777
f 4636 4778 4777
f 4636 4637 4778
f 4637 4779 4778
f 4637 4638 4779
f 4638 4780 4779
f 4638 4639 4780
f 4639 4781 4780
f 4639 4640 4781
f 4640 4782 4781
f 4640 4641 4782
f 4641 4783 4782
f 4641 4642 4783
f 4642 4784 4783
f 4642 4643 4784
f 4643 4785 4784
f 4643 4644 4785
f 4644 4786 4785
f 4644 4645 4786
f 4645 4787 4786
f 4645 4646 4787
f 4646 4788 4787
f 4646 4647 4788
f 4647 4789 4788
f 4647 4648 4789
f 4648 4790 4789
f 4648 4649 4790
f 4649 4791 4790
f 4649 4650 4791
f 4650 4792 4791
f 4650 4651 4792
f 4651 4793 4792
f 4651 4652 4793
f 4652 4794 4793
f 4652 4653 4794
f 4653 4795 4794
f 4653 4654 4795
f 4654 4796 4795
f 4654 4655 4796
f 4655 4656 4796
f 4655 4515 4656
f 4656 4798 4797
f 4656 4657 4798
f 4657 4799 4798
f 4657 4658 4799
f 4658 4800 4799
f 4658 4659 4800
f 4659 4801 4800
f 4659 4660 4801
f 4660 4802 4801
f 4660 4661 4802
f 4661 4803 4802
f 4661 4662 4803
f 4662 4804 4803
f 4662 4663 4804
f 4663 4805 4804
f 4663 4664 4805
f 4664 4806 4805
f 4664 4665 4806
f 4665 4807 4806
f 4665 4666 4807
f 4666 4808 4807
f 4666 4667 4808
f 4667 4809 4808
f 4667 4668 4809
f 4668 4810 4809
f 4668 4669 4810
f 4669 4811 4810
f 4669 4670 4811
f 4670 4812 4811
f 4670 4671 4812
f 4671 4813 4812
f 4671 4672 4813
f 4672 4814 4813
f 4672 4673 4814
f 4673 4815 4814
f 4673 4674 4815
f 4674 4816 4815
f 4674 4675 4816
f 4675 4817 4816
f 4675 4676 4817
f 4676 4818 4817
f 4676 4677 4818
f 4677 4819 4818
f 4677 4678 4819
f 4678 4820 4819
f 4678 4679 4820
f 4679 4821 4820
f 4679 4680 4821
f 4680 4822 4821
f 4680 4681 4822
f 4681 4823 4822
f 4681 4682 4823
f 4682 4824 4823
f 4682 4683 4824
f 4683 4825 4824
f 4683 4684 4825
f 4684 4826 4825
f 4684 4685 4826
f 4685 4827 4826
f 4685 4686 4827
f 4686 4828 4827
f 4686 4687 4828
f 4687 4829 4828
f 4687 4688 4829
f 4688 4830 4829
f 4688 4689 4830
f 4689 4831 4830
f 4689 4690 4831
f 4690 4832 4831
f 4690 4691 4832
f 4691 4833 4832
f 4691 4692 4833
f 4692 4834 4833
f 4692 4693 4834
f 4693 4835 4834
f 4693 4694 4835
f 4694 4836 4835
f 4694 4695 4836
f 4695 4837 4836
f 4695 4696 4837
f 4696 4838 4837
f 4696 4697 4838
f 4697 4839 4838
f 4697 4698 4839
f 4698 4840 4839
f 4698 4699 4840
f 4699 4841 4840
f 4699 4700 4841
f 4700 4842 4841
f 4700 4701 4842
f 4701 4843 4842
f 4701 4702 4843
f 4702 4844 4843
f 4702 4703 4844
f 4703 4845 4844
f 4703 4704 4845
f 4704 4846 4845
f 4704 4705 4846
f 4705 4847 4846
f 4705 4706 4847
f 4706 4848 4847
f 4706 4707 4848
f 4707 4849 4848
f 4707 4708 4849
f 4708 4850 4849
f 4708 4709 4850
f 4709 4851 4850
f 4709 4710 4851
f 4710 4852 4851
f 4710 4711 4852
f 4711 4853 4852
f 4711 4712 4853
f 4712 4854 4853
f 4712 4713 4854
f 4713 4855 4854
f 4713 4714 4855
f 4714 4856 4855
f 4714 4715 4856
f 4715 4857 4856
f 4715 4716 4857
f 4716 4858 4857
f 4716 4717 4858
f 4717 4859 4858
f 4717 4718 4859
f 4718 4860 4859
f 4718 4719 4860
f 4719 4861 4860
f 4719 4720 4861
f 4720 4862 4861
f 4720 4721 4862
f 4721 4863 4862
f 4721 4722 4863
f 4722 4864 4863
f 4722 4723 4864
f 4723 4865 4864
f 4723 4724 4865
f 4724 4866 4865
f 4724 4725 4866
f 4725 4867 4866
f 4725 4726 4867
f 4726 4868 4867
f 4726 4727 4868
f 4727 4869 4868
f 4727 4728 4869
f 4728 4870 4869
f 4728 4729 4870
f 4729 4871 4870
f 4729 4730 4871
f 4730 4872 4871
f 4730 4731 4872
f 4731 4873 4872
f 4731 4732 4873
f 4732 4874 4873
f 4732 4733 4874
f 4733 4875 4874
f 4733 4734 4875
f 4734 4876 4875
f 4734 4735 4876
f 4735 4877 4876
f 4735 4736 4877
f 4736 4878 4877
f 4736 4737 4878
f 4737 4879 4878
f 4737 4738 4879
f 4738 4880 4879
f 4738 4739 4880
f 4739 4881 4880
f 4739 4740 4881
f 4740 4882 4881
f 4740 4741 4882
f 4741 4883 4882
f 4741 4742 4883
f 4742 4884 4883
f 4742 4743 4884
f 4743 4885 4884
f 4743 4744 4885
f 4744 4886 4885
f 4744 4745 4886
f 4745 4887 4886
f 4745 4746 4887
f 4746 4888 4887
f 4746 4747 4888
f 4747 4889 4888
f 4747 4748 4889
f 4748 4890 4889
f 4748 4749 4890
f 4749 4891 4890
f 4749 4750 4891
f 4750 4892 4891
f 4750 4751 4892
f 4751 4893 4892
f 4751 4752 4893
f 4752 4894 4893
f 4752 4753 4894
f 4753 4895 4894
f 4753 4754 4895
f 4754 4896 4895
f 4754 4755 4896
f 4755 4897 4896
f 4755 4756 4897
f 4756 4898 4897
f 4756 4757 4898
f 4757 4899 4898
f 4757 4758 4899
f 4758 4900 4899
f 4758 4759 4900
f 4759 4901 4900
f 4759 4760 4901
f 4760 4902 4901
f 4760 4761 4902
f 4761 4903 4902
f 4761 4762 4903
f 4762 4904 4903
f 4762 4763 4904
f 4763 4905 4904
f 4763 4764 4905
f 4764 4906 4905
f 4764 4765 4906
f 4765 4907 4906
f 4765 4766 4907
f 4766 4908 4907
f 4766 4767 4908
f 4767 4909 4908
f 4767 4768 4909
f 4768 4910 4909
f 4768 4769 4910
f 4769 4911 4910
f 4769 4770 4911
f 4770 4912 4911
f 4770 4771 4912
f 4771 4913 4912
f 4771 4772 4913
f 4772 4914 4913
f 4772 4773 4914
f 4773 4915 4914
f 4773 4774 4915
f 4774 4916 4915
f 4774 4775 4916
f 4775 4917 4916
f 4775 4776 4917
f 4776 4918 4917
f 4776 4777 4918
f 4777 4919 4918
f 4777 4778 4919
f 4778 4920 4919
f 4778 4779 4920
f 4779 4921 4920
f 4779 4780 4921
f 4780 4922 4921
f 4780 4781 4922
f 4781 4923 4922
f 4781 4782 4923
f 4782 4924 4923
f 4782 4783 4924
f 4783 4925 4924
f 4783 4784 4925
f 4784 4926 4925
f 4784 4785 4926
f 4785 4927 4926
f 4785 4786 4927
f 4786 4928 4927
f 4786 4787 4928
f 4787 4929 4928
f 4787 4788 4929
f 4788 4930 4929
f 4788 4789 4930
f 4789 4931 4930
f 4789 4790 4931
f 4790 4932 4931
f 4790 4791 4932
f 4791 4933 4932
f 4791 4792 4933
f 4792 4934 4933
f 4792 4793 4934
f 4793 4935 4934
f 4793 4794 4935
f 4794 4936 4935
f 4794 4795 4936
f 4795 4937 4936
f 4795 4796 4937
f 4796 4797 4937
f 4796 4656 4797
f 4797 4939 4938
f 4797 4798 4939
f 4798 4940 4939
f 4798 4799 4940
f 4799 4941 4940
f 4799 4800 4941
f 4800 4942 4941
f 4800 4801 4942
f 4801 4943 4942
f 4801 4802 4943
f 4802 4944 4943
f 4802 4803 4944
f 4803 4945 4944
f 4803 4804 4945
f 4804 4946 4945
f 4804 4805 4946
f 4805 4947 4946
f 4805 4806 4947
f 4806 4948 4947
f 4806 4807 4948
f 4807 4949 4948
f 4807 4808 4949
f 4808 4950 4949
f 4808 4809 4950
f 4809 4951 4950
f 4809 4810 4951
f 4810 4952 4951
f 4810 4811 4952
f 4811 4953 4952
f 4811 4812 4953
f 4812 4954 4953
f 4812 4813 4954
f 4813 4955 4954
f 4813 4814 4955
f 4814 4956 4955
f 4814 4815 4956
f 4815 4957 4956
f 4815 4816 4957
f 4816 4958 4957
f 4816 4817 4958
f 4817 4959 4958
f 4817 4818 4959
f 4818 4960 4959
f 4818 4819 4960
f 4819 4961 4960
f 4819 4820 4961
f 4820 4962 4961
f 4820 4821 4962
f 4821 4963 4962
f 4821 4822 4963
f 4822 4964 4963
f 4822 4823 4964
f 4823 4965 4964
f 4823 4824 4965
f 4824 4966 4965
f 4824 4825 4966
f 4825 4967 4966
f 4825 4826 4967
f 4826 4968 4967
f 4826 4827 4968
f 4827 4969 4968
f 4827 4828 4969
f 4828 4970 4969
f 4828 4829 4970
f 4829 4971 4970
f 4829 4830 4971
f 4830 4972 4971
f 4830 4831 4972
f 4831 4973 4972
f 4831 4832 4973
f 4832 4974 4973
f 4832 4833 4974
f 4833 4975 4974
f 4833 4834 4975
f 4834 4976 4975
f 4834 4835 4976
f 4835 4977 4976
f 4835 4836 4977
f 4836 4978 4977
f 4836 4837 4978
f 4837 4979 4978
f 4837 4838 4979
f 4838 4980 4979
f 4838 4839 4980
f 4839 4981 4980
f 4839 4840 4981
f 4840 4982 4981
f 4840 4841 4982
f 4841 4983 4982
f 4841 4842 4983
f 4842 4984 4983
f 4842 4843 4984
f 4843 4985 4984
f 4843 4844 4985
f 4844 4986 4985
f 4844 4845 4986
f 4845 4987 4986
f 4845 4846 4987
f 4846 4988 4987
f 4846 4847 4988
f 4847 4989 4988
f 4847 4848 4989
f 4848 4990 4989
f 4848 4849 4990
f 4849 4991 4990
f 4849 4850 4991
f 4850 4992 4991
f 4850 4851 4992
f 4851 4993 4992
f 4851 4852 4993
f 4852 4994 4993
f 4852 4853 4994
f 4853 4995 4994
f 4853 4854 4995
f 4854 4996 4995
f 4854 4855 4996
f 4855 4997 4996
f 4855 4856 4997
f 4856 4998 4997
f 4856 4857 4998
f 4857 4999 4998
f 4857 4858 4999
f 4858 5000 4999
f 4858 4859 5000
f 4859 5001 5000
f 4859 4860 5001
f 4860 5002 5001
f 4860 4861 5002
f 4861 5003 5002
f 4861 4862 5003
f 4862 5004 5003
f 4862 4863 5004
f 4863 5005 5004
f 4863 4864 5005
f 4864 5006 5005
f 4864 4865 5006
f 4865 5007 5006
f 4865 4866 5007
f 4866 5008 5007
f 4866 4867 5008
f 4867 5009 5008
f 4867 4868 5009
f 4868 5010 5009
f 4868 4869 5010
f 4869 5011 5010
f 4869 4870 5011
f 4870 5012 5011
f 4870 4871 5012
f 4871 5013 5012
f 4871 4872 5013
f 4872 5014 5013
f 4872 4873 5014
f 4873 5015 5014
f 4873 4874 5015
f 4874 5016 5015
f 4874 4875 5016
f 4875 5017 5016
f 4875 4876 5017
f 4876 5018 5017
f 4876 4877 5018
f 4877 5019 5018
f 4877 4878 5019
f 4878 5020 5019
f 4878 4879 5020
f 4879 5021 5020
f 4879 4880 5021
f 4880 5022 5021
f 4880 4881 5022
f 4881 5023 5022
f 4881 4882 5023
f 4882 5024 5023
f 4882 4883 5024
f 4883 5025 5024
f 4883 4884 5025
f 4884 5026 5025
f 4884 4885 5026
f 4885 5027 5026
f 4885 4886 5027
f 4886 5028 5027
f 4886 4887 5028
f 4887 5029 5028
f 4887 4888 5029
f 4888 5030 5029
f 4888 4889 5030
f 4889 5031 5030
f 4889 4890 5031
f 4890 5032 5031
f 4890 4891 5032
f 4891 5033 5032
f 4891 4892 5033
f 4892 5034 5033
f 4892 4893 5034
f 4893 5035 5034
f 4893 4894 5035
f 4894 5036 5035
f 4894 4895 5036
f 4895 5037 5036
f 4895 4896 5037
f 4896 5038 5037
f 4896 4897 5038
f 4897 5039 5038
f 4897 4898 5039
f 4898 5040 5039
f 4898 4899 5040
f 4899 5041 5040
f 4899 4900 5041
f 4900 5042 5041
f 4900 4901 5042
f 4901 5043 5042
f 4901 4902 5043
f 4902 5044 5043
f 4902 4903 5044
f 4903 5045 5044
f 4903 4904 5045
f 4904 5046 5045
f 4904 4905 5046
f 4905 5047 5046
f 4905 4906 5047
f 4906 5048 5047
f 4906 4907 5048
f 4907 5049 5048
f 4907 4908 5049
f 4908 5050 5049
f 4908 4909 5050
f 4909 5051 5050
f 4909 4910 5051
f 4910 5052 5051
f 4910 4911 5052
f 4911 5053 5052
f 4911 4912 5053
f 4912 5054 5053
f 4912 4913 5054
f 4913 5055 5054
f 4913 4914 5055
f 4914 5056 5055
f 4914 4915 5056
f 4915 5057 5056
f 4915 4916 5057
f 4916 5058 5057
f 4916 4917 5058
f 4917 5059 5058
f 4917 4918 5059
f 4918 5060 5059
f 4918 4919 5060
f 4919 5061 5060
f 4919 4920 5061
f 4920 5062 5061
f 4920 4921 5062
f 4921 5063 5062
f 4921 4922 5063
f 4922 5064 5063
f 4922 4923 5064
f 4923 5065 5064
f 4923 4924 5065
f 4924 5066 5065
f 4924 4925 5066
f 4925 5067 5066
f 4925 4926 5067
f 4926 5068 5067
f 4926 4927 5068
f 4927 5069 5068
f 4927 4928 5069
f 4928 5070 5069
f 4928 4929 5070
f 4929 5071 5070
f 4929 4930 5071
f 4930 5072 5071
f 4930 4931 5072
f 4931 5073 5072
f 4931 4932 5073
f 4932 5074 5073
f 4932 4933 5074
f 4933 5075 5074
f 4933 4934 5075
f 4934 5076 5075
f 4934 4935 5076
f 4935 5077 5076
f 4935 4936 5077
f 4936 5078 5077
f 4936 4937 5078
f 4937 4938 5078
f 4937 4797 4938
f 4938 5080 5079
f 4938 4939 5080
f 4939 5081 5080
f 4939 4940 5081
f 4940 5082 5081
f 4940 4941 5082
f 4941 5083 5082
f 4941 4942 5083
f 4942 5084 5083
f 4942 4943 5084
f 4943 5085 5084
f 4943 4944 5085
f 4944 5086 5085
f 4944 4945 5086
f 4945 5087 5086
f 4945 4946 5087
f 4946 5088 5087
f 4946 4947 5088
f 4947 5089 5088
f 4947 4948 5089
f 4948 5090 5089
f 4948 4949 5090
f 4949 5091 5090
f 4949 4950 5091
f 4950 5092 5091
f 4950 4951 5092
f 4951 5093 5092
f 4951 4952 5093
f 4952 5094 5093
f 4952 4953 5094
f 4953 5095 5094
f 4953 4954 5095
f 4954 5096 5095
f 4954 4955 5096
f 4955 5097 5096
f 4955 4956 5097
f 4956 5098 5097
f 4956 4957 5098
f 4957 5099 5098
f 4957 4958 5099
f 4958 5100 5099
f 4958 4959 5100
f 4959 5101 5100
f 4959 4960 5101
f 4960 5102 5101
f 4960 4961 5102
f 4961 5103 5102
f 4961 4962 5103
f 4962 5104 5103
f 4962 4963 5104
f 4963 5105 5104
f 4963 4964 5105
f 4964 5106 5105
f 4964 4965 5106
f 4965 5107 5106
f 4965 4966 5107
f 4966 5108 5107
f 4966 4967 5108
f 4967 5109 5108
f 4967 4968 5109
f 4968 5110 5109
f 4968 4969 5110
f 4969 5111 5110
f 4969 4970 5111
f 4970 5112 5111
f 4970 4971 5112
f 4971 5113 5112
f 4971 4972 5113
f 4972 5114 5113
f 4972 4973 5114
f 4973 5115 5114
f 4973 4974 5115
f 4974 5116 5115
f 4974 4975 5116
f 4975 5117 5116
f 4975 4976 5117
f 4976 5118 5117
f 4976 4977 5118
f 4977 5119 5118
f 4977 4978 5119
f 4978 5120 5119
f 4978 4979 5120
f 4979 5121 5120
f 4979 4980 5121
f 4980 5122 5121
f 4980 4981 5122
f 4981 5123 5122
f 4981 4982 5123
f 4982 5124 5123
f 4982 4983 5124
f 4983 5125 5124
f 4983 4984 5125
f 4984 5126 5125
f 4984 4985 5126
f 4985 5127 5126
f 4985 4986 5127
f 4986 5128 5127
f 4986 4987 5128
f 4987 5129 5128
f 4987 4988 5129
f 4988 5130 5129
f 4988 4989 5130
f 4989 5131 5130
f 4989 4990 5131
f 4990 5132 5131
f 4990 4991 5132
f 4991 5133 5132
f 4991 4992 5133
f 4992 5134 5133
f 4992 4993 5134
f 4993 5135 5134
f 4993 4994 5135
f 4994 5136 5135
f 4994 4995 5136
f 4995 5137 5136
f 4995 4996 5137
f 4996 5138 5137
f 4996 4997 5138
f 4997 5139 5138
f 4997 4998 5139
f 4998 5140 5139
f 4998 4999 5140
f 4999 5141 5140
f 4999 5000 5141
f 5000 5142 5141
f 5000 5001 5142
f 5001 5143 5142
f 5001 5002 5143
f 5002 5144 5143
f 5002 5003 5144
f 5003 5145 5144
f 5003 5004 5145
f 5004 5146 5145
f 5004 5005 5146
f 5005 5147 5146
f 5005 5006 5147
f 5006 5148 5147
f 5006 5007 5148
f 5007 5149 5148
f 5007 5008 5149
f 5008 5150 5149
f 5008 5009 5150
f 5009 5151 5150
f 5009 5010 5151
f 5010 5152 5151
f 5010 5011 5152
f 5011 5153 5152
f 5011 5012 5153
f 5012 5154 5153
f 5012 5013 5154
f 5013 5155 5154
f 5013 5014 5155
f 5014 5156 5155
f 5014 5015 5156
f 5015 5157 5156
f 5015 5016 5157
f 5016 5158 5157
f 5016 5017 5158
f 5017 5159 5158
f 5017 5018 5159
f 5018 5160 5159
f 5018 5019 5160
f 5019 5161 5160
f 5019 5020 5161
f 5020 5162 5161
f 5020 5021 5162
f 5021 5163 5162
f 5021 5022 5163
f 5022 5164 5163
f 5022 5023 5164
f 5023 5165 5164
f 5023 5024 5165
f 5024 5166 5165
f 5024 5025 5166
f 5025 5167 5166
f 5025 5026 5167
f 5026 5168 5167
f 5026 5027 5168
f 5027 5169 5168
f 5027 5028 5169
f 5028 5170 5169
f 5028 5029 5170
f 5029 5171 5170
f 5029 5030 5171
f 5030 5172 5171
f 5030 5031 5172
f 5031 5173 5172
f 5031 5032 5173
f 5032 5174 5173
f 5032 5033 5174
f 5033 5175 5174
f 5033 5034 5175
f 5034 5176 5175
f 5034 5035 5176
f 5035 5177 5176
f 5035 5036 5177
f 5036 5178 5177
f 5036 5037 5178
f 5037 5179 5178
f 5037 5038 5179
f 5038 5180 5179
f 5038 5039 5180
f 5039 5181 5180
f 5039 5040 5181
f 5040 5182 5181
f 5040 5041 5182
f 5041 5183 5182
f 5041 5042 5183
f 5042 5184 5183
f 5042 5043 5184
f 5043 5185 5184
f 5043 5044 5185
f 5044 5186 5185
f 5044 5045 5186
f 5045 5187 5186
f 5045 5046 5187
f 5046 5188 5187
f 5046 5047 5188
f 5047 5189 5188
f 5047 5048 5189
f 5048 5190 5189
f 5048 5049 5190
f 5049 5191 5190
f 5049 5050 5191
f 5050 5192 5191
f 5050 5051 5192
f 5051 5193 5192
f 5051 5052 5193
f 5052 5194 5193
f 5052 5053 5194
f 5053 5195 5194
f 5053 5054 5195
f 5054 5196 5195
f 5054 5055 5196
f 5055 5197 5196
f 5055 5056 5197
f 5056 5198 5197
f 5056 5057 5198
f 5057 5199 5198
f 5057 5058 5199
f 5058 5200 5199
f 5058 5059 5200
f 5059 5201 5200
f 5059 5060 5201
f 5060 5202 5201
f 5060 5061 5202
f 5061 5203 5202
f 5061 5062 5203
f 5062 5204 5203
f 5062 5063 5204
f 5063 5205 5204
f 5063 5064 5205
f 5064 5206 5205
f 5064 5065 5206
f 5065 5207 5206
f 5065 5066 5207
f 5066 5208 5207
f 5066 5067 5208
f 5067 5209 5208
f 5067 5068 5209
f 5068 5210 5209
f 5068 5069 5210
f 5069 5211 5210
f 5069 5070 5211
f 5070 5212 5211
f 5070 5071 5212
f 5071 5213 5212
f 5071 5072 5213
f 5072 5214 5213
f 5072 5073 5214
f 5073 5215 5214
f 5073 5074 5215
f 5074 5216 5215
f 5074 5075 5216
f 5075 5217 5216
f 5075 5076 5217
f 5076 5218 5217
f 5076 5077 5218
f 5077 5219 5218
f 5077 5078 5219
f 5078 5079 5219
f 5078 4938 5079
f 5079 5221 5220
f 5079 5080 5221
f 5080 5222 5221
f 5080 5081 5222
f 5081 5223 5222
f 5081 5082 5223
f 5082 5224 5223
f 5082 5083 5224
f 5083 5225 5224
f 5083 5084 5225
f 5084 5226 5225
f 5084 5085 5226
f 5085 5227 5226
f 5085 5086 5227
f 5086 5228 5227
f 5086 5087 5228
f 5087 5229 5228
f 5087 5088 5229
f 5088 5230 5229
f 5088 5089 5230
f 5089 5231 5230
f 5089 5090 5231
f 5090 5232 5231
f 5090 5091 5232
f 5091 5233 5232
f 5091 5092 5233
f 5092 5234 5233
f 5092 5093 5234
f 5093 5235 5234
f 5093 5094 5235
f 5094 5236 5235
f 5094 5095 5236
f 5095 5237 5236
f 5095 5096 5237
f 5096 5238 5237
f 5096 5097 5238
f 5097 5239 5238
f 5097 5098 5239
f 5098 5240 5239
f 5098 5099 5240
f 5099 5241 5240
f 5099 5100 5241
f 5100 5242 5241
f 5100 5101 5242
f 5101 5243 5242
f 5101 5102 5243
f 5102 5244 5243
f 5102 5103 5244
f 5103 5245 5244
f 5103 5104 5245
f 5104 5246 5245
f 5104 5105 5246
f 5105 5247 5246
f 5105 5106 5247
f 5106 5248 5247
f 5106 5107 5248
f 5107 5249 5248
f 5107 5108 5249
f 5108 5250 5249
f 5108 5109 5250
f 5109 5251 5250
f 5109 5110 5251
f 5110 5252 5251
f 5110 5111 5252
f 5111 5253 5252
f 5111 5112 5253
f 5112 5254 5253
f 5112 5113 5254
f 5113 5255 5254
f 5113 5114 5255
f 5114 5256 5255
f 5114 5115 5256
f 5115 5257 5256
f 5115 5116 5257
f 5116 5258 5257
f 5116 5117 5258
f 5117 5259 5258
f 5117 5118 5259
f 5118 5260 5259
f 5118 5119 5260
f 5119 5261 5260
f 5119 5120 5261
f 5120 5262 5261
f 5120 5121 5262
f 5121 5263 5262
f 5121 5122 5263
f 5122 5264 5263
f 5122 5123 5264
f 5123 5265 5264
f 5123 5124 5265
f 5124 5266 5265
f 5124 5125 5266
f 5125 5267 5266
f 5125 5126 5267
f 5126 5268 5267
f 5126 5127 5268
f 5127 5269 5268
f 5127 5128 5269
f 5128 5270 5269
f 5128 5129 5270
f 5129 5271 5270
f 5129 5130 5271
f 5130 5272 5271
f 5130 5131 5272
f 5131 5273 5272
f 5131 5132 5273
f 5132 5274 5273
f 5132 5133 5274
f 5133 5275 5274
f 5133 5134 5275
f 5134 5276 5275
f 5134 5135 5276
f 5135 5277 5276
f 5135 5136 5277
f 5136 5278 5277
f 5136 5137 5278
f 5137 5279 5278
f 5137 5138 5279
f 5138 5280 5279
f 5138 5139 5280
f 5139 5281 5280
f 5139 5140 5281
f 5140 5282 5281
f 5140 5141 5282
f 5141 5283 5282
f 5141 5142 5283
f 5142 5284 5283
f 5142 5143 5284
f 5143 5285 5284
f 5143 5144 5285
f 5144 5286 5285
f 5144 5145 5286
f 5145 5287 5286
f 5145 5146 5287
f 5146 5288 5287
f 5146 5147 5288
f 5147 5289 5288
f 5147 5148 5289
f 5148 5290 5289
f 5148 5149 5290
f 5149 5291 5290
f 5149 5150 5291
f 5150 5292 5291
f 5150 5151 5292
f 5151 5293 5292
f 5151 5152 5293
f 5152 5294 5293
f 5152 5153 5294
f 5153 5295 5294
f 5153 5154 5295
f 5154 5296 5295
f 5154 5155 5296
f 5155 5297 5296
f 5155 5156 5297
f 5156 5298 5297
f 5156 5157 5298
f 5157 5299 5298
f 5157 5158 5299
f 5158 5300 5299
f 5158 5159 5300
f 5159 5301 5300
f 5159 5160 5301
f 5160 5302 5301
f 5160 5161 5302
f 5161 5303 5302
f 5161 5162 5303
f 5162 5304 5303
f 5162 5163 5304
f 5163 5305 5304
f 5163 5164 5305
f 5164 5306 5305
f 5164 5165 5306
f 5165 5307 5306
f 5165 5166 5307
f 5166 5308 5307
f 5166 5167 5308
f 5167 5309 5308
f 5167 5168 5309
f 5168 5310 5309
f 5168 5169 5310
f 5169 5311 5310
f 5169 5170 5311
f 5170 5312 5311
f 5170 5171 5312
f 5171 5313 5312
f 5171 5172 5313
f 5172 5314 5313
f 5172 5173 5314
f 5173 5315 5314
f 5173 5174 5315
f 5174 5316 5315
f 5174 5175 5316
f 5175 5317 5316
f 5175 5176 5317
f 5176 5318 5317
f 5176 5177 5318
f 5177 5319 5318
f 5177 5178 5319
f 5178 5320 5319
f 5178 5179 5320
f 5179 5321 5320
f 5179 5180 5321
f 5180 5322 5321
f 5180 5181 5322
f 5181 5323 5322
f 5181 5182 5323
f 5182 5324 5323
f 5182 5183 5324
f 5183 5325 5324
f 5183 5184 5325
f 5184 5326 5325
f 5184 5185 5326
f 5185 5327 5326
f 5185 5186 5327
f 5186 5328 5327
f 5186 5187 5328
f 5187 5329 5328
f 5187 5188 5329
f 5188 5330 5329
f 5188 5189 5330
f 5189 5331 5330
f 5189 5190 5331
f 5190 5332 5331
f 5190 5191 5332
f 5191 5333 5332
f 5191 5192 5333
f 5192 5334 5333
f 5192 5193 5334
f 5193 5335 5334
f 5193 5194 5335
f 5194 5336 5335
f 5194 5195 5336
f 5195 5337 5336
f 5195 5196 5337
f 5196 5338 5337
f 5196 5197 5338
f 5197 5339 5338
f 5197 5198 5339
f 5198 5340 5339
f 5198 5199 5340
f 5199 5341 5340
f 5199 5200 5341
f 5200 5342 5341
f 5200 5201 5342
f 5201 5343 5342
f 5201 5202 5343
f 5202 5344 5343
f 5202 5203 5344
f 5203 5345 5344
f 5203 5204 5345
f 5204 5346 5345
f 5204 5205 5346
f 5205 5347 5346
f 5205 5206 5347
f 5206 5348 5347
f 5206 5207 5348
f 5207 5349 5348
f 5207 5208 5349
f 5208 5350 5349
f 5208 5209 5350
f 5209 5351 5350
f 5209 5210 5351
f 5210 5352 5351
f 5210 5211 5352
f 5211 5353 5352
f 5211 5212 5353
f 5212 5354 5353
f 5212 5213 5354
f 5213 5355 5354
f 5213 5214 5355
f 5214 5356 5355
f 5214 5215 5356
f 5215 5357 5356
f 5215 5216 5357
f 5216 5358 5357
f 5216 5217 5358
f 5217 5359 5358
f 5217 5218 5359
f 5218 5360 5359
f 5218 5219 5360
f 5219 5220 5360
f 5219 5079 5220
f 5361 2682 2683
f 5361 2683 2684
f 5361 2684 2685
f 5361 2685 2686
f 5361 2686 2687
f 5361 2687 2688
f 5361 2688 2689
f 5361 2689 2690
f 5361 2690 2691
f 5361 2691 2692
f 5361 2692 2693
f 5361 2693 2694
f 5361 2694 2695
f 5361 2695 2696
f 5361 2696 2697
f 5361 2697 2698
f 5361 2698 2699
f 5361 2699 2700
f 5361 2700 2701
f 5361 2701 2702
f 5361 2702 2703
f 5361 2703 2704
f 5361 2704 2705
f 5361 2705 2706
f 5361 2706 2707
f 5361 2707 2708
f 5361 2708 2709
f 5361 2709 2710
f 5361 2710 2711
f 5361 2711 2712
f 5361 2712 2713
f 5361 2713 2714
f 5361 2714 2715
f 5361 2715 2716
f 5361 2716 2717
f 5361 2717 2718
f 5361 2718 2719
f 5361 2719 2720
f 5361 2720 2721
f 5361 2721 2722
f 5361 2722 2723
f 5361 2723 2724
f 5361 2724 2725
f 5361 2725 2726
f 5361 2726 2727
f 5361 2727 2728
f 5361 2728 2729
f 5361 2729 2730
f 5361 2730 2731
f 5361 2731 2732
f 5361 2732 2733
f 5361 2733 2734
f 5361 2734 2735
f 5361 2735 2736
f 5361 2736 2737
f 5361 2737 2738
f 5361 2738 2739
f 5361 2739 2740
f 5361 2740 2741
f 5361 2741 2742
f 5361 2742 2743
f 5361 2743 2744
f 5361 2744 2745
f 5361 2745 2746
f 5361 2746 2747
f 5361 2747 2748
f 5361 2748 2749
f 5361 2749 2750
f 5361 2750 2751
f 5361 2751 2752
f 5361 2752 2753
f 5361 2753 2754
f 5361 2754 2755
f 5361 2755 2756
f 5361 2756 2757
f 5361 2757 2758
f 5361 2758 2759
f 5361 2759 2760
f 5361 2760 2761
f 5361 2761 2762
f 5361 2762 2763
f 5361 2763 2764
f 5361 2764 2765
f 5361 2765 2766
f 5361 2766 2767
f 5361 2767 2768
f 5361 2768 2769
f 5361 2769 2770
f 5361 2770 2771
f 5361 2771 2772
f 5361 2772 2773
f 5361 2773 2774
f 5361 2774 2775
f 5361 2775 2776
f 5361 2776 2777
f 5361 2777 2778
f 5361 2778 2779
f 5361 2779 2780
f 5361 2780 2781
f 5361 2781 2782
f 5361 2782 2783
f 5361 2783 2784
f 5361 2784 2785
f 5361 2785 2786
f 5361 2786 2787
f 5361 2787 2788
f 5361 2788 2789
f 5361 2789 2790
f 5361 2790 2791
f 5361 2791 2792
f 5361 2792 2793
f 5361 2793 2794
f 5361 2794 2795
f 5361 2795 2796
f 5361 2796 2797
f 5361 2797 2798
f 5361 2798 2799
f 5361 2799 2800
f 5361 2800 2801
f 5361 2801 2802
f 5361 2802 2803
f 5361 2803 2804
f 5361 2804 2805
f 5361 2805 2806
f 5361 2806 2807
f 5361 2807 2808
f 5361 2808 2809
f 5361 2809 2810
f 5361 2810 2811
f 5361 2811 2812
f 5361 2812 2813
f 5361 2813 2814
f 5361 2814 2815
f 5361 2815 2816
f 5361 2816 2817
f 5361 2817 2818
f 5361 2818 2819
f 5361 2819 2820
f 5361 2820 2821
f 5361 2821 2822
f 5361 2822 2682
f 5362 5221 5220
f 5362 5222 5221
f 5362 5223 5222
f 5362 5224 5223
f 5362 5225 5224
f 5362 5226 5225
f 5362 5227 5226
f 5362 5228 5227
f 5362 5229 5228
f 5362 5230 5229
f 5362 5231 5230
f 5362 5232 5231
f 5362 5233 5232
f 5362 5234 5233
f 5362 5235 5234
f 5362 5236 5235
f 5362 5237 5236
f 5362 5238 5237
f 5362 5239 5238
f 5362 5240 5239
f 5362 5241 5240
f 5362 5242 5241
f 5362 5243 5242
f 5362 5244 5243
f 5362 5245 5244
f 5362 5246 5245
f 5362 5247 5246
f 5362 5248 5247
f 5362 5249 5248
f 5362 5250 5249
f 5362 5251 5250
f 5362 5252 5251
f 5362 5253 5252
f 5362 5254 5253
f 5362 5255 5254
f 5362 5256 5255
f 5362 5257 5256
f 5362 5258 5257
f 5362 5259 5258
f 5362 5260 5259
f 5362 5261 5260
f 5362 5262 5261
f 5362 5263 5262
f 5362 5264 5263
f 5362 5265 5264
f 5362 5266 5265
f 5362 5267 5266
f 5362 5268 5267
f 5362 5269 5268
f 5362 5270 5269
f 5362 5271 5270
f 5362 5272 5271
f 5362 5273 5272
f 5362 5274 5273
f 5362 5275 5274
f 5362 5276 5275
f 5362 5277 5276
f 5362 5278 5277
f 5362 5279 5278
f 5362 5280 5279
f 5362 5281 5280
f 5362 5282 5281
f 5362 5283 5282
f 5362 5284 5283
f 5362 5285 5284
f 5362 5286 5285
f 5362 5287 5286
f 5362 5288 5287
f 5362 5289 5288
f 5362 5290 5289
f 5362 5291 5290
f 5362 5292 5291
f 5362 5293 5292
f 5362 5294 5293
f 5362 5295 5294
f 5362 5296 5295
f 5362 5297 5296
f 5362 5298 5297
f 5362 5299 5298
f 5362 5300 5299
f 5362 5301 5300
f 5362 5302 5301
f 5362 5303 5302
f 5362 5304 5303
f 5362 5305 5304
f 5362 5306 5305
f 5362 5307 5306
f 5362 5308 5307
f 5362 5309 5308
f 5362 5310 5309
f 5362 5311 5310
f 5362 5312 5311
f 5362 5313 5312
f 5362 5314 5313
f 5362 5315 5314
f 5362 5316 5315
f 5362 5317 5316
f 5362 5318 5317
f 5362 5319 5318
f 5362 5320 5319
f 5362 5321 5320
f 5362 5322 5321
f 5362 5323 5322
f 5362 5324 5323
f 5362 5325 5324
f 5362 5326 5325
f 5362 5327 5326
f 5362 5328 5327
f 5362 5329 5328
f 5362 5330 5329
f 5362 5331 5330
f 5362 5332 5331
f 5362 5333 5332
f 5362 5334 5333
f 5362 5335 5334
f 5362 5336 5335
f 5362 5337 5336
f 5362 5338 5337
f 5362 5339 5338
f 5362 5340 5339
f 5362 5341 5340
f 5362 5342 5341
f 5362 5343 5342
f 5362 5344 5343
f 5362 5345 5344
f 5362 5346 5345
f 5362 5347 5346
f 5362 5348 5347
f 5362 5349 5348
f 5362 5350 5349
f 5362 5351 5350
f 5362 5352 5351
f 5362 5353 5352
f 5362 5354 5353
f 5362 5355 5354
f 5362 5356 5355
f 5362 5357 5356
f 5362 5358 5357
f 5362 5359 5358
f 5362 5360 5359
f 5362 5220 5360
g pod
f 5363 5389 5390
f 5363 5390 5364
f 5364 5390 5391
f 5364 5391 5365
f 5365 5391 5392
f 5365 5392 5366
f 5366 5392 5393
f 5366 5393 5367
f 5367 5393 5394
f 5367 5394 5368
f 5368 5394 5395
f 5368 5395 5369
f 5369 5395 5396
f 5369 5396 5370
f 5370 5396 5397
f 5370 5397 5371
f 5371 5397 5398
f 5371 5398 5372
f 5372 5398 5399
f 5372 5399 5373
f 5373 5399 5400
f 5373 5400 5374
f 5374 5400 5401
f 5374 5401 5375
f 5375 5401 5402
f 5375 5402 5376
f 5376 5402 5403
f 5376 5403 5377
f 5377 5403 5404
f 5377 5404 5378
f 5378 5404 5405
f 5378 5405 5379
f 5379 5405 5406
f 5379 5406 5380
f 5380 5406 5407
f 5380 5407 5381
f 5381 5407 5408
f 5381 5408 5382
f 5382 5408 5409
f 5382 5409 5383
f 5383 5409 5410
f 5383 5410 5384
f 5384 5410 5411
f 5384 5411 5385
f 5385 5411 5412
f 5385 5412 5386
f 5386 5412 5413
f 5386 5413 5387
f 5387 5413 5414
f 5387 5414 5388
f 5388 5414 5389
f 5388 5389 5363
f 5389 5415 5416
f 5389 5416 5390
f 5390 5416 5417
f 5390 5417 5391
f 5391 5417 5418
f 5391 5418 5392
f 5392 5418 5419
f 5392 5419 5393
f 5393 5419 5420
f 5393 5420 5394
f 5394 5420 5421
f 5394 5421 5395
f 5395 5421 5422
f 5395 5422 5396
f 5396 5422 5423
f 5396 5423 5397
f 5397 5423 5424
f 5397 5424 5398
f 5398 5424 5425
f 5398 5425 5399
f 5399 5425 5426
f 5399 5426 5400
f 5400 5426 5427
f 5400 5427 5401
f 5401 5427 5428
f 5401 5428 5402
f 5402 5428 5429
f 5402 5429 5403
f 5403 5429 5430
f 5403 5430 5404
f 5404 5430 5431
f 5404 5431 5405
f 5405 5431 5432
f 5405 5432 5406
f 5406 5432 5433
f 5406 5433 5407
f 5407 5433 5434
f 5407 5434 5408
f 5408 5434 5435
f 5408 5435 5409
f 5409 5435 5436
f 5409 5436 5410
f 5410 5436 5437
f 5410 5437 5411
f 5411 5437 5438
f 5411 5438 5412
f 5412 5438 5439
f 5412 5439 5413
f 5413 5439 5440
f 5413 5440 5414
f 5414 5440 5415
f 5414 5415 5389
f 5415 5441 5442
f 5415 5442 5416
f 5416 5442 5443
f 5416 5443 5417
f 5417 5443 5444
f 5417 5444 5418
f 5418 5444 5445
f 5418 5445 5419
f 5419 5445 5446
f 5419 5446 5420
f 5420 5446 5447
f 5420 5447 5421
f 5421 5447 5448
f 5421 5448 5422
f 5422 5448 5449
f 5422 5449 5423
f 5423 5449 5450
f 5423 5450 5424
f 5424 5450 5451
f 5424 5451 5425
f 5425 5451 5452
f 5425 5452 5426
f 5426 5452 5453
f 5426 5453 5427
f 5427 5453 5454
f 5427 5454 5428
f 5428 5454 5455
f 5428 5455 5429
f 5429 5455 5456
f 5429 5456 5430
f 5430 5456 5457
f 5430 5457 5431
f 5431 5457 5458
f 5431 5458 5432
f 5432 5458 5459
f 5432 5459 5433
f 5433 5459 5460
f 5433 5460 5434
f 5434 5460 5461
f 5434 5461 5435
f 5435 5461 5462
f 5435 5462 5436
f 5436 5462 5463
f 5436 5463 5437
f 5437 5463 5464
f 5437 5464 5438
f 5438 5464 5465
f 5438 5465 5439
f 5439 5465 5466
f 5439 5466 5440
f 5440 5466 5441
f 5440 5441 5415
f 5441 5467 5468
f 5441 5468 5442
f 5442 5468 5469
f 5442 5469 5443
f 5443 5469 5470
f 5443 5470 5444
f 5444 5470 5471
f 5444 5471 5445
f 5445 5471 5472
f 5445 5472 5446
f 5446 5472 5473
f 5446 5473 5447
f 5447 5473 5474
f 5447 5474 5448
f 5448 5474 5475
f 5448 5475 5449
f 5449 5475 5476
f 5449 5476 5450
f 5450 5476 5477
f 5450 5477 5451
f 5451 5477 5478
f 5451 5478 5452
f 5452 5478 5479
f 5452 5479 5453
f 5453 5479 5480
f 5453 5480 5454
f 5454 5480 5481
f 5454 5481 5455
f 5455 5481 5482
f 5455 5482 5456
f 5456 5482 5483
f 5456 5483 5457
f 5457 5483 5484
f 5457 5484 5458
f 5458 5484 5485
f 5458 5485 5459
f 5459 5485 5486
f 5459 5486 5460
f 5460 5486 5487
f 5460 5487 5461
f 5461 5487 5488
f 5461 5488 5462
f 5462 5488 5489
f 5462 5489 5463
f 5463 5489 5490
f 5463 5490 5464
f 5464 5490 5491
f 5464 5491 5465
f 5465 5491 5492
f 5465 5492 5466
f 5466 5492 5467
f 5466 5467 5441
f 5467 5493 5494
f 5467 5494 5468
f 5468 5494 5495
f 5468 5495 5469
f 5469 5495 5496
f 5469 5496 5470
f 5470 5496 5497
f 5470 5497 5471
f 5471 5497 5498
f 5471 5498 5472
f 5472 5498 5499
f 5472 5499 5473
f 5473 5499 5500
f 5473 5500 5474
f 5474 5500 5501
f 5474 5501 5475
f 5475 5501 5502
f 5475 5502 5476
f 5476 5502 5503
f 5476 5503 5477
f 5477 5503 5504
f 5477 5504 5478
f 5478 5504 5505
f 5478 5505 5479
f 5479 5505 5506
f 5479 5506 5480
f 5480 5506 5507
f 5480 5507 5481
f 5481 5507 5508
f 5481 5508 5482
f 5482 5508 5509
f 5482 5509 5483
f 5483 5509 5510
f 5483 5510 5484
f 5484 5510 5511
f 5484 5511 5485
f 5485 5511 5512
f 5485 5512 5486
f 5486 5512 5513
f 5486 5513 5487
f 5487 5513 5514
f 5487 5514 5488
f 5488 5514 5515
f 5488 5515 5489
f 5489 5515 5516
f 5489 5516 5490
f 5490 5516 5517
f 5490 5517 5491
f 5491 5517 5518
f 5491 5518 5492
f 5492 5518 5493
f 5492 5493 5467
f 5493 5519 5520
f 5493 5520 5494
f 5494 5520 5521
f 5494 5521 5495
f 5495 5521 5522
f 5495 5522 5496
f 5496 5522 5523
f 5496 5523 5497
f 5497 5523 5524
f 5497 5524 5498
f 5498 5524 5525
f 5498 5525 5499
f 5499 5525 5526
f 5499 5526 5500
f 5500 5526 5527
f 5500 5527 5501
f 5501 5527 5528
f 5501 5528 5502
f 5502 5528 5529
f 5502 5529 5503
f 5503 5529 5530
f 5503 5530 5504
f 5504 5530 5531
f 5504 5531 5505
f 5505 5531 5532
f 5505 5532 5506
f 5506 5532 5533
f 5506 5533 5507
f 5507 5533 5534
f 5507 5534 5508
f 5508 5534 5535
f 5508 5535 5509
f 5509 5535 5536
f 5509 5536 5510
f 5510 5536 5537
f 5510 5537 5511
f 5511 5537 5538
f 5511 5538 5512
f 5512 5538 5539
f 5512 5539 5513
f 5513 5539 5540
f 5513 5540 5514
f 5514 5540 5541
f 5514 5541 5515
f 5515 5541 5542
f 5515 5542 5516
f 5516 5542 5543
f 5516 5543 5517
f 5517 5543 5544
f 5517 5544 5518
f 5518 5544 5519
f 5518 5519 5493
f 5519 5545 5546
f 5519 5546 5520
f 5520 5546 5547
f 5520 5547 5521
f 5521 5547 5548
f 5521 5548 5522
f 5522 5548 5549
f 5522 5549 5523
f 5523 5549 5550
f 5523 5550 5524
f 5524 5550 5551
f 5524 5551 5525
f 5525 5551 5552
f 5525 5552 5526
f 5526 5552 5553
f 5526 5553 5527
f 5527 5553 5554
f 5527 5554 5528
f 5528 5554 5555
f 5528 5555 5529
f 5529 5555 5556
f 5529 5556 5530
f 5530 5556 5557
f 5530 5557 5531
f 5531 5557 5558
f 5531 5558 5532
f 5532 5558 5559
f 5532 5559 5533
f 5533 5559 5560
f 5533 5560 5534
f 5534 5560 5561
f 5534 5561 5535
f 5535 5561 5562
f 5535 5562 5536
f 5536 5562 5563
f 5536 5563 5537
f 5537 5563 5564
f 5537 5564 5538
f 5538 5564 5565
f 5538 5565 5539
f 5539 5565 5566
f 5539 5566 5540
f 5540 5566 5567
f 5540 5567 5541
f 5541 5567 5568
f 5541 5568 5542
f 5542 5568 5569
f 5542 5569 5543
f 5543 5569 5570
f 5543 5570 5544
f 5544 5570 5545
f 5544 5545 5519
f 5545 5571 5572
f 5545 5572 5546
f 5546 5572 5573
f 5546 5573 5547
f 5547 5573 5574
f 5547 5574 5548
f 5548 5574 5575
f 5548 5575 5549
f 5549 5575 5576
f 5549 5576 5550
f 5550 5576 5577
f 5550 5577 5551
f 5551 5577 5578
f 5551 5578 5552
f 5552 5578 5579
f 5552 5579 5553
f 5553 5579 5580
f 5553 5580 5554
f 5554 5580 5581
f 5554 5581 5555
f 5555 5581 5582
f 5555 5582 5556
f 5556 5582 5583
f 5556 5583 5557
f 5557 5583 5584
f 5557 5584 5558
f 5558 5584 5585
f 5558 5585 5559
f 5559 5585 5586
f 5559 5586 5560
f 5560 5586 5587
f 5560 5587 5561
f 5561 5587 5588
f 5561 5588 5562
f 5562 5588 5589
f 5562 5589 5563
f 5563 5589 5590
f 5563 5590 5564
f 5564 5590 5591
f 5564 5591 5565
f 5565 5591 5592
f 5565 5592 5566
f 5566 5592 5593
f 5566 5593 5567
f 5567 5593 5594
f 5567 5594 5568
f 5568 5594 5595
f 5568 5595 5569
f 5569 5595 5596
f 5569 5596 5570
f 5570 5596 5571
f 5570 5571 5545
f 5597 5364 5363
f 5597 5365 5364
f 5597 5366 5365
f 5597 5367 5366
f 5597 5368 5367
f 5597 5369 5368
f 5597 5370 5369
f 5597 5371 5370
f 5597 5372 5371
f 5597 5373 5372
f 5597 5374 5373
f 5597 5375 5374
f 5597 5376 5375
f 5597 5377 5376
f 5597 5378 5377
f 5597 5379 5378
f 5597 5380 5379
f 5597 5381 5380
f 5597 5382 5381
f 5597 5383 5382
f 5597 5384 5383
f 5597 5385 5384
f 5597 5386 5385
f 5597 5387 5386
f 5597 5388 5387
f 5597 5363 5388
f 5598 5571 5572
f 5598 5572 5573
f 5598 5573 5574
f 5598 5574 5575
f 5598 5575 5576
f 5598 5576 5577
f 5598 5577 5578
f 5598 5578 5579
f 5598 5579 5580
f 5598 5580 5581
f 5598 5581 5582
f 5598 5582 5583
f 5598 5583 5584
f 5598 5584 5585
f 5598 5585 5586
f 5598 5586 5587
f 5598 5587 5588
f 5598 5588 5589
f 5598 5589 5590
f 5598 5590 5591
f 5598 5591 5592
f 5598 5592 5593
f 5598 5593 5594
f 5598 5594 5595
f 5598 5595 5596
f 5598 5596 5571
g fin
f 5599 5652 5653
f 5599 5653 5600
f 5600 5653 5654
f 5600 5654 5601
f 5601 5654 5655
f 5601 5655 5602
f 5602 5655 5656
f 5602 5656 5603
f 5603 5656 5657
f 5603 5657 5604
f 5604 5657 5658
f 5604 5658 5605
f 5605 5658 5659
f 5605 5659 5606
f 5606 5659 5660
f 5606 5660 5607
f 5607 5660 5661
f 5607 5661 5608
f 5608 5661 5662
f 5608 5662 5609
f 5609 5662 5663
f 5609 5663 5610
f 5610 5663 5664
f 5610 5664 5611
f 5611 5664 5665
f 5611 5665 5612
f 5612 5665 5666
f 5612 5666 5613
f 5613 5666 5667
f 5613 5667 5614
f 5614 5667 5668
f 5614 5668 5615
f 5615 5668 5669
f 5615 5669 5616
f 5616 5669 5670
f 5616 5670 5617
f 5617 5670 5671
f 5617 5671 5618
f 5618 5671 5672
f 5618 5672 5619
f 5619 5672 5673
f 5619 5673 5620
f 5620 5673 5674
f 5620 5674 5621
f 5621 5674 5675
f 5621 5675 5622
f 5622 5675 5676
f 5622 5676 5623
f 5623 5676 5677
f 5623 5677 5624
f 5624 5677 5678
f 5624 5678 5625
f 5625 5678 5679
f 5625 5679 5626
f 5626 5679 5680
f 5626 5680 5627
f 5627 5680 5681
f 5627 5681 5628
f 5628 5681 5682
f 5628 5682 5629
f 5629 5682 5683
f 5629 5683 5630
f 5630 5683 5684
f 5630 5684 5631
f 5631 5684 5685
f 5631 5685 5632
f 5632 5685 5686
f 5632 5686 5633
f 5633 5686 5687
f 5633 5687 5634
f 5634 5687 5688
f 5634 5688 5635
f 5635 5688 5689
f 5635 5689 5636
f 5636 5689 5690
f 5636 5690 5637
f 5637 5690 5691
f 5637 5691 5638
f 5638 5691 5692
f 5638 5692 5639
f 5639 5692 5693
f 5639 5693 5640
f 5640 5693 5694
f 5640 5694 5641
f 5641 5694 5695
f 5641 5695 5642
f 5642 5695 5696
f 5642 5696 5643
f 5643 5696 5697
f 5643 5697 5644
f 5644 5697 5698
f 5644 5698 5645
f 5645 5698 5699
f 5645 5699 5646
f 5646 5699 5700
f 5646 5700 5647
f 5647 5700 5701
f 5647 5701 5648
f 5648 5701 5702
f 5648 5702 5649
f 5649 5702 5703
f 5649 5703 5650
f 5650 5703 5704
f 5650 5704 5651
f 5651 5704 5652
f 5651 5652 5599
f 5652 5705 5706
f 5652 5706 5653
f 5653 5706 5707
f 5653 5707 5654
f 5654 5707 5708
f 5654 5708 5655
f 5655 5708 5709
f 5655 5709 5656
f 5656 5709 5710
f 5656 5710 5657
f 5657 5710 5711
f 5657 5711 5658
f 5658 5711 5712
f 5658 5712 5659
f 5659 5712 5713
f 5659 5713 5660
f 5660 5713 5714
f 5660 5714 5661
f 5661 5714 5715
f 5661 5715 5662
f 5662 5715 5716
f 5662 5716 5663
f 5663 5716 5717
f 5663 5717 5664
f 5664 5717 5718
f 5664 5718 5665
f 5665 5718 5719
f 5665 5719 5666
f 5666 5719 5720
f 5666 5720 5667
f 5667 5720 5721
f 5667 5721 5668
f 5668 5721 5722
f 5668 5722 5669
f 5669 5722 5723
f 5669 5723 5670
f 5670 5723 5724
f 5670 5724 5671
f 5671 5724 5725
f 5671 5725 5672
f 5672 5725 5726
f 5672 5726 5673
f 5673 5726 5727
f 5673 5727 5674
f 5674 5727 5728
f 5674 5728 5675
f 5675 5728 5729
f 5675 5729 5676
f 5676 5729 5730
f 5676 5730 5677
f 5677 5730 5731
f 5677 5731 5678
f 5678 5731 5732
f 5678 5732 5679
f 5679 5732 5733
f 5679 5733 5680
f 5680 5733 5734
f 5680 5734 5681
f 5681 5734 5735
f 5681 5735 5682
f 5682 5735 5736
f 5682 5736 5683
f 5683 5736 5737
f 5683 5737 5684
f 5684 5737 5738
f 5684 5738 5685
f 5685 5738 5739
f 5685 5739 5686
f 5686 5739 5740
f 5686 5740 5687
f 5687 5740 5741
f 5687 5741 5688
f 5688 5741 5742
f 5688 5742 5689
f 5689 5742 5743
f 5689 5743 5690
f 5690 5743 5744
f 5690 5744 5691
f 5691 5744 5745
f 5691 5745 5692
f 5692 5745 5746
f 5692 5746 5693
f 5693 5746 5747
f 5693 5747 5694
f 5694 5747 5748
f 5694 5748 5695
f 5695 5748 5749
f 5695 5749 5696
f 5696 5749 5750
f 5696 5750 5697
f 5697 5750 5751
f 5697 5751 5698
f 5698 5751 5752
f 5698 5752 5699
f 5699 5752 5753
f 5699 5753 5700
f 5700 5753 5754
f 5700 5754 5701
f 5701 5754 5755
f 5701 5755 5702
f 5702 5755 5756
f 5702 5756 5703
f 5703 5756 5757
f 5703 5757 5704
f 5704 5757 5705
f 5704 5705 5652
f 5705 5758 5759
f 5705 5759 5706
f 5706 5759 5760
f 5706 5760 5707
f 5707 5760 5761
f 5707 5761 5708
f 5708 5761 5762
f 5708 5762 5709
f 5709 5762 5763
f 5709 5763 5710
f 5710 5763 5764
f 5710 5764 5711
f 5711 5764 5765
f 5711 5765 5712
f 5712 5765 5766
f 5712 5766 5713
f 5713 5766 5767
f 5713 5767 5714
f 5714 5767 5768
f 5714 5768 5715
f 5715 5768 5769
f 5715 5769 5716
f 5716 5769 5770
f 5716 5770 5717
f 5717 5770 5771
f 5717 5771 5718
f 5718 5771 5772
f 5718 5772 5719
f 5719 5772 5773
f 5719 5773 5720
f 5720 5773 5774
f 5720 5774 5721
f 5721 5774 5775
f 5721 5775 5722
f 5722 5775 5776
f 5722 5776 5723
f 5723 5776 5777
f 5723 5777 5724
f 5724 5777 5778
f 5724 5778 5725
f 5725 5778 5779
f 5725 5779 5726
f 5726 5779 5780
f 5726 5780 5727
f 5727 5780 5781
f 5727 5781 5728
f 5728 5781 5782
f 5728 5782 5729
f 5729 5782 5783
f 5729 5783 5730
f 5730 5783 5784
f 5730 5784 5731
f 5731 5784 5785
f 5731 5785 5732
f 5732 5785 5786
f 5732 5786 5733
f 5733 5786 5787
f 5733 5787 5734
f 5734 5787 5788
f 5734 5788 5735
f 5735 5788 5789
f 5735 5789 5736
f 5736 5789 5790
f 5736 5790 5737
f 5737 5790 5791
f 5737 5791 5738
f 5738 5791 5792
f 5738 5792 5739
f 5739 5792 5793
f 5739 5793 5740
f 5740 5793 5794
f 5740 5794 5741
f 5741 5794 5795
f 5741 5795 5742
f 5742 5795 5796
f 5742 5796 5743
f 5743 5796 5797
f 5743 5797 5744
f 5744 5797 5798
f 5744 5798 5745
f 5745 5798 5799
f 5745 5799 5746
f 5746 5799 5800
f 5746 5800 5747
f 5747 5800 5801
f 5747 5801 5748
f 5748 5801 5802
f 5748 5802 5749
f 5749 5802 5803
f 5749 5803 5750
f 5750 5803 5804
f 5750 5804 5751
f 5751 5804 5805
f 5751 5805 5752
f 5752 5805 5806
f 5752 5806 5753
f 5753 5806 5807
f 5753 5807 5754
f 5754 5807 5808
f 5754 5808 5755
f 5755 5808 5809
f 5755 5809 5756
f 5756 5809 5810
f 5756 5810 5757
f 5757 5810 5758
f 5757 5758 5705
f 5758 5811 5812
f 5758 5812 5759
f 5759 5812 5813
f 5759 5813 5760
f 5760 5813 5814
f 5760 5814 5761
f 5761 5814 5815
f 5761 5815 5762
f 5762 5815 5816
f 5762 5816 5763
f 5763 5816 5817
f 5763 5817 5764
f 5764 5817 5818
f 5764 5818 5765
f 5765 5818 5819
f 5765 5819 5766
f 5766 5819 5820
f 5766 5820 5767
f 5767 5820 5821
f 5767 5821 5768
f 5768 5821 5822
f 5768 5822 5769
f 5769 5822 5823
f 5769 5823 5770
f 5770 5823 5824
f 5770 5824 5771
f 5771 5824 5825
f 5771 5825 5772
f 5772 5825 5826
f 5772 5826 5773
f 5773 5826 5827
f 5773 5827 5774
f 5774 5827 5828
f 5774 5828 5775
f 5775 5828 5829
f 5775 5829 5776
f 5776 5829 5830
f 5776 5830 5777
f 5777 5830 5831
f 5777 5831 5778
f 5778 5831 5832
f 5778 5832 5779
f 5779 5832 5833
f 5779 5833 5780
f 5780 5833 5834
f 5780 5834 5781
f 5781 5834 5835
f 5781 5835 5782
f 5782 5835 5836
f 5782 5836 5783
f 5783 5836 5837
f 5783 5837 5784
f 5784 5837 5838
f 5784 5838 5785
f 5785 5838 5839
f 5785 5839 5786
f 5786 5839 5840
f 5786 5840 5787
f 5787 5840 5841
f 5787 5841 5788
f 5788 5841 5842
f 5788 5842 5789
f 5789 5842 5843
f 5789 5843 5790
f 5790 5843 5844
f 5790 5844 5791
f 5791 5844 5845
f 5791 5845 5792
f 5792 5845 5846
f 5792 5846 5793
f 5793 5846 5847
f 5793 5847 5794
f 5794 5847 5848
f 5794 5848 5795
f 5795 5848 5849
f 5795 5849 5796
f 5796 5849 5850
f 5796 5850 5797
f 5797 5850 5851
f 5797 5851 5798
f 5798 5851 5852
f 5798 5852 5799
f 5799 5852 5853
f 5799 5853 5800
f 5800 5853 5854
f 5800 5854 5801
f 5801 5854 5855
f 5801 5855 5802
f 5802 5855 5856
f 5802 5856 5803
f 5803 5856 5857
f 5803 5857 5804
f 5804 5857 5858
f 5804 5858 5805
f 5805 5858 5859
f 5805 5859 5806
f 5806 5859 5860
f 5806 5860 5807
f 5807 5860 5861
f 5807 5861 5808
f 5808 5861 5862
f 5808 5862 5809
f 5809 5862 5863
f 5809 5863 5810
f 5810 5863 5811
f 5810 5811 5758
f 5811 5864 5865
f 5811 5865 5812
f 5812 5865 5866
f 5812 5866 5813
f 5813 5866 5867
f 5813 5867 5814
f 5814 5867 5868
f 5814 5868 5815
f 5815 5868 5869
f 5815 5869 5816
f 5816 5869 5870
f 5816 5870 5817
f 5817 5870 5871
f 5817 5871 5818
f 5818 5871 5872
f 5818 5872 5819
f 5819 5872 5873
f 5819 5873 5820
f 5820 5873 5874
f 5820 5874 5821
f 5821 5874 5875
f 5821 5875 5822
f 5822 5875 5876
f 5822 5876 5823
f 5823 5876 5877
f 5823 5877 5824
f 5824 5877 5878
f 5824 5878 5825
f 5825 5878 5879
f 5825 5879 5826
f 5826 5879 5880
f 5826 5880 5827
f 5827 5880 5881
f 5827 5881 5828
f 5828 5881 5882
f 5828 5882 5829
f 5829 5882 5883
f 5829 5883 5830
f 5830 5883 5884
f 5830 5884 5831
f 5831 5884 5885
f 5831 5885 5832
f 5832 5885 5886
f 5832 5886 5833
f 5833 5886 5887
f 5833 5887 5834
f 5834 5887 5888
f 5834 5888 5835
f 5835 5888 5889
f 5835 5889 5836
f 5836 5889 5890
f 5836 5890 5837
f 5837 5890 5891
f 5837 5891 5838
f 5838 5891 5892
f 5838 5892 5839
f 5839 5892 5893
f 5839 5893 5840
f 5840 5893 5894
f 5840 5894 5841
f 5841 5894 5895
f 5841 5895 5842
f 5842 5895 5896
f 5842 5896 5843
f 5843 5896 5897
f 5843 5897 5844
f 5844 5897 5898
f 5844 5898 5845
f 5845 5898 5899
f 5845 5899 5846
f 5846 5899 5900
f 5846 5900 5847
f 5847 5900 5901
f 5847 5901 5848
f 5848 5901 5902
f 5848 5902 5849
f 5849 5902 5903
f 5849 5903 5850
f 5850 5903 5904
f 5850 5904 5851
f 5851 5904 5905
f 5851 5905 5852
f 5852 5905 5906
f 5852 5906 5853
f 5853 5906 5907
f 5853 5907 5854
f 5854 5907 5908
f 5854 5908 5855
f 5855 5908 5909
f 5855 5909 5856
f 5856 5909 5910
f 5856 5910 5857
f 5857 5910 5911
f 5857 5911 5858
f 5858 5911 5912
f 5858 5912 5859
f 5859 5912 5913
f 5859 5913 5860
f 5860 5913 5914
f 5860 5914 5861
f 5861 5914 5915
f 5861 5915 5862
f 5862 5915 5916
f 5862 5916 5863
f 5863 5916 5864
f 5863 5864 5811
f 5864 5917 5918
f 5864 5918 5865
f 5865 5918 5919
f 5865 5919 5866
f 5866 5919 5920
f 5866 5920 5867
f 5867 5920 5921
f 5867 5921 5868
f 5868 5921 5922
f 5868 5922 5869
f 5869 5922 5923
f 5869 5923 5870
f 5870 5923 5924
f 5870 5924 5871
f 5871 5924 5925
f 5871 5925 5872
f 5872 5925 5926
f 5872 5926 5873
f 5873 5926 5927
f 5873 5927 5874
f 5874 5927 5928
f 5874 5928 5875
f 5875 5928 5929
f 5875 5929 5876
f 5876 5929 5930
f 5876 5930 5877
f 5877 5930 5931
f 5877 5931 5878
f 5878 5931 5932
f 5878 5932 5879
f 5879 5932 5933
f 5879 5933 5880
f 5880 5933 5934
f 5880 5934 5881
f 5881 5934 5935
f 5881 5935 5882
f 5882 5935 5936
f 5882 5936 5883
f 5883 5936 5937
f 5883 5937 5884
f 5884 5937 5938
f 5884 5938 5885
f 5885 5938 5939
f 5885 5939 5886
f 5886 5939 5940
f 5886 5940 5887
f 5887 5940 5941
f 5887 5941 5888
f 5888 5941 5942
f 5888 5942 5889
f 5889 5942 5943
f 5889 5943 5890
f 5890 5943 5944
f 5890 5944 5891
f 5891 5944 5945
f 5891 5945 5892
f 5892 5945 5946
f 5892 5946 5893
f 5893 5946 5947
f 5893 5947 5894
f 5894 5947 5948
f 5894 5948 5895
f 5895 5948 5949
f 5895 5949 5896
f 5896 5949 5950
f 5896 5950 5897
f 5897 5950 5951
f 5897 5951 5898
f 5898 5951 5952
f 5898 5952 5899
f 5899 5952 5953
f 5899 5953 5900
f 5900 5953 5954
f 5900 5954 5901
f 5901 5954 5955
f 5901 5955 5902
f 5902 5955 5956
f 5902 5956 5903
f 5903 5956 5957
f 5903 5957 5904
f 5904 5957 5958
f 5904 5958 5905
f 5905 5958 5959
f 5905 5959 5906
f 5906 5959 5960
f 5906 5960 5907
f 5907 5960 5961
f 5907 5961 5908
f 5908 5961 5962
f 5908 5962 5909
f 5909 5962 5963
f 5909 5963 5910
f 5910 5963 5964
f 5910 5964 5911
f 5911 5964 5965
f 5911 5965 5912
f 5912 5965 5966
f 5912 5966 5913
f 5913 5966 5967
f 5913 5967 5914
f 5914 5967 5968
f 5914 5968 5915
f 5915 5968 5969
f 5915 5969 5916
f 5916 5969 5917
f 5916 5917 5864
f 5917 5970 5971
f 5917 5971 5918
f 5918 5971 5972
f 5918 5972 5919
f 5919 5972 5973
f 5919 5973 5920
f 5920 5973 5974
f 5920 5974 5921
f 5921 5974 5975
f 5921 5975 5922
f 5922 5975 5976
f 5922 5976 5923
f 5923 5976 5977
f 5923 5977 5924
f 5924 5977 5978
f 5924 5978 5925
f 5925 5978 5979
f 5925 5979 5926
f 5926 5979 5980
f 5926 5980 5927
f 5927 5980 5981
f 5927 5981 5928
f 5928 5981 5982
f 5928 5982 5929
f 5929 5982 5983
f 5929 5983 5930
f 5930 5983 5984
f 5930 5984 5931
f 5931 5984 5985
f 5931 5985 5932
f 5932 5985 5986
f 5932 5986 5933
f 5933 5986 5987
f 5933 5987 5934
f 5934 5987 5988
f 5934 5988 5935
f 5935 5988 5989
f 5935 5989 5936
f 5936 5989 5990
f 5936 5990 5937
f 5937 5990 5991
f 5937 5991 5938
f 5938 5991 5992
f 5938 5992 5939
f 5939 5992 5993
f 5939 5993 5940
f 5940 5993 5994
f 5940 5994 5941
f 5941 5994 5995
f 5941 5995 5942
f 5942 5995 5996
f 5942 5996 5943
f 5943 5996 5997
f 5943 5997 5944
f 5944 5997 5998
f 5944 5998 5945
f 5945 5998 5999
f 5945 5999 5946
f 5946 5999 6000
f 5946 6000 5947
f 5947 6000 6001
f 5947 6001 5948
f 5948 6001 6002
f 5948 6002 5949
f 5949 6002 6003
f 5949 6003 5950
f 5950 6003 6004
f 5950 6004 5951
f 5951 6004 6005
f 5951 6005 5952
f 5952 6005 6006
f 5952 6006 5953
f 5953 6006 6007
f 5953 6007 5954
f 5954 6007 6008
f 5954 6008 5955
f 5955 6008 6009
f 5955 6009 5956
f 5956 6009 6010
f 5956 6010 5957
f 5957 6010 6011
f 5957 6011 5958
f 5958 6011 6012
f 5958 6012 5959
f 5959 6012 6013
f 5959 6013 5960
f 5960 6013 6014
f 5960 6014 5961
f 5961 6014 6015
f 5961 6015 5962
f 5962 6015 6016
f 5962 6016 5963
f 5963 6016 6017
f 5963 6017 5964
f 5964 6017 6018
f 5964 6018 5965
f 5965 6018 6019
f 5965 6019 5966
f 5966 6019 6020
f 5966 6020 5967
f 5967 6020 6021
f 5967 6021 5968
f 5968 6021 6022
f 5968 6022 5969
f 5969 6022 5970
f 5969 5970 5917
f 6023 5600 5599
f 6023 5601 5600
f 6023 5602 5601
f 6023 5603 5602
f 6023 5604 5603
f 6023 5605 5604
f 6023 5606 5605
f 6023 5607 5606
f 6023 5608 5607
f 6023 5609 5608
f 6023 5610 5609
f 6023 5611 5610
f 6023 5612 5611
f 6023 5613 5612
f 6023 5614 5613
f 6023 5615 5614
f 6023 5616 5615
f 6023 5617 5616
f 6023 5618 5617
f 6023 5619 5618
f 6023 5620 5619
f 6023 5621 5620
f 6023 5622 5621
f 6023 5623 5622
f 6023 5624 5623
f 6023 5625 5624
f 6023 5626 5625
f 6023 5627 5626
f 6023 5628 5627
f 6023 5629 5628
f 6023 5630 5629
f 6023 5631 5630
f 6023 5632 5631
f 6023 5633 5632
f 6023 5634 5633
f 6023 5635 5634
f 6023 5636 5635
f 6023 5637 5636
f 6023 5638 5637
f 6023 5639 5638
f 6023 5640 5639
f 6023 5641 5640
f 6023 5642 5641
f 6023 5643 5642
f 6023 5644 5643
f 6023 5645 5644
f 6023 5646 5645
f 6023 5647 5646
f 6023 5648 5647
f 6023 5649 5648
f 6023 5650 5649
f 6023 5651 5650
f 6023 5599 5651
f 6024 5970 5971
f 6024 5971 5972
f 6024 5972 5973
f 6024 5973 5974
f 6024 5974 5975
f 6024 5975 5976
f 6024 5976 5977
f 6024 5977 5978
f 6024 5978 5979
f 6024 5979 5980
f 6024 5980 5981
f 6024 5981 5982
f 6024 5982 5983
f 6024 5983 5984
f 6024 5984 5985
f 6024 5985 5986
f 6024 5986 5987
f 6024 5987 5988
f 6024 5988 5989
f 6024 5989 5990
f 6024 5990 5991
f 6024 5991 5992
f 6024 5992 5993
f 6024 5993 5994
f 6024 5994 5995
f 6024 5995 5996
f 6024 5996 5997
f 6024 5997 5998
f 6024 5998 5999
f 6024 5999 6000
f 6024 6000 6001
f 6024 6001 6002
f 6024 6002 6003
f 6024 6003 6004
f 6024 6004 6005
f 6024 6005 6006
f 6024 6006 6007
f 6024 6007 6008
f 6024 6008 6009
f 6024 6009 6010
f 6024 6010 6011
f 6024 6011 6012
f 6024 6012 6013
f 6024 6013 6014
f 6024 6014 6015
f 6024 6015 6016
f 6024 6016 6017
f 6024 6017 6018
f 6024 6018 6019
f 6024 6019 6020
f 6024 6020 6021
f 6024 6021 6022
f 6024 6022 5970
g elevons
f 6025 6026 6028
f 6025 6028 6027
f 6027 6028 6030
f 6027 6030 6029
f 6029 6030 6032
f 6029 6032 6031
f 6031 6032 6034
f 6031 6034 6033
f 6033 6034 6036
f 6033 6036 6035
f 6035 6036 6038
f 6035 6038 6037
f 6037 6038 6040
f 6037 6040 6039
f 6039 6040 6042
f 6039 6042 6041
f 6043 6045 6046
f 6043 6046 6044
f 6045 6047 6048
f 6045 6048 6046
f 6047 6049 6050
f 6047 6050 6048
f 6049 6051 6052
f 6049 6052 6050
f 6051 6053 6054
f 6051 6054 6052
f 6053 6055 6056
f 6053 6056 6054
f 6055 6057 6058
f 6055 6058 6056
f 6057 6059 6060
f 6057 6060 6058
f 6061 6063 6064
f 6061 6064 6062
f 6063 6065 6066
f 6063 6066 6064
f 6065 6067 6068
f 6065 6068 6066
f 6067 6069 6070
f 6067 6070 6068
f 6069 6071 6072
f 6069 6072 6070
f 6071 6073 6074
f 6071 6074 6072
f 6073 6075 6076
f 6073 6076 6074
f 6075 6077 6078
f 6075 6078 6076
f 6079 6080 6082
f 6079 6082 6081
f 6081 6082 6084
f 6081 6084 6083
f 6083 6084 6086
f 6083 6086 6085
f 6085 6086 6088
f 6085 6088 6087
f 6087 6088 6090
f 6087 6090 6089
f 6089 6090 6092
f 6089 6092 6091
f 6091 6092 6094
f 6091 6094 6093
f 6093 6094 6096
f 6093 6096 6095
f 6097 6098 6100
f 6097 6100 6099
f 6099 6100 6102
f 6099 6102 6101
f 6101 6102 6104
f 6101 6104 6103
f 6103 6104 6106
f 6103 6106 6105
f 6105 6106 6108
f 6105 6108 6107
f 6107 6108 6110
f 6107 6110 6109
f 6109 6110 6112
f 6109 6112 6111
f 6111 6112 6114
f 6111 6114 6113
f 6115 6117 6118
f 6115 6118 6116
f 6117 6119 6120
f 6117 6120 6118
f 6119 6121 6122
f 6119 6122 6120
f 6121 6123 6124
f 6121 6124 6122
f 6123 6125 6126
f 6123 6126 6124
f 6125 6127 6128
f 6125 6128 6126
f 6127 6129 6130
f 6127 6130 6128
f 6129 6131 6132
f 6129 6132 6130
f 6133 6135 6136
f 6133 6136 6134
f 6135 6137 6138
f 6135 6138 6136
f 6137 6139 6140
f 6137 6140 6138
f 6139 6141 6142
f 6139 6142 6140
f 6141 6143 6144
f 6141 6144 6142
f 6143 6145 6146
f 6143 6146 6144
f 6145 6147 6148
f 6145 6148 6146
f 6147 6149 6150
f 6147 6150 6148
f 6151 6152 6154
f 6151 6154 6153
f 6153 6154 6156
f 6153 6156 6155
f 6155 6156 6158
f 6155 6158 6157
f 6157 6158 6160
f 6157 6160 6159
f 6159 6160 6162
f 6159 6162 6161
f 6161 6162 6164
f 6161 6164 6163
f 6163 6164 6166
f 6163 6166 6165
f 6165 6166 6168
f 6165 6168 6167
